yarn_tensile_strength,yarn_elongation_at_break,yarn_hairiness_index,twist_per_meter,yarn_linear_density_dtex,loom_rpm,loom_tension_variation,ambient_relative_humidity,ambient_temperature_c,weft_insertion_rate,defect_class,defect_name
30.22,17.69,4.21,438.8,2418.5,706.3,26.08,61.1,25.9,636.4,2,JACQUARD_PATTERN_SHIFT
20.08,18.28,5.92,419.1,2150.6,605.0,23.03,40.0,32.6,548.3,1,OIL_STAIN
26.88,16.9,5.27,450.8,2642.3,731.0,25.61,60.1,26.1,576.9,2,JACQUARD_PATTERN_SHIFT
16.84,10.89,5.04,454.2,2243.9,608.9,40.97,60.7,22.8,471.7,0,YARN_BREAKAGE
20.46,16.95,3.67,312.5,1871.6,599.8,15.74,68.2,24.2,520.5,3,BORDER_SEWING_DEFECT
28.43,18.82,8.7,450.8,2176.4,656.6,24.04,42.8,32.0,586.1,1,OIL_STAIN
28.63,14.95,7.75,444.4,2162.2,579.0,21.81,44.5,30.9,483.2,1,OIL_STAIN
28.57,13.16,3.87,451.6,2581.7,684.8,20.1,56.7,25.6,606.3,2,JACQUARD_PATTERN_SHIFT
15.24,10.97,3.54,434.3,2202.2,587.3,43.07,64.9,22.6,499.4,0,YARN_BREAKAGE
29.15,17.0,3.91,333.2,1906.9,568.7,20.15,64.2,21.9,534.4,3,BORDER_SEWING_DEFECT
24.6,17.26,3.26,333.9,1971.4,569.9,20.51,55.9,24.6,525.5,3,BORDER_SEWING_DEFECT
13.65,9.64,3.8,420.4,2196.9,567.4,45.49,62.3,22.8,454.5,0,YARN_BREAKAGE
14.51,8.95,4.32,442.7,2155.1,639.4,45.63,60.3,21.5,526.3,0,YARN_BREAKAGE
25.19,16.86,3.91,470.5,2473.0,681.7,25.16,61.3,22.2,653.4,2,JACQUARD_PATTERN_SHIFT
20.31,14.89,4.36,294.8,1999.1,596.0,24.49,60.3,22.5,465.9,3,BORDER_SEWING_DEFECT
29.31,17.58,8.09,463.4,2222.4,619.4,14.27,40.7,32.2,538.4,1,OIL_STAIN
26.85,20.04,6.05,451.5,2269.8,625.8,20.55,44.6,32.9,504.4,1,OIL_STAIN
11.97,10.45,5.02,403.5,2224.2,609.8,37.97,54.2,23.8,518.9,0,YARN_BREAKAGE
21.33,11.93,4.46,312.3,1899.2,629.9,19.81,59.6,23.1,496.0,3,BORDER_SEWING_DEFECT
26.59,14.25,4.44,351.7,2029.5,563.9,16.1,63.9,21.5,433.7,3,BORDER_SEWING_DEFECT
12.04,7.88,4.02,409.2,2277.2,610.3,43.48,64.6,23.7,519.0,0,YARN_BREAKAGE
13.75,11.07,5.57,431.4,2197.0,585.9,41.32,62.8,22.9,501.5,0,YARN_BREAKAGE
23.98,14.36,8.1,422.1,2316.0,639.1,22.82,49.1,34.3,514.2,1,OIL_STAIN
23.81,18.69,5.14,435.4,2466.2,693.6,27.58,66.0,29.3,630.1,2,JACQUARD_PATTERN_SHIFT
23.11,17.74,7.62,442.2,2171.9,639.7,22.76,42.4,30.1,522.5,1,OIL_STAIN
19.36,15.63,3.32,264.3,1950.2,593.6,21.99,63.2,26.4,538.9,3,BORDER_SEWING_DEFECT
24.74,16.52,4.1,336.4,1998.6,598.0,21.1,61.0,23.1,497.2,3,BORDER_SEWING_DEFECT
23.04,24.89,7.74,423.4,2300.2,643.5,21.23,43.4,33.1,551.2,1,OIL_STAIN
16.8,10.48,4.24,395.6,2354.1,634.5,43.94,68.2,21.6,525.4,0,YARN_BREAKAGE
25.93,20.8,7.46,423.8,2302.3,620.9,22.43,40.3,29.4,577.8,1,OIL_STAIN
26.38,16.24,7.07,420.7,2239.7,629.4,19.52,39.9,30.0,530.3,1,OIL_STAIN
25.58,19.02,4.64,450.3,2537.2,699.6,23.64,61.6,22.1,654.9,2,JACQUARD_PATTERN_SHIFT
15.37,12.59,3.78,436.4,2045.8,581.8,39.6,63.8,21.6,509.5,0,YARN_BREAKAGE
20.5,15.57,4.48,305.1,1954.8,614.2,17.18,61.9,25.1,536.9,3,BORDER_SEWING_DEFECT
14.01,8.81,4.59,398.5,2021.0,636.8,40.4,66.3,26.4,512.6,0,YARN_BREAKAGE
27.85,20.44,7.28,466.8,2197.9,613.2,17.89,38.2,33.1,582.7,1,OIL_STAIN
28.66,18.85,3.65,400.1,2449.8,689.2,26.06,60.3,27.2,646.1,2,JACQUARD_PATTERN_SHIFT
13.36,9.62,4.32,422.5,2096.1,556.2,38.62,56.3,22.7,483.8,0,YARN_BREAKAGE
16.63,11.71,5.36,455.5,2127.7,606.3,33.8,55.5,22.8,486.9,0,YARN_BREAKAGE
22.12,20.14,6.94,467.2,2225.1,685.5,20.89,39.2,30.1,487.8,1,OIL_STAIN
15.35,12.27,4.6,417.4,2097.2,595.6,41.24,61.8,18.1,471.2,0,YARN_BREAKAGE
12.61,9.79,5.21,442.4,2177.7,613.4,42.88,58.9,28.3,461.8,0,YARN_BREAKAGE
18.66,9.69,4.41,413.7,2213.9,620.9,41.5,64.8,22.2,474.6,0,YARN_BREAKAGE
15.7,10.13,4.02,408.8,2305.6,636.5,43.66,61.1,23.1,530.9,0,YARN_BREAKAGE
27.85,15.64,4.82,464.9,2497.9,697.5,26.83,65.0,24.5,611.8,2,JACQUARD_PATTERN_SHIFT
28.0,18.46,3.54,448.6,2415.4,701.2,25.7,69.3,23.9,620.4,2,JACQUARD_PATTERN_SHIFT
25.93,16.51,4.13,318.1,2070.6,624.3,16.67,59.7,24.5,519.0,3,BORDER_SEWING_DEFECT
11.55,11.22,4.43,447.0,2173.3,617.9,41.29,64.0,24.5,461.3,0,YARN_BREAKAGE
22.17,15.47,3.47,306.6,1917.4,549.8,14.93,65.3,20.8,496.4,3,BORDER_SEWING_DEFECT
31.18,21.67,4.53,432.8,2416.5,739.1,23.21,56.6,23.1,632.2,2,JACQUARD_PATTERN_SHIFT
25.81,20.64,6.66,429.0,2137.6,644.8,20.66,41.4,34.2,499.9,1,OIL_STAIN
27.49,16.85,2.97,455.1,2387.6,704.2,24.47,60.4,27.9,612.3,2,JACQUARD_PATTERN_SHIFT
17.11,11.67,5.39,412.1,2322.3,630.0,44.31,52.5,27.2,504.9,0,YARN_BREAKAGE
25.67,15.12,4.51,306.0,1889.1,613.1,19.23,64.6,24.2,519.5,3,BORDER_SEWING_DEFECT
13.64,9.54,4.66,416.3,1987.4,668.4,42.18,60.7,22.0,537.7,0,YARN_BREAKAGE
21.63,17.79,4.19,304.3,1907.2,564.5,12.26,57.5,26.2,499.3,3,BORDER_SEWING_DEFECT
27.24,12.46,7.95,443.1,2132.8,626.0,23.09,46.5,27.5,539.5,1,OIL_STAIN
26.53,15.67,6.57,404.4,2088.6,599.9,23.91,45.5,33.8,498.5,1,OIL_STAIN
22.38,11.78,2.33,327.6,2034.6,574.9,22.42,62.3,23.8,462.8,3,BORDER_SEWING_DEFECT
26.95,15.87,9.01,432.4,2328.0,639.7,17.46,44.8,31.4,540.5,1,OIL_STAIN
14.27,7.71,6.18,384.5,2205.5,613.8,39.94,59.7,27.0,512.4,0,YARN_BREAKAGE
15.56,9.68,4.53,402.4,2205.7,619.7,41.84,56.3,21.0,556.8,0,YARN_BREAKAGE
23.73,23.46,6.46,426.3,2233.5,608.2,21.97,44.0,28.7,554.8,1,OIL_STAIN
18.26,8.52,6.24,432.1,2149.7,593.2,37.27,60.5,23.6,523.9,0,YARN_BREAKAGE
14.23,8.73,4.34,405.0,2163.2,554.0,45.36,56.4,25.5,497.8,0,YARN_BREAKAGE
23.18,19.26,5.93,454.1,2336.8,589.5,28.87,37.8,32.1,480.4,1,OIL_STAIN
18.84,16.06,8.43,430.8,2284.4,557.6,22.01,41.3,30.9,528.0,1,OIL_STAIN
25.97,19.23,6.45,442.1,2331.0,574.2,27.26,45.7,31.2,567.4,1,OIL_STAIN
27.59,17.4,3.88,462.3,2449.1,703.7,24.96,56.0,27.5,590.2,2,JACQUARD_PATTERN_SHIFT
16.09,10.41,4.72,411.3,2020.5,591.7,39.06,57.2,23.4,532.1,0,YARN_BREAKAGE
27.23,19.1,4.37,472.4,2507.3,710.1,22.02,54.3,25.6,609.5,2,JACQUARD_PATTERN_SHIFT
16.72,15.36,2.25,313.5,1978.1,574.4,16.87,55.3,27.0,514.8,3,BORDER_SEWING_DEFECT
23.71,17.94,3.15,296.9,1863.8,565.5,12.46,59.1,26.7,513.7,3,BORDER_SEWING_DEFECT
26.71,19.02,4.67,479.9,2470.0,713.7,25.79,59.9,18.1,598.1,2,JACQUARD_PATTERN_SHIFT
14.31,8.54,3.98,447.1,2352.0,655.4,48.54,58.8,21.2,526.0,0,YARN_BREAKAGE
14.38,8.52,3.97,401.3,2194.8,583.4,40.29,62.2,21.3,570.1,0,YARN_BREAKAGE
26.85,16.26,2.27,297.9,2061.6,625.5,21.75,61.2,20.2,557.8,3,BORDER_SEWING_DEFECT
28.22,19.32,2.9,294.1,1955.6,627.3,13.94,62.1,22.4,498.1,3,BORDER_SEWING_DEFECT
28.36,13.62,5.07,315.3,1902.6,612.4,23.8,64.3,24.8,476.8,3,BORDER_SEWING_DEFECT
26.32,18.99,4.15,349.2,1950.2,566.6,23.53,63.8,22.7,482.3,3,BORDER_SEWING_DEFECT
29.44,16.66,3.15,465.8,2557.5,724.4,26.85,57.5,28.6,608.2,2,JACQUARD_PATTERN_SHIFT
25.97,17.58,5.62,488.0,2478.0,699.2,26.67,59.4,28.1,623.9,2,JACQUARD_PATTERN_SHIFT
29.17,19.21,7.23,425.2,2218.6,563.0,27.85,51.8,32.2,542.0,1,OIL_STAIN
29.09,16.12,3.3,501.2,2492.3,681.3,21.23,64.0,25.0,605.5,2,JACQUARD_PATTERN_SHIFT
30.23,13.43,4.33,456.5,2415.8,679.4,24.85,52.6,26.6,593.8,2,JACQUARD_PATTERN_SHIFT
15.52,11.57,3.65,427.9,2254.6,596.2,44.55,50.9,24.7,503.8,0,YARN_BREAKAGE
26.8,17.49,4.01,313.0,2006.0,587.8,25.53,61.4,22.4,515.7,3,BORDER_SEWING_DEFECT
23.91,16.04,8.82,420.6,2311.1,605.7,23.22,40.1,30.2,559.0,1,OIL_STAIN
23.36,17.89,2.73,328.0,1951.1,632.0,25.74,58.5,25.5,515.4,3,BORDER_SEWING_DEFECT
24.35,20.78,4.76,328.1,1882.3,553.8,23.0,66.0,20.7,522.0,3,BORDER_SEWING_DEFECT
16.19,10.22,4.56,393.8,2147.7,585.3,41.26,55.3,23.5,496.9,0,YARN_BREAKAGE
27.29,13.76,6.58,462.4,2229.7,653.6,22.41,42.7,35.0,553.0,1,OIL_STAIN
19.96,16.08,3.19,320.4,1844.4,638.4,18.82,59.8,20.8,484.4,3,BORDER_SEWING_DEFECT
28.93,18.95,7.14,452.6,2344.6,587.1,21.69,43.1,31.3,515.5,1,OIL_STAIN
25.68,21.03,3.76,469.1,2496.3,672.4,27.02,63.8,22.3,610.0,2,JACQUARD_PATTERN_SHIFT
18.1,11.58,3.87,451.2,2287.3,599.6,46.25,61.5,20.9,581.9,0,YARN_BREAKAGE
24.85,15.48,4.56,318.4,1991.0,614.7,24.56,58.6,22.5,545.7,3,BORDER_SEWING_DEFECT
22.51,18.27,4.67,327.4,1883.9,608.5,18.28,64.1,20.0,490.3,3,BORDER_SEWING_DEFECT
15.55,11.29,5.79,391.7,2139.8,600.8,45.29,57.1,24.2,464.0,0,YARN_BREAKAGE
27.31,18.12,4.2,511.7,2403.6,692.6,19.63,60.1,22.4,622.5,2,JACQUARD_PATTERN_SHIFT
26.15,20.06,5.36,456.3,2484.9,711.4,23.29,59.2,24.1,620.4,2,JACQUARD_PATTERN_SHIFT
13.56,11.08,4.88,443.1,2056.0,598.6,44.34,57.2,22.7,567.0,0,YARN_BREAKAGE
16.43,9.92,5.73,466.8,2152.0,634.4,34.18,60.2,23.8,533.8,0,YARN_BREAKAGE
26.86,22.15,4.61,445.4,2417.7,725.6,25.89,69.6,22.1,674.4,2,JACQUARD_PATTERN_SHIFT
24.49,16.67,7.11,410.1,2264.0,710.6,21.53,43.6,30.5,532.8,1,OIL_STAIN
23.58,13.69,8.46,453.3,2350.7,594.8,20.4,44.9,29.6,516.3,1,OIL_STAIN
31.33,20.55,3.66,468.6,2460.5,700.0,26.83,62.9,25.7,663.0,2,JACQUARD_PATTERN_SHIFT
13.21,8.98,4.69,439.7,2096.3,585.6,37.25,63.1,20.8,562.3,0,YARN_BREAKAGE
14.34,10.07,5.22,416.8,2253.6,562.0,33.31,55.2,21.8,499.5,0,YARN_BREAKAGE
24.98,17.97,4.43,482.6,2442.7,718.6,18.11,52.9,25.2,623.6,2,JACQUARD_PATTERN_SHIFT
21.13,17.48,3.06,305.4,1996.3,579.8,19.49,55.9,24.5,498.2,3,BORDER_SEWING_DEFECT
13.82,12.01,4.5,434.9,2245.8,580.7,46.19,60.9,26.0,522.5,0,YARN_BREAKAGE
23.19,15.07,5.29,295.6,1959.1,613.5,11.65,56.0,22.8,490.4,3,BORDER_SEWING_DEFECT
26.61,20.91,3.52,423.1,2634.8,676.9,26.84,56.5,24.6,574.7,2,JACQUARD_PATTERN_SHIFT
16.08,7.66,5.36,422.6,2374.8,556.0,41.8,59.8,24.3,506.1,0,YARN_BREAKAGE
21.22,16.21,4.21,467.6,2487.0,707.2,22.74,68.3,22.3,677.1,2,JACQUARD_PATTERN_SHIFT
15.99,8.12,5.12,426.8,2067.4,589.5,38.16,53.2,21.3,551.8,0,YARN_BREAKAGE
17.61,8.96,4.29,407.6,2191.1,575.3,43.23,58.2,25.7,532.1,0,YARN_BREAKAGE
20.56,15.03,8.36,489.2,2301.1,645.3,18.68,47.7,29.9,566.3,1,OIL_STAIN
26.53,14.98,4.1,458.9,2514.4,754.9,25.47,58.8,24.2,628.9,2,JACQUARD_PATTERN_SHIFT
24.8,17.41,2.52,325.7,1876.8,548.0,27.8,60.7,20.9,476.6,3,BORDER_SEWING_DEFECT
29.49,16.33,6.61,470.6,2216.2,656.1,23.87,51.2,32.7,484.2,1,OIL_STAIN
19.27,20.57,6.46,466.2,2301.1,646.7,22.63,41.6,33.9,530.3,1,OIL_STAIN
27.03,18.04,3.58,462.4,2465.7,688.1,20.48,56.5,26.2,611.9,2,JACQUARD_PATTERN_SHIFT
21.75,20.98,7.34,447.3,2184.6,646.1,21.32,43.6,30.4,529.3,1,OIL_STAIN
25.65,18.2,3.64,435.5,2354.1,718.2,24.69,62.9,26.3,603.3,2,JACQUARD_PATTERN_SHIFT
28.15,17.79,5.09,470.5,2479.6,727.3,22.59,63.5,27.2,633.6,2,JACQUARD_PATTERN_SHIFT
27.18,17.58,8.39,482.8,2384.8,627.0,20.17,46.0,28.3,565.6,1,OIL_STAIN
27.41,16.51,6.62,432.5,2317.3,672.8,20.18,45.2,28.8,528.6,1,OIL_STAIN
15.2,14.74,7.02,434.1,2254.2,604.3,18.95,44.3,31.7,515.8,1,OIL_STAIN
21.21,19.35,2.59,284.8,1985.4,573.5,16.61,61.4,21.0,499.6,3,BORDER_SEWING_DEFECT
25.0,18.16,6.4,443.6,2324.9,612.5,13.82,42.9,35.4,558.4,1,OIL_STAIN
25.95,20.18,3.74,452.0,2521.5,736.2,21.16,69.1,28.5,662.7,2,JACQUARD_PATTERN_SHIFT
21.75,19.35,4.7,499.4,2471.4,753.1,26.01,59.4,29.4,634.4,2,JACQUARD_PATTERN_SHIFT
23.37,15.67,7.09,453.7,2304.4,644.7,23.34,35.2,31.5,571.3,1,OIL_STAIN
18.26,8.03,4.7,441.7,2265.9,692.2,42.01,64.3,20.8,463.0,0,YARN_BREAKAGE
13.23,7.21,3.7,437.4,2277.0,628.8,44.04,51.3,20.6,469.8,0,YARN_BREAKAGE
30.54,15.52,4.03,481.7,2621.7,701.6,28.66,64.2,23.4,606.9,2,JACQUARD_PATTERN_SHIFT
26.35,11.11,7.38,405.9,2203.2,662.4,20.64,43.2,31.0,505.5,1,OIL_STAIN
27.68,18.34,3.22,319.6,2024.2,598.9,22.16,54.5,21.1,486.7,3,BORDER_SEWING_DEFECT
26.09,14.9,2.89,314.1,2107.8,593.6,24.88,60.0,22.2,525.0,3,BORDER_SEWING_DEFECT
32.36,17.13,7.32,436.3,2133.4,625.3,25.11,42.3,30.8,469.9,1,OIL_STAIN
24.86,18.4,3.11,293.9,2073.5,629.3,20.2,60.6,26.4,473.3,3,BORDER_SEWING_DEFECT
24.31,16.94,5.46,338.0,2015.0,548.6,21.39,66.3,21.3,496.9,3,BORDER_SEWING_DEFECT
25.38,17.67,4.79,462.6,2570.9,709.0,24.61,63.2,22.3,610.7,2,JACQUARD_PATTERN_SHIFT
14.87,9.69,3.08,439.7,2181.8,618.5,42.96,57.9,23.0,529.2,0,YARN_BREAKAGE
29.37,18.84,3.82,446.6,2397.9,688.3,22.98,61.0,21.5,675.3,2,JACQUARD_PATTERN_SHIFT
20.31,17.65,3.28,282.0,2030.9,623.8,19.98,62.4,25.2,501.2,3,BORDER_SEWING_DEFECT
26.68,17.29,4.19,474.5,2508.2,702.5,22.24,64.8,23.8,600.0,2,JACQUARD_PATTERN_SHIFT
17.88,10.28,4.53,434.4,2202.7,685.9,42.06,54.3,22.8,586.5,0,YARN_BREAKAGE
30.38,18.29,2.7,482.1,2486.4,674.1,27.53,55.0,24.0,622.9,2,JACQUARD_PATTERN_SHIFT
25.97,14.8,4.87,311.7,1971.6,679.3,19.67,67.7,23.8,496.8,3,BORDER_SEWING_DEFECT
27.12,22.54,5.91,414.7,2056.7,580.2,25.38,44.8,32.0,518.8,1,OIL_STAIN
29.24,14.19,3.48,499.6,2458.4,691.7,23.45,58.4,25.7,640.3,2,JACQUARD_PATTERN_SHIFT
14.96,11.16,5.3,414.4,2172.5,607.8,46.73,60.1,19.3,544.0,0,YARN_BREAKAGE
30.39,20.67,3.38,489.7,2358.8,713.5,22.03,51.2,22.2,633.8,2,JACQUARD_PATTERN_SHIFT
14.55,10.16,3.56,435.6,2157.6,612.1,37.85,61.4,23.4,551.4,0,YARN_BREAKAGE
28.75,13.32,2.34,317.3,1914.9,602.6,25.03,62.4,20.3,512.2,3,BORDER_SEWING_DEFECT
25.17,17.56,5.41,475.6,2537.2,710.5,26.7,57.0,22.6,636.9,2,JACQUARD_PATTERN_SHIFT
23.42,15.2,4.15,349.0,1993.2,621.9,21.18,65.4,22.5,528.9,3,BORDER_SEWING_DEFECT
28.73,16.98,4.94,431.6,2484.9,716.5,24.22,57.7,23.7,645.6,2,JACQUARD_PATTERN_SHIFT
27.67,19.59,4.83,443.8,2456.4,732.0,28.23,61.6,23.4,639.4,2,JACQUARD_PATTERN_SHIFT
14.05,12.2,5.28,423.0,2255.3,537.3,42.55,57.4,24.6,548.1,0,YARN_BREAKAGE
14.18,8.15,3.84,385.6,2217.4,554.1,37.51,58.7,20.7,433.7,0,YARN_BREAKAGE
28.7,16.18,3.77,490.8,2428.8,701.5,24.16,64.0,28.3,658.8,2,JACQUARD_PATTERN_SHIFT
23.33,18.18,7.09,416.4,2230.7,619.0,22.26,43.2,26.9,567.7,1,OIL_STAIN
17.01,10.83,4.91,414.6,2221.5,605.7,37.08,56.9,25.7,480.6,0,YARN_BREAKAGE
21.73,12.67,2.66,321.3,1983.5,581.4,25.12,65.5,22.8,512.1,3,BORDER_SEWING_DEFECT
22.53,19.82,4.07,317.6,1978.2,596.3,16.22,66.0,24.3,471.3,3,BORDER_SEWING_DEFECT
14.87,10.56,4.88,399.9,2211.7,650.6,44.92,60.3,26.6,584.0,0,YARN_BREAKAGE
17.22,18.52,4.31,316.1,2054.0,562.0,17.71,58.8,23.2,542.9,3,BORDER_SEWING_DEFECT
26.72,14.25,3.85,297.3,1941.4,564.5,18.99,70.6,24.8,471.1,3,BORDER_SEWING_DEFECT
27.66,19.02,3.71,472.2,2528.4,694.7,18.96,60.0,23.9,584.6,2,JACQUARD_PATTERN_SHIFT
33.21,21.3,6.33,418.6,2240.0,604.9,24.76,47.8,30.6,537.6,1,OIL_STAIN
23.3,16.9,4.5,300.6,1952.8,622.8,19.86,67.0,29.7,480.9,3,BORDER_SEWING_DEFECT
30.91,15.87,7.46,450.1,2138.7,626.5,29.64,43.1,32.1,523.1,1,OIL_STAIN
28.22,17.18,5.31,466.3,2522.1,714.0,21.64,63.1,23.9,644.4,2,JACQUARD_PATTERN_SHIFT
25.58,17.47,5.52,458.3,2499.2,707.4,24.18,61.9,25.3,627.1,2,JACQUARD_PATTERN_SHIFT
15.09,7.5,6.71,421.2,2347.6,617.1,51.58,61.0,25.1,493.3,0,YARN_BREAKAGE
28.42,20.38,5.03,448.4,2416.9,716.8,21.37,65.1,23.1,584.4,2,JACQUARD_PATTERN_SHIFT
15.43,10.84,5.02,395.0,2301.9,544.9,43.24,60.0,24.7,512.8,0,YARN_BREAKAGE
25.11,16.59,4.41,290.8,2045.3,587.5,18.89,54.6,21.5,530.9,3,BORDER_SEWING_DEFECT
26.95,14.39,3.63,480.2,2455.2,649.4,16.94,62.2,27.9,623.9,2,JACQUARD_PATTERN_SHIFT
24.51,15.7,4.62,309.7,2003.8,595.5,15.03,61.6,21.7,557.4,3,BORDER_SEWING_DEFECT
16.17,9.45,6.0,457.9,2208.8,584.1,43.43,60.2,26.6,484.6,0,YARN_BREAKAGE
14.47,11.85,5.3,458.1,2298.0,568.7,45.45,54.1,26.7,523.0,0,YARN_BREAKAGE
15.43,10.48,5.2,397.7,2402.5,589.1,45.81,53.7,22.2,564.0,0,YARN_BREAKAGE
24.58,20.75,4.03,334.0,2000.1,622.3,21.64,65.8,22.8,520.2,3,BORDER_SEWING_DEFECT
25.24,17.32,7.49,408.7,2254.3,595.9,22.71,42.9,30.6,542.7,1,OIL_STAIN
22.05,20.14,4.37,435.9,2457.0,699.2,24.42,67.9,24.6,660.8,2,JACQUARD_PATTERN_SHIFT
12.44,13.34,4.97,445.1,2261.7,576.5,38.63,59.5,22.7,501.8,0,YARN_BREAKAGE
26.58,20.17,7.68,390.6,2366.4,659.0,21.51,50.2,30.3,533.1,1,OIL_STAIN
29.68,15.18,3.96,483.2,2485.5,762.1,25.93,48.5,21.2,694.1,2,JACQUARD_PATTERN_SHIFT
21.16,10.95,3.88,411.4,2312.3,619.7,43.56,58.7,23.0,529.8,0,YARN_BREAKAGE
22.94,17.53,7.86,433.6,2215.4,638.8,22.94,42.9,30.5,556.6,1,OIL_STAIN
27.14,13.62,5.23,309.9,1888.1,622.9,12.89,62.4,21.9,546.4,3,BORDER_SEWING_DEFECT
15.2,9.8,3.63,441.4,2252.0,594.1,42.59,60.0,21.9,499.8,0,YARN_BREAKAGE
23.59,14.96,3.05,308.3,1933.6,601.1,27.98,65.5,23.2,501.6,3,BORDER_SEWING_DEFECT
24.02,17.83,7.64,434.0,2280.0,609.0,22.8,43.1,30.6,532.6,1,OIL_STAIN
17.53,10.84,4.39,503.7,2149.5,515.3,36.01,52.7,26.3,573.2,0,YARN_BREAKAGE
24.04,17.69,5.83,388.5,2386.5,612.4,23.11,46.1,31.8,553.4,1,OIL_STAIN
27.09,17.72,3.32,441.1,2482.3,674.4,26.67,64.1,24.6,589.9,2,JACQUARD_PATTERN_SHIFT
17.27,11.49,4.4,448.6,2125.8,676.2,44.37,61.3,23.8,532.0,0,YARN_BREAKAGE
16.61,19.0,3.99,317.3,1976.1,562.8,20.89,57.9,22.9,524.0,3,BORDER_SEWING_DEFECT
30.24,18.36,4.24,429.1,2427.8,728.1,24.68,61.6,23.9,606.1,2,JACQUARD_PATTERN_SHIFT
20.73,15.94,7.05,446.1,2242.6,646.8,16.65,40.1,31.1,530.3,1,OIL_STAIN
27.97,19.19,5.37,452.1,2433.3,706.3,18.79,58.3,22.7,648.4,2,JACQUARD_PATTERN_SHIFT
28.46,21.24,5.56,442.2,2528.6,704.4,21.69,54.5,24.1,586.4,2,JACQUARD_PATTERN_SHIFT
12.98,9.04,4.39,439.2,2305.9,649.5,48.43,58.9,23.1,562.3,0,YARN_BREAKAGE
24.65,20.03,5.35,487.9,2634.5,689.2,24.14,58.8,26.6,624.4,2,JACQUARD_PATTERN_SHIFT
30.73,19.93,3.75,486.8,2513.3,741.6,26.6,66.1,24.7,626.4,2,JACQUARD_PATTERN_SHIFT
29.84,15.17,3.45,445.6,2306.0,705.3,21.88,60.9,22.4,625.6,2,JACQUARD_PATTERN_SHIFT
25.83,18.45,7.28,436.1,2177.9,628.0,24.93,43.6,29.6,525.4,1,OIL_STAIN
27.57,20.28,4.55,491.8,2507.2,689.7,26.35,61.0,23.8,642.4,2,JACQUARD_PATTERN_SHIFT
28.22,16.53,7.33,437.1,2209.0,614.5,25.56,35.1,35.3,590.6,1,OIL_STAIN
14.56,7.48,4.66,422.7,2316.0,602.9,42.84,55.3,26.6,538.3,0,YARN_BREAKAGE
14.97,10.07,4.76,459.9,2256.3,573.5,44.0,63.1,24.5,526.7,0,YARN_BREAKAGE
15.66,11.03,3.06,441.6,2176.0,594.9,36.91,55.6,24.2,502.7,0,YARN_BREAKAGE
28.91,18.76,4.55,437.3,2443.3,719.7,26.62,59.0,22.5,647.6,2,JACQUARD_PATTERN_SHIFT
25.86,19.91,4.66,473.9,2619.1,725.5,22.89,63.3,24.1,594.9,2,JACQUARD_PATTERN_SHIFT
28.02,20.36,7.0,455.0,2110.5,575.5,22.93,40.1,31.1,574.8,1,OIL_STAIN
29.44,14.68,4.75,461.6,2519.8,722.0,23.71,65.4,23.7,640.3,2,JACQUARD_PATTERN_SHIFT
24.68,9.64,6.44,448.1,2305.2,612.9,21.72,40.6,33.7,528.1,1,OIL_STAIN
28.24,17.31,2.78,355.2,1914.3,566.6,20.6,68.4,23.5,564.7,3,BORDER_SEWING_DEFECT
28.37,16.44,7.19,413.2,2084.6,620.3,18.84,45.0,31.7,634.2,1,OIL_STAIN
12.93,8.51,7.01,430.6,2189.9,510.1,46.24,59.5,25.5,569.7,0,YARN_BREAKAGE
12.54,11.16,3.65,455.9,2198.6,639.7,30.67,47.1,25.4,522.1,0,YARN_BREAKAGE
20.39,15.04,4.92,477.1,2565.4,664.0,23.71,71.3,25.0,658.0,2,JACQUARD_PATTERN_SHIFT
27.81,14.36,5.82,476.9,2257.3,636.8,25.59,46.7,30.4,580.0,1,OIL_STAIN
13.94,10.98,3.84,430.2,2063.9,576.1,40.16,56.3,24.0,507.7,0,YARN_BREAKAGE
25.79,16.64,9.78,437.8,2217.6,652.6,20.76,43.2,30.9,517.5,1,OIL_STAIN
25.48,16.07,4.78,468.6,2538.1,698.3,24.86,55.3,23.9,645.6,2,JACQUARD_PATTERN_SHIFT
23.21,14.85,2.06,308.5,1931.6,550.0,23.95,54.3,21.6,546.7,3,BORDER_SEWING_DEFECT
11.96,10.55,4.91,402.9,2249.4,562.2,39.86,55.6,22.7,546.2,0,YARN_BREAKAGE
18.75,6.0,5.81,417.2,2156.7,635.1,42.81,49.0,20.1,550.9,0,YARN_BREAKAGE
26.22,17.15,9.26,419.3,2308.2,631.5,25.42,38.3,30.1,575.5,1,OIL_STAIN
11.26,8.59,5.64,439.8,2237.9,615.4,41.92,51.8,23.9,535.7,0,YARN_BREAKAGE
26.99,20.41,3.25,463.1,2398.7,685.2,23.6,58.1,23.5,617.3,2,JACQUARD_PATTERN_SHIFT
20.74,14.4,4.44,327.8,1966.7,626.3,23.83,55.5,21.0,501.6,3,BORDER_SEWING_DEFECT
24.09,14.77,7.9,430.4,2231.3,647.0,29.06,43.8,33.6,549.1,1,OIL_STAIN
26.6,13.12,3.93,349.1,1886.1,567.3,21.21,60.7,22.8,515.3,3,BORDER_SEWING_DEFECT
22.33,19.1,8.02,440.0,2292.5,639.2,20.82,44.9,30.0,557.6,1,OIL_STAIN
30.9,15.53,4.26,460.2,2533.0,744.5,22.74,64.4,22.4,650.9,2,JACQUARD_PATTERN_SHIFT
30.37,20.28,3.58,517.8,2445.1,692.2,26.44,56.3,23.9,670.0,2,JACQUARD_PATTERN_SHIFT
17.61,10.26,5.63,406.8,2049.8,630.4,42.51,58.8,23.4,630.9,0,YARN_BREAKAGE
14.82,9.98,4.23,426.6,2347.1,525.1,39.09,52.8,25.3,554.7,0,YARN_BREAKAGE
25.05,16.14,8.28,423.5,2242.8,552.8,20.88,45.3,35.4,528.0,1,OIL_STAIN
13.71,12.02,5.08,421.6,2342.4,660.2,41.12,60.9,23.0,517.3,0,YARN_BREAKAGE
23.44,17.77,9.31,433.9,2248.5,624.0,23.1,35.5,28.3,532.0,1,OIL_STAIN
21.19,15.51,4.42,294.6,1897.1,622.2,14.88,54.6,21.1,522.1,3,BORDER_SEWING_DEFECT
26.65,16.34,7.96,455.0,2371.6,644.4,13.75,42.6,29.3,510.5,1,OIL_STAIN
26.25,19.97,5.65,451.1,2413.7,572.8,26.06,37.7,29.8,529.2,1,OIL_STAIN
16.65,7.22,4.24,442.9,2159.8,598.2,38.15,61.3,23.0,485.4,0,YARN_BREAKAGE
30.78,16.76,7.53,437.2,2209.5,625.4,18.78,47.3,34.7,483.6,1,OIL_STAIN
23.56,20.55,4.97,308.8,1892.9,626.6,21.57,54.3,21.7,518.6,3,BORDER_SEWING_DEFECT
24.1,13.8,4.83,304.1,1967.3,622.8,25.11,52.8,21.3,509.4,3,BORDER_SEWING_DEFECT
28.96,21.8,3.87,439.4,2463.7,720.6,21.81,62.5,21.3,596.9,2,JACQUARD_PATTERN_SHIFT
24.19,15.55,3.11,329.0,1890.1,549.2,20.32,55.2,23.2,514.7,3,BORDER_SEWING_DEFECT
21.47,18.7,4.37,445.0,2438.0,683.5,29.52,55.5,24.8,623.6,2,JACQUARD_PATTERN_SHIFT
27.62,18.13,4.14,462.6,2459.6,661.8,27.34,57.1,22.4,610.7,2,JACQUARD_PATTERN_SHIFT
26.45,16.02,5.23,448.5,2452.8,750.7,19.39,56.3,25.9,650.4,2,JACQUARD_PATTERN_SHIFT
27.15,18.27,3.02,466.4,2513.5,710.1,19.55,55.4,25.5,639.7,2,JACQUARD_PATTERN_SHIFT
17.91,10.07,5.72,428.4,2179.9,626.2,46.42,57.9,21.1,491.1,0,YARN_BREAKAGE
26.57,11.36,7.7,449.0,2195.8,667.6,20.72,46.6,31.9,560.4,1,OIL_STAIN
14.11,7.45,3.26,414.8,2246.9,577.1,38.93,53.4,20.0,498.0,0,YARN_BREAKAGE
29.46,12.13,4.52,476.5,2425.2,759.3,22.83,61.8,26.5,655.9,2,JACQUARD_PATTERN_SHIFT
24.21,14.43,2.76,292.6,2060.3,573.1,17.0,64.5,19.6,510.1,3,BORDER_SEWING_DEFECT
23.81,14.1,3.3,320.4,1961.3,623.5,18.49,51.2,22.3,476.0,3,BORDER_SEWING_DEFECT
28.21,13.57,3.93,302.5,1889.9,576.6,18.76,62.8,23.1,483.5,3,BORDER_SEWING_DEFECT
17.24,12.82,4.83,417.9,2330.9,610.3,33.12,57.7,24.1,544.9,0,YARN_BREAKAGE
25.98,15.91,4.92,457.1,2450.1,652.8,24.48,56.2,24.5,639.7,2,JACQUARD_PATTERN_SHIFT
31.17,22.37,7.84,398.0,2239.0,554.5,25.65,39.2,29.8,579.5,1,OIL_STAIN
23.09,11.59,4.17,308.4,1951.7,621.7,18.76,63.8,24.0,517.5,3,BORDER_SEWING_DEFECT
12.58,10.94,4.9,403.9,2120.9,644.1,44.15,68.5,26.0,523.8,0,YARN_BREAKAGE
27.62,18.05,7.65,423.2,2209.1,628.6,21.31,38.0,30.3,555.2,1,OIL_STAIN
22.38,13.45,8.09,454.1,2265.6,596.8,20.26,36.5,29.7,522.7,1,OIL_STAIN
22.75,13.3,4.04,303.1,1896.7,561.6,22.42,67.6,20.5,570.0,3,BORDER_SEWING_DEFECT
23.29,19.98,7.8,399.8,2288.8,591.0,18.66,42.9,31.1,515.7,1,OIL_STAIN
30.48,16.41,8.06,490.6,2325.5,606.0,22.91,40.0,34.7,573.7,1,OIL_STAIN
17.32,9.87,2.8,401.9,2183.3,645.3,39.74,54.2,21.0,504.4,0,YARN_BREAKAGE
29.82,18.89,3.53,439.8,2475.1,742.3,23.13,63.4,23.2,627.1,2,JACQUARD_PATTERN_SHIFT
28.0,16.05,8.58,452.5,2118.5,620.1,20.48,40.8,27.5,511.6,1,OIL_STAIN
10.4,9.96,2.15,417.4,2213.5,639.6,41.68,66.6,22.9,456.8,0,YARN_BREAKAGE
30.34,12.03,8.59,429.2,2266.9,628.9,24.32,50.6,31.6,503.5,1,OIL_STAIN
28.19,12.55,8.7,452.4,2088.4,616.6,23.59,48.4,35.5,557.5,1,OIL_STAIN
28.27,20.42,3.84,490.7,2527.3,706.9,25.59,60.4,23.2,638.7,2,JACQUARD_PATTERN_SHIFT
13.8,9.77,4.61,386.9,2020.9,604.7,42.67,54.8,20.2,561.1,0,YARN_BREAKAGE
27.67,16.73,3.39,358.6,1880.0,588.1,19.56,58.6,26.1,532.8,3,BORDER_SEWING_DEFECT
16.94,9.41,4.69,416.5,2253.5,576.2,47.66,72.1,23.8,543.1,0,YARN_BREAKAGE
14.9,9.61,3.89,409.9,2149.9,600.0,44.93,60.6,25.3,525.4,0,YARN_BREAKAGE
25.19,15.83,3.93,331.8,2009.7,657.3,13.63,51.9,24.9,493.2,3,BORDER_SEWING_DEFECT
23.52,15.09,4.13,347.4,1964.9,640.6,16.22,65.0,22.6,548.5,3,BORDER_SEWING_DEFECT
24.6,14.31,7.56,431.0,2347.7,615.2,25.67,39.4,31.4,491.4,1,OIL_STAIN
21.93,18.14,3.65,486.4,2527.4,663.1,20.49,60.0,23.4,620.3,2,JACQUARD_PATTERN_SHIFT
30.47,17.47,4.71,456.2,2467.4,736.4,28.03,63.1,24.0,620.5,2,JACQUARD_PATTERN_SHIFT
19.89,16.42,4.3,334.4,1949.3,563.0,18.17,64.9,22.9,484.3,3,BORDER_SEWING_DEFECT
19.64,14.44,8.71,481.9,2146.2,577.2,13.82,35.9,32.9,547.9,1,OIL_STAIN
23.72,16.54,3.7,344.0,2089.1,645.2,18.83,59.7,20.9,560.4,3,BORDER_SEWING_DEFECT
23.54,14.17,4.35,332.8,2015.2,570.3,13.9,61.9,23.4,452.8,3,BORDER_SEWING_DEFECT
15.01,8.54,5.44,442.8,2235.6,613.0,37.89,57.3,22.8,498.7,0,YARN_BREAKAGE
16.44,7.14,4.42,448.3,2212.2,589.5,46.49,58.2,20.8,497.1,0,YARN_BREAKAGE
22.62,18.4,7.15,418.6,2197.3,614.5,24.41,43.9,31.1,505.3,1,OIL_STAIN
18.13,8.96,3.41,471.9,2350.5,616.4,39.66,59.1,24.4,541.7,0,YARN_BREAKAGE
27.61,15.13,3.82,447.3,2393.8,722.7,21.61,62.8,27.3,614.8,2,JACQUARD_PATTERN_SHIFT
17.97,16.59,3.21,320.9,1895.4,636.9,21.34,63.3,22.1,519.9,3,BORDER_SEWING_DEFECT
15.94,12.07,5.13,441.5,2248.1,590.9,40.26,59.0,23.9,526.7,0,YARN_BREAKAGE
27.9,22.6,6.13,431.3,2283.9,605.0,21.51,45.9,31.2,539.9,1,OIL_STAIN
25.16,18.07,3.43,457.7,2489.5,710.8,22.0,64.5,22.2,651.4,2,JACQUARD_PATTERN_SHIFT
29.16,21.92,3.66,449.9,2535.5,749.1,22.13,58.5,28.1,619.4,2,JACQUARD_PATTERN_SHIFT
12.99,10.99,4.63,495.5,2308.3,594.4,41.75,53.1,22.5,547.0,0,YARN_BREAKAGE
15.15,9.02,5.26,428.7,2347.2,668.8,44.35,66.2,22.6,501.6,0,YARN_BREAKAGE
21.66,14.66,7.74,467.2,2134.0,593.1,21.17,44.6,32.9,557.1,1,OIL_STAIN
18.7,7.93,4.36,428.9,2252.6,627.1,51.1,57.6,24.0,506.1,0,YARN_BREAKAGE
28.58,17.05,3.13,482.1,2504.8,695.1,23.59,62.0,28.2,579.4,2,JACQUARD_PATTERN_SHIFT
31.86,16.37,5.66,431.8,2381.7,700.8,23.12,58.5,22.0,621.9,2,JACQUARD_PATTERN_SHIFT
27.79,14.48,3.61,459.5,2468.1,717.4,24.8,60.3,24.8,606.3,2,JACQUARD_PATTERN_SHIFT
17.88,10.76,4.62,406.8,2133.8,602.7,38.75,58.7,23.1,495.7,0,YARN_BREAKAGE
22.92,17.73,4.89,311.4,1921.4,546.9,23.37,62.1,25.8,485.4,3,BORDER_SEWING_DEFECT
26.4,14.46,2.86,432.4,2424.6,714.5,29.19,53.8,24.3,644.6,2,JACQUARD_PATTERN_SHIFT
27.35,19.91,4.78,419.7,2599.7,730.6,24.75,58.6,26.5,606.4,2,JACQUARD_PATTERN_SHIFT
26.43,18.11,6.95,453.7,2199.8,612.2,22.3,50.0,27.7,516.0,1,OIL_STAIN
17.54,9.08,4.51,454.6,2213.3,593.1,42.06,60.0,22.4,478.3,0,YARN_BREAKAGE
28.51,18.0,4.69,447.6,2429.7,737.8,21.1,65.5,24.0,640.9,2,JACQUARD_PATTERN_SHIFT
29.14,20.52,4.53,455.8,2389.1,713.9,22.65,66.3,26.1,624.3,2,JACQUARD_PATTERN_SHIFT
28.48,17.7,4.94,460.3,2474.3,733.5,23.46,61.0,24.1,660.8,2,JACQUARD_PATTERN_SHIFT
29.44,17.85,3.64,480.7,2485.2,678.2,25.0,57.7,21.9,654.5,2,JACQUARD_PATTERN_SHIFT
16.7,9.54,5.87,382.0,2295.0,582.9,44.81,56.1,24.2,523.3,0,YARN_BREAKAGE
27.02,16.52,2.68,409.4,2466.1,752.1,27.23,67.8,23.2,604.9,2,JACQUARD_PATTERN_SHIFT
23.83,19.16,4.05,316.7,2007.0,595.7,20.61,54.8,24.7,490.9,3,BORDER_SEWING_DEFECT
26.9,20.55,4.74,334.1,1904.5,559.2,18.0,74.4,23.1,501.3,3,BORDER_SEWING_DEFECT
22.47,11.46,7.31,443.7,2253.2,636.1,22.07,43.6,31.8,550.0,1,OIL_STAIN
24.25,18.62,7.14,444.2,2132.9,712.8,23.59,38.3,32.0,517.8,1,OIL_STAIN
29.69,18.14,5.53,466.2,2396.0,665.0,21.04,61.9,25.5,613.8,2,JACQUARD_PATTERN_SHIFT
28.58,13.26,7.21,451.1,2254.2,612.8,21.12,49.1,32.8,521.3,1,OIL_STAIN
27.08,23.46,6.59,387.4,2223.6,586.3,13.71,43.4,34.2,549.9,1,OIL_STAIN
23.3,13.94,5.64,315.6,1973.8,615.7,23.9,62.2,22.8,511.9,3,BORDER_SEWING_DEFECT
22.03,21.18,3.67,287.1,1929.3,584.6,19.17,64.1,22.0,526.4,3,BORDER_SEWING_DEFECT
20.2,17.34,8.07,421.7,2317.3,589.5,27.84,38.6,30.7,528.8,1,OIL_STAIN
18.88,16.77,5.33,314.5,1949.0,602.1,25.71,63.5,24.7,516.7,3,BORDER_SEWING_DEFECT
22.89,13.16,5.84,421.2,2226.5,561.7,24.28,39.5,32.8,563.8,1,OIL_STAIN
28.63,13.06,3.52,304.6,1925.8,556.1,24.86,58.9,28.5,494.6,3,BORDER_SEWING_DEFECT
13.99,9.58,4.57,431.5,2318.4,617.8,41.43,59.9,23.2,560.7,0,YARN_BREAKAGE
23.43,19.84,7.93,426.3,2178.4,587.3,23.99,35.5,32.0,603.0,1,OIL_STAIN
28.83,14.52,3.64,326.5,2059.3,525.9,15.75,64.4,22.8,555.5,3,BORDER_SEWING_DEFECT
14.13,9.49,5.2,409.2,2229.8,635.6,42.08,56.2,25.7,568.1,0,YARN_BREAKAGE
24.56,14.72,7.23,410.7,2018.6,576.9,25.48,44.4,34.6,530.0,1,OIL_STAIN
17.46,19.92,3.15,304.2,1881.7,634.8,28.98,54.6,20.6,502.4,3,BORDER_SEWING_DEFECT
17.08,10.92,5.33,435.4,2320.7,587.1,41.54,61.6,19.8,511.5,0,YARN_BREAKAGE
22.31,16.79,2.99,485.6,2391.7,737.7,26.01,50.9,23.0,644.4,2,JACQUARD_PATTERN_SHIFT
12.75,12.94,6.29,407.6,2187.8,626.8,47.3,53.4,23.3,523.3,0,YARN_BREAKAGE
24.33,17.45,8.34,450.8,2187.1,642.8,19.62,42.9,31.4,499.8,1,OIL_STAIN
19.91,15.02,4.41,292.2,1902.0,601.1,16.64,56.5,22.0,543.2,3,BORDER_SEWING_DEFECT
15.52,8.67,4.76,385.6,2256.0,584.7,44.75,49.0,24.6,506.5,0,YARN_BREAKAGE
30.24,17.19,4.41,477.3,2400.7,657.7,28.13,54.6,25.0,634.8,2,JACQUARD_PATTERN_SHIFT
22.69,13.61,3.54,316.8,2069.3,610.5,19.63,60.7,26.8,534.4,3,BORDER_SEWING_DEFECT
15.65,8.8,4.33,451.5,2309.7,568.4,44.51,59.4,25.4,573.2,0,YARN_BREAKAGE
25.73,17.21,4.61,303.1,1845.2,598.9,19.0,64.8,21.9,511.8,3,BORDER_SEWING_DEFECT
23.46,17.22,8.13,412.3,2217.7,622.3,24.06,40.0,29.8,583.9,1,OIL_STAIN
32.83,13.09,3.69,303.3,1960.7,521.4,26.2,61.2,21.3,507.9,3,BORDER_SEWING_DEFECT
23.96,15.11,8.64,401.9,2160.7,630.3,21.57,44.6,30.7,489.0,1,OIL_STAIN
25.24,16.72,3.79,300.0,1911.7,549.7,21.39,62.1,24.4,454.8,3,BORDER_SEWING_DEFECT
29.42,16.32,4.0,306.7,1952.0,535.2,23.56,62.3,18.8,560.8,3,BORDER_SEWING_DEFECT
23.01,15.89,3.66,474.6,2520.6,726.8,28.06,56.0,28.5,653.1,2,JACQUARD_PATTERN_SHIFT
16.44,9.96,4.35,451.7,2130.4,547.7,42.87,53.2,22.9,526.2,0,YARN_BREAKAGE
13.44,8.84,5.31,435.0,2034.7,646.9,45.83,60.4,27.1,514.4,0,YARN_BREAKAGE
25.07,12.23,7.49,425.0,2389.5,693.2,18.25,46.4,30.8,578.4,1,OIL_STAIN
24.69,13.96,3.5,508.5,2500.6,690.5,24.21,60.1,23.1,652.1,2,JACQUARD_PATTERN_SHIFT
33.91,15.15,7.09,423.2,2289.3,621.2,19.21,44.3,30.4,511.3,1,OIL_STAIN
26.91,16.78,4.52,472.4,2443.3,680.5,26.86,50.5,26.1,631.2,2,JACQUARD_PATTERN_SHIFT
24.43,21.0,3.18,425.9,2513.7,718.6,21.36,65.2,21.1,623.5,2,JACQUARD_PATTERN_SHIFT
14.46,10.88,4.13,421.8,2261.8,580.4,48.14,53.0,20.5,546.9,0,YARN_BREAKAGE
17.4,9.52,4.71,475.8,2296.7,595.7,44.97,45.8,23.5,491.5,0,YARN_BREAKAGE
27.06,19.31,4.11,464.3,2383.9,717.0,18.91,60.8,21.7,625.6,2,JACQUARD_PATTERN_SHIFT
24.22,18.67,4.55,459.1,2441.5,714.2,27.07,70.5,25.9,603.4,2,JACQUARD_PATTERN_SHIFT
15.72,8.72,5.14,441.0,2118.5,596.0,39.61,59.1,24.7,584.8,0,YARN_BREAKAGE
31.75,16.59,3.92,469.2,2412.4,711.5,16.9,69.4,24.0,644.1,2,JACQUARD_PATTERN_SHIFT
20.85,16.42,8.44,419.5,2270.6,643.6,15.78,45.2,31.9,552.5,1,OIL_STAIN
29.81,20.78,4.14,461.7,2595.8,680.5,22.1,63.6,22.6,594.4,2,JACQUARD_PATTERN_SHIFT
13.32,9.83,5.23,445.2,2175.6,611.2,37.98,57.4,23.6,497.7,0,YARN_BREAKAGE
23.95,15.04,4.05,468.1,2429.2,800.0,22.37,62.1,24.0,658.1,2,JACQUARD_PATTERN_SHIFT
17.25,10.3,5.83,419.4,2264.1,647.5,38.59,45.4,22.8,542.2,0,YARN_BREAKAGE
26.61,17.14,4.02,458.8,2409.0,725.2,23.64,56.7,25.7,597.4,2,JACQUARD_PATTERN_SHIFT
32.13,17.42,7.07,433.2,2266.8,596.9,24.85,42.3,27.8,506.5,1,OIL_STAIN
22.77,19.36,7.86,445.1,2142.9,599.5,19.5,46.3,33.1,479.5,1,OIL_STAIN
14.6,8.94,5.22,453.1,2220.0,601.7,40.32,61.9,23.6,545.6,0,YARN_BREAKAGE
20.0,13.53,3.76,318.1,1951.8,592.7,22.59,62.6,24.8,490.8,3,BORDER_SEWING_DEFECT
29.98,19.27,3.86,438.2,2431.2,752.4,25.18,63.6,23.1,639.8,2,JACQUARD_PATTERN_SHIFT
19.59,12.74,8.02,498.1,2169.1,678.2,24.48,38.8,33.6,501.6,1,OIL_STAIN
16.74,10.31,3.8,402.4,2384.0,601.3,42.99,61.1,25.3,509.9,0,YARN_BREAKAGE
26.94,18.06,5.72,477.7,2156.3,586.4,21.16,40.9,33.9,575.1,1,OIL_STAIN
24.99,16.91,4.39,327.2,1962.7,615.3,21.04,63.6,22.6,473.1,3,BORDER_SEWING_DEFECT
24.74,18.94,4.2,469.9,2514.1,708.8,21.79,58.0,23.6,657.5,2,JACQUARD_PATTERN_SHIFT
27.69,13.5,6.68,435.8,2267.5,604.3,19.48,41.7,34.1,576.3,1,OIL_STAIN
26.29,19.79,4.3,469.3,2575.8,741.1,22.77,62.6,28.6,635.0,2,JACQUARD_PATTERN_SHIFT
32.12,19.52,2.43,477.5,2506.7,715.8,27.18,63.6,27.4,671.8,2,JACQUARD_PATTERN_SHIFT
30.1,17.48,5.92,454.3,2535.8,704.0,26.12,65.0,25.2,606.7,2,JACQUARD_PATTERN_SHIFT
15.65,9.39,4.57,428.8,2245.7,652.7,44.44,52.4,27.8,511.3,0,YARN_BREAKAGE
15.68,10.3,3.42,427.6,2072.8,564.2,37.13,63.9,22.9,538.7,0,YARN_BREAKAGE
30.37,14.87,6.12,395.4,2153.8,645.8,23.77,45.9,32.0,511.7,1,OIL_STAIN
23.67,17.67,3.53,317.4,2005.5,594.1,19.76,54.6,21.7,553.3,3,BORDER_SEWING_DEFECT
34.17,16.54,8.04,448.0,2335.9,586.2,25.15,38.5,30.4,562.5,1,OIL_STAIN
20.19,16.78,4.2,304.5,1975.8,553.7,14.53,58.5,21.6,472.2,3,BORDER_SEWING_DEFECT
26.3,19.49,5.38,420.2,2467.7,690.0,24.73,66.6,24.7,675.1,2,JACQUARD_PATTERN_SHIFT
23.48,17.67,3.55,315.5,1872.2,593.5,18.58,70.2,25.7,505.2,3,BORDER_SEWING_DEFECT
22.24,16.48,3.28,345.7,1975.0,557.7,20.71,62.6,21.2,536.7,3,BORDER_SEWING_DEFECT
26.94,16.48,4.29,428.8,2509.7,737.1,22.16,57.8,24.8,655.6,2,JACQUARD_PATTERN_SHIFT
16.58,9.23,4.59,426.1,2181.3,561.3,40.19,51.8,23.3,537.3,0,YARN_BREAKAGE
26.49,14.85,4.06,279.6,1896.1,563.6,17.82,68.7,23.3,510.1,3,BORDER_SEWING_DEFECT
25.36,16.34,8.54,434.9,2349.1,585.4,22.99,43.8,32.4,540.4,1,OIL_STAIN
25.95,19.34,4.23,489.8,2466.8,771.6,26.14,58.6,24.1,640.6,2,JACQUARD_PATTERN_SHIFT
25.85,18.13,4.29,433.1,2600.6,730.3,23.19,55.4,22.5,569.5,2,JACQUARD_PATTERN_SHIFT
16.63,6.89,5.22,436.4,2138.8,621.1,38.78,61.7,24.7,528.5,0,YARN_BREAKAGE
28.91,16.94,3.63,474.4,2436.8,690.2,18.43,60.7,23.5,634.7,2,JACQUARD_PATTERN_SHIFT
13.7,9.43,4.26,410.8,2372.9,570.7,43.89,58.2,18.5,504.8,0,YARN_BREAKAGE
13.27,10.13,3.85,411.0,2215.1,659.9,43.95,56.3,24.5,544.5,0,YARN_BREAKAGE
20.05,15.64,7.87,419.5,2257.7,624.2,26.97,42.3,34.0,548.0,1,OIL_STAIN
25.63,18.07,6.23,436.6,2132.5,651.6,26.85,43.7,32.5,578.2,1,OIL_STAIN
14.95,7.23,3.25,396.2,2197.3,582.4,33.92,58.6,21.0,580.4,0,YARN_BREAKAGE
23.01,21.85,5.22,513.3,2385.6,656.2,26.8,66.5,27.5,603.5,2,JACQUARD_PATTERN_SHIFT
16.42,6.0,5.89,400.6,2166.0,610.4,39.93,57.7,24.4,533.2,0,YARN_BREAKAGE
14.03,9.44,5.07,447.1,2161.2,680.5,44.89,56.4,23.0,523.2,0,YARN_BREAKAGE
25.57,18.28,4.26,435.8,2452.8,706.0,24.89,56.6,23.8,613.0,2,JACQUARD_PATTERN_SHIFT
25.14,16.93,8.16,449.7,2185.9,632.5,21.97,37.3,30.2,521.2,1,OIL_STAIN
25.42,17.43,8.77,486.2,2354.9,620.4,18.91,46.6,32.4,538.1,1,OIL_STAIN
24.5,17.67,8.53,426.2,2149.5,587.8,20.57,42.1,34.5,543.8,1,OIL_STAIN
26.43,19.52,7.41,464.2,2259.6,554.1,24.47,40.5,32.5,523.1,1,OIL_STAIN
25.95,21.78,7.4,464.4,2218.7,585.5,27.58,41.9,30.2,531.6,1,OIL_STAIN
14.89,8.05,4.58,445.3,2243.4,607.8,36.4,57.2,24.6,464.2,0,YARN_BREAKAGE
10.06,9.62,3.84,429.2,2330.1,652.2,45.31,56.6,23.7,528.7,0,YARN_BREAKAGE
12.16,11.96,4.91,416.7,2178.8,568.7,48.54,56.6,28.5,563.6,0,YARN_BREAKAGE
18.3,17.47,4.45,321.1,1960.4,558.5,20.52,57.3,23.7,442.4,3,BORDER_SEWING_DEFECT
18.75,7.66,4.84,453.5,2226.3,621.8,48.44,53.0,20.7,506.7,0,YARN_BREAKAGE
25.56,14.63,4.99,331.3,1968.5,585.7,16.08,63.5,21.3,513.7,3,BORDER_SEWING_DEFECT
21.67,18.33,6.63,466.9,2295.0,676.9,19.8,41.2,26.2,507.9,1,OIL_STAIN
23.21,15.87,8.03,463.9,2052.6,588.9,21.17,37.4,33.9,468.5,1,OIL_STAIN
24.11,16.72,7.84,432.2,2002.1,695.1,16.62,46.2,30.3,501.5,1,OIL_STAIN
23.15,18.64,9.45,463.5,2313.8,641.3,20.07,43.3,33.4,514.0,1,OIL_STAIN
31.64,19.47,3.97,444.1,2557.3,759.5,24.76,64.2,23.4,606.6,2,JACQUARD_PATTERN_SHIFT
21.67,15.23,4.41,327.1,1987.2,609.8,15.92,56.9,23.3,522.5,3,BORDER_SEWING_DEFECT
27.6,15.08,7.41,422.4,2173.4,615.6,22.0,40.5,28.4,490.4,1,OIL_STAIN
18.1,12.27,4.18,411.0,2255.4,628.8,30.34,58.1,21.2,500.6,0,YARN_BREAKAGE
28.21,19.27,4.93,471.1,2317.5,764.8,25.42,59.8,25.4,586.8,2,JACQUARD_PATTERN_SHIFT
22.23,17.6,3.37,463.7,2528.6,696.1,21.55,55.3,24.1,639.4,2,JACQUARD_PATTERN_SHIFT
24.8,20.97,6.46,442.2,2232.3,654.3,19.21,47.5,31.0,579.4,1,OIL_STAIN
23.05,18.08,4.91,328.9,1851.2,570.7,21.7,59.1,22.2,558.4,3,BORDER_SEWING_DEFECT
15.45,13.11,5.33,411.6,2177.9,601.5,42.76,57.2,23.0,577.6,0,YARN_BREAKAGE
26.52,18.89,3.85,435.7,2522.8,719.8,21.2,53.6,21.9,626.3,2,JACQUARD_PATTERN_SHIFT
27.1,15.02,3.02,327.6,1849.9,574.7,17.32,62.5,24.0,556.9,3,BORDER_SEWING_DEFECT
14.42,10.43,3.6,441.6,2222.8,607.0,39.8,58.4,22.3,520.1,0,YARN_BREAKAGE
30.0,13.33,4.56,315.2,1952.1,587.3,19.98,65.1,22.8,507.0,3,BORDER_SEWING_DEFECT
24.72,13.9,3.88,301.2,1980.2,586.4,26.05,62.9,20.1,530.2,3,BORDER_SEWING_DEFECT
25.04,19.95,6.86,445.2,2201.4,573.1,19.77,44.5,32.8,539.7,1,OIL_STAIN
17.32,18.72,2.92,314.5,1968.2,585.5,11.78,66.3,25.1,523.0,3,BORDER_SEWING_DEFECT
29.79,17.98,7.85,449.9,2266.7,635.8,22.46,43.9,34.1,473.2,1,OIL_STAIN
30.85,20.81,8.33,415.4,2253.1,714.1,29.96,43.9,33.3,565.5,1,OIL_STAIN
15.96,6.2,4.76,425.6,2193.5,636.6,39.2,56.3,27.4,524.7,0,YARN_BREAKAGE
26.42,14.22,6.85,413.7,2309.3,659.2,20.62,42.5,34.0,557.9,1,OIL_STAIN
13.31,9.87,4.73,419.1,2291.4,597.8,36.23,59.7,23.5,512.1,0,YARN_BREAKAGE
19.12,10.64,2.92,412.6,2171.4,556.0,48.65,70.5,21.2,510.5,0,YARN_BREAKAGE
13.22,11.11,4.31,456.2,2144.3,674.9,44.61,58.2,21.7,532.7,0,YARN_BREAKAGE
23.16,13.94,9.66,459.8,2153.1,614.3,20.82,41.3,29.0,542.7,1,OIL_STAIN
18.93,7.63,4.46,409.5,2355.7,601.0,40.73,58.4,22.7,596.0,0,YARN_BREAKAGE
14.4,7.58,4.13,409.8,2237.9,601.6,39.61,53.4,22.8,506.8,0,YARN_BREAKAGE
15.66,8.0,4.21,431.2,2317.5,623.3,45.68,54.0,20.4,471.9,0,YARN_BREAKAGE
24.14,17.66,7.06,465.9,2150.8,650.3,23.12,47.8,29.8,564.8,1,OIL_STAIN
28.53,15.51,4.38,423.5,2493.6,742.9,23.49,63.6,23.5,615.4,2,JACQUARD_PATTERN_SHIFT
16.21,6.86,4.88,473.7,2244.6,620.1,45.31,62.3,21.2,493.5,0,YARN_BREAKAGE
27.45,16.58,8.02,439.0,2106.8,587.2,18.07,44.8,31.1,562.3,1,OIL_STAIN
18.17,10.1,3.3,443.9,2047.8,569.7,35.24,64.6,25.3,540.0,0,YARN_BREAKAGE
23.87,16.17,3.81,291.4,1977.3,657.6,24.8,57.7,22.7,476.7,3,BORDER_SEWING_DEFECT
16.23,7.55,3.41,425.2,2304.6,633.8,39.63,50.3,24.4,548.6,0,YARN_BREAKAGE
23.82,16.19,2.27,456.4,2489.3,709.8,26.99,59.1,22.1,589.3,2,JACQUARD_PATTERN_SHIFT
25.38,18.8,4.28,450.4,2479.0,696.6,25.9,66.3,22.7,655.2,2,JACQUARD_PATTERN_SHIFT
13.58,10.45,5.26,461.1,2163.0,588.0,47.12,45.3,20.8,565.6,0,YARN_BREAKAGE
21.69,15.89,4.34,294.2,2002.9,607.1,12.09,61.8,19.3,563.3,3,BORDER_SEWING_DEFECT
28.82,16.25,3.81,305.1,2005.2,609.2,17.87,65.6,24.3,407.2,3,BORDER_SEWING_DEFECT
25.88,18.34,3.04,320.5,1924.3,572.8,16.07,62.5,24.5,468.0,3,BORDER_SEWING_DEFECT
26.86,13.48,4.2,301.4,1946.8,538.7,21.38,71.2,23.2,508.9,3,BORDER_SEWING_DEFECT
29.09,18.61,8.79,462.4,2290.8,638.0,20.98,44.6,33.3,533.6,1,OIL_STAIN
23.62,13.59,7.8,434.6,2200.2,663.9,17.44,41.3,32.3,580.8,1,OIL_STAIN
20.98,15.75,3.68,300.3,1933.0,633.6,13.23,63.7,20.6,525.6,3,BORDER_SEWING_DEFECT
15.59,8.27,6.57,431.7,2148.3,623.3,41.08,59.6,24.0,480.8,0,YARN_BREAKAGE
33.14,16.3,3.98,453.0,2373.5,713.3,31.08,58.9,26.1,644.0,2,JACQUARD_PATTERN_SHIFT
21.67,12.72,3.67,334.2,1893.7,561.4,20.65,64.5,24.4,535.4,3,BORDER_SEWING_DEFECT
23.44,14.55,4.62,302.7,1908.7,625.1,26.16,60.0,27.1,533.3,3,BORDER_SEWING_DEFECT
24.99,15.17,5.28,326.4,2065.8,520.0,19.45,62.0,23.5,489.5,3,BORDER_SEWING_DEFECT
30.59,16.54,4.0,445.0,2489.8,730.0,22.63,56.2,23.9,604.8,2,JACQUARD_PATTERN_SHIFT
25.59,19.04,4.36,268.6,1956.4,548.0,17.67,65.0,22.9,511.4,3,BORDER_SEWING_DEFECT
13.16,10.52,4.23,430.8,2223.3,607.8,39.28,62.2,21.9,530.4,0,YARN_BREAKAGE
22.7,16.79,3.51,311.8,1905.9,578.5,19.78,52.9,24.0,511.1,3,BORDER_SEWING_DEFECT
28.0,19.86,8.95,419.6,2464.1,637.0,22.33,40.7,29.8,533.2,1,OIL_STAIN
21.42,20.57,5.7,460.8,2506.9,688.7,29.73,59.7,24.1,661.3,2,JACQUARD_PATTERN_SHIFT
25.38,15.85,4.18,330.3,2004.8,606.4,22.94,63.5,23.6,490.8,3,BORDER_SEWING_DEFECT
26.8,17.78,3.46,354.2,2066.7,584.1,22.98,56.7,25.0,541.3,3,BORDER_SEWING_DEFECT
25.19,16.84,4.49,484.9,2430.7,672.9,27.13,60.3,28.8,636.3,2,JACQUARD_PATTERN_SHIFT
30.52,19.19,7.51,442.9,2254.5,617.1,20.85,42.3,36.0,501.9,1,OIL_STAIN
15.52,9.79,4.67,428.5,2073.5,607.6,47.15,58.1,23.5,522.5,0,YARN_BREAKAGE
29.4,18.51,3.41,438.8,2433.8,723.4,27.53,64.2,25.9,618.5,2,JACQUARD_PATTERN_SHIFT
12.63,9.77,3.52,447.0,2257.3,619.7,46.39,53.2,22.2,534.4,0,YARN_BREAKAGE
25.63,19.86,2.55,334.5,1941.3,565.6,16.6,66.6,25.5,512.8,3,BORDER_SEWING_DEFECT
28.84,17.42,3.24,449.1,2430.9,701.8,23.64,66.2,23.4,622.9,2,JACQUARD_PATTERN_SHIFT
16.31,9.48,4.06,416.7,2222.7,620.8,40.08,64.2,24.9,502.2,0,YARN_BREAKAGE
28.55,17.83,7.09,472.5,2073.3,566.4,22.06,43.8,32.3,574.0,1,OIL_STAIN
21.95,13.72,3.71,325.0,1947.5,539.2,22.01,54.8,24.2,440.1,3,BORDER_SEWING_DEFECT
11.27,8.48,4.29,489.1,2280.6,571.4,44.07,59.9,23.4,523.5,0,YARN_BREAKAGE
30.54,12.43,3.87,492.2,2415.3,746.9,23.9,66.5,22.7,654.7,2,JACQUARD_PATTERN_SHIFT
17.09,14.68,3.54,307.8,2007.0,660.5,17.67,56.3,22.9,471.0,3,BORDER_SEWING_DEFECT
26.32,18.6,7.89,432.4,2324.6,679.5,22.86,49.5,27.2,547.4,1,OIL_STAIN
27.38,17.85,3.26,315.8,1975.1,557.2,19.31,61.1,21.9,469.9,3,BORDER_SEWING_DEFECT
25.35,15.41,7.31,456.4,2225.6,548.7,21.63,46.3,30.2,583.4,1,OIL_STAIN
24.72,14.62,3.39,308.7,1921.0,593.4,18.93,62.4,21.0,515.5,3,BORDER_SEWING_DEFECT
15.68,8.45,3.76,428.9,2282.1,553.6,37.78,57.5,20.9,503.5,0,YARN_BREAKAGE
14.18,7.53,4.03,450.4,2224.1,645.2,41.18,61.4,24.9,571.2,0,YARN_BREAKAGE
23.63,20.86,3.09,489.1,2546.6,714.4,23.65,49.0,24.3,651.9,2,JACQUARD_PATTERN_SHIFT
28.92,17.61,7.86,449.6,2243.0,595.3,19.89,43.6,28.1,528.9,1,OIL_STAIN
23.17,17.83,4.12,326.9,2018.1,549.6,16.49,65.7,23.0,500.0,3,BORDER_SEWING_DEFECT
23.82,14.84,7.72,456.3,2225.4,599.0,26.54,46.6,29.4,553.4,1,OIL_STAIN
15.1,10.09,5.49,424.0,2385.4,576.2,40.24,56.2,23.4,523.0,0,YARN_BREAKAGE
25.93,17.71,7.7,426.8,2428.8,599.9,20.83,46.5,34.4,535.5,1,OIL_STAIN
27.98,20.98,3.95,479.0,2465.6,736.7,24.73,55.7,22.2,655.8,2,JACQUARD_PATTERN_SHIFT
17.33,9.46,4.0,439.2,2290.5,545.2,44.58,61.8,23.3,508.3,0,YARN_BREAKAGE
25.36,19.08,8.63,419.1,2328.2,508.8,15.04,47.7,30.9,526.8,1,OIL_STAIN
34.18,17.63,3.61,461.4,2453.4,675.0,23.33,60.9,24.3,649.0,2,JACQUARD_PATTERN_SHIFT
22.84,17.79,6.39,446.3,2310.8,672.0,19.89,38.9,32.8,485.2,1,OIL_STAIN
24.03,14.79,7.06,417.8,2206.3,561.6,17.42,50.4,29.8,537.2,1,OIL_STAIN
24.92,15.57,3.77,451.3,2528.3,737.4,29.09,60.5,26.7,639.1,2,JACQUARD_PATTERN_SHIFT
20.98,17.35,3.32,314.8,1993.2,568.7,18.6,66.3,23.6,503.1,3,BORDER_SEWING_DEFECT
22.88,12.34,3.48,333.4,2061.0,666.8,15.35,69.1,20.5,507.4,3,BORDER_SEWING_DEFECT
26.42,14.87,3.23,440.0,2556.9,716.7,28.13,62.5,27.8,658.9,2,JACQUARD_PATTERN_SHIFT
26.44,18.77,4.23,316.1,2050.1,564.6,23.84,61.2,24.0,503.3,3,BORDER_SEWING_DEFECT
30.16,16.93,4.48,444.6,2465.7,736.3,27.56,57.7,23.4,641.9,2,JACQUARD_PATTERN_SHIFT
32.01,16.04,7.79,475.1,2170.8,560.0,19.73,43.9,29.9,579.9,1,OIL_STAIN
21.67,17.16,8.2,418.0,2222.0,680.2,20.87,44.9,33.8,540.6,1,OIL_STAIN
17.84,21.03,4.45,319.6,1863.5,606.4,17.51,61.7,22.3,521.1,3,BORDER_SEWING_DEFECT
14.51,8.83,5.17,439.8,2212.3,643.2,38.58,55.1,23.2,577.5,0,YARN_BREAKAGE
23.09,17.39,3.52,303.8,1991.3,620.6,27.17,58.2,20.0,542.6,3,BORDER_SEWING_DEFECT
19.86,17.74,6.54,469.0,2229.8,679.0,16.93,43.2,30.8,620.9,1,OIL_STAIN
24.06,14.9,5.55,308.5,2054.6,609.9,18.87,60.6,24.5,549.8,3,BORDER_SEWING_DEFECT
26.79,14.36,7.78,433.2,2137.8,565.1,15.72,41.0,32.8,536.0,1,OIL_STAIN
26.26,18.03,7.61,426.7,2327.1,607.5,23.87,40.9,30.9,550.8,1,OIL_STAIN
31.43,16.49,4.98,481.9,2407.3,731.4,22.52,59.2,26.1,632.8,2,JACQUARD_PATTERN_SHIFT
26.12,18.55,5.3,439.4,2454.7,734.6,18.67,60.4,26.8,676.4,2,JACQUARD_PATTERN_SHIFT
15.03,9.41,5.4,432.0,2234.2,543.8,41.85,56.4,18.9,514.0,0,YARN_BREAKAGE
31.04,16.15,5.36,294.9,1978.5,539.8,19.54,59.9,22.4,532.3,3,BORDER_SEWING_DEFECT
30.49,17.96,8.16,442.9,2219.0,685.1,23.69,43.5,29.3,529.8,1,OIL_STAIN
24.73,18.24,8.0,487.2,2271.0,607.0,23.83,41.1,30.0,477.9,1,OIL_STAIN
17.95,6.0,5.92,445.5,2192.7,582.7,52.2,57.5,21.4,521.2,0,YARN_BREAKAGE
26.7,14.12,4.44,335.7,1968.9,557.8,21.71,62.2,24.2,543.0,3,BORDER_SEWING_DEFECT
26.26,15.13,4.22,314.9,1990.2,593.5,13.51,58.0,20.6,494.9,3,BORDER_SEWING_DEFECT
26.5,13.63,7.52,396.0,2151.3,582.1,19.47,39.9,32.2,562.7,1,OIL_STAIN
29.81,22.95,4.39,448.8,2603.1,687.9,29.23,67.6,24.7,629.3,2,JACQUARD_PATTERN_SHIFT
28.42,19.34,3.78,291.6,2027.0,599.6,21.53,61.6,23.3,513.1,3,BORDER_SEWING_DEFECT
13.25,9.85,4.37,439.7,2205.3,627.3,45.23,57.9,23.4,467.5,0,YARN_BREAKAGE
26.85,16.97,5.21,477.2,2490.1,727.4,21.36,67.0,23.6,632.2,2,JACQUARD_PATTERN_SHIFT
16.14,10.46,5.39,431.9,2314.7,584.4,39.57,57.8,25.5,558.5,0,YARN_BREAKAGE
25.46,18.41,2.48,304.6,1984.9,601.1,19.23,56.2,26.6,514.9,3,BORDER_SEWING_DEFECT
13.16,6.8,3.78,450.8,2162.5,611.7,44.01,55.6,23.6,528.8,0,YARN_BREAKAGE
12.84,6.0,5.15,466.3,2320.0,660.7,40.05,57.9,24.3,555.1,0,YARN_BREAKAGE
14.2,10.05,3.17,446.7,2376.3,597.0,35.26,45.2,27.1,512.0,0,YARN_BREAKAGE
14.17,11.33,4.98,406.9,2326.5,569.6,42.54,57.4,24.0,546.7,0,YARN_BREAKAGE
21.26,20.4,3.71,283.6,2031.4,609.8,15.82,62.1,21.1,530.0,3,BORDER_SEWING_DEFECT
25.67,15.57,5.05,501.9,2458.9,659.8,24.84,63.8,28.0,656.6,2,JACQUARD_PATTERN_SHIFT
29.24,17.41,4.32,433.4,2477.5,698.4,21.12,56.6,24.6,577.4,2,JACQUARD_PATTERN_SHIFT
25.85,15.52,7.88,491.4,2186.2,635.2,20.85,38.1,29.1,512.1,1,OIL_STAIN
14.72,12.88,3.6,452.3,2230.1,593.3,37.39,57.8,24.1,501.7,0,YARN_BREAKAGE
29.31,15.8,4.98,436.1,2429.3,701.9,18.18,68.6,25.0,599.2,2,JACQUARD_PATTERN_SHIFT
26.15,13.98,4.31,467.5,2577.8,726.6,25.27,58.5,24.7,602.7,2,JACQUARD_PATTERN_SHIFT
16.87,9.17,6.12,469.5,2315.3,613.6,41.5,63.9,22.2,531.1,0,YARN_BREAKAGE
24.87,16.84,7.69,459.1,2315.3,622.5,21.45,47.0,30.9,593.9,1,OIL_STAIN
25.51,16.06,3.97,307.0,2085.4,604.7,17.42,58.1,23.4,520.0,3,BORDER_SEWING_DEFECT
17.32,11.26,4.87,418.3,2287.2,617.8,41.83,61.9,22.1,608.8,0,YARN_BREAKAGE
16.53,9.78,5.26,419.5,2096.2,681.5,43.06,54.3,20.3,539.8,0,YARN_BREAKAGE
23.93,13.51,3.78,299.9,1844.5,593.0,18.09,64.0,20.6,483.9,3,BORDER_SEWING_DEFECT
30.06,21.36,8.2,440.0,2186.4,643.0,20.51,45.6,30.5,494.4,1,OIL_STAIN
27.58,18.66,3.65,448.3,2497.4,695.4,14.4,56.3,25.5,646.5,2,JACQUARD_PATTERN_SHIFT
13.5,13.16,4.07,395.8,2208.2,637.8,42.85,50.8,22.1,521.5,0,YARN_BREAKAGE
17.49,10.31,5.29,412.0,2302.4,657.9,43.24,64.3,24.0,512.2,0,YARN_BREAKAGE
21.4,14.74,7.41,425.9,2204.9,620.6,19.98,48.0,31.6,540.8,1,OIL_STAIN
24.91,16.48,7.52,477.7,2192.4,591.1,23.65,49.8,32.4,545.0,1,OIL_STAIN
12.71,9.87,4.64,412.7,2255.0,565.2,40.12,51.0,22.8,546.1,0,YARN_BREAKAGE
12.52,10.47,5.11,407.0,2290.1,510.6,38.09,59.1,25.5,495.5,0,YARN_BREAKAGE
15.43,10.14,4.22,473.0,2057.9,667.4,41.8,60.3,22.8,564.3,0,YARN_BREAKAGE
22.82,14.95,4.34,337.7,1884.1,599.3,22.88,67.1,20.4,524.2,3,BORDER_SEWING_DEFECT
29.94,18.25,2.0,313.0,1840.1,610.7,22.3,62.3,24.5,523.1,3,BORDER_SEWING_DEFECT
15.59,9.93,5.0,418.0,2303.3,648.2,40.89,56.6,21.2,527.8,0,YARN_BREAKAGE
29.33,21.86,3.18,424.0,2472.3,748.0,21.7,66.3,24.0,639.2,2,JACQUARD_PATTERN_SHIFT
20.83,19.81,4.76,347.4,1882.6,557.7,21.87,56.6,24.8,537.5,3,BORDER_SEWING_DEFECT
26.97,16.87,3.47,415.7,2428.7,676.2,21.31,62.9,26.9,602.3,2,JACQUARD_PATTERN_SHIFT
12.78,12.58,3.21,427.1,2225.9,622.3,36.79,61.4,23.6,515.2,0,YARN_BREAKAGE
23.47,17.65,4.84,439.2,2566.3,707.7,27.35,59.7,20.8,659.5,2,JACQUARD_PATTERN_SHIFT
22.96,16.98,4.64,302.0,2049.9,631.7,17.07,62.5,25.1,457.1,3,BORDER_SEWING_DEFECT
22.17,16.89,4.73,311.2,2008.6,560.0,13.07,62.0,24.2,543.9,3,BORDER_SEWING_DEFECT
28.91,15.9,4.25,356.7,2137.4,532.1,17.42,59.0,21.5,521.8,3,BORDER_SEWING_DEFECT
24.32,18.56,7.69,393.3,2312.9,661.3,26.85,47.1,31.8,513.8,1,OIL_STAIN
29.42,19.64,7.83,420.6,2273.1,683.6,20.31,42.2,26.7,549.8,1,OIL_STAIN
14.68,11.63,4.11,460.3,2161.6,597.2,37.63,55.3,21.7,525.7,0,YARN_BREAKAGE
28.96,17.17,2.91,465.6,2427.9,733.8,23.59,55.4,24.3,631.6,2,JACQUARD_PATTERN_SHIFT
15.75,9.16,5.15,416.5,2201.8,590.4,42.27,55.2,27.0,567.6,0,YARN_BREAKAGE
29.8,17.03,4.96,465.3,2468.6,723.9,22.51,65.7,24.6,609.8,2,JACQUARD_PATTERN_SHIFT
23.62,15.38,5.03,433.1,2245.9,668.3,16.19,43.1,32.0,554.5,1,OIL_STAIN
14.48,12.52,4.64,449.2,2140.8,621.4,46.14,51.0,21.8,485.8,0,YARN_BREAKAGE
13.95,9.96,5.94,460.1,2305.2,592.7,40.68,58.7,25.9,511.3,0,YARN_BREAKAGE
15.13,8.82,4.07,424.2,2152.3,627.7,42.84,57.1,20.6,534.6,0,YARN_BREAKAGE
27.29,18.89,4.19,457.3,2464.4,709.1,21.66,51.0,25.0,629.4,2,JACQUARD_PATTERN_SHIFT
29.94,17.01,5.77,463.0,2314.7,660.3,15.18,46.8,34.9,516.3,1,OIL_STAIN
30.21,19.87,5.18,449.8,2505.9,763.8,25.03,58.3,27.2,618.1,2,JACQUARD_PATTERN_SHIFT
29.05,23.15,7.11,450.0,2195.0,691.1,18.05,39.2,29.0,558.2,1,OIL_STAIN
27.57,13.99,3.96,477.0,2444.0,723.0,22.89,55.4,26.3,636.8,2,JACQUARD_PATTERN_SHIFT
19.77,18.75,4.41,296.9,1876.3,605.6,16.75,58.2,23.9,532.0,3,BORDER_SEWING_DEFECT
25.55,20.23,4.08,483.8,2536.2,703.7,22.26,64.1,26.5,633.6,2,JACQUARD_PATTERN_SHIFT
27.03,14.99,3.69,311.0,1920.1,596.2,16.87,62.7,21.4,559.5,3,BORDER_SEWING_DEFECT
14.78,9.06,4.94,439.2,2234.0,611.6,39.38,60.0,21.1,525.4,0,YARN_BREAKAGE
26.28,18.76,5.2,299.0,1986.0,567.7,23.14,64.9,25.6,521.7,3,BORDER_SEWING_DEFECT
24.81,17.34,7.9,415.5,2287.3,670.4,24.69,39.0,31.5,541.9,1,OIL_STAIN
24.3,20.92,9.28,430.2,2110.1,650.4,20.16,42.4,29.9,565.8,1,OIL_STAIN
18.95,14.38,3.59,293.6,1979.3,630.7,17.77,58.7,21.3,506.8,3,BORDER_SEWING_DEFECT
26.94,17.94,4.24,462.5,2489.3,689.0,21.19,54.3,27.8,687.6,2,JACQUARD_PATTERN_SHIFT
32.48,18.02,7.55,402.3,2258.0,646.8,20.92,43.1,33.0,580.8,1,OIL_STAIN
16.91,9.79,2.76,442.1,2353.4,611.7,43.64,63.5,22.5,540.0,0,YARN_BREAKAGE
15.48,13.34,3.93,460.9,2117.0,581.5,39.64,59.4,23.9,533.9,0,YARN_BREAKAGE
23.7,17.63,5.05,344.6,1992.7,576.0,19.37,69.9,20.6,538.3,3,BORDER_SEWING_DEFECT
14.5,9.66,3.64,436.5,2254.1,593.1,44.35,54.8,26.1,519.9,0,YARN_BREAKAGE
28.16,16.55,4.45,450.6,2445.6,742.2,25.06,61.3,23.8,639.6,2,JACQUARD_PATTERN_SHIFT
28.1,20.93,4.15,466.9,2505.0,718.6,24.26,52.6,24.6,626.9,2,JACQUARD_PATTERN_SHIFT
25.5,12.92,4.14,314.0,1878.7,593.8,17.07,58.3,22.8,533.5,3,BORDER_SEWING_DEFECT
27.94,12.54,4.94,314.6,1863.3,618.9,17.95,58.7,20.2,465.2,3,BORDER_SEWING_DEFECT
15.15,11.84,5.74,464.7,2249.6,559.9,44.92,53.8,20.9,534.4,0,YARN_BREAKAGE
21.12,19.89,7.66,443.4,2269.2,612.8,24.63,40.1,32.8,536.3,1,OIL_STAIN
28.94,20.05,4.26,440.7,2578.7,708.8,24.11,59.6,21.8,634.0,2,JACQUARD_PATTERN_SHIFT
13.34,9.42,5.25,445.6,2177.3,578.9,41.43,62.3,26.3,598.6,0,YARN_BREAKAGE
13.04,10.9,3.64,409.1,2300.6,554.6,37.51,53.0,22.3,486.4,0,YARN_BREAKAGE
23.18,13.9,4.16,309.6,1896.1,587.1,21.58,54.9,21.9,498.5,3,BORDER_SEWING_DEFECT
23.22,17.32,4.61,341.1,1989.2,606.9,15.23,58.5,22.8,478.0,3,BORDER_SEWING_DEFECT
17.09,18.88,5.28,327.1,2028.7,571.9,18.74,75.1,21.0,531.1,3,BORDER_SEWING_DEFECT
22.94,16.8,3.31,294.6,1968.3,629.8,25.2,62.0,24.3,504.2,3,BORDER_SEWING_DEFECT
15.2,8.4,5.01,417.1,2322.4,570.8,42.62,59.0,18.1,530.5,0,YARN_BREAKAGE
20.89,13.81,4.13,349.5,2116.7,586.8,15.45,58.2,23.4,514.7,3,BORDER_SEWING_DEFECT
14.56,10.23,4.66,394.9,2235.5,572.3,35.78,64.0,22.6,532.3,0,YARN_BREAKAGE
25.75,16.87,4.53,317.3,1893.4,597.9,15.25,63.7,19.9,503.5,3,BORDER_SEWING_DEFECT
26.21,19.62,8.17,447.6,2343.6,713.3,21.84,40.6,34.1,565.9,1,OIL_STAIN
22.53,16.93,3.96,457.9,2519.8,769.9,24.69,65.7,24.1,629.9,2,JACQUARD_PATTERN_SHIFT
32.62,17.83,8.58,431.5,2278.7,596.1,17.15,43.5,31.7,562.6,1,OIL_STAIN
21.46,17.17,3.35,435.1,2510.0,709.1,32.36,62.5,25.2,614.4,2,JACQUARD_PATTERN_SHIFT
22.17,19.67,3.22,320.3,2050.6,595.9,18.91,62.2,22.4,521.3,3,BORDER_SEWING_DEFECT
29.9,19.47,6.94,479.7,2220.4,740.1,26.27,37.9,30.9,594.7,1,OIL_STAIN
28.08,15.41,9.11,422.1,2303.6,654.5,18.9,41.8,29.8,580.1,1,OIL_STAIN
26.0,19.05,4.69,335.9,1968.7,590.0,26.8,61.0,23.8,530.2,3,BORDER_SEWING_DEFECT
15.65,8.56,4.73,452.4,2256.7,603.0,42.52,62.5,19.5,454.0,0,YARN_BREAKAGE
15.51,7.37,4.51,426.9,2183.4,624.7,36.41,54.0,25.1,561.9,0,YARN_BREAKAGE
24.36,16.87,3.77,438.3,2602.9,724.9,22.7,56.3,26.7,666.9,2,JACQUARD_PATTERN_SHIFT
29.03,21.81,4.1,474.2,2460.7,674.8,22.89,63.2,24.9,600.6,2,JACQUARD_PATTERN_SHIFT
16.55,8.7,5.55,396.9,2334.9,632.2,44.89,57.3,22.8,568.3,0,YARN_BREAKAGE
17.56,16.3,2.66,331.2,2019.1,615.9,21.24,62.5,22.0,535.8,3,BORDER_SEWING_DEFECT
22.7,16.75,4.54,347.7,1845.6,664.3,20.11,61.3,22.9,497.9,3,BORDER_SEWING_DEFECT
22.54,15.09,2.62,312.7,1969.1,624.5,21.74,72.0,20.9,501.3,3,BORDER_SEWING_DEFECT
22.85,12.25,4.07,291.1,1987.4,527.1,10.78,55.2,24.4,546.8,3,BORDER_SEWING_DEFECT
23.18,15.89,7.22,437.9,2246.0,591.7,17.78,44.2,31.8,521.3,1,OIL_STAIN
24.82,15.45,3.55,331.1,1937.7,563.7,20.19,59.5,25.2,513.7,3,BORDER_SEWING_DEFECT
22.29,15.59,7.13,421.8,2256.1,629.3,22.45,43.8,28.8,534.6,1,OIL_STAIN
20.76,20.63,3.87,327.4,2035.6,607.4,13.99,70.2,23.7,503.4,3,BORDER_SEWING_DEFECT
24.25,15.77,8.15,467.7,2370.3,597.1,27.19,47.4,27.7,581.6,1,OIL_STAIN
23.84,18.94,3.76,328.0,1910.3,573.0,22.86,57.5,25.0,554.6,3,BORDER_SEWING_DEFECT
29.97,18.21,4.33,338.8,2077.1,588.3,18.7,59.9,23.5,465.6,3,BORDER_SEWING_DEFECT
14.79,8.45,2.79,433.6,2307.1,627.3,41.22,62.9,21.1,533.4,0,YARN_BREAKAGE
13.6,8.42,4.92,442.5,2232.5,637.9,41.51,62.3,23.2,486.3,0,YARN_BREAKAGE
28.68,14.55,3.1,275.0,2042.1,595.3,22.97,62.9,21.4,487.7,3,BORDER_SEWING_DEFECT
23.16,15.14,4.01,329.1,2070.9,610.1,18.18,59.4,24.9,435.3,3,BORDER_SEWING_DEFECT
13.8,10.13,5.79,441.6,2315.2,610.1,47.5,62.3,20.6,519.5,0,YARN_BREAKAGE
29.11,17.89,4.61,453.2,2562.3,686.7,17.38,61.9,26.9,611.8,2,JACQUARD_PATTERN_SHIFT
31.29,18.78,4.68,462.6,2420.1,721.2,29.3,56.9,26.1,653.0,2,JACQUARD_PATTERN_SHIFT
25.58,13.87,4.22,341.1,1949.7,621.3,24.19,64.5,23.7,520.0,3,BORDER_SEWING_DEFECT
30.59,17.84,4.54,442.3,2359.5,737.7,26.88,61.6,26.4,627.1,2,JACQUARD_PATTERN_SHIFT
26.79,19.0,6.88,407.2,2118.8,605.8,22.84,36.9,30.7,519.1,1,OIL_STAIN
20.0,20.72,3.81,335.7,1971.9,578.9,23.83,67.4,18.1,517.2,3,BORDER_SEWING_DEFECT
26.62,19.8,7.32,459.3,2208.7,529.5,24.14,44.5,33.1,565.2,1,OIL_STAIN
20.23,16.49,3.59,307.2,1977.1,641.5,26.33,67.3,22.2,472.6,3,BORDER_SEWING_DEFECT
28.14,16.06,6.58,420.8,2300.4,615.8,18.57,41.5,33.0,494.8,1,OIL_STAIN
27.18,17.59,8.74,432.2,2088.8,668.9,19.13,39.0,30.0,506.3,1,OIL_STAIN
32.31,18.35,3.28,469.9,2525.8,725.0,18.81,64.5,26.6,620.5,2,JACQUARD_PATTERN_SHIFT
25.57,14.8,7.45,440.1,2346.0,633.9,20.6,40.4,33.4,529.2,1,OIL_STAIN
24.0,16.9,4.28,293.7,1902.3,578.3,20.26,56.9,22.4,540.1,3,BORDER_SEWING_DEFECT
27.08,16.27,4.22,312.0,1950.6,590.0,24.96,60.1,21.8,537.4,3,BORDER_SEWING_DEFECT
22.52,14.38,3.19,283.2,1912.6,570.1,21.44,65.4,26.8,509.3,3,BORDER_SEWING_DEFECT
29.87,19.98,7.6,448.9,2219.2,698.7,25.03,44.8,34.5,515.0,1,OIL_STAIN
16.06,9.49,4.08,419.7,2290.4,558.1,41.32,59.5,20.0,506.2,0,YARN_BREAKAGE
25.65,16.94,5.04,492.0,2352.6,730.4,22.36,58.9,25.4,611.5,2,JACQUARD_PATTERN_SHIFT
27.71,20.17,8.39,406.2,2223.0,668.2,26.1,42.2,30.6,558.8,1,OIL_STAIN
28.54,15.7,3.48,461.4,2359.1,718.1,26.1,65.9,27.8,637.4,2,JACQUARD_PATTERN_SHIFT
32.09,18.28,4.34,456.4,2434.8,722.3,27.44,60.3,25.8,629.9,2,JACQUARD_PATTERN_SHIFT
32.76,15.22,7.23,421.2,2180.6,648.8,19.43,44.4,32.5,540.8,1,OIL_STAIN
19.09,19.77,4.83,278.5,2045.8,572.8,18.49,66.7,22.0,476.5,3,BORDER_SEWING_DEFECT
24.79,13.26,3.96,315.3,1776.7,593.0,22.8,63.5,24.2,506.5,3,BORDER_SEWING_DEFECT
24.53,16.28,8.52,415.8,2253.1,606.6,32.39,42.4,30.8,554.2,1,OIL_STAIN
24.38,15.55,3.19,444.8,2499.6,722.1,29.91,53.9,24.5,617.4,2,JACQUARD_PATTERN_SHIFT
25.35,15.35,2.64,330.0,1955.0,614.2,17.05,56.4,19.2,502.2,3,BORDER_SEWING_DEFECT
19.91,20.16,3.71,296.4,1962.9,571.5,19.9,65.5,22.0,533.3,3,BORDER_SEWING_DEFECT
26.78,17.17,3.5,491.2,2457.7,698.4,29.17,64.2,26.0,683.1,2,JACQUARD_PATTERN_SHIFT
23.89,20.99,2.81,308.1,2011.4,574.3,22.64,75.0,20.3,523.6,3,BORDER_SEWING_DEFECT
28.77,18.16,3.85,490.2,2516.6,698.9,25.77,59.3,25.2,609.3,2,JACQUARD_PATTERN_SHIFT
21.34,18.57,6.78,437.7,2230.9,602.0,24.46,47.1,33.7,546.3,1,OIL_STAIN
15.15,10.91,3.3,437.9,2291.1,622.6,44.17,50.5,22.8,545.6,0,YARN_BREAKAGE
27.43,18.08,3.93,456.0,2542.7,743.8,25.49,62.8,24.5,619.8,2,JACQUARD_PATTERN_SHIFT
15.37,10.82,3.65,428.9,2119.6,590.8,42.14,60.1,23.6,587.7,0,YARN_BREAKAGE
22.48,14.35,5.17,334.1,2013.0,591.1,20.48,64.9,20.5,472.8,3,BORDER_SEWING_DEFECT
14.85,10.45,4.3,440.2,2070.4,603.2,38.64,56.6,22.0,552.0,0,YARN_BREAKAGE
23.11,12.8,3.25,328.5,1943.1,546.2,18.46,62.7,23.3,527.6,3,BORDER_SEWING_DEFECT
13.36,11.87,4.01,407.1,2164.4,580.4,40.11,62.4,20.4,559.9,0,YARN_BREAKAGE
15.56,9.84,4.76,398.9,2169.8,609.2,33.64,51.8,26.4,456.4,0,YARN_BREAKAGE
19.24,9.59,3.98,421.7,2271.1,610.6,41.06,58.8,28.8,546.4,0,YARN_BREAKAGE
24.22,16.11,4.34,324.0,1918.8,545.7,24.17,55.0,23.0,497.0,3,BORDER_SEWING_DEFECT
27.85,15.73,3.95,453.5,2581.4,723.3,26.15,59.3,24.2,643.1,2,JACQUARD_PATTERN_SHIFT
25.75,18.7,6.34,425.3,2253.1,681.1,18.08,40.7,33.0,529.5,1,OIL_STAIN
16.04,11.81,5.79,406.2,2140.4,640.0,45.89,62.3,21.5,493.2,0,YARN_BREAKAGE
25.88,17.51,8.2,477.9,2067.7,598.4,25.06,53.8,28.9,555.8,1,OIL_STAIN
20.28,14.66,3.56,318.1,2046.0,572.7,19.55,56.7,21.1,532.2,3,BORDER_SEWING_DEFECT
23.8,18.33,7.84,470.4,2357.7,696.1,21.3,43.6,30.5,486.1,1,OIL_STAIN
24.97,17.32,4.19,337.2,1951.3,570.8,25.23,71.7,27.8,510.2,3,BORDER_SEWING_DEFECT
28.13,20.17,8.2,475.8,2317.8,596.5,18.2,42.2,31.4,553.7,1,OIL_STAIN
26.51,16.57,6.98,409.4,2210.4,643.1,14.93,44.3,31.9,575.9,1,OIL_STAIN
24.54,14.19,8.08,430.2,2210.0,659.5,20.25,41.4,29.6,539.1,1,OIL_STAIN
27.93,17.48,8.92,435.0,2225.4,589.9,18.34,48.0,32.8,569.7,1,OIL_STAIN
29.06,17.28,4.52,440.2,2428.4,684.0,24.1,59.3,23.7,605.1,2,JACQUARD_PATTERN_SHIFT
27.77,16.84,3.98,325.7,1830.7,579.4,18.77,65.5,21.8,547.0,3,BORDER_SEWING_DEFECT
15.07,8.46,4.73,468.3,2371.8,591.2,37.88,52.8,21.0,513.7,0,YARN_BREAKAGE
23.03,18.92,7.2,457.8,2305.2,655.4,16.92,38.2,29.7,527.7,1,OIL_STAIN
22.02,16.88,8.39,444.5,2156.7,634.1,27.55,47.1,32.3,524.6,1,OIL_STAIN
15.95,10.62,5.55,450.7,2228.8,560.8,38.24,63.8,21.7,514.3,0,YARN_BREAKAGE
29.42,17.86,3.61,430.5,2522.0,717.9,18.49,61.8,24.7,661.2,2,JACQUARD_PATTERN_SHIFT
27.1,13.03,4.89,334.1,1984.5,618.5,17.26,66.9,23.8,499.9,3,BORDER_SEWING_DEFECT
18.5,7.85,4.65,435.4,2208.0,580.4,34.59,58.8,21.7,489.9,0,YARN_BREAKAGE
25.01,17.19,4.54,289.1,1900.1,561.7,22.28,69.4,21.4,490.9,3,BORDER_SEWING_DEFECT
27.93,19.35,2.74,491.0,2533.1,679.1,28.62,54.6,25.2,647.3,2,JACQUARD_PATTERN_SHIFT
13.68,9.17,5.26,430.6,2234.8,677.3,36.54,54.4,22.0,524.3,0,YARN_BREAKAGE
20.27,19.11,2.83,313.6,1902.8,611.6,11.77,62.4,23.5,532.1,3,BORDER_SEWING_DEFECT
24.66,12.91,7.57,411.5,2150.1,584.3,20.85,43.5,31.7,520.2,1,OIL_STAIN
19.77,17.65,3.16,306.9,1910.6,578.4,19.77,57.9,20.0,521.3,3,BORDER_SEWING_DEFECT
12.17,8.57,4.35,456.5,2163.4,591.6,41.14,61.1,22.3,491.4,0,YARN_BREAKAGE
15.04,7.82,3.79,419.8,2253.3,587.8,41.01,61.5,24.9,496.8,0,YARN_BREAKAGE
27.33,14.46,8.43,441.6,2347.9,593.0,17.84,51.2,32.5,575.6,1,OIL_STAIN
25.07,17.45,4.44,295.7,1992.9,548.0,20.21,62.1,22.4,529.7,3,BORDER_SEWING_DEFECT
25.26,14.33,6.84,441.6,2341.8,653.3,19.45,43.7,30.6,565.8,1,OIL_STAIN
26.13,18.09,7.59,455.4,2192.2,627.5,27.14,43.5,31.3,546.0,1,OIL_STAIN
14.88,9.8,5.09,443.7,2223.7,560.8,44.68,61.6,25.0,526.0,0,YARN_BREAKAGE
29.71,13.97,7.9,420.2,2123.9,535.7,23.77,43.5,31.8,539.9,1,OIL_STAIN
24.39,16.59,4.2,323.9,1886.7,555.6,20.66,59.2,23.0,547.8,3,BORDER_SEWING_DEFECT
15.77,7.89,6.05,436.6,2069.6,642.0,41.21,56.9,23.2,557.5,0,YARN_BREAKAGE
20.16,16.05,4.21,489.1,2466.2,712.3,23.99,54.0,24.6,621.2,2,JACQUARD_PATTERN_SHIFT
26.83,18.11,4.04,311.7,1944.3,587.8,21.31,51.0,20.3,490.6,3,BORDER_SEWING_DEFECT
27.99,19.76,4.21,446.5,2597.9,674.4,19.76,58.7,23.5,659.2,2,JACQUARD_PATTERN_SHIFT
20.44,9.4,4.15,421.6,2261.3,616.0,43.01,49.1,25.3,492.8,0,YARN_BREAKAGE
25.65,16.45,3.46,359.7,1975.7,563.2,21.76,56.5,24.7,493.9,3,BORDER_SEWING_DEFECT
13.36,9.39,4.4,460.9,2276.5,571.5,38.77,55.2,21.6,510.7,0,YARN_BREAKAGE
25.02,17.86,7.2,425.4,2189.5,620.8,17.26,43.1,33.5,553.5,1,OIL_STAIN
25.38,19.25,3.25,455.5,2570.5,734.7,25.19,61.6,23.8,600.3,2,JACQUARD_PATTERN_SHIFT
13.78,11.04,4.35,438.4,2334.3,534.1,45.28,60.3,22.5,441.8,0,YARN_BREAKAGE
16.44,14.55,5.07,335.4,1964.6,535.3,22.12,53.5,24.6,517.9,3,BORDER_SEWING_DEFECT
14.93,10.18,4.9,411.7,2249.9,573.0,41.63,64.3,25.2,518.2,0,YARN_BREAKAGE
14.74,8.66,3.72,460.8,2195.8,555.0,37.21,57.3,24.9,493.8,0,YARN_BREAKAGE
25.36,19.04,4.5,415.2,2474.3,677.2,22.57,61.8,26.0,647.2,2,JACQUARD_PATTERN_SHIFT
24.49,14.71,6.22,409.3,2275.8,562.1,21.72,43.4,32.1,516.9,1,OIL_STAIN
23.6,15.63,7.51,469.7,2230.3,520.2,19.31,43.3,31.8,517.4,1,OIL_STAIN
25.16,16.84,4.82,283.4,1868.1,610.9,16.0,65.4,21.7,543.8,3,BORDER_SEWING_DEFECT
13.79,9.98,4.62,437.5,2217.1,582.3,41.25,54.8,24.7,558.6,0,YARN_BREAKAGE
27.52,17.87,4.81,497.1,2447.2,676.6,30.64,66.2,23.4,598.8,2,JACQUARD_PATTERN_SHIFT
22.75,14.15,3.61,303.0,1991.8,636.2,27.37,66.1,21.5,502.5,3,BORDER_SEWING_DEFECT
13.75,8.65,6.08,431.8,2245.7,589.4,45.0,53.0,20.4,506.9,0,YARN_BREAKAGE
28.85,12.44,3.84,300.8,1974.6,600.5,22.17,61.3,23.6,450.7,3,BORDER_SEWING_DEFECT
21.68,17.44,4.9,314.3,1927.2,607.3,16.29,60.7,20.2,531.6,3,BORDER_SEWING_DEFECT
24.48,14.69,3.64,339.1,1967.2,576.8,21.0,60.9,24.6,506.4,3,BORDER_SEWING_DEFECT
20.07,17.1,3.77,297.6,1945.9,598.7,21.69,64.4,22.2,552.0,3,BORDER_SEWING_DEFECT
30.04,16.63,6.29,479.1,2487.1,679.8,21.03,69.5,23.6,627.0,2,JACQUARD_PATTERN_SHIFT
27.83,16.78,7.7,460.6,2128.5,650.7,23.14,44.6,26.0,498.5,1,OIL_STAIN
29.5,19.66,4.08,446.4,2585.9,713.2,21.52,56.4,31.7,643.9,2,JACQUARD_PATTERN_SHIFT
27.93,16.5,7.61,459.3,2087.0,645.2,26.98,45.5,31.7,542.5,1,OIL_STAIN
13.69,10.46,4.9,423.0,2161.3,598.8,37.66,54.7,24.8,509.2,0,YARN_BREAKAGE
21.71,16.69,5.98,423.7,2218.5,609.0,24.54,39.1,29.2,518.6,1,OIL_STAIN
34.47,19.55,6.77,433.0,2353.5,701.2,19.04,44.2,31.7,484.1,1,OIL_STAIN
24.62,18.01,3.64,276.4,1882.1,528.9,20.31,60.5,24.6,514.3,3,BORDER_SEWING_DEFECT
13.02,8.5,3.56,406.6,2153.3,527.0,40.91,49.9,24.2,538.9,0,YARN_BREAKAGE
12.19,6.5,3.81,435.3,2347.2,589.4,39.88,56.6,26.0,523.1,0,YARN_BREAKAGE
15.14,10.42,4.16,481.4,2226.4,665.9,37.62,57.1,21.1,490.3,0,YARN_BREAKAGE
29.29,20.51,4.63,480.7,2551.1,652.0,21.69,61.3,22.3,633.4,2,JACQUARD_PATTERN_SHIFT
19.31,10.39,2.58,318.7,1978.8,627.8,20.94,56.3,24.4,486.3,3,BORDER_SEWING_DEFECT
15.12,8.36,4.01,448.8,2249.1,639.6,41.96,56.1,27.1,575.0,0,YARN_BREAKAGE
28.21,16.18,7.73,437.2,2263.3,635.3,21.43,37.7,31.6,581.6,1,OIL_STAIN
27.19,17.37,7.38,415.0,2271.9,743.2,26.33,44.4,30.2,512.0,1,OIL_STAIN
27.08,10.99,2.43,341.3,1893.4,602.9,18.78,63.2,24.2,505.7,3,BORDER_SEWING_DEFECT
31.98,14.91,3.5,297.0,1971.4,602.9,27.08,60.9,22.7,512.7,3,BORDER_SEWING_DEFECT
25.13,20.43,3.81,304.3,2014.1,615.5,18.36,64.7,23.4,486.7,3,BORDER_SEWING_DEFECT
27.31,16.66,4.81,469.9,2583.2,685.7,24.68,56.1,21.0,603.8,2,JACQUARD_PATTERN_SHIFT
24.72,15.33,4.7,460.6,2451.2,745.8,22.99,54.0,24.4,624.8,2,JACQUARD_PATTERN_SHIFT
22.14,17.38,7.06,481.9,2205.2,666.0,17.25,45.8,32.5,563.2,1,OIL_STAIN
16.34,10.16,4.2,465.8,2128.7,592.6,46.16,60.6,21.7,533.9,0,YARN_BREAKAGE
16.45,8.1,3.7,407.8,2197.3,611.1,39.64,54.5,28.2,510.9,0,YARN_BREAKAGE
28.76,19.04,6.82,449.1,2308.8,601.8,24.41,37.7,29.4,571.7,1,OIL_STAIN
27.94,21.35,4.24,467.3,2391.8,712.0,22.79,60.6,24.2,596.5,2,JACQUARD_PATTERN_SHIFT
23.28,18.11,4.1,285.3,1958.9,546.1,23.74,62.6,23.7,498.3,3,BORDER_SEWING_DEFECT
23.88,22.13,6.67,480.5,2135.0,655.6,22.37,43.0,31.0,554.2,1,OIL_STAIN
23.63,18.91,3.59,294.9,1929.4,615.8,16.19,56.7,22.3,492.7,3,BORDER_SEWING_DEFECT
19.15,11.63,4.42,314.2,2007.5,537.6,22.71,68.1,23.8,535.6,3,BORDER_SEWING_DEFECT
14.59,9.06,4.49,385.4,2337.3,614.4,41.91,56.7,21.9,493.2,0,YARN_BREAKAGE
31.48,17.52,3.62,484.6,2515.9,701.5,25.08,57.8,29.2,666.5,2,JACQUARD_PATTERN_SHIFT
29.08,18.4,3.96,477.1,2536.1,695.2,26.58,60.4,22.8,634.0,2,JACQUARD_PATTERN_SHIFT
12.95,8.47,3.22,423.6,2313.8,617.0,43.54,59.3,24.1,547.0,0,YARN_BREAKAGE
30.99,17.76,7.47,477.5,2267.4,634.8,20.4,40.5,35.8,520.4,1,OIL_STAIN
24.12,17.84,4.46,331.1,2025.9,576.6,23.85,60.5,23.3,493.6,3,BORDER_SEWING_DEFECT
22.71,18.5,3.88,468.0,2427.3,713.7,26.71,59.0,25.3,655.3,2,JACQUARD_PATTERN_SHIFT
14.68,9.29,5.24,400.3,2226.2,641.0,42.6,62.9,25.0,516.1,0,YARN_BREAKAGE
29.5,18.01,7.83,432.2,2217.7,636.5,22.96,40.8,33.9,545.5,1,OIL_STAIN
16.03,10.35,4.39,442.5,2292.0,649.1,45.82,52.8,23.4,605.0,0,YARN_BREAKAGE
12.75,8.04,3.7,447.0,2251.7,651.8,36.38,49.0,27.9,508.3,0,YARN_BREAKAGE
25.39,17.7,2.81,464.0,2634.6,701.9,24.16,61.2,25.1,631.5,2,JACQUARD_PATTERN_SHIFT
23.73,19.28,4.21,430.2,2400.9,719.9,26.13,62.3,21.8,641.9,2,JACQUARD_PATTERN_SHIFT
36.13,15.29,6.89,471.2,2339.0,621.5,22.51,43.4,32.4,513.5,1,OIL_STAIN
27.43,14.08,7.83,428.1,2326.5,631.3,21.73,44.7,29.1,538.5,1,OIL_STAIN
30.59,13.95,2.96,304.8,1947.9,579.9,23.39,59.8,25.6,552.9,3,BORDER_SEWING_DEFECT
27.77,17.44,3.99,477.8,2575.0,738.0,23.25,55.8,24.4,614.6,2,JACQUARD_PATTERN_SHIFT
14.38,8.78,3.86,425.4,2236.4,541.1,43.44,53.7,25.6,545.9,0,YARN_BREAKAGE
24.35,18.79,3.55,301.7,1949.1,616.8,22.29,67.2,23.3,473.8,3,BORDER_SEWING_DEFECT
22.61,23.75,7.53,422.5,2288.9,587.4,17.36,41.9,31.8,521.4,1,OIL_STAIN
26.98,14.55,4.23,437.1,2551.1,726.8,23.18,61.4,20.6,617.4,2,JACQUARD_PATTERN_SHIFT
19.15,10.73,4.39,414.1,2159.5,548.9,46.19,65.2,26.2,502.3,0,YARN_BREAKAGE
24.2,14.87,4.39,303.7,1994.6,597.1,23.09,59.6,21.4,529.7,3,BORDER_SEWING_DEFECT
16.36,10.64,5.97,447.3,2216.9,573.3,42.08,63.5,22.2,466.5,0,YARN_BREAKAGE
19.01,17.39,4.87,300.3,1976.8,688.3,18.75,70.1,19.8,505.6,3,BORDER_SEWING_DEFECT
30.71,15.86,3.07,463.8,2542.5,745.9,24.49,58.6,25.9,606.0,2,JACQUARD_PATTERN_SHIFT
27.47,15.42,3.99,450.4,2456.3,666.3,21.12,64.1,27.1,627.0,2,JACQUARD_PATTERN_SHIFT
14.49,17.59,7.28,451.4,2312.5,669.6,21.36,45.9,29.0,596.0,1,OIL_STAIN
26.71,13.08,6.16,402.7,2315.5,598.0,18.28,47.6,32.3,541.4,1,OIL_STAIN
28.56,18.03,7.13,412.1,2234.9,616.1,24.88,44.6,34.5,499.3,1,OIL_STAIN
22.57,19.95,3.01,295.6,1878.9,629.6,21.42,61.4,22.5,558.4,3,BORDER_SEWING_DEFECT
24.09,21.24,7.85,432.2,2233.5,631.5,17.04,40.8,30.5,512.5,1,OIL_STAIN
20.51,13.87,8.22,412.0,2237.8,615.2,25.47,40.8,31.7,521.2,1,OIL_STAIN
26.58,17.02,5.91,412.6,2243.5,664.7,23.42,50.6,30.7,565.8,1,OIL_STAIN
18.51,10.07,4.78,424.1,2328.2,563.3,39.98,61.0,23.6,547.8,0,YARN_BREAKAGE
16.29,8.37,6.16,404.8,2077.9,603.9,43.79,51.4,22.4,566.2,0,YARN_BREAKAGE
13.71,11.1,4.08,402.5,2275.4,568.6,42.06,60.7,22.5,508.7,0,YARN_BREAKAGE
26.1,20.05,4.92,480.6,2558.9,749.2,22.48,49.9,27.2,638.9,2,JACQUARD_PATTERN_SHIFT
21.82,13.98,3.14,286.9,1880.6,600.1,17.13,60.9,22.1,502.6,3,BORDER_SEWING_DEFECT
21.02,13.47,3.77,358.9,2054.6,590.2,13.68,65.1,21.7,521.9,3,BORDER_SEWING_DEFECT
26.94,17.28,4.69,289.3,1949.2,618.9,17.06,56.5,21.1,486.2,3,BORDER_SEWING_DEFECT
29.0,15.46,4.39,356.9,1886.4,580.4,22.74,56.5,23.7,509.6,3,BORDER_SEWING_DEFECT
22.4,13.81,4.3,324.7,2050.8,625.5,19.03,63.9,20.7,571.0,3,BORDER_SEWING_DEFECT
25.84,17.11,4.57,448.3,2470.1,708.1,20.04,60.4,22.8,649.6,2,JACQUARD_PATTERN_SHIFT
27.23,15.01,6.65,425.8,2199.1,624.3,23.59,43.3,35.0,577.7,1,OIL_STAIN
13.42,9.24,6.43,414.1,2110.2,549.0,36.48,54.8,18.7,531.3,0,YARN_BREAKAGE
20.52,20.25,4.12,287.7,2025.3,530.6,15.05,69.4,22.5,498.5,3,BORDER_SEWING_DEFECT
29.36,22.86,6.78,446.8,2188.4,603.0,19.23,47.7,37.4,548.3,1,OIL_STAIN
31.16,17.7,4.35,439.4,2398.1,738.2,25.46,63.7,21.4,647.3,2,JACQUARD_PATTERN_SHIFT
26.32,18.2,6.74,452.6,2180.7,602.9,24.3,43.6,30.9,567.0,1,OIL_STAIN
25.38,16.28,5.05,473.2,2460.8,668.6,22.75,57.2,25.3,614.1,2,JACQUARD_PATTERN_SHIFT
23.26,15.73,3.2,448.6,2423.7,732.3,27.58,60.0,24.7,620.1,2,JACQUARD_PATTERN_SHIFT
30.36,16.12,3.89,462.6,2477.5,736.2,26.99,59.5,25.1,634.4,2,JACQUARD_PATTERN_SHIFT
25.54,15.11,3.89,502.5,2499.5,691.1,21.56,63.1,25.9,627.0,2,JACQUARD_PATTERN_SHIFT
25.92,22.11,7.24,418.5,2311.9,616.3,27.64,42.2,28.0,557.6,1,OIL_STAIN
14.23,7.97,3.95,401.7,2264.3,638.1,29.29,57.4,23.6,534.7,0,YARN_BREAKAGE
26.72,13.14,7.44,422.3,2329.0,626.6,22.32,47.6,30.8,534.0,1,OIL_STAIN
29.87,18.73,3.54,466.8,2438.7,708.7,26.24,62.4,23.5,647.4,2,JACQUARD_PATTERN_SHIFT
20.69,18.98,4.22,315.3,2012.0,605.3,23.74,65.3,21.1,561.5,3,BORDER_SEWING_DEFECT
26.15,17.25,3.37,325.1,1946.3,612.5,20.82,60.8,20.1,534.5,3,BORDER_SEWING_DEFECT
27.33,16.16,5.2,356.2,1972.2,586.9,16.92,66.2,22.3,512.6,3,BORDER_SEWING_DEFECT
15.51,8.37,4.26,404.9,2420.9,634.6,40.91,67.1,22.0,535.2,0,YARN_BREAKAGE
27.99,19.58,8.74,494.1,2172.6,575.1,19.18,44.7,32.8,511.9,1,OIL_STAIN
25.26,18.15,8.59,457.2,2125.5,604.8,14.44,39.7,32.9,544.2,1,OIL_STAIN
14.46,6.0,5.04,415.3,2142.1,608.3,45.56,72.6,22.5,500.3,0,YARN_BREAKAGE
24.51,22.19,3.48,309.5,2071.6,588.3,16.25,61.1,25.3,497.8,3,BORDER_SEWING_DEFECT
21.42,15.2,7.44,497.6,2136.2,599.7,25.79,42.2,30.6,584.3,1,OIL_STAIN
32.53,18.61,4.66,461.1,2511.0,726.1,24.96,60.8,21.9,585.7,2,JACQUARD_PATTERN_SHIFT
19.4,13.66,4.5,337.7,1892.0,531.4,20.42,57.8,24.8,499.7,3,BORDER_SEWING_DEFECT
25.5,14.47,4.01,308.3,2039.4,543.1,17.77,66.0,20.9,450.6,3,BORDER_SEWING_DEFECT
15.77,9.66,4.75,404.6,2231.6,623.9,44.35,58.3,19.7,529.7,0,YARN_BREAKAGE
15.1,8.44,5.03,401.7,2260.0,606.8,39.06,55.4,21.1,507.5,0,YARN_BREAKAGE
15.17,11.87,3.21,402.7,2282.0,568.8,37.29,55.4,20.9,480.1,0,YARN_BREAKAGE
20.42,17.74,4.75,310.1,2036.8,554.7,21.03,64.3,20.4,502.8,3,BORDER_SEWING_DEFECT
16.39,8.51,3.19,437.2,2185.5,643.0,43.3,63.5,23.9,566.0,0,YARN_BREAKAGE
13.67,7.86,5.59,425.6,2142.7,562.4,41.26,61.5,22.8,552.1,0,YARN_BREAKAGE
23.04,15.46,7.05,464.1,2243.2,656.1,19.8,43.1,31.0,571.1,1,OIL_STAIN
24.44,18.02,3.55,475.9,2404.1,739.7,17.76,56.9,21.7,610.7,2,JACQUARD_PATTERN_SHIFT
23.88,16.95,8.02,422.4,2343.8,640.8,23.07,44.0,32.7,530.9,1,OIL_STAIN
20.15,10.99,3.49,392.1,2231.9,605.6,38.52,53.5,22.4,501.8,0,YARN_BREAKAGE
24.64,12.6,4.78,307.8,1991.2,540.8,20.74,61.1,20.1,483.6,3,BORDER_SEWING_DEFECT
24.67,15.59,2.63,453.3,2545.0,741.5,23.34,56.1,23.5,653.5,2,JACQUARD_PATTERN_SHIFT
23.65,16.69,6.06,439.7,2214.0,603.6,21.4,42.0,34.9,564.6,1,OIL_STAIN
27.24,18.29,5.01,456.2,2516.0,719.3,25.17,60.9,27.2,636.8,2,JACQUARD_PATTERN_SHIFT
11.62,10.52,4.85,374.0,2267.7,615.5,43.74,46.0,20.4,552.9,0,YARN_BREAKAGE
22.85,15.57,4.48,302.9,1886.1,548.4,20.1,62.2,23.8,584.6,3,BORDER_SEWING_DEFECT
26.34,19.97,4.21,459.6,2411.2,681.5,27.09,68.5,22.6,640.9,2,JACQUARD_PATTERN_SHIFT
21.15,18.61,3.8,319.0,1874.6,573.5,17.0,56.9,22.7,551.7,3,BORDER_SEWING_DEFECT
11.79,9.37,4.0,444.1,2191.1,588.6,43.15,63.1,21.7,532.4,0,YARN_BREAKAGE
27.46,21.45,3.93,466.5,2434.3,740.1,19.23,58.7,22.9,644.7,2,JACQUARD_PATTERN_SHIFT
24.07,16.58,7.63,442.2,2213.7,592.9,20.27,42.4,31.7,541.3,1,OIL_STAIN
17.24,14.99,5.25,310.2,1951.8,547.7,20.63,68.7,24.3,534.6,3,BORDER_SEWING_DEFECT
25.17,15.25,7.53,459.3,2196.1,614.2,23.71,40.2,31.2,511.7,1,OIL_STAIN
11.59,10.33,5.37,448.9,2116.9,595.4,45.93,51.7,24.5,516.5,0,YARN_BREAKAGE
26.28,20.21,4.65,441.9,2444.5,710.7,22.36,59.4,25.1,618.0,2,JACQUARD_PATTERN_SHIFT
25.37,15.9,4.5,323.7,1962.6,621.3,14.95,61.6,20.3,509.6,3,BORDER_SEWING_DEFECT
23.31,16.86,8.18,418.6,2277.0,626.9,21.51,45.5,32.8,541.3,1,OIL_STAIN
26.29,17.75,3.45,486.3,2574.0,735.7,24.23,69.1,25.4,612.1,2,JACQUARD_PATTERN_SHIFT
16.64,10.41,3.7,443.8,2188.8,606.9,39.43,56.1,25.8,492.3,0,YARN_BREAKAGE
16.95,8.16,4.28,452.2,2188.3,638.4,44.62,53.1,24.7,485.9,0,YARN_BREAKAGE
14.89,10.37,4.37,442.1,2228.9,581.1,52.16,64.1,25.4,544.9,0,YARN_BREAKAGE
16.28,9.7,5.15,451.9,2339.8,683.3,37.06,51.8,24.7,501.8,0,YARN_BREAKAGE
23.51,18.67,4.24,333.6,1911.8,616.3,16.74,59.6,20.8,520.2,3,BORDER_SEWING_DEFECT
11.47,9.54,5.48,392.4,2315.8,574.4,41.08,59.4,21.8,561.9,0,YARN_BREAKAGE
24.7,13.83,4.17,443.0,2419.0,661.7,28.42,62.7,27.0,597.5,2,JACQUARD_PATTERN_SHIFT
28.14,18.46,8.84,461.3,2274.7,628.3,21.69,39.5,32.1,531.5,1,OIL_STAIN
24.87,15.59,8.88,453.9,2330.8,601.2,22.39,43.0,30.7,520.5,1,OIL_STAIN
20.83,20.22,5.77,451.5,2366.3,652.5,24.2,46.8,28.3,526.1,1,OIL_STAIN
15.69,9.54,5.11,446.3,2254.0,575.2,43.64,61.5,20.8,516.5,0,YARN_BREAKAGE
14.89,10.17,4.3,436.8,2211.5,623.6,37.2,55.0,25.2,543.6,0,YARN_BREAKAGE
21.6,19.97,3.97,300.7,1953.2,598.1,9.83,62.6,24.2,512.7,3,BORDER_SEWING_DEFECT
21.35,17.42,5.3,330.4,1921.2,570.3,19.25,65.5,22.9,512.7,3,BORDER_SEWING_DEFECT
31.21,19.15,3.64,444.3,2500.8,719.1,20.17,66.6,23.5,595.4,2,JACQUARD_PATTERN_SHIFT
28.35,17.32,8.72,470.3,2184.2,609.3,15.47,47.0,33.9,545.7,1,OIL_STAIN
14.68,12.74,5.04,414.8,2201.1,586.7,43.57,61.4,22.7,515.6,0,YARN_BREAKAGE
27.32,20.55,5.65,426.8,2004.2,690.6,16.38,40.3,30.3,549.4,1,OIL_STAIN
28.97,17.61,4.24,469.2,2548.3,709.6,24.12,58.2,22.5,612.8,2,JACQUARD_PATTERN_SHIFT
25.53,18.11,2.83,313.0,1929.4,555.3,22.1,51.2,26.2,505.5,3,BORDER_SEWING_DEFECT
27.67,14.53,5.81,402.1,2320.3,652.7,13.39,35.0,32.3,546.2,1,OIL_STAIN
15.22,7.14,5.37,402.9,2188.9,626.5,46.58,61.9,23.7,549.7,0,YARN_BREAKAGE
22.24,17.43,2.59,295.6,2075.6,573.2,25.89,61.7,25.2,510.3,3,BORDER_SEWING_DEFECT
15.16,7.35,4.15,424.8,2277.7,655.2,42.45,58.6,26.2,549.8,0,YARN_BREAKAGE
23.85,15.57,2.57,327.3,2025.6,566.3,10.14,64.3,24.8,509.0,3,BORDER_SEWING_DEFECT
15.4,9.56,4.01,440.5,2313.6,582.7,41.9,63.6,25.3,534.3,0,YARN_BREAKAGE
26.04,18.31,3.85,464.3,2514.4,676.4,20.78,60.3,26.0,612.4,2,JACQUARD_PATTERN_SHIFT
26.02,16.23,6.35,467.7,2264.2,578.5,15.85,50.4,32.5,504.2,1,OIL_STAIN
23.48,15.41,8.67,443.7,2255.6,621.0,21.52,46.0,30.3,490.6,1,OIL_STAIN
27.99,26.96,3.1,468.8,2433.2,716.7,25.5,61.0,27.5,626.0,2,JACQUARD_PATTERN_SHIFT
30.18,19.66,5.99,456.1,2227.2,609.8,21.07,38.7,32.6,560.3,1,OIL_STAIN
28.0,16.44,4.9,415.9,2531.2,766.2,24.52,55.7,26.8,621.7,2,JACQUARD_PATTERN_SHIFT
18.07,9.83,5.15,401.6,2085.0,582.8,38.7,66.8,25.7,529.9,0,YARN_BREAKAGE
21.32,16.11,8.39,505.8,2192.8,638.9,17.33,43.1,31.3,524.9,1,OIL_STAIN
22.78,12.87,4.43,436.6,2388.8,724.6,26.71,62.1,27.2,609.4,2,JACQUARD_PATTERN_SHIFT
31.93,16.9,3.66,453.4,2517.7,712.3,21.19,61.8,27.4,646.5,2,JACQUARD_PATTERN_SHIFT
22.8,15.97,4.52,327.1,1939.6,601.5,18.3,60.0,23.6,497.9,3,BORDER_SEWING_DEFECT
28.98,19.12,4.99,472.6,2470.1,703.1,25.93,57.6,23.5,636.0,2,JACQUARD_PATTERN_SHIFT
24.62,20.56,4.35,499.9,2445.6,737.6,27.63,66.1,21.8,574.6,2,JACQUARD_PATTERN_SHIFT
24.62,16.97,8.5,433.0,2236.0,612.2,24.62,52.4,32.7,508.9,1,OIL_STAIN
26.9,18.06,4.0,447.9,2388.5,744.0,21.48,65.2,23.9,647.1,2,JACQUARD_PATTERN_SHIFT
28.78,17.2,7.97,398.3,2276.3,639.7,20.78,44.4,29.8,517.1,1,OIL_STAIN
22.37,17.37,5.23,336.1,2038.4,586.7,18.27,57.7,23.7,462.7,3,BORDER_SEWING_DEFECT
15.61,7.14,3.86,415.9,2144.4,708.5,34.2,60.3,21.2,522.2,0,YARN_BREAKAGE
28.99,18.71,8.75,460.3,2320.6,679.9,21.71,39.1,30.2,512.9,1,OIL_STAIN
27.63,17.49,7.85,461.5,2219.2,669.7,20.51,45.5,33.5,518.8,1,OIL_STAIN
13.41,9.81,4.42,429.7,2221.0,550.9,44.08,55.9,23.1,542.6,0,YARN_BREAKAGE
25.99,17.06,8.39,447.9,2301.1,611.0,24.41,44.2,31.2,537.4,1,OIL_STAIN
16.27,9.18,3.34,469.1,2373.6,636.4,42.34,52.5,23.0,596.1,0,YARN_BREAKAGE
25.34,12.66,3.91,316.0,1884.2,641.9,18.54,66.2,20.0,462.6,3,BORDER_SEWING_DEFECT
29.62,18.16,4.81,484.4,2457.3,714.4,24.1,61.3,24.5,609.0,2,JACQUARD_PATTERN_SHIFT
21.62,18.77,8.53,445.0,2345.9,574.5,19.55,46.5,30.4,498.5,1,OIL_STAIN
27.31,20.26,3.45,447.7,2530.7,730.7,25.41,54.9,23.7,613.5,2,JACQUARD_PATTERN_SHIFT
24.67,20.76,4.37,458.8,2419.7,674.9,24.31,62.2,25.5,610.4,2,JACQUARD_PATTERN_SHIFT
15.62,11.0,3.98,383.1,2178.4,557.5,31.5,57.1,29.1,518.4,0,YARN_BREAKAGE
20.22,16.03,4.54,296.4,1945.3,522.5,14.9,65.1,24.3,526.0,3,BORDER_SEWING_DEFECT
30.79,16.23,7.87,472.9,2270.2,617.5,27.17,46.7,31.0,566.3,1,OIL_STAIN
14.57,10.02,4.84,417.7,2209.0,612.5,43.92,60.3,22.1,482.8,0,YARN_BREAKAGE
25.03,17.82,4.1,475.9,2479.0,683.8,20.41,56.9,27.8,616.3,2,JACQUARD_PATTERN_SHIFT
20.03,13.5,3.77,350.8,1937.0,660.6,14.87,58.5,21.7,541.1,3,BORDER_SEWING_DEFECT
11.99,9.7,4.7,435.4,2217.2,591.4,40.37,50.4,22.2,514.6,0,YARN_BREAKAGE
22.65,17.97,3.39,319.7,1994.6,540.8,24.28,63.9,22.1,454.5,3,BORDER_SEWING_DEFECT
27.86,17.47,6.59,435.2,2294.8,576.5,24.48,38.8,30.0,527.6,1,OIL_STAIN
23.64,17.64,6.34,422.8,2294.0,582.9,21.56,45.4,33.6,548.6,1,OIL_STAIN
14.95,11.75,4.25,401.7,2053.1,596.5,53.67,43.5,26.6,546.0,0,YARN_BREAKAGE
26.22,15.64,4.63,312.6,1848.7,594.3,23.59,53.4,23.6,508.1,3,BORDER_SEWING_DEFECT
27.79,14.86,3.51,286.1,2020.3,655.7,17.53,65.5,21.3,569.3,3,BORDER_SEWING_DEFECT
26.66,17.52,7.35,469.0,2373.2,613.1,23.03,35.4,31.7,552.9,1,OIL_STAIN
24.46,21.23,2.86,328.3,1891.6,559.3,20.7,59.6,24.7,537.0,3,BORDER_SEWING_DEFECT
14.89,8.04,3.84,473.1,2237.0,576.3,41.15,63.4,21.6,529.3,0,YARN_BREAKAGE
24.94,17.53,6.58,436.8,2084.0,561.1,22.22,35.0,31.1,607.3,1,OIL_STAIN
32.16,15.85,8.78,422.6,2228.0,648.2,27.39,47.4,33.8,606.2,1,OIL_STAIN
25.15,18.22,3.32,329.0,1929.8,555.9,17.46,55.2,23.3,519.3,3,BORDER_SEWING_DEFECT
28.05,18.97,4.07,480.9,2303.2,729.7,21.92,60.5,23.2,602.3,2,JACQUARD_PATTERN_SHIFT
17.01,7.84,4.48,418.6,2216.1,662.8,48.5,49.3,22.5,550.9,0,YARN_BREAKAGE
26.43,15.91,7.62,451.4,2243.5,675.8,19.27,42.8,34.2,557.0,1,OIL_STAIN
27.4,15.51,4.18,308.5,1952.5,582.3,22.77,62.1,20.4,503.0,3,BORDER_SEWING_DEFECT
21.99,17.9,3.8,312.3,1991.8,608.6,11.6,65.8,24.0,520.7,3,BORDER_SEWING_DEFECT
24.11,21.22,4.15,429.2,2534.1,743.6,19.41,62.2,23.1,638.0,2,JACQUARD_PATTERN_SHIFT
24.33,13.33,4.52,299.9,2046.9,606.7,23.4,64.9,24.2,503.7,3,BORDER_SEWING_DEFECT
28.04,22.2,4.34,455.4,2430.5,696.4,26.24,58.4,27.1,627.6,2,JACQUARD_PATTERN_SHIFT
31.75,15.8,6.48,452.6,2127.2,626.2,25.89,39.4,31.8,517.3,1,OIL_STAIN
24.71,17.38,7.53,444.8,2327.8,606.7,21.08,43.7,29.9,557.8,1,OIL_STAIN
26.21,18.85,3.41,283.3,1986.5,508.0,13.61,67.0,22.0,562.3,3,BORDER_SEWING_DEFECT
25.59,16.63,4.01,448.2,2477.4,646.9,22.95,58.7,24.8,637.8,2,JACQUARD_PATTERN_SHIFT
23.79,15.42,8.2,400.9,2094.5,597.5,28.07,39.6,29.7,534.2,1,OIL_STAIN
33.45,19.26,4.48,460.3,2507.7,701.4,26.24,66.0,21.9,591.4,2,JACQUARD_PATTERN_SHIFT
21.83,18.5,4.01,310.8,1924.5,579.2,22.66,65.2,24.4,528.4,3,BORDER_SEWING_DEFECT
24.09,17.83,3.95,489.9,2471.6,695.2,20.86,61.3,26.1,633.1,2,JACQUARD_PATTERN_SHIFT
14.92,8.63,4.12,460.6,2301.0,589.7,43.44,64.8,19.6,588.3,0,YARN_BREAKAGE
22.54,17.35,7.2,414.6,2123.0,548.9,19.69,43.3,32.9,496.6,1,OIL_STAIN
28.47,20.05,3.75,429.6,2460.8,722.5,23.31,66.1,26.5,592.6,2,JACQUARD_PATTERN_SHIFT
21.41,15.83,3.07,339.1,1974.7,556.9,22.72,53.1,24.5,496.6,3,BORDER_SEWING_DEFECT
12.2,8.4,3.97,442.5,2191.4,558.3,45.09,57.7,23.9,511.3,0,YARN_BREAKAGE
19.76,17.6,4.89,470.4,2553.7,768.9,27.12,59.0,24.4,620.6,2,JACQUARD_PATTERN_SHIFT
19.89,11.4,3.05,292.9,1871.8,597.7,19.22,64.4,23.1,492.8,3,BORDER_SEWING_DEFECT
26.3,19.93,3.84,479.9,2495.6,703.8,20.52,60.7,25.7,657.2,2,JACQUARD_PATTERN_SHIFT
15.96,8.84,2.45,443.4,2315.6,586.5,35.67,54.7,20.6,486.4,0,YARN_BREAKAGE
12.86,8.47,3.24,402.7,2274.6,628.4,40.01,63.1,23.3,560.0,0,YARN_BREAKAGE
25.16,21.12,7.12,424.4,2266.9,663.2,19.08,49.6,30.7,512.3,1,OIL_STAIN
24.65,18.11,7.08,445.4,2239.7,644.9,26.09,39.5,32.3,520.6,1,OIL_STAIN
25.83,19.87,6.6,433.2,2259.4,637.9,20.74,43.0,35.1,524.0,1,OIL_STAIN
20.51,15.93,3.11,346.4,2108.4,590.1,15.47,57.5,25.2,491.0,3,BORDER_SEWING_DEFECT
14.62,8.35,3.79,401.2,2216.2,686.9,54.45,59.0,25.9,525.5,0,YARN_BREAKAGE
25.47,18.77,6.64,446.0,2258.1,585.0,23.54,50.6,31.6,491.6,1,OIL_STAIN
12.57,8.76,4.85,402.2,2258.0,614.0,42.96,48.2,20.7,562.6,0,YARN_BREAKAGE
15.49,10.59,4.06,428.9,2137.9,606.0,44.74,54.2,23.2,481.2,0,YARN_BREAKAGE
25.07,19.58,3.71,325.2,2029.8,632.3,19.51,56.8,25.0,499.5,3,BORDER_SEWING_DEFECT
25.08,17.2,3.73,315.6,2018.1,608.4,22.69,58.6,21.7,595.9,3,BORDER_SEWING_DEFECT
26.26,19.02,7.94,412.3,2205.2,614.2,21.56,44.4,34.6,544.8,1,OIL_STAIN
20.8,14.13,3.81,315.2,1972.7,607.9,23.53,61.2,23.3,484.9,3,BORDER_SEWING_DEFECT
16.26,11.57,4.52,482.2,2311.0,623.8,44.96,64.6,22.3,490.4,0,YARN_BREAKAGE
27.92,16.65,8.11,415.3,2233.5,626.3,25.04,43.7,34.6,536.2,1,OIL_STAIN
23.37,15.02,3.85,310.3,1996.4,624.7,20.06,63.0,25.6,462.4,3,BORDER_SEWING_DEFECT
16.22,9.89,3.29,439.7,2137.9,616.8,39.17,61.2,25.8,534.7,0,YARN_BREAKAGE
24.94,16.4,8.58,435.4,2225.7,693.4,26.74,46.2,33.5,515.9,1,OIL_STAIN
24.66,15.07,4.58,307.6,2075.5,657.5,17.14,67.2,23.7,543.5,3,BORDER_SEWING_DEFECT
26.65,20.73,3.77,457.4,2483.5,675.0,22.09,59.0,23.2,658.4,2,JACQUARD_PATTERN_SHIFT
13.57,8.53,5.76,447.1,2315.4,617.0,45.18,56.8,22.1,593.7,0,YARN_BREAKAGE
24.85,17.14,3.89,462.5,2460.7,716.0,25.37,59.4,24.2,641.6,2,JACQUARD_PATTERN_SHIFT
19.63,9.69,4.91,456.8,2136.0,596.1,46.03,65.6,25.9,493.0,0,YARN_BREAKAGE
28.63,17.44,3.19,473.1,2454.0,696.7,19.21,59.6,24.8,667.9,2,JACQUARD_PATTERN_SHIFT
30.49,22.09,8.24,445.8,2040.6,614.3,22.81,46.0,33.7,576.1,1,OIL_STAIN
24.66,19.63,6.77,427.7,2236.3,607.8,25.29,43.5,31.0,548.3,1,OIL_STAIN
12.88,11.55,4.46,463.2,2186.9,630.0,43.74,61.1,24.2,480.6,0,YARN_BREAKAGE
31.66,18.49,5.15,497.8,2370.8,697.2,21.19,56.9,25.1,579.9,2,JACQUARD_PATTERN_SHIFT
26.45,18.14,2.72,304.4,1971.9,540.8,20.51,60.4,19.1,521.4,3,BORDER_SEWING_DEFECT
13.38,9.45,4.84,452.3,2205.1,576.0,41.25,54.1,23.3,536.6,0,YARN_BREAKAGE
24.21,20.5,5.87,485.0,2309.7,600.0,25.76,44.4,30.3,557.2,1,OIL_STAIN
22.0,11.59,6.67,420.4,2409.3,640.3,21.98,46.7,29.6,554.8,1,OIL_STAIN
27.82,16.96,7.19,473.4,2210.3,607.0,17.41,38.9,34.2,575.5,1,OIL_STAIN
25.75,14.3,6.05,443.5,2195.8,683.8,27.46,35.0,30.7,553.5,1,OIL_STAIN
21.67,17.3,5.21,307.7,1951.5,579.6,20.62,67.8,24.6,544.0,3,BORDER_SEWING_DEFECT
21.21,18.97,3.88,313.9,1994.3,647.9,19.28,66.5,20.6,459.9,3,BORDER_SEWING_DEFECT
25.96,16.25,8.3,425.9,2265.1,594.9,21.84,43.2,30.4,569.5,1,OIL_STAIN
14.58,12.03,3.0,412.3,2333.5,617.2,40.94,66.4,23.0,548.0,0,YARN_BREAKAGE
25.15,16.97,3.96,478.8,2497.3,711.0,17.92,60.6,24.0,636.3,2,JACQUARD_PATTERN_SHIFT
27.0,15.95,4.43,482.2,2512.0,697.6,19.87,61.8,18.9,610.4,2,JACQUARD_PATTERN_SHIFT
15.83,8.64,3.55,460.4,2282.6,624.1,43.6,51.1,23.4,564.3,0,YARN_BREAKAGE
29.02,19.7,4.19,432.2,2570.0,732.7,20.06,58.0,25.0,605.6,2,JACQUARD_PATTERN_SHIFT
22.91,16.84,6.37,472.9,2308.2,623.8,19.58,43.3,34.7,487.7,1,OIL_STAIN
30.38,17.68,3.46,304.5,1965.7,588.2,18.74,67.6,23.3,474.9,3,BORDER_SEWING_DEFECT
28.71,16.53,3.36,288.8,2011.3,530.5,21.15,49.9,21.5,557.9,3,BORDER_SEWING_DEFECT
30.14,18.01,4.17,465.2,2469.6,701.9,18.77,54.8,26.5,634.1,2,JACQUARD_PATTERN_SHIFT
22.5,18.07,4.09,307.3,1974.7,583.3,19.53,62.0,25.3,540.8,3,BORDER_SEWING_DEFECT
26.09,13.69,7.03,449.9,2198.3,649.2,24.83,40.5,29.5,525.8,1,OIL_STAIN
25.32,17.38,4.27,329.0,2038.6,616.1,21.24,61.9,22.4,475.7,3,BORDER_SEWING_DEFECT
26.07,23.26,6.77,423.0,2266.0,644.4,25.24,43.0,31.1,575.2,1,OIL_STAIN
29.16,20.36,4.62,443.7,2553.2,722.6,24.59,57.0,23.2,630.7,2,JACQUARD_PATTERN_SHIFT
13.18,8.56,3.68,417.4,2183.9,633.3,43.39,51.3,23.2,574.5,0,YARN_BREAKAGE
22.03,17.02,4.58,480.1,2474.3,715.8,25.01,67.8,25.3,677.6,2,JACQUARD_PATTERN_SHIFT
26.27,20.54,8.44,440.3,2268.0,664.4,15.72,43.5,34.3,566.2,1,OIL_STAIN
26.97,12.75,3.84,321.0,2030.0,606.6,21.55,69.5,18.8,446.7,3,BORDER_SEWING_DEFECT
27.29,17.62,3.89,448.6,2493.1,701.7,19.51,59.0,23.6,617.9,2,JACQUARD_PATTERN_SHIFT
28.03,16.97,3.6,430.9,2468.1,688.0,29.62,62.3,22.5,615.5,2,JACQUARD_PATTERN_SHIFT
30.58,16.25,8.93,427.5,2314.7,635.5,23.73,39.3,28.1,558.1,1,OIL_STAIN
27.75,19.72,4.31,480.5,2408.8,756.1,22.91,58.1,25.5,612.5,2,JACQUARD_PATTERN_SHIFT
23.76,15.3,6.07,336.2,1914.7,574.6,17.91,56.4,23.5,538.6,3,BORDER_SEWING_DEFECT
28.46,17.33,7.89,390.2,2196.5,661.0,24.78,40.4,32.3,537.1,1,OIL_STAIN
30.39,14.93,3.99,439.8,2466.7,736.1,27.33,50.5,26.5,594.8,2,JACQUARD_PATTERN_SHIFT
16.04,9.21,4.39,446.3,2127.7,650.1,40.1,61.3,25.3,495.6,0,YARN_BREAKAGE
21.29,15.11,4.54,338.7,1858.4,624.6,19.41,65.5,24.6,486.2,3,BORDER_SEWING_DEFECT
24.14,19.4,3.74,467.3,2573.4,752.1,29.38,61.3,24.7,635.9,2,JACQUARD_PATTERN_SHIFT
28.02,18.51,3.19,487.3,2548.9,759.0,20.18,62.7,24.7,641.1,2,JACQUARD_PATTERN_SHIFT
14.06,10.6,4.63,451.2,2142.8,653.2,46.67,63.6,23.6,545.3,0,YARN_BREAKAGE
34.13,18.04,7.98,430.7,2360.7,541.6,30.06,40.1,32.8,540.2,1,OIL_STAIN
25.14,19.43,5.35,441.0,2256.5,627.4,19.27,45.1,30.6,519.2,1,OIL_STAIN
29.85,18.3,3.64,442.7,2512.0,668.0,19.0,62.9,24.9,607.4,2,JACQUARD_PATTERN_SHIFT
27.95,22.12,3.61,449.6,2524.8,748.3,25.65,65.7,25.7,595.0,2,JACQUARD_PATTERN_SHIFT
26.44,15.54,5.07,334.1,1982.7,584.9,16.22,64.3,19.9,493.4,3,BORDER_SEWING_DEFECT
25.67,16.04,4.07,324.6,1977.5,572.7,16.11,57.9,21.1,505.1,3,BORDER_SEWING_DEFECT
25.58,14.88,4.34,458.7,2463.5,686.0,25.28,62.5,26.9,665.3,2,JACQUARD_PATTERN_SHIFT
14.0,9.85,5.05,444.4,2244.8,596.1,46.77,55.5,22.8,489.7,0,YARN_BREAKAGE
21.29,18.2,3.47,470.0,2505.5,708.4,25.68,59.7,23.8,611.9,2,JACQUARD_PATTERN_SHIFT
10.0,11.79,4.31,432.5,2208.6,597.7,38.94,61.2,24.3,524.4,0,YARN_BREAKAGE
30.4,15.92,6.66,460.6,2364.5,623.6,16.73,40.7,31.6,535.1,1,OIL_STAIN
15.2,9.48,4.55,419.7,2225.8,556.4,46.38,61.0,21.9,516.0,0,YARN_BREAKAGE
27.83,15.84,5.15,489.7,2357.2,706.2,23.62,56.1,27.7,617.8,2,JACQUARD_PATTERN_SHIFT
29.99,11.49,8.07,410.8,2119.2,665.1,28.25,44.2,33.6,570.9,1,OIL_STAIN
26.27,16.71,7.34,462.9,2192.0,639.4,18.12,41.5,30.8,576.0,1,OIL_STAIN
26.02,19.85,3.14,299.0,1931.8,582.1,23.25,66.3,19.9,531.2,3,BORDER_SEWING_DEFECT
13.82,11.26,4.91,430.1,2248.9,625.7,44.61,63.2,25.2,524.2,0,YARN_BREAKAGE
13.95,10.18,4.03,437.8,2302.2,654.5,43.9,59.5,23.2,528.0,0,YARN_BREAKAGE
23.93,20.15,3.64,464.3,2413.2,707.4,23.26,55.8,20.3,626.8,2,JACQUARD_PATTERN_SHIFT
26.98,19.4,8.6,371.9,2318.7,603.1,15.61,41.3,31.5,574.1,1,OIL_STAIN
13.07,6.96,2.48,438.7,2240.2,609.7,40.21,58.9,21.9,560.6,0,YARN_BREAKAGE
18.05,8.53,4.78,366.8,2260.9,610.9,39.37,49.2,21.4,546.0,0,YARN_BREAKAGE
29.13,19.25,4.23,466.0,2534.9,776.8,27.4,54.5,27.2,628.8,2,JACQUARD_PATTERN_SHIFT
25.15,16.16,3.47,309.0,1953.1,630.0,30.36,63.3,22.6,493.6,3,BORDER_SEWING_DEFECT
22.28,13.37,3.7,313.4,1890.2,617.6,19.79,68.9,24.2,513.4,3,BORDER_SEWING_DEFECT
24.49,18.35,8.69,464.9,2274.6,676.6,18.44,43.3,31.1,535.6,1,OIL_STAIN
28.37,12.46,7.39,433.2,2308.8,605.7,19.35,46.8,30.1,545.4,1,OIL_STAIN
15.92,10.15,3.44,442.1,2328.4,598.9,45.13,54.9,23.7,537.0,0,YARN_BREAKAGE
16.76,11.94,4.85,451.3,2092.2,607.3,51.57,58.5,26.1,495.1,0,YARN_BREAKAGE
27.09,17.06,4.54,435.4,2430.6,700.6,16.15,58.2,25.2,601.3,2,JACQUARD_PATTERN_SHIFT
14.28,10.49,3.22,454.9,2262.7,562.5,39.46,51.4,24.4,577.9,0,YARN_BREAKAGE
28.28,18.34,3.36,461.1,2479.4,735.0,22.92,58.8,22.4,646.9,2,JACQUARD_PATTERN_SHIFT
27.66,20.37,3.82,445.7,2595.0,683.1,25.72,57.9,25.5,610.1,2,JACQUARD_PATTERN_SHIFT
30.92,17.33,7.11,428.0,2192.4,621.2,18.19,38.9,32.6,554.5,1,OIL_STAIN
24.34,17.62,4.52,305.8,2096.7,627.0,23.07,51.6,22.1,532.4,3,BORDER_SEWING_DEFECT
25.98,21.0,4.63,456.8,2468.1,698.0,23.51,56.1,24.2,625.8,2,JACQUARD_PATTERN_SHIFT
30.92,16.77,7.7,452.0,2188.8,629.1,23.93,42.5,34.4,511.3,1,OIL_STAIN
17.29,10.49,4.16,402.1,2303.9,614.9,41.93,55.6,24.6,509.2,0,YARN_BREAKAGE
29.49,19.7,4.3,439.3,2514.1,703.5,25.16,54.3,23.0,594.7,2,JACQUARD_PATTERN_SHIFT
30.4,17.13,4.13,316.2,1979.9,600.6,19.04,68.2,22.3,534.0,3,BORDER_SEWING_DEFECT
16.32,7.0,4.43,406.8,2222.4,560.4,43.17,54.3,23.9,509.0,0,YARN_BREAKAGE
20.42,18.31,4.28,305.3,1941.0,581.6,22.8,60.4,21.6,499.0,3,BORDER_SEWING_DEFECT
27.19,14.13,4.05,308.7,1945.2,565.5,22.42,68.8,22.5,527.6,3,BORDER_SEWING_DEFECT
26.2,14.58,4.23,347.9,2037.2,625.1,20.75,68.0,23.8,530.7,3,BORDER_SEWING_DEFECT
20.79,11.88,4.09,332.1,1848.4,675.5,19.44,66.7,23.2,489.8,3,BORDER_SEWING_DEFECT
21.55,12.99,9.32,468.0,2223.3,591.5,21.04,43.8,31.4,508.5,1,OIL_STAIN
29.79,15.78,3.83,468.4,2574.1,679.9,23.52,61.4,23.6,627.9,2,JACQUARD_PATTERN_SHIFT
26.53,20.03,3.67,429.9,2550.7,740.7,24.92,61.5,25.5,596.1,2,JACQUARD_PATTERN_SHIFT
14.96,8.67,3.06,408.3,2308.1,574.3,40.95,57.7,19.6,529.3,0,YARN_BREAKAGE
26.36,19.47,4.43,414.6,2355.6,749.8,22.01,60.0,23.4,662.5,2,JACQUARD_PATTERN_SHIFT
25.89,17.52,4.98,452.5,2281.8,616.7,23.02,41.2,34.8,535.0,1,OIL_STAIN
26.08,16.63,4.74,342.1,1917.2,616.4,19.55,65.7,22.2,536.9,3,BORDER_SEWING_DEFECT
10.58,6.54,4.25,472.6,2243.0,646.3,42.4,49.6,25.8,546.2,0,YARN_BREAKAGE
31.37,15.58,3.73,465.0,2433.4,699.5,24.21,68.7,24.7,645.2,2,JACQUARD_PATTERN_SHIFT
23.4,16.06,3.98,334.7,2026.8,596.6,14.4,55.4,22.2,489.1,3,BORDER_SEWING_DEFECT
24.28,17.31,3.99,304.4,1926.2,559.6,17.12,62.1,22.0,495.3,3,BORDER_SEWING_DEFECT
28.17,15.73,7.16,445.4,2317.1,654.4,20.87,39.3,32.4,595.7,1,OIL_STAIN
27.76,19.33,4.22,436.1,2387.1,704.4,26.27,61.2,25.5,667.5,2,JACQUARD_PATTERN_SHIFT
25.69,13.67,8.65,408.7,2306.8,626.1,20.91,42.4,33.7,548.7,1,OIL_STAIN
18.7,17.31,5.26,315.6,1896.1,559.1,19.06,58.0,23.6,502.1,3,BORDER_SEWING_DEFECT
15.26,10.14,4.94,408.7,2271.7,606.9,45.19,50.5,24.5,526.7,0,YARN_BREAKAGE
17.19,12.24,5.07,425.3,2169.4,582.8,42.39,59.6,24.4,536.9,0,YARN_BREAKAGE
33.82,20.46,8.13,426.5,2304.6,570.0,24.69,47.3,31.4,567.5,1,OIL_STAIN
14.7,7.66,4.25,454.4,2193.6,628.1,44.92,52.7,21.4,477.9,0,YARN_BREAKAGE
28.86,19.86,4.16,447.3,2534.4,717.3,24.1,58.7,25.2,613.7,2,JACQUARD_PATTERN_SHIFT
13.34,8.56,6.02,390.4,2247.1,584.2,44.03,53.1,23.1,554.0,0,YARN_BREAKAGE
26.67,19.47,3.41,446.5,2543.1,718.2,21.9,60.7,24.9,634.9,2,JACQUARD_PATTERN_SHIFT
27.01,20.83,5.05,498.5,2481.2,686.4,31.18,56.8,23.9,651.6,2,JACQUARD_PATTERN_SHIFT
17.71,7.27,4.27,440.5,2245.7,547.2,39.72,56.7,23.0,530.4,0,YARN_BREAKAGE
15.35,17.21,3.54,333.8,2152.9,616.3,17.41,56.5,19.9,489.0,3,BORDER_SEWING_DEFECT
19.79,17.99,7.5,471.3,2261.9,576.7,17.95,46.4,31.0,506.8,1,OIL_STAIN
31.05,16.36,3.8,473.9,2537.5,680.8,30.73,59.3,26.0,577.5,2,JACQUARD_PATTERN_SHIFT
26.74,17.17,4.05,442.7,2543.7,709.0,24.06,56.3,22.4,630.7,2,JACQUARD_PATTERN_SHIFT
28.64,16.31,7.67,464.0,2158.5,618.2,21.57,41.5,31.8,566.9,1,OIL_STAIN
13.54,10.68,4.32,414.9,2186.6,657.7,37.24,67.8,24.1,485.5,0,YARN_BREAKAGE
16.13,10.06,4.25,426.2,2224.1,571.8,40.68,51.2,20.8,554.0,0,YARN_BREAKAGE
22.18,14.48,3.79,342.7,1925.0,594.9,19.9,65.3,26.4,543.8,3,BORDER_SEWING_DEFECT
18.81,21.67,5.52,443.5,2269.7,641.4,26.38,39.6,27.6,485.5,1,OIL_STAIN
26.32,14.53,7.29,452.2,2212.3,695.6,19.61,54.2,29.5,538.8,1,OIL_STAIN
23.77,20.84,4.0,321.3,2005.6,601.2,24.49,66.3,20.9,513.7,3,BORDER_SEWING_DEFECT
26.16,13.57,7.7,469.9,2193.5,690.2,16.11,42.5,31.4,556.2,1,OIL_STAIN
22.88,14.57,9.33,465.6,2306.1,633.0,24.77,39.4,30.4,535.6,1,OIL_STAIN
26.11,19.48,5.23,476.5,2481.0,685.4,30.84,68.6,27.3,647.0,2,JACQUARD_PATTERN_SHIFT
19.31,11.95,5.55,440.2,2085.4,620.8,39.57,66.6,23.2,565.3,0,YARN_BREAKAGE
24.56,12.84,7.67,436.7,2162.7,668.1,20.72,46.2,33.3,562.1,1,OIL_STAIN
25.71,16.08,3.85,446.8,2437.8,731.4,19.16,59.9,21.5,628.2,2,JACQUARD_PATTERN_SHIFT
27.5,18.95,3.69,476.7,2577.4,736.5,27.69,59.1,23.7,635.5,2,JACQUARD_PATTERN_SHIFT
26.8,17.04,3.73,493.7,2469.0,722.9,23.85,60.8,23.4,625.4,2,JACQUARD_PATTERN_SHIFT
32.0,15.51,4.23,408.9,2598.3,706.9,26.04,60.3,26.3,662.3,2,JACQUARD_PATTERN_SHIFT
26.37,14.36,8.47,443.6,2346.7,621.4,15.42,50.7,31.9,544.3,1,OIL_STAIN
14.53,8.7,3.92,420.2,2266.4,559.8,47.24,58.2,22.1,495.2,0,YARN_BREAKAGE
24.65,23.5,4.99,445.2,2497.7,697.1,28.2,55.2,25.5,637.5,2,JACQUARD_PATTERN_SHIFT
26.49,18.42,8.95,448.0,2269.9,609.1,22.59,44.1,32.2,521.6,1,OIL_STAIN
30.12,16.63,7.01,445.5,2352.3,602.5,20.55,43.6,34.1,549.3,1,OIL_STAIN
29.55,17.99,4.92,458.9,2451.4,697.0,30.5,60.4,23.2,601.5,2,JACQUARD_PATTERN_SHIFT
13.19,9.04,4.11,442.0,2135.9,622.7,42.06,61.5,21.9,548.1,0,YARN_BREAKAGE
16.65,11.45,4.58,416.8,2192.9,586.0,43.92,54.3,24.3,515.5,0,YARN_BREAKAGE
16.43,8.75,5.45,420.8,2326.4,623.6,44.66,54.9,22.0,539.4,0,YARN_BREAKAGE
33.26,20.45,7.4,412.9,2208.1,527.0,21.26,47.1,30.1,521.8,1,OIL_STAIN
25.0,17.67,4.07,492.1,2412.2,714.4,22.85,51.9,23.7,634.4,2,JACQUARD_PATTERN_SHIFT
23.58,16.8,7.15,418.8,2247.6,637.2,23.06,40.8,32.2,517.1,1,OIL_STAIN
27.76,16.07,7.41,463.7,2271.6,613.3,21.64,47.3,32.8,569.9,1,OIL_STAIN
22.58,12.34,3.84,314.9,2030.4,618.4,11.03,67.2,22.4,540.7,3,BORDER_SEWING_DEFECT
25.19,18.03,3.87,348.8,1907.0,555.4,20.54,63.2,25.9,495.5,3,BORDER_SEWING_DEFECT
21.84,14.38,5.1,273.6,1985.7,671.4,24.55,62.0,22.4,505.6,3,BORDER_SEWING_DEFECT
27.11,20.09,4.41,469.7,2474.0,763.3,19.14,64.8,22.4,610.3,2,JACQUARD_PATTERN_SHIFT
12.51,10.09,5.01,424.2,2306.6,598.7,42.18,55.4,23.9,518.1,0,YARN_BREAKAGE
24.17,16.22,3.35,315.0,1989.4,558.8,14.46,61.1,23.0,544.8,3,BORDER_SEWING_DEFECT
15.69,8.91,4.76,434.4,2190.5,605.4,44.51,56.0,21.7,526.7,0,YARN_BREAKAGE
28.36,14.09,6.96,445.8,2319.2,609.6,25.81,39.7,28.4,555.2,1,OIL_STAIN
22.78,17.16,4.2,316.5,2000.6,566.5,22.94,65.9,23.0,537.1,3,BORDER_SEWING_DEFECT
13.04,8.94,5.13,461.8,2153.7,620.0,44.02,66.1,21.7,533.9,0,YARN_BREAKAGE
25.2,13.63,8.02,480.6,2236.6,637.0,22.95,40.9,29.2,526.9,1,OIL_STAIN
29.21,20.2,4.13,477.0,2438.0,661.7,26.5,58.6,21.3,635.9,2,JACQUARD_PATTERN_SHIFT
22.1,14.62,3.87,311.1,1999.0,591.6,17.31,57.8,23.1,496.1,3,BORDER_SEWING_DEFECT
12.15,10.96,3.73,430.9,2312.3,583.4,50.3,61.5,22.9,490.0,0,YARN_BREAKAGE
20.44,19.28,4.05,303.6,2024.6,569.6,25.91,57.2,23.0,479.3,3,BORDER_SEWING_DEFECT
12.62,10.47,3.69,450.3,2326.3,630.5,42.98,57.0,23.7,499.2,0,YARN_BREAKAGE
14.93,17.64,7.99,451.8,2329.8,604.4,24.67,41.2,30.0,546.5,1,OIL_STAIN
25.81,18.56,8.4,412.1,2209.0,602.6,26.12,48.2,33.9,566.1,1,OIL_STAIN
26.06,15.5,4.12,316.3,1873.1,527.0,19.66,52.5,20.8,522.8,3,BORDER_SEWING_DEFECT
26.92,13.19,4.06,299.2,1855.4,603.9,24.41,64.3,24.7,517.6,3,BORDER_SEWING_DEFECT
12.39,7.11,5.0,438.3,2275.6,526.5,48.99,66.6,25.1,547.4,0,YARN_BREAKAGE
23.2,15.09,2.0,254.6,1940.9,594.9,19.82,62.5,22.1,508.2,3,BORDER_SEWING_DEFECT
24.0,17.29,7.36,428.6,2241.8,614.3,22.06,36.9,32.8,596.0,1,OIL_STAIN
25.13,14.83,6.46,466.2,2166.4,613.0,20.1,35.0,31.4,529.7,1,OIL_STAIN
27.19,17.54,2.72,316.7,2030.5,555.7,17.48,58.2,24.8,529.9,3,BORDER_SEWING_DEFECT
32.86,18.83,2.89,455.6,2447.1,680.0,28.68,63.5,24.2,618.7,2,JACQUARD_PATTERN_SHIFT
17.2,6.0,4.62,432.1,2256.0,619.8,34.34,57.9,25.9,542.9,0,YARN_BREAKAGE
15.74,9.9,4.24,421.0,2131.1,575.5,46.49,60.6,24.3,503.5,0,YARN_BREAKAGE
28.68,16.3,4.42,445.7,2563.7,731.1,23.02,54.5,25.7,620.2,2,JACQUARD_PATTERN_SHIFT
27.84,14.09,8.9,426.7,2276.0,673.5,19.82,40.0,29.4,538.3,1,OIL_STAIN
17.56,9.46,4.71,364.1,2262.6,661.2,39.04,58.4,21.9,516.9,0,YARN_BREAKAGE
16.18,7.3,3.9,453.0,2203.1,602.2,39.4,56.2,24.9,497.0,0,YARN_BREAKAGE
16.19,10.1,4.65,438.1,2289.8,542.2,34.61,60.5,24.5,471.6,0,YARN_BREAKAGE
16.09,10.32,3.24,438.2,2360.9,643.7,47.71,57.9,23.4,583.6,0,YARN_BREAKAGE
28.21,19.25,3.7,266.6,1866.9,666.6,14.43,56.2,23.3,522.8,3,BORDER_SEWING_DEFECT
12.19,10.39,5.24,426.1,2102.1,568.2,43.7,52.1,23.1,519.6,0,YARN_BREAKAGE
24.74,21.95,3.9,290.6,1965.4,553.5,23.13,69.5,22.3,517.6,3,BORDER_SEWING_DEFECT
27.74,13.29,7.74,461.0,2304.4,629.7,25.28,43.9,29.1,515.0,1,OIL_STAIN
28.28,15.43,8.76,466.5,2293.8,614.0,19.69,45.3,31.8,514.4,1,OIL_STAIN
28.28,18.29,3.52,439.8,2484.0,671.7,24.0,66.2,24.2,645.9,2,JACQUARD_PATTERN_SHIFT
24.65,14.1,4.64,340.2,2040.8,537.1,23.14,54.3,24.5,513.4,3,BORDER_SEWING_DEFECT
26.55,18.84,8.05,443.0,2207.8,644.0,26.71,37.7,35.0,555.3,1,OIL_STAIN
22.39,18.89,3.52,325.5,1903.9,627.0,23.73,62.5,24.7,497.1,3,BORDER_SEWING_DEFECT
25.48,16.81,7.76,417.2,2224.5,670.0,23.95,42.3,33.7,568.8,1,OIL_STAIN
11.17,9.36,3.01,403.2,2108.2,638.8,38.26,60.1,25.7,575.0,0,YARN_BREAKAGE
23.8,10.9,7.51,474.8,2348.2,616.1,20.93,43.3,32.8,599.8,1,OIL_STAIN
23.4,15.4,6.17,388.2,2231.8,607.8,21.96,41.6,32.7,514.1,1,OIL_STAIN
25.38,14.2,4.21,335.4,1908.6,650.9,22.17,61.7,21.6,545.6,3,BORDER_SEWING_DEFECT
13.85,9.75,5.16,436.3,2254.8,607.9,42.31,58.5,23.8,520.6,0,YARN_BREAKAGE
24.78,12.85,4.78,320.1,1943.2,581.4,22.13,62.1,20.4,554.8,3,BORDER_SEWING_DEFECT
16.03,9.01,4.61,443.8,2383.7,612.9,38.71,54.6,23.9,512.9,0,YARN_BREAKAGE
26.93,18.12,4.39,339.9,2014.0,578.5,23.02,64.7,24.1,487.5,3,BORDER_SEWING_DEFECT
27.17,14.27,4.72,293.6,1923.0,529.6,21.24,70.7,21.6,512.9,3,BORDER_SEWING_DEFECT
24.76,14.72,4.03,310.6,1973.1,614.9,20.82,62.3,21.8,503.2,3,BORDER_SEWING_DEFECT
26.96,16.06,7.53,463.1,2259.9,600.7,26.82,55.0,30.9,609.1,1,OIL_STAIN
27.55,16.39,4.59,473.2,2355.3,694.8,23.64,54.9,25.9,627.3,2,JACQUARD_PATTERN_SHIFT
32.05,21.91,5.76,440.4,2488.5,709.1,22.95,55.1,25.0,648.6,2,JACQUARD_PATTERN_SHIFT
10.75,11.92,3.51,434.9,2237.0,647.5,38.59,58.8,22.5,542.8,0,YARN_BREAKAGE
28.11,16.34,3.96,419.6,2642.2,732.5,24.3,61.4,26.3,671.6,2,JACQUARD_PATTERN_SHIFT
28.23,15.1,3.71,471.2,2474.5,716.3,26.36,66.3,25.6,628.3,2,JACQUARD_PATTERN_SHIFT
27.87,18.82,4.34,478.6,2468.8,718.4,29.96,65.4,22.0,620.4,2,JACQUARD_PATTERN_SHIFT
28.51,16.8,3.84,327.8,1835.8,591.7,23.72,58.9,23.9,508.4,3,BORDER_SEWING_DEFECT
17.34,9.24,3.97,438.7,2247.7,575.9,43.37,55.9,24.3,511.3,0,YARN_BREAKAGE
16.37,10.76,5.09,410.4,2329.6,622.2,42.1,56.1,23.3,582.4,0,YARN_BREAKAGE
23.33,15.91,7.8,456.8,2341.6,567.7,22.73,48.5,31.4,544.9,1,OIL_STAIN
26.53,13.61,6.07,326.0,1991.1,651.7,18.67,65.7,21.7,518.1,3,BORDER_SEWING_DEFECT
14.06,8.21,4.57,364.9,2306.6,619.7,44.63,49.9,25.8,586.9,0,YARN_BREAKAGE
24.7,17.77,7.5,415.2,2457.2,632.1,24.85,41.8,34.7,511.2,1,OIL_STAIN
16.36,7.56,2.78,405.1,2215.7,616.6,47.28,63.4,28.1,513.5,0,YARN_BREAKAGE
16.37,9.35,4.27,390.9,2330.8,620.7,42.95,64.7,26.5,496.1,0,YARN_BREAKAGE
26.8,15.02,4.31,472.5,2531.5,744.6,21.24,59.2,22.4,616.0,2,JACQUARD_PATTERN_SHIFT
15.81,8.64,3.74,436.5,2248.9,604.7,40.99,62.5,25.6,575.8,0,YARN_BREAKAGE
32.21,19.93,5.01,445.6,2545.6,739.6,23.79,59.3,26.5,626.7,2,JACQUARD_PATTERN_SHIFT
11.79,11.1,4.44,392.6,2212.1,582.0,41.1,58.5,23.5,487.7,0,YARN_BREAKAGE
13.18,8.3,3.35,416.3,2171.0,615.5,48.9,52.4,23.8,545.0,0,YARN_BREAKAGE
23.99,15.12,3.08,313.9,1927.1,563.3,21.83,61.6,25.0,478.0,3,BORDER_SEWING_DEFECT
23.55,17.47,2.96,323.2,1937.7,635.7,25.02,59.2,23.3,496.7,3,BORDER_SEWING_DEFECT
25.15,17.37,7.41,492.9,2292.8,670.7,24.36,43.0,31.9,523.5,1,OIL_STAIN
23.38,15.98,3.1,328.7,1906.4,556.5,25.39,60.7,25.9,463.4,3,BORDER_SEWING_DEFECT
26.91,13.97,3.87,320.7,1869.6,591.2,18.97,61.8,22.7,487.7,3,BORDER_SEWING_DEFECT
29.73,17.59,4.48,461.7,2568.4,670.2,21.11,55.5,23.5,663.6,2,JACQUARD_PATTERN_SHIFT
15.6,8.92,7.05,468.3,2240.1,584.5,40.76,50.5,21.4,555.9,0,YARN_BREAKAGE
24.84,15.09,8.67,466.1,2329.0,715.3,27.65,43.4,30.9,574.0,1,OIL_STAIN
31.39,17.4,3.33,483.9,2593.7,718.5,20.41,66.3,24.2,634.5,2,JACQUARD_PATTERN_SHIFT
26.69,17.15,5.21,311.2,1991.3,682.5,18.78,62.8,23.0,491.5,3,BORDER_SEWING_DEFECT
20.74,17.45,4.16,320.3,2004.0,609.0,17.37,56.1,23.3,502.4,3,BORDER_SEWING_DEFECT
23.69,17.96,4.97,283.7,1948.9,596.1,17.47,62.6,21.8,537.5,3,BORDER_SEWING_DEFECT
27.26,16.75,4.72,447.7,2520.1,715.8,24.92,54.4,23.2,631.1,2,JACQUARD_PATTERN_SHIFT
22.77,12.57,3.98,306.3,1920.9,622.5,22.36,65.6,20.0,503.3,3,BORDER_SEWING_DEFECT
14.31,8.95,4.24,425.1,2128.6,653.9,40.34,61.2,24.2,491.0,0,YARN_BREAKAGE
26.89,17.44,6.25,465.7,2204.0,701.2,22.55,46.6,34.4,499.9,1,OIL_STAIN
25.27,14.98,3.38,479.6,2565.3,709.3,23.6,55.8,24.1,674.1,2,JACQUARD_PATTERN_SHIFT
14.04,9.5,4.74,392.1,2268.3,616.7,39.18,52.0,21.1,537.4,0,YARN_BREAKAGE
24.49,14.56,7.67,470.0,2142.1,545.6,27.28,42.8,33.6,525.0,1,OIL_STAIN
30.31,15.53,6.95,446.4,2203.2,646.2,18.81,43.4,34.5,543.1,1,OIL_STAIN
25.98,18.69,4.87,449.5,2454.0,757.9,21.89,54.5,21.4,653.5,2,JACQUARD_PATTERN_SHIFT
22.96,17.69,8.41,414.6,2275.2,622.7,27.87,41.8,32.5,570.7,1,OIL_STAIN
18.9,16.8,3.64,318.8,1991.9,591.8,13.17,59.8,23.7,514.1,3,BORDER_SEWING_DEFECT
16.3,10.56,5.18,399.1,2341.9,636.9,43.43,54.3,20.9,514.7,0,YARN_BREAKAGE
26.85,12.86,4.37,460.0,2473.0,696.6,28.68,59.5,25.7,661.8,2,JACQUARD_PATTERN_SHIFT
21.43,19.82,4.26,446.1,2491.2,675.6,24.09,65.5,26.6,618.9,2,JACQUARD_PATTERN_SHIFT
27.03,20.63,7.88,463.3,2184.9,632.7,25.76,48.6,32.9,544.3,1,OIL_STAIN
28.2,15.83,3.31,326.7,1977.6,631.0,21.71,56.4,22.3,451.4,3,BORDER_SEWING_DEFECT
25.69,13.06,3.62,320.0,1959.0,593.8,26.77,61.0,22.2,532.2,3,BORDER_SEWING_DEFECT
31.36,15.79,2.27,316.2,1965.8,612.3,22.43,64.3,24.1,540.5,3,BORDER_SEWING_DEFECT
26.59,18.91,3.4,341.5,2019.5,585.7,21.12,68.7,24.2,504.9,3,BORDER_SEWING_DEFECT
23.63,16.7,3.85,306.7,1916.0,630.6,20.6,59.8,26.9,451.0,3,BORDER_SEWING_DEFECT
15.02,12.71,4.66,422.2,2277.7,637.4,42.08,54.9,21.3,526.0,0,YARN_BREAKAGE
18.08,11.61,3.5,449.5,2356.2,619.4,40.8,52.0,20.5,580.0,0,YARN_BREAKAGE
28.91,17.81,3.64,452.1,2602.2,738.2,24.23,57.6,25.6,617.7,2,JACQUARD_PATTERN_SHIFT
25.77,11.65,7.31,405.5,2185.2,592.0,24.0,41.3,31.4,525.7,1,OIL_STAIN
17.36,9.24,4.43,402.8,2377.8,556.8,37.74,61.8,21.7,534.3,0,YARN_BREAKAGE
19.54,11.74,2.66,423.2,2122.2,617.0,37.72,62.1,20.4,566.9,0,YARN_BREAKAGE
27.38,19.87,4.98,432.3,2517.6,717.3,24.82,62.9,23.4,608.2,2,JACQUARD_PATTERN_SHIFT
26.7,15.71,4.24,429.1,2500.0,672.6,26.89,56.4,22.3,612.5,2,JACQUARD_PATTERN_SHIFT
16.85,10.0,3.96,473.9,2314.5,647.6,40.3,57.8,26.0,535.1,0,YARN_BREAKAGE
28.4,19.13,4.37,478.2,2469.0,696.5,25.57,63.1,22.4,603.7,2,JACQUARD_PATTERN_SHIFT
26.38,20.33,4.39,489.8,2346.3,720.4,25.09,63.0,25.1,642.2,2,JACQUARD_PATTERN_SHIFT
17.82,15.4,4.88,314.8,1907.6,558.6,22.59,67.9,24.6,501.4,3,BORDER_SEWING_DEFECT
25.31,11.82,5.36,326.3,1926.0,618.1,19.99,61.3,20.2,512.3,3,BORDER_SEWING_DEFECT
23.02,17.24,3.45,285.0,1966.1,577.8,9.7,66.7,24.2,472.0,3,BORDER_SEWING_DEFECT
29.09,20.65,8.25,439.2,2233.7,633.5,23.93,44.9,34.9,546.7,1,OIL_STAIN
28.98,18.93,4.23,467.6,2474.9,720.3,21.03,49.6,25.1,645.7,2,JACQUARD_PATTERN_SHIFT
13.12,11.18,4.31,467.2,2165.8,588.6,41.49,65.0,26.7,472.4,0,YARN_BREAKAGE
11.59,8.9,5.21,437.2,2231.6,629.4,40.97,60.0,22.1,515.6,0,YARN_BREAKAGE
23.41,15.65,3.45,306.4,1923.1,514.0,23.04,65.0,22.2,470.3,3,BORDER_SEWING_DEFECT
11.74,12.98,5.94,423.6,2204.2,589.1,37.87,60.3,22.8,493.4,0,YARN_BREAKAGE
28.66,16.17,6.89,454.4,2312.0,571.6,23.5,44.4,31.0,529.2,1,OIL_STAIN
23.01,18.69,7.04,480.3,2211.0,623.7,20.91,38.6,29.1,547.8,1,OIL_STAIN
15.37,8.37,4.33,447.4,2142.8,673.0,43.73,62.8,23.6,543.7,0,YARN_BREAKAGE
28.86,19.58,3.91,420.5,2427.4,715.7,26.6,62.9,22.3,621.0,2,JACQUARD_PATTERN_SHIFT
26.93,12.28,4.77,296.5,2039.3,591.4,16.48,64.8,22.6,513.2,3,BORDER_SEWING_DEFECT
24.09,17.01,4.33,344.1,1966.9,574.1,23.96,58.2,21.8,471.0,3,BORDER_SEWING_DEFECT
15.68,11.28,3.85,434.8,2154.7,608.0,38.91,68.4,23.5,505.4,0,YARN_BREAKAGE
15.12,9.43,4.91,410.4,2190.2,600.2,42.51,59.6,22.9,514.0,0,YARN_BREAKAGE
23.5,13.68,7.88,395.7,2194.6,668.9,22.79,44.0,31.7,515.5,1,OIL_STAIN
15.14,9.74,4.76,437.4,2305.5,642.9,34.72,59.8,23.1,507.0,0,YARN_BREAKAGE
16.5,11.35,3.51,425.1,2042.7,642.5,43.59,49.9,24.2,500.0,0,YARN_BREAKAGE
21.76,11.32,4.48,291.5,2049.6,605.7,19.27,62.1,21.1,528.8,3,BORDER_SEWING_DEFECT
11.48,7.84,6.07,423.4,2308.1,598.0,41.43,55.5,22.6,503.3,0,YARN_BREAKAGE
25.19,18.57,8.28,479.2,2219.9,641.3,24.35,40.4,33.3,531.0,1,OIL_STAIN
16.03,10.19,6.02,436.0,2286.4,601.6,40.06,56.6,23.8,579.2,0,YARN_BREAKAGE
17.96,9.19,5.1,441.6,2202.9,641.2,44.73,53.0,21.7,511.7,0,YARN_BREAKAGE
26.68,17.99,3.21,438.9,2403.8,702.0,21.47,56.5,25.5,613.6,2,JACQUARD_PATTERN_SHIFT
29.02,15.01,3.17,294.2,1974.4,550.9,17.29,58.5,21.4,514.2,3,BORDER_SEWING_DEFECT
28.38,19.01,7.86,444.5,2245.5,666.2,21.66,48.9,30.3,514.5,1,OIL_STAIN
27.98,16.01,4.31,468.0,2504.2,711.4,29.46,57.4,23.0,633.5,2,JACQUARD_PATTERN_SHIFT
19.34,14.2,7.6,408.1,2294.9,664.0,23.08,40.1,29.6,526.0,1,OIL_STAIN
28.55,17.82,6.22,512.9,2154.4,642.7,21.13,51.5,30.8,557.9,1,OIL_STAIN
28.86,20.95,3.98,458.1,2529.2,710.0,25.96,63.4,22.9,655.5,2,JACQUARD_PATTERN_SHIFT
22.85,15.23,8.29,428.7,2279.3,645.9,17.93,35.8,31.5,539.1,1,OIL_STAIN
29.06,18.29,3.42,465.6,2402.8,647.9,21.83,60.0,24.3,606.8,2,JACQUARD_PATTERN_SHIFT
13.96,8.35,4.55,421.1,2130.6,560.2,45.14,64.0,23.8,528.3,0,YARN_BREAKAGE
25.32,19.09,4.57,309.4,1916.6,604.9,17.55,64.5,20.3,472.5,3,BORDER_SEWING_DEFECT
30.93,22.85,3.18,500.4,2415.9,740.1,21.94,55.1,25.6,629.8,2,JACQUARD_PATTERN_SHIFT
17.93,10.56,5.48,438.7,2316.0,645.1,40.05,64.5,24.0,524.0,0,YARN_BREAKAGE
25.45,18.42,6.72,435.7,2183.9,635.5,22.77,47.8,32.0,536.8,1,OIL_STAIN
32.28,19.77,4.8,489.0,2564.5,715.3,16.53,57.8,24.4,586.9,2,JACQUARD_PATTERN_SHIFT
27.75,17.99,3.93,418.4,2496.8,697.1,23.47,62.6,28.1,654.8,2,JACQUARD_PATTERN_SHIFT
23.29,17.07,4.09,324.3,1883.7,590.9,19.98,64.5,22.8,554.8,3,BORDER_SEWING_DEFECT
32.04,18.32,5.94,441.5,2442.3,747.5,31.02,55.8,25.2,583.5,2,JACQUARD_PATTERN_SHIFT
26.04,15.51,6.12,455.1,2245.7,619.3,23.56,43.8,35.7,535.1,1,OIL_STAIN
22.72,16.23,2.71,289.8,1985.6,624.1,26.73,66.4,23.7,438.1,3,BORDER_SEWING_DEFECT
28.11,20.11,7.75,451.2,2117.7,575.3,23.29,43.6,31.5,556.2,1,OIL_STAIN
24.05,14.33,8.05,430.0,2217.4,604.3,19.7,43.3,31.8,491.5,1,OIL_STAIN
18.73,7.46,4.63,397.5,2121.0,656.4,40.74,50.3,23.2,490.1,0,YARN_BREAKAGE
25.42,15.03,4.13,324.1,2042.1,628.6,23.17,56.5,25.1,468.2,3,BORDER_SEWING_DEFECT
22.71,21.08,7.33,436.5,2176.5,654.8,21.85,44.3,30.5,514.5,1,OIL_STAIN
25.15,16.51,3.68,319.0,1835.1,594.2,17.93,65.2,23.4,453.2,3,BORDER_SEWING_DEFECT
26.07,16.29,5.1,493.9,2432.7,707.3,21.12,61.3,23.0,581.1,2,JACQUARD_PATTERN_SHIFT
25.29,14.73,4.07,308.9,1957.6,637.9,13.78,62.6,24.0,519.3,3,BORDER_SEWING_DEFECT
19.92,12.44,5.13,283.1,1979.8,601.9,15.69,57.9,21.2,509.8,3,BORDER_SEWING_DEFECT
28.66,13.63,2.84,301.7,1924.8,553.2,20.84,61.2,23.5,496.0,3,BORDER_SEWING_DEFECT
29.73,16.26,4.63,456.0,2503.9,715.2,21.32,64.0,26.6,604.0,2,JACQUARD_PATTERN_SHIFT
27.63,15.35,7.59,427.6,2233.9,591.2,18.63,37.6,33.2,578.8,1,OIL_STAIN
21.29,18.76,3.45,319.5,1894.3,561.2,15.82,54.9,21.2,541.7,3,BORDER_SEWING_DEFECT
13.89,7.4,5.34,421.2,2221.5,580.0,41.79,54.1,22.1,486.9,0,YARN_BREAKAGE
25.52,16.95,5.16,327.5,2011.8,558.9,21.24,54.3,27.0,543.3,3,BORDER_SEWING_DEFECT
15.18,8.87,3.91,447.4,2238.7,651.4,39.73,60.4,20.8,519.8,0,YARN_BREAKAGE
27.25,14.26,4.18,294.5,1969.6,700.6,17.2,61.6,27.4,534.2,3,BORDER_SEWING_DEFECT
27.28,16.12,8.25,434.4,2194.0,639.8,24.39,41.7,30.1,489.5,1,OIL_STAIN
30.56,22.13,7.78,455.9,2354.7,598.0,22.37,42.8,35.2,551.2,1,OIL_STAIN
26.28,17.19,3.77,465.1,2539.3,699.7,25.21,59.5,23.0,644.7,2,JACQUARD_PATTERN_SHIFT
24.2,20.54,5.32,315.4,1904.3,546.4,22.65,61.1,24.1,493.4,3,BORDER_SEWING_DEFECT
23.6,12.84,3.06,306.9,1979.7,560.0,19.26,58.5,24.5,561.7,3,BORDER_SEWING_DEFECT
13.32,9.98,5.27,437.4,2393.2,601.5,45.98,54.3,27.6,522.8,0,YARN_BREAKAGE
21.77,22.52,8.77,424.6,2411.9,653.9,22.61,39.6,33.1,513.8,1,OIL_STAIN
29.48,14.85,4.41,444.8,2535.4,701.3,22.05,62.0,24.9,630.0,2,JACQUARD_PATTERN_SHIFT
23.99,13.99,3.57,269.6,1907.1,579.3,17.46,65.3,22.6,530.0,3,BORDER_SEWING_DEFECT
17.21,10.38,4.71,423.5,2207.3,569.5,44.02,58.6,24.4,499.2,0,YARN_BREAKAGE
27.99,19.53,4.04,471.3,2384.4,693.0,20.1,55.9,22.4,623.8,2,JACQUARD_PATTERN_SHIFT
14.52,9.13,3.36,414.9,2418.8,651.1,40.52,64.1,22.5,501.8,0,YARN_BREAKAGE
20.47,14.65,4.83,320.9,1979.3,565.2,15.69,66.1,21.1,557.6,3,BORDER_SEWING_DEFECT
28.84,16.31,6.99,435.6,2326.0,625.7,21.07,45.5,30.1,494.5,1,OIL_STAIN
15.23,8.49,3.23,443.4,2304.9,617.2,35.62,50.7,25.5,473.2,0,YARN_BREAKAGE
22.71,10.17,3.72,441.8,2256.1,616.5,41.85,57.0,22.2,527.9,0,YARN_BREAKAGE
31.71,19.71,4.11,460.2,2537.3,705.1,25.34,62.6,24.4,601.0,2,JACQUARD_PATTERN_SHIFT
28.99,18.81,4.91,440.7,2447.1,706.5,23.28,58.8,24.6,627.6,2,JACQUARD_PATTERN_SHIFT
24.95,18.9,3.88,323.5,1974.4,518.2,18.2,69.3,24.6,439.7,3,BORDER_SEWING_DEFECT
24.16,19.1,4.86,445.0,2520.6,751.6,21.92,51.3,24.2,615.2,2,JACQUARD_PATTERN_SHIFT
24.75,13.35,7.02,412.6,2150.8,619.4,23.52,42.2,32.2,547.7,1,OIL_STAIN
25.16,18.04,4.67,464.5,2599.8,678.9,23.07,51.1,22.4,660.4,2,JACQUARD_PATTERN_SHIFT
24.55,17.23,6.6,426.5,2313.2,607.1,21.7,42.1,34.3,574.2,1,OIL_STAIN
23.63,16.88,2.86,470.9,2485.8,697.8,23.04,65.7,25.3,641.9,2,JACQUARD_PATTERN_SHIFT
25.4,16.06,3.17,423.5,2602.3,731.8,28.56,64.4,20.7,634.4,2,JACQUARD_PATTERN_SHIFT
16.71,10.81,4.12,464.5,2277.0,653.1,42.97,54.8,21.3,553.9,0,YARN_BREAKAGE
24.19,17.43,5.43,476.5,2426.2,710.5,26.76,58.6,24.9,598.7,2,JACQUARD_PATTERN_SHIFT
26.18,18.71,5.45,461.7,2434.9,711.2,29.32,62.3,23.0,630.5,2,JACQUARD_PATTERN_SHIFT
30.03,15.86,6.29,450.0,2246.1,650.4,21.79,46.9,31.4,553.2,1,OIL_STAIN
15.41,13.37,5.19,408.0,2214.9,627.7,41.41,57.0,22.8,546.8,0,YARN_BREAKAGE
27.93,17.74,7.44,447.2,2239.4,602.5,24.32,44.2,30.6,514.6,1,OIL_STAIN
25.99,15.25,2.77,303.9,1986.8,589.3,15.89,57.1,23.1,483.7,3,BORDER_SEWING_DEFECT
13.8,9.68,4.47,445.2,2230.7,600.9,46.81,58.1,23.1,491.2,0,YARN_BREAKAGE
26.63,18.43,6.75,415.5,2207.0,603.1,25.52,41.4,31.3,510.8,1,OIL_STAIN
34.69,20.28,4.65,466.6,2545.0,731.9,21.96,54.5,24.2,592.8,2,JACQUARD_PATTERN_SHIFT
27.54,20.69,5.05,464.4,2426.8,736.6,27.56,65.3,22.5,632.8,2,JACQUARD_PATTERN_SHIFT
24.46,16.38,3.81,514.9,2510.9,708.3,22.22,62.9,28.5,606.7,2,JACQUARD_PATTERN_SHIFT
18.35,10.29,5.49,451.1,2325.0,606.2,41.12,59.3,20.9,521.5,0,YARN_BREAKAGE
27.8,15.61,6.5,402.5,2208.6,670.4,25.22,35.0,29.3,559.6,1,OIL_STAIN
25.85,17.11,4.33,332.8,1954.2,601.2,20.42,57.8,20.8,493.6,3,BORDER_SEWING_DEFECT
26.98,18.44,4.72,316.1,2002.4,585.9,18.55,62.4,23.3,499.3,3,BORDER_SEWING_DEFECT
15.5,8.99,3.52,422.5,2116.5,587.4,51.3,55.9,23.7,534.0,0,YARN_BREAKAGE
24.3,20.91,5.14,334.9,1990.4,604.8,23.57,70.1,24.1,509.6,3,BORDER_SEWING_DEFECT
25.01,17.0,4.37,298.3,1945.9,545.6,19.43,56.2,20.9,473.0,3,BORDER_SEWING_DEFECT
26.5,18.67,7.21,434.6,2224.1,617.5,23.55,41.0,31.9,541.4,1,OIL_STAIN
19.46,14.59,3.87,335.8,1932.7,613.4,17.69,62.7,23.5,508.4,3,BORDER_SEWING_DEFECT
12.18,7.93,3.83,432.3,2214.8,578.5,44.2,49.2,25.4,471.2,0,YARN_BREAKAGE
18.54,15.76,3.6,294.4,1844.0,520.3,20.55,67.9,22.4,485.3,3,BORDER_SEWING_DEFECT
23.81,19.39,7.19,454.8,2091.7,674.8,17.91,36.7,32.9,595.7,1,OIL_STAIN
13.12,10.33,4.48,397.2,2155.6,555.2,36.66,54.3,22.6,521.9,0,YARN_BREAKAGE
25.66,19.06,7.74,440.2,2231.0,607.6,16.32,44.2,35.3,509.7,1,OIL_STAIN
26.23,19.93,4.98,481.4,2364.8,710.5,26.7,53.4,21.7,583.5,2,JACQUARD_PATTERN_SHIFT
26.62,18.41,4.39,452.4,2342.4,734.0,24.86,58.6,25.7,661.2,2,JACQUARD_PATTERN_SHIFT
18.28,14.06,4.54,294.0,1928.1,568.8,23.02,64.0,26.0,513.1,3,BORDER_SEWING_DEFECT
24.3,19.34,5.27,278.1,1940.2,550.6,25.25,61.0,21.9,485.0,3,BORDER_SEWING_DEFECT
26.93,18.12,3.39,343.2,1968.9,551.8,24.52,64.0,20.8,530.2,3,BORDER_SEWING_DEFECT
25.29,17.21,4.76,454.7,2408.1,729.6,23.09,60.4,27.4,625.7,2,JACQUARD_PATTERN_SHIFT
21.94,12.67,4.41,330.5,2040.0,559.9,19.86,61.7,22.8,507.6,3,BORDER_SEWING_DEFECT
23.49,16.32,8.15,455.8,2334.3,518.8,24.61,42.4,30.8,467.4,1,OIL_STAIN
15.71,9.24,4.67,490.7,2123.4,642.6,41.4,56.2,21.1,548.9,0,YARN_BREAKAGE
16.66,8.92,4.14,485.5,2319.2,537.8,42.34,51.9,21.7,525.5,0,YARN_BREAKAGE
30.51,19.39,8.61,438.4,2285.9,603.6,20.05,43.3,32.4,524.3,1,OIL_STAIN
26.79,14.28,6.58,440.3,2145.1,629.7,20.91,40.8,33.7,538.9,1,OIL_STAIN
21.26,15.48,2.59,314.9,2011.6,587.7,19.01,63.0,22.7,476.6,3,BORDER_SEWING_DEFECT
30.8,13.62,6.58,439.0,2261.0,710.4,24.27,39.5,34.2,555.8,1,OIL_STAIN
25.91,19.36,5.14,317.4,1997.2,644.4,22.74,61.4,23.7,509.7,3,BORDER_SEWING_DEFECT
17.74,9.08,3.76,380.9,2305.1,627.2,40.0,58.1,24.5,535.8,0,YARN_BREAKAGE
13.7,8.32,5.35,417.8,2387.7,582.7,44.86,57.3,22.1,562.5,0,YARN_BREAKAGE
25.52,19.36,8.4,412.4,2314.4,640.1,19.06,39.9,32.8,524.8,1,OIL_STAIN
23.88,21.07,3.77,461.0,2487.4,700.2,27.78,58.0,24.3,610.7,2,JACQUARD_PATTERN_SHIFT
26.16,18.68,4.03,324.8,1947.5,619.9,19.77,70.0,24.7,558.1,3,BORDER_SEWING_DEFECT
29.36,18.61,8.84,452.7,2280.8,627.6,23.25,46.2,29.9,531.5,1,OIL_STAIN
12.88,8.77,3.99,438.6,2081.5,545.5,43.55,53.5,27.2,503.1,0,YARN_BREAKAGE
28.47,18.48,3.72,464.2,2608.1,720.9,28.48,66.2,29.3,601.5,2,JACQUARD_PATTERN_SHIFT
26.1,19.56,4.39,444.4,2521.9,709.0,26.27,60.6,24.2,635.4,2,JACQUARD_PATTERN_SHIFT
18.51,9.92,5.1,444.6,2213.8,604.4,43.22,58.2,21.9,517.6,0,YARN_BREAKAGE
30.83,17.92,4.0,321.7,1929.2,552.6,23.46,67.2,24.4,456.7,3,BORDER_SEWING_DEFECT
25.27,21.04,3.97,453.4,2361.2,690.4,23.75,57.4,27.4,583.8,2,JACQUARD_PATTERN_SHIFT
28.92,16.75,4.81,341.6,1963.8,553.6,22.13,62.9,23.8,558.1,3,BORDER_SEWING_DEFECT
25.3,17.11,8.42,405.8,2327.4,636.8,23.4,42.3,30.1,565.6,1,OIL_STAIN
14.02,9.54,4.12,428.0,2271.2,587.9,44.84,46.5,23.3,555.6,0,YARN_BREAKAGE
25.53,20.06,4.2,452.9,2376.4,714.2,20.74,62.2,23.8,623.1,2,JACQUARD_PATTERN_SHIFT
28.74,15.3,7.88,433.9,2134.9,627.7,19.31,45.0,32.1,574.3,1,OIL_STAIN
25.52,15.4,3.86,313.2,1961.1,630.0,12.08,58.3,24.4,511.4,3,BORDER_SEWING_DEFECT
15.04,9.58,5.27,423.0,2196.2,609.3,37.28,58.2,23.2,544.1,0,YARN_BREAKAGE
16.72,12.63,3.55,414.1,2254.3,657.3,44.12,56.9,20.8,528.1,0,YARN_BREAKAGE
16.94,10.51,2.16,440.5,2280.8,585.2,42.78,60.1,23.7,508.0,0,YARN_BREAKAGE
21.76,15.28,4.61,293.8,2004.8,634.4,22.1,64.4,25.7,498.1,3,BORDER_SEWING_DEFECT
15.99,17.93,3.23,308.9,2028.2,574.0,15.45,60.2,24.2,470.3,3,BORDER_SEWING_DEFECT
29.93,19.8,7.76,484.2,2370.0,568.5,18.66,39.6,33.1,552.5,1,OIL_STAIN
29.97,19.07,3.52,437.0,2528.7,732.6,23.57,60.9,27.1,626.4,2,JACQUARD_PATTERN_SHIFT
31.96,17.56,7.08,447.9,2161.2,633.1,16.63,43.3,29.9,566.6,1,OIL_STAIN
24.27,16.29,4.83,484.7,2494.8,693.0,22.5,59.7,22.1,630.0,2,JACQUARD_PATTERN_SHIFT
25.34,18.33,8.04,470.6,2291.4,638.5,28.78,45.2,32.9,549.3,1,OIL_STAIN
27.55,19.43,4.27,480.1,2489.2,696.9,24.76,67.2,22.4,661.8,2,JACQUARD_PATTERN_SHIFT
32.56,16.87,6.26,468.8,2360.2,575.6,20.93,39.5,31.1,551.0,1,OIL_STAIN
12.5,10.38,4.52,355.2,2246.6,613.5,40.65,63.8,25.8,510.5,0,YARN_BREAKAGE
18.46,15.31,3.99,323.4,1851.9,622.8,17.75,58.2,20.3,510.9,3,BORDER_SEWING_DEFECT
13.56,10.87,5.28,460.0,2274.3,605.4,39.75,58.6,21.2,498.7,0,YARN_BREAKAGE
26.18,16.44,5.33,455.8,2661.3,696.5,28.7,56.9,26.2,589.9,2,JACQUARD_PATTERN_SHIFT
25.77,13.97,4.32,347.9,1815.6,584.3,27.7,68.1,19.9,531.2,3,BORDER_SEWING_DEFECT
20.33,18.34,4.84,327.3,1936.0,532.2,18.64,65.1,21.6,563.8,3,BORDER_SEWING_DEFECT
30.49,15.09,5.67,461.7,2569.7,720.1,24.18,59.8,24.4,658.9,2,JACQUARD_PATTERN_SHIFT
21.03,14.16,9.07,394.2,2172.4,616.2,17.08,40.0,30.3,531.3,1,OIL_STAIN
27.74,15.37,3.85,462.8,2523.6,734.9,23.14,60.3,22.6,654.7,2,JACQUARD_PATTERN_SHIFT
27.98,17.39,3.36,456.1,2464.3,734.2,26.24,59.0,22.2,600.5,2,JACQUARD_PATTERN_SHIFT
26.28,18.36,3.92,319.5,2005.8,660.3,21.13,64.2,22.5,530.3,3,BORDER_SEWING_DEFECT
25.58,17.42,4.95,312.8,1917.9,577.4,17.0,59.1,23.4,459.6,3,BORDER_SEWING_DEFECT
24.44,18.48,8.22,411.8,2368.4,628.7,23.77,41.3,30.5,564.2,1,OIL_STAIN
22.85,15.91,3.02,308.3,2032.8,583.3,16.33,64.3,19.4,530.5,3,BORDER_SEWING_DEFECT
16.01,10.31,3.98,455.6,2175.2,576.1,45.88,55.0,22.3,499.7,0,YARN_BREAKAGE
27.99,17.65,8.46,459.9,2102.8,633.7,22.2,52.9,27.6,524.5,1,OIL_STAIN
26.03,14.05,8.17,447.7,2418.6,574.0,21.61,45.1,32.5,496.6,1,OIL_STAIN
16.58,20.58,6.67,421.0,2250.0,670.6,19.3,43.5,28.2,569.9,1,OIL_STAIN
32.03,19.69,5.91,463.8,2492.1,707.8,23.65,60.0,25.3,592.2,2,JACQUARD_PATTERN_SHIFT
11.08,10.19,4.07,423.7,2233.6,579.0,40.79,64.8,20.1,491.0,0,YARN_BREAKAGE
30.91,18.2,6.16,477.9,2291.1,608.7,19.88,47.0,30.2,514.3,1,OIL_STAIN
22.39,15.48,2.94,310.7,2001.8,609.4,22.91,61.0,23.8,496.1,3,BORDER_SEWING_DEFECT
26.01,13.69,7.38,446.1,2196.9,608.2,21.75,45.8,29.1,550.6,1,OIL_STAIN
25.05,16.93,3.39,471.7,2503.5,761.3,23.03,59.7,22.0,585.9,2,JACQUARD_PATTERN_SHIFT
29.44,18.4,4.52,473.7,2457.1,718.7,22.0,57.3,23.1,625.2,2,JACQUARD_PATTERN_SHIFT
23.74,12.71,6.67,461.4,2231.4,645.1,23.76,43.6,30.7,538.2,1,OIL_STAIN
25.02,13.99,8.24,443.0,2169.8,585.2,19.54,41.6,30.6,556.4,1,OIL_STAIN
15.39,7.01,2.2,465.6,2203.5,655.6,45.06,62.6,25.1,545.6,0,YARN_BREAKAGE
28.76,17.02,3.72,323.0,1995.9,583.3,20.64,65.4,16.1,531.9,3,BORDER_SEWING_DEFECT
13.49,9.79,4.94,396.8,2186.7,607.9,42.14,52.1,24.4,524.1,0,YARN_BREAKAGE
20.06,15.34,8.87,504.3,2090.0,543.6,23.28,42.5,35.6,543.4,1,OIL_STAIN
16.97,6.86,3.74,432.3,2207.3,589.8,46.81,58.2,24.2,538.8,0,YARN_BREAKAGE
25.46,18.1,3.22,448.8,2544.9,701.8,24.14,48.0,22.0,643.1,2,JACQUARD_PATTERN_SHIFT
27.72,17.5,4.73,310.6,2021.8,617.7,19.27,61.7,25.9,494.5,3,BORDER_SEWING_DEFECT
27.2,20.86,5.08,461.3,2515.6,716.8,23.62,62.3,20.4,612.5,2,JACQUARD_PATTERN_SHIFT
12.98,10.61,4.22,361.3,2253.7,588.7,35.67,50.6,22.0,517.5,0,YARN_BREAKAGE
21.37,14.87,4.43,292.3,1968.2,606.8,13.14,64.0,22.2,482.6,3,BORDER_SEWING_DEFECT
26.71,21.38,3.85,462.5,2679.3,716.9,24.18,53.8,27.7,630.7,2,JACQUARD_PATTERN_SHIFT
25.39,11.71,7.8,415.0,2199.5,570.7,18.99,49.0,29.9,547.5,1,OIL_STAIN
25.18,11.61,9.3,498.7,2113.9,627.9,28.75,45.9,32.7,545.0,1,OIL_STAIN
17.29,10.4,4.14,420.8,2134.7,595.9,47.91,64.8,19.9,510.8,0,YARN_BREAKAGE
16.25,11.75,4.42,437.0,2132.6,596.4,45.69,51.3,26.3,541.8,0,YARN_BREAKAGE
23.19,19.28,4.36,467.8,2604.9,686.3,19.36,56.3,23.3,616.3,2,JACQUARD_PATTERN_SHIFT
24.67,20.94,7.72,430.9,2325.5,643.4,23.29,38.3,28.8,523.7,1,OIL_STAIN
23.39,19.06,4.71,475.0,2422.4,712.1,23.89,60.5,21.9,613.0,2,JACQUARD_PATTERN_SHIFT
29.78,16.21,7.49,428.6,2363.3,699.7,23.51,47.0,32.6,492.5,1,OIL_STAIN
16.31,12.74,5.41,401.3,2245.1,584.2,38.79,63.6,20.4,498.3,0,YARN_BREAKAGE
27.48,17.56,5.37,475.2,2349.6,702.4,24.04,57.2,25.9,584.0,2,JACQUARD_PATTERN_SHIFT
27.78,16.49,5.2,429.8,2421.2,744.3,25.71,65.8,21.4,637.9,2,JACQUARD_PATTERN_SHIFT
20.84,20.48,4.19,294.5,1965.8,583.8,23.47,68.4,21.2,477.4,3,BORDER_SEWING_DEFECT
14.63,8.84,3.9,474.9,2193.4,624.7,48.88,64.2,24.9,482.0,0,YARN_BREAKAGE
26.76,20.21,7.05,457.1,2268.7,633.8,22.57,39.1,32.1,519.1,1,OIL_STAIN
28.58,16.66,2.4,440.4,2416.5,779.6,27.04,63.0,25.6,646.9,2,JACQUARD_PATTERN_SHIFT
19.12,18.51,3.87,361.0,1997.8,519.6,17.44,57.2,24.7,448.5,3,BORDER_SEWING_DEFECT
24.65,16.98,7.87,443.1,2275.3,657.0,27.61,39.6,31.9,546.3,1,OIL_STAIN
26.62,12.24,2.85,309.3,1977.0,618.1,18.55,56.7,19.8,572.0,3,BORDER_SEWING_DEFECT
23.77,20.82,3.81,298.1,1974.7,593.3,19.08,56.1,23.7,495.9,3,BORDER_SEWING_DEFECT
25.64,18.31,3.8,465.8,2477.4,714.5,23.27,63.3,26.9,628.3,2,JACQUARD_PATTERN_SHIFT
27.8,15.2,7.1,429.0,2160.7,659.8,24.18,44.0,32.0,533.4,1,OIL_STAIN
16.22,8.81,3.84,436.3,2157.3,615.6,38.14,60.8,25.2,575.2,0,YARN_BREAKAGE
15.89,11.07,5.79,396.2,2314.9,592.9,39.34,56.9,21.5,565.4,0,YARN_BREAKAGE
14.03,7.69,4.67,418.7,2110.2,646.2,36.9,52.8,23.0,579.6,0,YARN_BREAKAGE
28.26,12.3,7.95,413.1,2302.2,594.9,20.85,38.9,32.9,508.7,1,OIL_STAIN
31.52,16.96,3.88,460.8,2471.1,727.9,26.14,69.2,25.7,649.1,2,JACQUARD_PATTERN_SHIFT
22.21,15.72,3.62,364.8,1945.2,598.9,17.81,64.2,24.1,523.9,3,BORDER_SEWING_DEFECT
24.3,17.83,4.15,330.8,1935.8,598.6,18.9,59.4,24.4,471.1,3,BORDER_SEWING_DEFECT
27.0,16.22,4.59,463.9,2351.1,734.1,21.14,56.0,25.2,616.8,2,JACQUARD_PATTERN_SHIFT
23.05,16.53,3.21,321.0,1947.4,562.8,23.9,62.0,23.8,495.0,3,BORDER_SEWING_DEFECT
21.88,12.84,4.5,298.9,2015.7,561.6,23.12,57.9,26.9,489.7,3,BORDER_SEWING_DEFECT
27.04,16.34,7.28,454.5,2225.4,600.0,20.75,40.8,32.1,524.1,1,OIL_STAIN
23.8,19.54,9.16,429.3,2226.0,618.4,23.7,42.2,33.2,545.0,1,OIL_STAIN
26.84,15.8,4.48,356.3,2098.6,600.5,24.2,51.1,21.0,487.1,3,BORDER_SEWING_DEFECT
26.32,19.16,4.1,448.4,2558.4,674.9,29.91,50.4,21.3,621.2,2,JACQUARD_PATTERN_SHIFT
21.24,19.64,8.95,447.1,2251.6,607.5,23.85,45.3,29.9,568.4,1,OIL_STAIN
25.64,16.04,4.73,289.3,1925.5,615.7,18.93,66.3,20.2,497.5,3,BORDER_SEWING_DEFECT
29.49,19.48,5.12,459.5,2436.9,719.6,21.25,61.4,22.4,598.2,2,JACQUARD_PATTERN_SHIFT
23.56,21.35,4.56,311.3,2041.1,559.1,23.38,55.4,24.0,519.4,3,BORDER_SEWING_DEFECT
23.53,18.39,7.33,444.4,2221.2,662.9,17.4,41.5,34.4,549.5,1,OIL_STAIN
23.13,13.62,4.43,322.1,2085.0,580.0,17.2,61.9,19.3,527.3,3,BORDER_SEWING_DEFECT
28.89,17.19,4.14,471.8,2548.0,735.2,28.49,61.2,26.3,606.2,2,JACQUARD_PATTERN_SHIFT
26.46,13.58,6.74,407.1,2255.6,653.8,18.11,48.3,30.6,553.6,1,OIL_STAIN
26.6,18.04,4.59,464.1,2486.9,676.3,20.05,58.8,23.4,631.3,2,JACQUARD_PATTERN_SHIFT
31.14,21.37,4.62,460.9,2576.5,712.1,26.29,62.7,22.6,608.6,2,JACQUARD_PATTERN_SHIFT
28.41,17.11,3.58,473.9,2246.5,728.7,26.58,51.9,28.3,655.1,2,JACQUARD_PATTERN_SHIFT
26.62,17.92,4.22,452.3,2473.4,701.8,26.18,64.2,25.2,604.8,2,JACQUARD_PATTERN_SHIFT
20.8,16.35,4.22,290.0,1995.5,536.3,21.31,56.8,22.4,535.6,3,BORDER_SEWING_DEFECT
22.28,14.78,4.23,330.6,1957.6,571.5,24.91,60.2,23.3,461.1,3,BORDER_SEWING_DEFECT
22.6,17.92,4.07,493.1,2567.5,710.3,22.49,61.1,25.1,685.2,2,JACQUARD_PATTERN_SHIFT
21.5,17.84,4.37,436.2,2371.8,698.6,23.08,61.2,26.0,589.7,2,JACQUARD_PATTERN_SHIFT
27.63,21.16,7.14,437.4,2284.0,603.0,24.11,45.2,28.0,513.6,1,OIL_STAIN
27.0,14.24,7.98,434.1,2086.1,572.2,26.31,48.6,30.4,536.2,1,OIL_STAIN
21.17,18.13,3.34,311.7,1980.0,557.5,22.12,57.5,22.9,549.6,3,BORDER_SEWING_DEFECT
18.41,16.06,4.37,433.3,2345.8,703.9,24.68,54.9,28.1,659.5,2,JACQUARD_PATTERN_SHIFT
14.77,11.89,4.95,430.4,2401.7,592.0,44.68,65.2,25.3,566.0,0,YARN_BREAKAGE
15.36,9.72,4.06,423.9,2225.7,626.6,45.83,58.9,26.7,532.3,0,YARN_BREAKAGE
27.33,15.03,5.26,435.0,2281.7,658.6,19.03,49.9,29.8,544.9,1,OIL_STAIN
11.89,10.35,3.73,406.3,2208.8,654.4,51.53,60.7,23.0,493.3,0,YARN_BREAKAGE
10.92,11.59,4.9,422.4,2327.7,592.2,33.23,56.3,18.3,514.2,0,YARN_BREAKAGE
13.82,11.12,4.37,424.6,2322.2,553.4,41.54,64.1,24.5,538.8,0,YARN_BREAKAGE
16.56,10.47,4.84,393.8,2257.6,645.1,48.47,62.0,23.1,508.8,0,YARN_BREAKAGE
19.18,7.58,3.98,428.7,2240.6,604.9,41.94,56.1,26.1,560.4,0,YARN_BREAKAGE
27.57,18.54,4.96,477.2,2570.0,692.2,27.75,59.2,24.8,547.6,2,JACQUARD_PATTERN_SHIFT
26.01,19.15,6.7,452.5,2238.6,598.6,21.46,40.1,30.8,564.1,1,OIL_STAIN
24.38,14.65,8.03,462.9,2186.8,610.9,18.47,39.1,29.1,561.0,1,OIL_STAIN
16.3,8.04,3.85,393.7,2186.9,653.8,35.67,55.7,21.6,517.1,0,YARN_BREAKAGE
15.47,8.09,4.99,461.2,2153.4,589.2,42.17,57.5,22.3,560.3,0,YARN_BREAKAGE
22.71,16.36,4.98,303.8,1923.6,574.4,17.02,65.2,25.5,533.3,3,BORDER_SEWING_DEFECT
13.87,9.21,4.33,428.4,2363.7,596.4,39.39,65.7,23.4,551.0,0,YARN_BREAKAGE
24.59,20.16,3.4,303.9,1982.1,610.8,24.9,58.4,20.1,445.4,3,BORDER_SEWING_DEFECT
20.31,13.96,4.95,319.8,1953.5,576.3,19.27,59.3,22.4,520.8,3,BORDER_SEWING_DEFECT
23.77,16.92,7.16,427.0,2199.2,612.0,20.85,42.9,33.1,600.1,1,OIL_STAIN
12.5,9.8,3.83,438.2,2375.3,589.7,43.0,50.4,23.8,537.1,0,YARN_BREAKAGE
16.74,9.95,4.05,465.1,2197.6,579.2,36.64,59.6,24.2,525.7,0,YARN_BREAKAGE
21.8,15.6,4.54,428.1,2404.7,731.7,24.45,67.2,27.4,617.2,2,JACQUARD_PATTERN_SHIFT
23.07,16.43,7.2,418.9,2286.2,590.3,25.04,39.1,31.2,538.9,1,OIL_STAIN
12.13,8.64,5.86,504.6,2150.2,560.2,38.1,54.7,25.0,476.2,0,YARN_BREAKAGE
15.65,8.71,4.84,432.1,2174.3,579.3,46.12,55.0,25.5,548.3,0,YARN_BREAKAGE
22.2,17.38,4.6,329.8,1966.8,603.1,18.59,61.9,27.3,552.2,3,BORDER_SEWING_DEFECT
12.6,8.0,3.76,398.6,2206.2,537.7,48.42,60.2,22.3,506.1,0,YARN_BREAKAGE
20.83,12.81,4.51,301.2,1998.1,554.7,19.04,56.5,23.4,501.1,3,BORDER_SEWING_DEFECT
16.15,9.57,5.4,455.3,2298.2,675.4,47.51,47.0,25.6,523.3,0,YARN_BREAKAGE
29.16,11.58,3.48,351.3,2115.3,560.3,12.95,58.7,20.8,509.5,3,BORDER_SEWING_DEFECT
23.89,11.15,3.89,314.0,1918.9,537.0,18.07,62.7,27.8,511.1,3,BORDER_SEWING_DEFECT
21.27,12.99,3.35,318.5,1919.2,574.0,14.84,60.6,21.9,524.2,3,BORDER_SEWING_DEFECT
26.9,16.81,2.74,350.3,1872.4,589.0,21.48,49.7,22.4,531.1,3,BORDER_SEWING_DEFECT
25.15,18.03,3.12,313.5,1967.6,607.8,15.07,60.8,24.0,526.2,3,BORDER_SEWING_DEFECT
16.23,10.52,4.7,288.3,1982.5,528.5,19.62,57.2,22.1,454.8,3,BORDER_SEWING_DEFECT
21.83,13.42,3.24,308.8,1935.4,584.1,20.72,64.6,22.8,481.6,3,BORDER_SEWING_DEFECT
25.66,19.42,4.17,477.6,2457.9,671.0,23.69,62.2,24.4,625.5,2,JACQUARD_PATTERN_SHIFT
12.48,11.6,2.34,444.3,2268.3,579.8,46.42,61.5,22.4,548.6,0,YARN_BREAKAGE
17.56,7.03,4.9,406.3,2153.4,545.7,42.63,50.6,24.2,484.8,0,YARN_BREAKAGE
13.41,9.35,5.4,408.8,2245.1,556.5,46.28,57.5,22.8,512.4,0,YARN_BREAKAGE
27.33,16.7,7.57,439.6,2212.2,608.6,16.96,36.7,30.6,569.0,1,OIL_STAIN
18.33,7.21,4.17,401.7,2190.4,640.8,42.72,60.2,29.4,532.5,0,YARN_BREAKAGE
14.56,10.66,4.11,404.7,2125.5,636.2,45.03,52.8,23.1,571.1,0,YARN_BREAKAGE
23.29,19.23,4.31,457.0,2534.2,695.9,24.98,65.7,27.4,615.5,2,JACQUARD_PATTERN_SHIFT
26.02,16.14,7.15,434.6,2223.3,541.4,27.61,40.3,29.2,544.1,1,OIL_STAIN
25.28,16.28,6.54,414.1,2181.7,613.4,30.31,47.3,29.9,504.2,1,OIL_STAIN
26.24,18.4,6.16,434.4,2236.6,583.0,20.17,40.2,31.2,535.3,1,OIL_STAIN
25.98,11.87,4.55,336.7,1968.8,591.2,14.47,60.5,25.0,503.1,3,BORDER_SEWING_DEFECT
13.88,8.45,4.4,459.8,2303.1,610.6,38.35,53.9,21.8,537.4,0,YARN_BREAKAGE
32.09,20.8,5.13,456.4,2436.6,698.2,20.15,65.7,21.9,623.7,2,JACQUARD_PATTERN_SHIFT
11.58,8.59,3.98,428.3,2356.3,654.9,42.05,58.0,25.7,515.8,0,YARN_BREAKAGE
24.37,21.21,7.67,466.4,2311.6,650.0,21.6,39.8,29.2,535.8,1,OIL_STAIN
23.64,15.76,2.0,299.5,2006.0,552.0,20.4,62.0,23.2,512.5,3,BORDER_SEWING_DEFECT
26.73,16.92,8.09,427.4,2266.9,636.8,23.9,42.7,31.4,507.5,1,OIL_STAIN
23.26,19.65,2.64,421.0,2543.2,692.1,23.95,59.1,24.2,630.0,2,JACQUARD_PATTERN_SHIFT
27.54,15.69,3.19,434.0,2449.3,687.8,29.19,55.1,24.7,643.2,2,JACQUARD_PATTERN_SHIFT
29.84,12.65,3.96,283.5,1925.4,548.5,17.95,68.6,22.7,463.4,3,BORDER_SEWING_DEFECT
27.2,15.05,5.09,424.3,2492.5,702.9,26.35,61.5,28.4,617.7,2,JACQUARD_PATTERN_SHIFT
15.46,14.09,3.1,330.2,2028.8,605.4,22.61,64.3,22.2,518.8,3,BORDER_SEWING_DEFECT
15.8,10.24,3.1,429.8,2111.6,556.4,36.6,58.5,24.9,496.5,0,YARN_BREAKAGE
27.51,12.68,5.1,328.4,1995.6,546.5,22.51,61.1,21.5,587.0,3,BORDER_SEWING_DEFECT
12.86,7.33,3.78,429.4,2131.7,641.1,47.88,58.5,20.0,532.4,0,YARN_BREAKAGE
20.98,18.89,6.32,430.2,1981.4,624.2,20.07,36.3,33.0,519.5,1,OIL_STAIN
24.76,22.02,5.21,500.4,2376.2,731.5,27.7,52.4,23.5,614.0,2,JACQUARD_PATTERN_SHIFT
27.23,16.91,8.79,431.6,2313.4,607.4,19.01,39.5,29.9,556.8,1,OIL_STAIN
25.22,19.99,4.79,463.4,2479.6,739.0,24.46,52.9,26.4,632.2,2,JACQUARD_PATTERN_SHIFT
29.08,17.01,3.97,428.5,2453.1,674.9,27.22,70.5,24.9,606.1,2,JACQUARD_PATTERN_SHIFT
31.71,18.73,7.46,427.9,2262.6,671.4,21.31,39.3,31.8,607.0,1,OIL_STAIN
14.85,10.56,4.66,450.7,2291.5,563.4,38.2,63.9,25.8,511.2,0,YARN_BREAKAGE
15.45,8.17,4.35,460.7,2291.6,617.8,45.27,56.1,23.0,509.8,0,YARN_BREAKAGE
26.7,17.1,3.94,469.3,2505.2,683.1,24.25,69.0,26.7,594.9,2,JACQUARD_PATTERN_SHIFT
27.8,19.26,7.52,435.0,2153.1,597.0,19.87,47.0,30.4,596.7,1,OIL_STAIN
25.48,12.78,7.25,458.4,2146.7,693.3,16.36,42.0,30.1,568.2,1,OIL_STAIN
26.16,18.76,5.19,306.8,1915.4,628.0,17.08,65.6,24.8,524.4,3,BORDER_SEWING_DEFECT
25.96,16.36,4.07,328.7,1983.9,651.2,18.52,60.0,24.2,475.4,3,BORDER_SEWING_DEFECT
19.89,11.29,5.09,440.2,2275.4,589.1,41.46,55.2,25.0,556.1,0,YARN_BREAKAGE
30.37,17.29,4.26,474.9,2442.6,683.9,19.16,49.7,25.5,593.8,2,JACQUARD_PATTERN_SHIFT
30.46,16.09,7.73,419.5,2328.4,627.7,21.6,45.0,31.6,540.5,1,OIL_STAIN
13.8,6.27,4.23,468.0,2265.6,649.5,37.93,58.4,21.9,547.2,0,YARN_BREAKAGE
27.16,14.53,7.23,469.9,2374.3,669.2,27.47,47.3,30.6,565.2,1,OIL_STAIN
28.98,16.28,7.35,441.5,2113.8,566.2,23.8,47.0,32.8,545.8,1,OIL_STAIN
16.0,11.28,4.33,449.7,2124.4,605.2,47.44,49.1,23.1,499.8,0,YARN_BREAKAGE
30.98,16.68,4.82,467.6,2576.5,681.1,18.64,57.6,26.1,633.5,2,JACQUARD_PATTERN_SHIFT
28.12,15.87,3.95,315.2,1955.9,573.2,16.26,63.3,20.1,557.3,3,BORDER_SEWING_DEFECT
15.67,11.29,3.59,400.8,2101.6,645.9,48.82,47.4,22.3,497.7,0,YARN_BREAKAGE
27.48,17.3,3.41,452.5,2556.5,689.3,22.28,65.3,26.5,658.3,2,JACQUARD_PATTERN_SHIFT
15.04,9.32,5.64,461.6,2259.7,593.9,40.28,66.3,21.9,457.6,0,YARN_BREAKAGE
19.54,16.6,7.2,397.8,2225.1,629.7,21.96,43.6,34.5,544.0,1,OIL_STAIN
33.01,20.36,4.09,475.3,2459.9,711.4,12.43,64.4,23.6,663.7,2,JACQUARD_PATTERN_SHIFT
14.25,11.91,4.29,424.3,2241.2,600.5,42.86,50.1,21.6,523.3,0,YARN_BREAKAGE
25.44,16.39,5.03,440.0,2394.8,755.5,21.53,62.5,24.6,636.7,2,JACQUARD_PATTERN_SHIFT
13.43,10.38,3.74,424.2,2296.1,533.1,44.09,64.8,25.7,480.7,0,YARN_BREAKAGE
21.46,13.14,4.35,324.6,1960.1,597.6,20.62,58.8,22.3,516.4,3,BORDER_SEWING_DEFECT
15.11,8.59,5.07,437.3,2096.6,620.3,42.6,53.9,22.3,542.2,0,YARN_BREAKAGE
16.95,10.07,4.01,457.4,2332.0,655.9,34.35,63.8,23.3,515.7,0,YARN_BREAKAGE
13.2,9.05,4.94,475.2,2093.8,631.7,38.71,61.9,19.6,428.4,0,YARN_BREAKAGE
23.11,11.67,4.23,310.7,1942.0,633.9,18.72,60.2,24.4,479.0,3,BORDER_SEWING_DEFECT
27.63,15.08,7.78,472.8,2197.3,598.8,22.52,39.5,31.6,585.4,1,OIL_STAIN
27.9,15.56,3.56,478.9,2603.4,723.5,26.63,56.8,25.7,649.0,2,JACQUARD_PATTERN_SHIFT
19.28,15.79,4.93,289.0,1954.4,609.8,22.28,58.7,23.7,531.2,3,BORDER_SEWING_DEFECT
15.42,9.29,3.5,409.4,2105.1,651.6,42.43,53.9,25.6,506.8,0,YARN_BREAKAGE
29.38,18.62,8.3,489.6,2203.6,672.9,19.86,47.7,31.0,502.1,1,OIL_STAIN
24.04,10.86,4.04,343.1,2011.9,547.0,24.27,61.6,26.2,531.4,3,BORDER_SEWING_DEFECT
26.52,17.35,5.41,460.0,2463.1,730.4,25.66,53.2,24.6,608.2,2,JACQUARD_PATTERN_SHIFT
23.32,18.23,4.34,317.8,1893.1,596.8,26.41,63.4,20.2,521.9,3,BORDER_SEWING_DEFECT
27.6,21.49,3.87,505.2,2435.7,714.9,23.15,54.7,22.7,620.6,2,JACQUARD_PATTERN_SHIFT
22.82,17.93,3.13,321.6,2080.7,591.9,17.22,66.2,22.1,516.4,3,BORDER_SEWING_DEFECT
28.36,20.04,3.93,453.9,2456.7,724.2,21.68,63.3,27.0,633.7,2,JACQUARD_PATTERN_SHIFT
30.6,18.16,4.05,336.1,1951.5,638.9,17.56,59.0,24.2,559.4,3,BORDER_SEWING_DEFECT
21.75,17.55,7.47,423.2,2239.0,641.7,23.82,46.1,30.0,569.9,1,OIL_STAIN
14.56,11.37,4.57,377.5,2113.1,629.5,41.06,55.9,25.1,541.9,0,YARN_BREAKAGE
31.47,14.41,4.8,451.0,2489.8,721.0,21.7,52.9,28.2,611.5,2,JACQUARD_PATTERN_SHIFT
24.47,17.8,7.04,450.8,2279.5,579.5,22.54,42.4,30.3,486.0,1,OIL_STAIN
29.59,23.51,5.44,478.7,2581.2,712.9,22.26,61.7,24.5,633.1,2,JACQUARD_PATTERN_SHIFT
26.03,13.88,3.5,320.1,1932.8,655.0,18.49,69.4,21.5,492.8,3,BORDER_SEWING_DEFECT
24.89,14.45,4.01,341.5,1883.7,596.8,9.31,56.6,23.3,457.6,3,BORDER_SEWING_DEFECT
24.34,17.12,4.42,473.0,2449.9,702.3,22.6,66.4,23.9,673.1,2,JACQUARD_PATTERN_SHIFT
23.0,18.53,5.55,418.5,2174.9,606.0,25.24,44.3,31.2,476.0,1,OIL_STAIN
28.17,20.26,4.38,457.5,2471.1,781.0,30.11,61.1,22.8,624.6,2,JACQUARD_PATTERN_SHIFT
15.83,9.11,4.47,410.0,2260.2,649.9,47.4,63.9,23.8,526.6,0,YARN_BREAKAGE
16.52,11.66,4.43,452.2,2362.5,622.7,41.85,57.9,20.2,541.1,0,YARN_BREAKAGE
25.93,16.71,3.02,451.5,2514.2,716.8,27.91,59.3,20.8,688.6,2,JACQUARD_PATTERN_SHIFT
25.42,17.95,3.82,483.8,2600.2,702.9,27.87,57.2,24.8,595.9,2,JACQUARD_PATTERN_SHIFT
19.02,15.65,4.43,323.7,2005.3,626.5,25.29,62.1,21.1,526.7,3,BORDER_SEWING_DEFECT
22.32,17.28,4.59,286.9,2048.2,614.4,16.85,64.5,25.2,547.9,3,BORDER_SEWING_DEFECT
30.48,16.66,4.87,446.2,2445.9,746.5,28.7,64.2,22.3,603.6,2,JACQUARD_PATTERN_SHIFT
24.01,20.79,4.41,478.8,2389.5,783.3,19.07,54.2,26.1,630.4,2,JACQUARD_PATTERN_SHIFT
26.8,19.33,6.02,440.6,2461.0,700.5,19.57,61.0,26.9,646.3,2,JACQUARD_PATTERN_SHIFT
25.76,12.55,5.97,330.5,1907.4,673.2,15.01,59.3,22.0,477.0,3,BORDER_SEWING_DEFECT
24.92,16.53,6.69,442.9,2343.1,656.7,23.21,43.3,32.6,564.7,1,OIL_STAIN
23.31,18.32,6.6,450.8,2256.2,616.3,23.46,44.9,30.1,553.2,1,OIL_STAIN
30.75,19.52,4.17,474.1,2609.8,703.0,25.74,56.8,22.9,618.5,2,JACQUARD_PATTERN_SHIFT
13.04,12.09,3.91,453.0,2146.7,586.2,32.72,53.7,22.7,559.1,0,YARN_BREAKAGE
25.27,18.42,4.45,433.8,2577.1,685.5,21.6,56.6,22.5,538.6,2,JACQUARD_PATTERN_SHIFT
22.76,17.88,8.32,439.3,2263.6,647.7,24.52,44.0,31.7,575.9,1,OIL_STAIN
14.16,8.67,5.6,445.4,2288.4,627.3,45.75,59.9,24.0,502.4,0,YARN_BREAKAGE
27.42,18.29,4.85,457.2,2425.3,707.1,24.31,65.3,24.5,620.2,2,JACQUARD_PATTERN_SHIFT
28.09,19.42,4.84,454.0,2478.7,708.0,17.77,53.9,24.6,577.1,2,JACQUARD_PATTERN_SHIFT
13.37,7.96,4.21,459.2,2268.7,617.8,35.47,52.0,23.8,506.1,0,YARN_BREAKAGE
15.35,10.21,5.8,433.6,2265.8,630.7,43.96,53.5,21.8,516.2,0,YARN_BREAKAGE
26.08,20.41,4.28,474.4,2537.0,710.8,26.16,57.4,24.2,636.9,2,JACQUARD_PATTERN_SHIFT
27.84,17.56,5.84,466.1,2628.1,709.9,23.56,58.7,19.4,626.2,2,JACQUARD_PATTERN_SHIFT
21.35,14.72,4.12,363.8,1926.5,650.0,25.82,64.2,25.2,517.7,3,BORDER_SEWING_DEFECT
25.13,18.31,3.48,453.6,2400.4,725.9,23.48,56.6,24.9,626.6,2,JACQUARD_PATTERN_SHIFT
29.8,17.03,4.64,446.8,2612.4,731.3,25.72,55.1,23.7,590.9,2,JACQUARD_PATTERN_SHIFT
28.27,20.51,4.14,439.5,2449.1,672.8,23.87,56.0,23.0,618.0,2,JACQUARD_PATTERN_SHIFT
23.81,19.2,3.08,482.8,2395.7,702.2,25.4,62.6,21.2,609.8,2,JACQUARD_PATTERN_SHIFT
28.97,20.58,3.0,484.8,2443.8,673.6,15.37,56.8,22.6,619.7,2,JACQUARD_PATTERN_SHIFT
24.78,13.79,3.46,334.4,1968.0,559.1,17.26,70.0,22.1,520.5,3,BORDER_SEWING_DEFECT
23.66,16.98,2.23,316.1,1962.4,572.2,18.16,61.8,23.9,513.0,3,BORDER_SEWING_DEFECT
23.97,15.74,3.16,324.5,1889.1,616.7,16.58,58.9,24.0,468.2,3,BORDER_SEWING_DEFECT
27.92,19.02,4.4,493.8,2488.7,685.1,27.03,65.6,24.4,599.1,2,JACQUARD_PATTERN_SHIFT
13.61,10.83,3.9,440.8,2134.0,595.5,36.94,49.6,24.9,508.3,0,YARN_BREAKAGE
13.91,9.19,5.21,416.8,2242.5,639.5,41.3,58.2,26.4,489.6,0,YARN_BREAKAGE
14.93,12.95,4.73,441.4,2236.2,608.4,45.24,63.4,23.9,499.0,0,YARN_BREAKAGE
26.88,16.39,4.14,485.4,2426.3,700.5,22.88,52.2,25.6,642.1,2,JACQUARD_PATTERN_SHIFT
27.52,17.95,3.77,304.3,1894.4,575.9,23.75,64.4,21.6,499.4,3,BORDER_SEWING_DEFECT
22.8,11.95,4.43,309.3,1938.4,607.7,21.29,64.2,27.2,533.0,3,BORDER_SEWING_DEFECT
24.21,13.0,2.75,296.1,1906.6,559.8,22.13,59.8,24.1,491.4,3,BORDER_SEWING_DEFECT
13.09,7.45,3.4,472.1,2011.7,657.4,45.55,58.2,19.4,575.6,0,YARN_BREAKAGE
25.89,17.46,4.06,435.9,2591.4,740.1,23.82,64.0,22.5,617.2,2,JACQUARD_PATTERN_SHIFT
25.1,17.11,4.33,464.9,2539.2,704.1,22.7,56.5,24.8,655.2,2,JACQUARD_PATTERN_SHIFT
29.12,19.87,3.78,457.7,2474.3,708.2,23.36,52.7,23.1,601.8,2,JACQUARD_PATTERN_SHIFT
29.55,21.02,4.21,490.6,2466.8,733.5,26.05,55.3,26.6,609.8,2,JACQUARD_PATTERN_SHIFT
24.35,16.63,2.76,344.7,1913.0,527.3,19.82,59.9,25.5,540.9,3,BORDER_SEWING_DEFECT
26.64,21.0,6.77,414.8,2222.7,606.7,16.58,40.1,30.7,580.5,1,OIL_STAIN
29.51,20.92,7.75,462.7,2131.1,625.3,16.61,47.0,32.1,519.8,1,OIL_STAIN
28.12,15.72,2.94,336.1,1988.2,612.7,17.13,61.7,23.5,533.4,3,BORDER_SEWING_DEFECT
22.41,17.72,4.79,323.5,2005.4,575.9,19.81,64.0,21.3,544.7,3,BORDER_SEWING_DEFECT
29.15,18.29,3.93,442.5,2499.8,698.8,20.47,59.0,25.0,668.9,2,JACQUARD_PATTERN_SHIFT
29.48,18.04,4.34,434.9,2462.3,733.2,26.78,59.5,24.0,619.7,2,JACQUARD_PATTERN_SHIFT
24.82,12.69,3.46,316.0,1958.1,635.1,20.95,62.7,22.7,541.9,3,BORDER_SEWING_DEFECT
16.25,11.01,4.86,451.4,2017.4,602.4,45.71,54.0,26.2,462.9,0,YARN_BREAKAGE
23.67,17.57,8.38,427.6,2089.4,625.2,21.88,40.1,31.2,576.9,1,OIL_STAIN
27.39,20.82,5.57,466.7,2626.9,711.6,20.59,61.6,22.5,648.3,2,JACQUARD_PATTERN_SHIFT
30.31,14.95,5.46,469.7,2481.0,708.5,24.46,59.3,24.2,625.5,2,JACQUARD_PATTERN_SHIFT
28.56,18.91,4.1,462.1,2532.7,723.5,24.94,54.4,26.9,635.9,2,JACQUARD_PATTERN_SHIFT
15.52,13.18,6.15,408.4,2266.7,593.8,47.17,47.0,23.7,539.3,0,YARN_BREAKAGE
28.33,19.36,7.74,436.2,2205.6,568.9,27.64,51.3,30.4,554.3,1,OIL_STAIN
27.97,15.96,3.9,293.4,2008.4,566.6,20.44,65.8,24.3,562.0,3,BORDER_SEWING_DEFECT
15.05,9.78,3.25,424.7,2233.4,593.9,44.62,60.6,20.5,525.1,0,YARN_BREAKAGE
29.94,13.44,7.33,443.9,2261.9,616.4,17.2,42.3,28.3,505.2,1,OIL_STAIN
20.31,13.06,2.64,302.7,1991.0,626.1,19.69,63.6,20.4,505.6,3,BORDER_SEWING_DEFECT
31.63,21.54,4.84,463.9,2532.8,711.9,24.68,61.3,20.5,666.4,2,JACQUARD_PATTERN_SHIFT
22.61,16.23,3.68,315.3,1925.7,623.8,22.71,62.8,23.2,564.5,3,BORDER_SEWING_DEFECT
30.56,17.43,4.09,466.1,2455.2,745.3,22.76,59.7,26.5,598.5,2,JACQUARD_PATTERN_SHIFT
23.11,17.66,3.79,483.4,2534.0,745.4,17.79,54.3,23.9,591.0,2,JACQUARD_PATTERN_SHIFT
30.01,21.2,3.9,448.5,2506.7,681.5,26.41,58.1,22.2,642.2,2,JACQUARD_PATTERN_SHIFT
16.04,11.31,5.45,435.2,2211.1,625.0,35.53,48.5,20.5,523.8,0,YARN_BREAKAGE
30.62,15.45,4.41,319.2,1922.9,531.0,12.73,65.7,25.1,517.0,3,BORDER_SEWING_DEFECT
26.78,17.36,3.83,463.8,2530.8,704.7,19.77,57.7,23.1,653.9,2,JACQUARD_PATTERN_SHIFT
24.16,17.02,4.2,484.6,2390.7,696.5,18.44,59.4,24.8,618.8,2,JACQUARD_PATTERN_SHIFT
26.27,17.16,7.59,462.9,2213.8,649.6,20.48,44.0,32.5,568.8,1,OIL_STAIN
12.84,9.77,6.12,446.0,2317.5,629.3,44.22,58.0,23.0,527.7,0,YARN_BREAKAGE
29.53,14.94,8.84,412.8,2201.6,622.6,23.74,39.1,30.4,557.1,1,OIL_STAIN
26.65,14.59,4.28,468.2,2538.6,689.1,24.32,50.9,22.1,622.0,2,JACQUARD_PATTERN_SHIFT
23.27,17.85,7.43,409.3,2163.3,620.8,25.63,42.4,32.3,535.5,1,OIL_STAIN
28.12,15.4,3.58,314.2,2026.2,617.3,24.78,57.8,22.7,449.0,3,BORDER_SEWING_DEFECT
26.62,16.14,3.67,320.7,2053.4,584.7,26.64,56.9,20.6,488.7,3,BORDER_SEWING_DEFECT
24.28,21.76,3.72,458.7,2506.1,703.8,25.64,64.8,28.8,623.6,2,JACQUARD_PATTERN_SHIFT
25.3,14.78,3.31,334.0,2046.8,608.3,20.08,61.0,23.9,570.9,3,BORDER_SEWING_DEFECT
25.89,16.7,4.21,289.0,2072.7,619.0,23.51,64.5,24.4,491.8,3,BORDER_SEWING_DEFECT
17.1,12.05,4.35,449.4,2336.2,592.6,39.96,58.1,23.2,539.3,0,YARN_BREAKAGE
29.17,20.87,5.16,474.1,2500.1,694.4,23.4,62.7,26.8,624.9,2,JACQUARD_PATTERN_SHIFT
30.33,14.76,4.61,276.2,2025.5,628.1,18.54,66.4,24.7,525.0,3,BORDER_SEWING_DEFECT
19.96,19.36,7.54,445.7,2235.2,646.3,23.3,44.4,31.6,512.9,1,OIL_STAIN
24.59,14.2,8.06,416.1,2292.9,607.6,16.45,46.6,28.6,538.9,1,OIL_STAIN
34.25,19.82,4.51,464.5,2461.6,738.2,24.56,54.9,26.3,606.5,2,JACQUARD_PATTERN_SHIFT
25.0,11.09,7.08,408.5,2356.4,645.0,18.67,36.8,30.9,561.2,1,OIL_STAIN
13.94,9.57,4.02,436.2,1985.6,613.9,43.31,56.3,20.5,472.7,0,YARN_BREAKAGE
28.11,18.36,3.6,442.6,2545.5,698.7,26.3,60.6,25.4,636.3,2,JACQUARD_PATTERN_SHIFT
22.63,14.05,4.4,282.7,2016.0,590.9,14.75,65.0,23.2,582.8,3,BORDER_SEWING_DEFECT
27.59,22.95,2.97,474.4,2636.8,714.3,22.26,58.2,23.8,654.9,2,JACQUARD_PATTERN_SHIFT
18.79,9.78,4.1,438.5,2232.6,629.2,48.66,48.1,23.2,601.8,0,YARN_BREAKAGE
15.39,10.58,3.95,436.6,2288.6,568.2,49.23,53.0,26.9,518.2,0,YARN_BREAKAGE
28.32,17.59,3.12,481.0,2453.8,696.6,21.42,55.2,23.1,674.0,2,JACQUARD_PATTERN_SHIFT
26.32,17.36,7.21,442.5,2145.5,596.7,21.69,40.9,33.5,518.7,1,OIL_STAIN
12.7,8.41,6.01,447.0,2235.2,545.9,36.45,50.6,25.6,551.2,0,YARN_BREAKAGE
27.12,15.27,3.62,467.1,2489.4,678.7,17.61,69.6,24.6,607.4,2,JACQUARD_PATTERN_SHIFT
24.28,20.17,4.34,487.4,2422.9,723.8,25.43,69.1,24.0,669.7,2,JACQUARD_PATTERN_SHIFT
28.98,17.12,5.13,465.1,2420.5,704.8,25.95,67.1,23.5,608.7,2,JACQUARD_PATTERN_SHIFT
13.3,9.05,4.38,470.6,2146.5,627.6,44.02,65.2,23.0,472.9,0,YARN_BREAKAGE
26.31,18.65,3.4,467.4,2512.4,702.0,19.98,59.6,27.2,612.5,2,JACQUARD_PATTERN_SHIFT
26.88,20.02,6.61,422.4,2164.7,601.8,19.68,41.2,32.8,609.5,1,OIL_STAIN
23.28,17.52,6.62,438.1,2178.3,625.6,19.49,42.3,27.9,527.8,1,OIL_STAIN
29.9,18.52,5.31,459.2,2548.8,696.3,24.11,62.0,28.3,625.4,2,JACQUARD_PATTERN_SHIFT
26.34,16.2,6.89,443.1,2219.3,602.6,20.38,39.9,30.0,549.8,1,OIL_STAIN
12.88,10.42,4.38,405.5,2141.4,569.0,38.49,61.0,21.7,517.0,0,YARN_BREAKAGE
26.38,16.13,3.23,436.8,2490.4,695.4,24.87,60.8,22.5,641.8,2,JACQUARD_PATTERN_SHIFT
26.21,16.64,4.08,315.1,1971.0,569.8,24.3,63.6,23.3,558.4,3,BORDER_SEWING_DEFECT
26.84,15.38,9.34,436.3,2318.1,603.2,16.98,45.0,27.9,525.7,1,OIL_STAIN
15.34,9.81,5.92,454.5,2232.6,595.6,49.78,60.3,25.9,511.4,0,YARN_BREAKAGE
29.72,20.07,4.13,446.6,2480.3,675.3,22.44,60.7,24.5,650.3,2,JACQUARD_PATTERN_SHIFT
26.22,19.43,4.82,467.3,2468.6,668.7,20.71,66.6,20.0,631.6,2,JACQUARD_PATTERN_SHIFT
24.63,14.17,3.61,280.2,1949.4,612.8,22.82,64.9,23.9,457.8,3,BORDER_SEWING_DEFECT
30.21,18.29,4.43,442.4,2340.1,723.8,21.36,63.3,24.3,688.8,2,JACQUARD_PATTERN_SHIFT
26.51,18.7,3.05,316.9,1987.5,602.6,24.39,69.5,22.0,499.1,3,BORDER_SEWING_DEFECT
25.56,15.92,4.09,447.9,2486.8,694.9,26.24,64.1,24.7,621.1,2,JACQUARD_PATTERN_SHIFT
17.99,9.78,4.98,434.9,2186.8,633.8,42.32,54.8,23.9,583.3,0,YARN_BREAKAGE
29.86,20.79,6.37,418.6,2201.5,709.9,19.61,44.5,32.9,533.7,1,OIL_STAIN
13.8,9.39,4.11,446.7,2179.2,537.4,41.79,54.1,19.6,549.7,0,YARN_BREAKAGE
14.93,7.5,4.19,423.9,2170.9,619.2,41.18,49.3,23.2,526.0,0,YARN_BREAKAGE
23.75,23.84,4.47,313.7,2007.6,595.4,16.5,64.2,23.2,459.6,3,BORDER_SEWING_DEFECT
24.35,12.03,3.44,315.8,2033.3,530.1,22.17,60.5,24.4,551.5,3,BORDER_SEWING_DEFECT
13.28,7.98,5.07,444.0,2177.2,634.5,44.27,50.7,24.8,505.7,0,YARN_BREAKAGE
25.06,17.41,7.14,429.1,2235.5,639.5,16.66,44.7,30.0,516.8,1,OIL_STAIN
22.47,14.12,7.57,415.6,2106.2,626.2,16.43,43.2,30.0,562.3,1,OIL_STAIN
26.54,15.2,4.2,288.7,1939.2,572.7,13.23,64.1,22.4,491.7,3,BORDER_SEWING_DEFECT
26.84,19.45,7.23,417.0,2269.0,613.4,21.49,44.8,33.9,566.7,1,OIL_STAIN
24.39,18.0,7.11,446.0,2306.1,627.5,20.48,36.5,31.4,555.4,1,OIL_STAIN
10.95,11.76,3.66,420.3,2300.6,629.4,38.84,58.7,22.2,482.9,0,YARN_BREAKAGE
14.69,10.99,3.81,497.3,2094.6,562.2,43.4,56.8,25.8,509.6,0,YARN_BREAKAGE
11.66,11.14,4.55,424.9,2260.2,605.4,41.77,67.4,22.8,473.5,0,YARN_BREAKAGE
20.15,14.4,4.12,311.8,1925.9,575.1,12.68,55.6,23.1,526.4,3,BORDER_SEWING_DEFECT
25.78,17.73,6.23,417.7,2207.5,657.8,18.78,44.3,32.2,538.9,1,OIL_STAIN
27.75,18.27,8.42,465.4,2345.3,617.7,20.09,45.1,30.5,520.0,1,OIL_STAIN
15.62,11.29,4.21,382.2,2299.6,621.3,49.14,62.9,24.6,553.4,0,YARN_BREAKAGE
15.95,10.9,5.08,406.0,2210.2,554.2,50.27,55.2,24.5,506.2,0,YARN_BREAKAGE
18.37,12.88,4.56,311.8,1823.4,616.0,18.86,59.3,23.7,523.1,3,BORDER_SEWING_DEFECT
28.39,19.76,5.75,484.8,2571.8,716.6,26.39,55.1,25.9,596.1,2,JACQUARD_PATTERN_SHIFT
15.66,11.38,5.69,443.4,2123.8,632.9,39.85,54.2,28.8,513.7,0,YARN_BREAKAGE
18.06,8.77,4.52,377.0,2169.3,616.2,45.38,65.0,24.4,536.9,0,YARN_BREAKAGE
30.04,17.26,6.75,445.6,2388.1,615.0,27.38,39.1,28.3,557.3,1,OIL_STAIN
27.68,16.62,4.22,470.3,2532.3,671.1,28.34,63.6,28.0,596.8,2,JACQUARD_PATTERN_SHIFT
15.96,10.16,5.0,466.9,2404.3,678.2,36.43,50.5,26.4,550.5,0,YARN_BREAKAGE
24.53,18.59,7.3,415.9,2240.0,609.5,24.12,45.9,29.8,541.2,1,OIL_STAIN
27.81,16.68,8.85,429.7,2145.4,612.8,24.99,48.9,29.9,506.5,1,OIL_STAIN
21.91,14.57,4.68,298.6,1973.6,527.4,15.14,58.2,24.7,490.6,3,BORDER_SEWING_DEFECT
29.86,16.98,4.99,354.5,1980.2,566.1,21.17,59.6,19.7,490.3,3,BORDER_SEWING_DEFECT
29.34,16.18,4.43,428.2,2513.3,714.3,22.23,55.3,21.9,670.5,2,JACQUARD_PATTERN_SHIFT
25.41,18.28,8.95,392.2,2199.6,625.6,18.82,47.6,32.9,505.9,1,OIL_STAIN
21.31,15.61,2.45,331.8,2121.1,572.6,22.36,58.1,20.8,456.0,3,BORDER_SEWING_DEFECT
32.23,16.22,9.0,440.2,2217.2,567.1,17.95,37.5,31.7,508.7,1,OIL_STAIN
29.25,20.38,7.23,464.3,2172.0,638.3,24.45,37.3,32.4,519.7,1,OIL_STAIN
29.44,12.26,3.46,308.0,1904.3,602.4,23.05,52.4,22.8,499.8,3,BORDER_SEWING_DEFECT
26.25,16.57,7.36,469.7,2259.6,595.5,22.07,43.1,34.2,525.3,1,OIL_STAIN
22.88,17.08,4.98,343.3,1970.1,643.7,18.1,64.9,18.2,498.0,3,BORDER_SEWING_DEFECT
18.83,18.72,4.1,310.2,1995.9,650.9,17.48,66.0,24.4,518.0,3,BORDER_SEWING_DEFECT
26.73,21.27,4.42,453.9,2362.5,682.8,34.81,58.8,26.7,600.9,2,JACQUARD_PATTERN_SHIFT
25.84,13.25,4.7,316.4,1920.1,618.4,16.67,57.9,22.4,479.0,3,BORDER_SEWING_DEFECT
27.75,17.78,4.0,445.4,2438.7,707.3,15.98,62.9,22.4,593.5,2,JACQUARD_PATTERN_SHIFT
22.42,19.86,7.3,424.6,2237.6,677.8,26.67,42.6,31.3,480.5,1,OIL_STAIN
19.73,14.8,4.77,363.8,1953.9,551.9,20.4,62.1,21.1,573.4,3,BORDER_SEWING_DEFECT
12.44,10.63,5.69,453.3,2178.0,569.5,46.64,57.4,22.7,497.7,0,YARN_BREAKAGE
31.33,18.97,4.04,337.5,2046.2,596.5,20.65,62.8,19.6,489.3,3,BORDER_SEWING_DEFECT
25.13,15.76,6.6,474.0,2310.3,582.2,21.44,42.4,31.3,549.6,1,OIL_STAIN
13.55,12.51,4.58,431.9,2205.5,668.7,41.95,58.9,21.7,510.0,0,YARN_BREAKAGE
26.25,17.37,3.77,495.2,2431.1,689.1,27.86,65.0,24.4,618.5,2,JACQUARD_PATTERN_SHIFT
19.97,18.31,4.63,317.8,2065.6,605.5,17.29,63.9,22.9,533.6,3,BORDER_SEWING_DEFECT
27.17,17.66,4.53,444.9,2452.9,721.6,21.88,51.1,27.4,612.2,2,JACQUARD_PATTERN_SHIFT
13.18,8.12,3.75,414.2,2080.2,599.8,41.05,51.0,22.9,565.8,0,YARN_BREAKAGE
15.71,8.12,5.42,428.2,2231.2,591.5,38.06,56.7,24.1,502.5,0,YARN_BREAKAGE
24.64,15.4,4.52,268.2,1917.0,567.0,21.5,66.0,25.3,522.5,3,BORDER_SEWING_DEFECT
26.55,18.22,6.98,436.1,2194.2,662.6,18.07,48.2,35.4,518.1,1,OIL_STAIN
24.07,14.12,2.86,302.9,1987.6,667.1,15.79,62.5,25.1,457.9,3,BORDER_SEWING_DEFECT
28.68,15.55,8.35,456.4,2294.2,626.2,27.45,42.0,32.3,526.7,1,OIL_STAIN
28.78,15.94,7.88,429.5,2156.9,616.5,22.56,39.9,32.5,496.1,1,OIL_STAIN
27.9,16.37,3.83,445.4,2578.0,705.5,19.67,63.0,20.9,617.3,2,JACQUARD_PATTERN_SHIFT
23.74,12.8,4.85,285.7,2020.3,573.8,20.92,55.6,21.2,510.6,3,BORDER_SEWING_DEFECT
17.45,10.73,7.14,438.1,2319.6,580.1,20.05,41.1,31.7,532.3,1,OIL_STAIN
15.5,10.05,4.96,412.0,2287.4,590.5,41.01,52.1,27.3,553.4,0,YARN_BREAKAGE
21.76,14.24,4.9,341.5,2028.0,616.5,23.48,63.6,21.7,510.8,3,BORDER_SEWING_DEFECT
25.78,14.19,7.54,432.4,2258.3,649.8,25.38,42.5,30.2,585.2,1,OIL_STAIN
16.26,10.78,4.52,474.0,2286.8,599.3,37.8,58.1,23.7,520.3,0,YARN_BREAKAGE
18.16,10.24,5.06,452.2,2258.9,613.6,44.76,55.9,22.9,535.4,0,YARN_BREAKAGE
25.52,13.72,7.81,485.8,2232.9,640.0,24.8,47.5,30.5,576.4,1,OIL_STAIN
24.08,21.52,6.06,419.8,2143.3,630.0,23.03,43.7,31.6,592.9,1,OIL_STAIN
17.06,9.84,3.53,388.6,2283.5,608.8,43.23,66.0,24.7,514.9,0,YARN_BREAKAGE
23.48,16.9,8.57,475.4,2145.7,678.6,22.6,43.1,31.9,574.1,1,OIL_STAIN
13.94,8.25,4.34,415.2,2183.6,621.4,40.82,60.8,24.6,491.6,0,YARN_BREAKAGE
13.29,12.32,4.48,404.5,2261.8,663.5,39.69,54.9,22.9,550.6,0,YARN_BREAKAGE
16.93,9.36,5.54,455.4,2127.7,557.5,44.87,54.5,26.7,557.1,0,YARN_BREAKAGE
24.65,19.17,4.05,471.7,2493.6,695.5,29.13,58.8,26.1,630.6,2,JACQUARD_PATTERN_SHIFT
16.91,8.86,5.51,457.3,2119.6,571.8,47.01,56.9,25.4,527.0,0,YARN_BREAKAGE
14.98,8.93,5.14,440.4,2193.8,545.5,33.6,59.7,23.7,545.6,0,YARN_BREAKAGE
24.83,16.11,3.58,441.9,2559.2,770.3,19.53,48.6,24.4,626.6,2,JACQUARD_PATTERN_SHIFT
22.96,17.46,7.47,419.4,2282.0,521.2,19.29,43.1,31.4,524.4,1,OIL_STAIN
26.45,17.83,6.78,426.9,2190.2,581.2,21.18,46.2,30.2,560.5,1,OIL_STAIN
29.04,15.99,3.94,451.4,2549.4,711.3,22.54,61.7,27.7,674.9,2,JACQUARD_PATTERN_SHIFT
26.44,18.45,8.77,486.6,2133.0,716.1,25.39,44.1,34.3,543.8,1,OIL_STAIN
21.26,16.8,3.92,313.4,1971.1,614.1,23.48,57.8,24.7,483.1,3,BORDER_SEWING_DEFECT
29.71,17.96,4.14,475.0,2518.8,682.7,20.9,64.7,24.0,569.4,2,JACQUARD_PATTERN_SHIFT
24.77,21.6,7.23,426.5,2217.6,652.7,22.45,42.8,31.8,543.4,1,OIL_STAIN
29.45,17.39,4.86,426.9,2491.6,769.8,22.98,64.2,26.0,600.0,2,JACQUARD_PATTERN_SHIFT
23.13,19.62,6.75,465.0,2228.4,663.5,24.86,40.1,34.5,545.2,1,OIL_STAIN
28.17,17.76,3.86,433.0,2414.0,681.7,23.78,52.5,22.8,646.4,2,JACQUARD_PATTERN_SHIFT
25.83,16.58,4.98,487.4,2677.5,699.6,26.75,49.5,25.6,651.7,2,JACQUARD_PATTERN_SHIFT
28.89,16.64,6.2,462.9,2150.8,604.3,25.32,43.0,35.2,525.4,1,OIL_STAIN
12.04,7.69,4.39,453.8,2154.8,669.5,43.34,58.8,24.0,483.7,0,YARN_BREAKAGE
23.61,16.25,2.81,309.9,1858.8,605.6,16.61,60.6,24.5,495.9,3,BORDER_SEWING_DEFECT
26.63,17.06,4.3,311.2,1981.9,567.5,18.81,64.1,23.0,543.5,3,BORDER_SEWING_DEFECT
24.27,16.92,3.31,332.4,2066.5,628.1,19.47,59.1,23.2,481.1,3,BORDER_SEWING_DEFECT
26.36,19.41,4.0,305.7,1920.5,667.2,18.67,58.7,30.4,478.1,3,BORDER_SEWING_DEFECT
16.58,8.86,5.63,454.9,2172.9,539.7,45.19,59.0,24.7,586.8,0,YARN_BREAKAGE
25.68,18.38,4.42,477.9,2516.5,741.7,26.68,62.0,22.3,624.6,2,JACQUARD_PATTERN_SHIFT
10.87,8.6,4.72,429.0,2231.3,654.9,42.33,59.7,20.7,522.5,0,YARN_BREAKAGE
25.58,16.82,4.0,428.7,2485.1,758.9,17.76,61.9,24.6,606.7,2,JACQUARD_PATTERN_SHIFT
26.29,18.07,3.62,422.7,2531.3,678.4,24.79,63.5,25.5,626.6,2,JACQUARD_PATTERN_SHIFT
19.38,15.64,5.54,308.5,1937.5,581.4,14.78,56.3,22.0,470.5,3,BORDER_SEWING_DEFECT
25.92,17.38,7.37,428.6,2201.0,642.8,19.17,42.4,26.2,501.3,1,OIL_STAIN
20.91,16.72,5.08,306.2,1867.1,562.4,16.71,54.2,19.3,534.0,3,BORDER_SEWING_DEFECT
31.1,13.91,5.74,443.9,2502.4,658.0,26.49,66.4,23.6,642.7,2,JACQUARD_PATTERN_SHIFT
20.7,16.62,6.97,440.1,2421.5,586.4,20.72,42.6,29.6,571.2,1,OIL_STAIN
28.93,15.53,7.87,445.4,2322.1,647.0,26.93,48.1,32.1,550.9,1,OIL_STAIN
28.02,16.57,4.39,302.6,2041.9,648.4,14.24,64.3,21.9,518.4,3,BORDER_SEWING_DEFECT
28.03,19.0,8.54,443.4,2219.4,591.9,20.5,42.3,32.9,535.4,1,OIL_STAIN
20.12,15.88,4.29,326.9,1933.2,585.3,15.38,62.0,23.5,560.4,3,BORDER_SEWING_DEFECT
16.83,11.83,4.64,442.5,2215.5,653.3,46.09,55.4,22.9,552.8,0,YARN_BREAKAGE
21.44,17.4,8.87,440.4,2041.8,590.8,23.34,40.3,30.6,532.7,1,OIL_STAIN
24.76,13.85,3.51,333.1,2063.1,543.7,26.6,62.6,24.1,525.4,3,BORDER_SEWING_DEFECT
20.46,20.42,8.54,433.9,2192.9,615.0,24.0,40.8,31.1,530.4,1,OIL_STAIN
24.79,18.95,8.46,444.1,2164.3,625.4,30.57,47.4,32.6,507.7,1,OIL_STAIN
31.04,19.58,8.31,410.4,2297.0,609.4,20.38,48.6,32.9,612.3,1,OIL_STAIN
24.69,14.82,4.18,473.3,2435.6,724.8,28.72,62.3,25.7,624.8,2,JACQUARD_PATTERN_SHIFT
17.06,8.85,4.32,479.9,2358.8,578.8,41.68,56.7,24.2,499.1,0,YARN_BREAKAGE
22.36,17.54,4.17,281.6,1981.5,577.1,19.47,63.3,26.2,489.5,3,BORDER_SEWING_DEFECT
21.79,16.25,8.42,440.2,2274.6,663.9,23.14,43.9,30.8,527.5,1,OIL_STAIN
26.26,17.97,4.18,464.4,2512.3,709.5,21.06,62.7,26.9,621.7,2,JACQUARD_PATTERN_SHIFT
26.07,16.51,4.29,309.1,1799.7,628.1,18.54,65.5,20.7,512.8,3,BORDER_SEWING_DEFECT
27.22,19.98,4.9,468.7,2438.3,709.5,28.96,61.9,21.0,667.8,2,JACQUARD_PATTERN_SHIFT
29.39,18.04,2.97,475.4,2480.9,691.5,26.75,61.2,22.3,657.4,2,JACQUARD_PATTERN_SHIFT
32.63,15.27,6.41,427.0,2259.3,646.3,20.1,40.2,32.6,543.0,1,OIL_STAIN
19.93,12.19,4.44,457.8,2123.2,602.5,39.95,53.4,21.8,532.7,0,YARN_BREAKAGE
27.24,14.63,3.97,316.9,1877.4,628.7,22.04,66.6,23.5,500.0,3,BORDER_SEWING_DEFECT
27.56,14.54,6.0,395.6,2160.0,586.5,19.33,37.9,33.5,585.8,1,OIL_STAIN
18.82,10.75,4.38,469.3,2169.8,617.4,40.19,51.8,21.1,502.9,0,YARN_BREAKAGE
26.18,15.86,4.28,319.1,2061.8,634.3,23.76,63.6,23.4,571.6,3,BORDER_SEWING_DEFECT
22.11,18.48,7.27,460.5,2167.7,662.2,24.5,41.8,31.3,504.9,1,OIL_STAIN
28.93,16.74,7.16,472.3,2179.6,640.0,23.12,45.8,36.4,572.9,1,OIL_STAIN
29.25,14.19,7.3,457.9,2334.8,611.4,23.08,44.3,29.1,517.5,1,OIL_STAIN
13.29,9.76,5.66,426.0,2188.3,598.9,39.15,55.0,24.0,561.3,0,YARN_BREAKAGE
18.86,15.12,7.32,457.6,2115.2,663.3,24.23,42.1,36.3,551.4,1,OIL_STAIN
15.63,12.16,5.0,438.0,1993.4,655.6,43.38,55.3,23.9,533.5,0,YARN_BREAKAGE
23.22,15.29,6.09,433.5,2244.4,634.6,25.94,49.1,33.1,541.2,1,OIL_STAIN
32.23,17.46,8.05,413.7,2382.2,574.2,21.53,39.8,30.7,530.1,1,OIL_STAIN
26.44,19.39,2.59,312.1,2039.0,580.4,19.42,61.3,22.3,537.3,3,BORDER_SEWING_DEFECT
11.1,11.86,3.33,422.6,2340.3,643.5,40.78,70.5,22.3,561.7,0,YARN_BREAKAGE
20.55,15.01,4.68,335.8,2047.3,580.3,24.63,57.2,24.1,539.5,3,BORDER_SEWING_DEFECT
17.12,8.02,5.38,432.4,2255.5,673.5,36.84,59.8,26.2,512.6,0,YARN_BREAKAGE
27.08,18.29,6.53,452.9,2145.8,596.4,17.64,43.2,30.5,573.0,1,OIL_STAIN
29.84,16.89,3.81,446.7,2535.5,722.1,25.39,62.2,25.1,605.8,2,JACQUARD_PATTERN_SHIFT
17.18,10.26,4.87,462.4,2247.1,532.4,37.49,52.5,24.9,517.6,0,YARN_BREAKAGE
18.7,7.5,3.09,413.1,2167.3,598.6,45.78,61.3,22.7,525.3,0,YARN_BREAKAGE
28.54,18.8,7.22,390.0,2266.4,590.9,26.92,40.5,31.0,546.7,1,OIL_STAIN
12.3,9.3,5.1,395.8,2089.0,655.3,41.1,61.4,24.2,487.9,0,YARN_BREAKAGE
22.66,18.13,7.07,445.7,2289.0,595.1,27.88,37.7,28.8,544.5,1,OIL_STAIN
25.49,17.04,4.37,441.1,2451.0,654.3,25.63,58.8,22.3,604.9,2,JACQUARD_PATTERN_SHIFT
23.85,17.69,3.84,311.7,2078.0,611.4,25.49,65.3,23.2,537.0,3,BORDER_SEWING_DEFECT
14.37,9.37,4.07,451.7,2278.8,588.7,42.33,48.2,21.7,530.9,0,YARN_BREAKAGE
27.85,15.19,6.41,420.7,2123.6,667.3,20.63,44.6,28.1,481.4,1,OIL_STAIN
24.99,16.19,6.4,378.1,2176.0,628.5,27.29,39.8,31.7,564.8,1,OIL_STAIN
27.12,13.44,3.51,297.7,2032.5,659.3,15.18,63.4,26.3,540.4,3,BORDER_SEWING_DEFECT
27.33,17.49,3.07,425.6,2382.5,687.9,22.04,62.5,25.7,632.4,2,JACQUARD_PATTERN_SHIFT
17.32,7.17,3.63,466.6,2219.8,597.3,42.34,54.7,22.5,549.0,0,YARN_BREAKAGE
15.58,9.46,5.18,427.1,2238.6,611.6,40.78,63.5,22.9,511.5,0,YARN_BREAKAGE
31.5,16.03,6.88,442.5,2333.0,627.8,18.62,46.2,29.7,550.6,1,OIL_STAIN
28.27,18.13,4.66,475.1,2509.1,744.2,23.25,63.3,22.6,670.9,2,JACQUARD_PATTERN_SHIFT
28.11,21.66,8.75,415.8,2184.9,603.8,20.93,47.2,33.1,575.2,1,OIL_STAIN
22.19,14.48,4.41,322.4,1900.7,562.7,27.14,67.0,24.9,510.6,3,BORDER_SEWING_DEFECT
15.49,9.44,2.99,418.6,2200.6,659.7,42.3,56.7,23.3,575.3,0,YARN_BREAKAGE
29.34,19.34,3.14,454.8,2490.6,693.9,24.1,57.6,22.1,615.6,2,JACQUARD_PATTERN_SHIFT
12.36,9.72,5.29,404.9,2163.0,634.9,41.86,61.7,22.8,491.2,0,YARN_BREAKAGE
27.69,13.26,5.34,346.1,1978.8,545.3,15.48,67.7,23.2,542.6,3,BORDER_SEWING_DEFECT
26.53,13.87,4.38,310.5,1970.6,596.6,16.25,62.6,25.4,564.3,3,BORDER_SEWING_DEFECT
23.34,21.38,8.17,437.3,2134.8,632.9,22.16,45.9,30.8,512.0,1,OIL_STAIN
28.98,18.46,7.6,419.3,2263.1,673.5,24.48,37.5,34.0,571.7,1,OIL_STAIN
23.86,18.51,8.59,427.8,2243.7,613.6,20.7,44.7,33.2,593.3,1,OIL_STAIN
24.52,18.03,7.59,464.7,2114.1,610.3,15.07,45.4,31.4,546.1,1,OIL_STAIN
23.37,15.81,3.94,280.3,1958.2,659.5,20.28,61.0,21.1,502.2,3,BORDER_SEWING_DEFECT
28.67,16.45,5.34,467.3,2271.7,761.8,19.28,52.7,24.9,633.5,2,JACQUARD_PATTERN_SHIFT
13.57,9.57,4.26,463.5,2089.5,598.7,50.62,58.0,24.4,533.6,0,YARN_BREAKAGE
15.21,10.89,3.69,476.2,2119.4,631.3,45.89,53.5,21.7,472.1,0,YARN_BREAKAGE
13.91,10.33,4.7,439.0,2161.8,607.9,33.7,57.6,22.2,527.9,0,YARN_BREAKAGE
28.43,21.74,7.11,425.1,2060.1,645.7,30.29,37.4,30.7,563.9,1,OIL_STAIN
24.21,15.76,3.94,333.6,1985.4,597.2,23.34,67.5,22.3,491.7,3,BORDER_SEWING_DEFECT
22.62,19.0,2.76,301.4,1946.1,591.9,17.93,55.5,24.5,512.3,3,BORDER_SEWING_DEFECT
15.03,8.66,5.47,444.3,2102.7,643.6,44.77,62.8,23.2,525.6,0,YARN_BREAKAGE
21.38,16.07,5.25,296.3,1904.5,561.8,18.88,61.5,21.9,533.2,3,BORDER_SEWING_DEFECT
24.68,20.92,4.34,452.6,2572.8,713.8,20.99,55.7,23.1,617.4,2,JACQUARD_PATTERN_SHIFT
28.75,20.61,3.57,457.4,2543.5,683.0,25.28,58.3,22.3,673.9,2,JACQUARD_PATTERN_SHIFT
23.15,20.13,3.52,304.9,1954.6,644.0,22.72,64.4,21.8,563.7,3,BORDER_SEWING_DEFECT
21.83,18.6,7.71,441.4,2265.3,679.2,20.15,43.4,34.8,562.9,1,OIL_STAIN
13.91,10.43,4.2,402.8,2070.4,548.0,46.72,56.0,22.9,492.1,0,YARN_BREAKAGE
23.88,11.59,4.38,295.3,1899.1,514.1,20.46,64.0,21.0,463.8,3,BORDER_SEWING_DEFECT
21.74,15.84,4.19,287.3,1921.2,597.9,21.64,61.0,24.9,496.1,3,BORDER_SEWING_DEFECT
28.18,17.62,4.76,474.6,2380.0,693.9,23.02,58.5,25.3,594.2,2,JACQUARD_PATTERN_SHIFT
25.18,19.32,3.69,339.6,1990.8,576.4,16.97,55.2,24.1,532.1,3,BORDER_SEWING_DEFECT
28.53,16.49,7.56,439.5,2217.2,566.2,19.87,38.4,34.0,563.5,1,OIL_STAIN
28.13,11.37,3.08,299.0,1912.1,612.1,15.79,60.1,22.3,503.2,3,BORDER_SEWING_DEFECT
25.3,16.94,7.42,408.4,2336.9,638.0,17.0,35.9,30.3,531.5,1,OIL_STAIN
24.0,18.44,3.86,313.3,1870.6,651.5,29.48,67.8,21.0,533.8,3,BORDER_SEWING_DEFECT
25.1,19.28,3.13,455.1,2575.2,679.2,24.38,54.8,25.7,604.0,2,JACQUARD_PATTERN_SHIFT
12.1,9.62,5.51,414.8,2197.2,630.8,33.29,60.0,22.6,606.3,0,YARN_BREAKAGE
26.46,20.31,5.41,298.3,2007.3,658.8,11.23,59.9,22.8,549.4,3,BORDER_SEWING_DEFECT
24.32,14.24,3.85,307.8,1912.8,607.0,20.68,68.2,23.5,522.8,3,BORDER_SEWING_DEFECT
23.66,16.97,3.78,466.4,2552.2,732.2,24.44,57.5,26.3,636.4,2,JACQUARD_PATTERN_SHIFT
28.55,15.09,3.66,457.5,2482.8,726.2,22.01,57.4,24.6,595.8,2,JACQUARD_PATTERN_SHIFT
15.3,10.95,4.72,456.8,2174.9,596.4,40.1,61.5,26.0,540.5,0,YARN_BREAKAGE
29.46,16.98,4.27,456.4,2496.8,677.9,22.34,57.5,22.6,622.6,2,JACQUARD_PATTERN_SHIFT
25.85,17.81,5.58,442.9,2349.9,699.8,21.67,59.4,24.5,631.9,2,JACQUARD_PATTERN_SHIFT
20.75,15.33,4.48,302.9,1886.8,585.0,24.87,67.6,21.9,530.9,3,BORDER_SEWING_DEFECT
27.16,19.07,5.01,465.0,2455.3,694.9,24.52,66.1,28.0,613.1,2,JACQUARD_PATTERN_SHIFT
16.73,8.48,5.43,466.1,2304.7,636.3,43.66,68.4,25.4,557.2,0,YARN_BREAKAGE
26.73,18.5,4.16,468.9,2629.0,676.4,20.8,59.8,25.2,678.5,2,JACQUARD_PATTERN_SHIFT
26.52,19.34,3.36,450.2,2451.5,740.7,20.4,67.0,23.8,621.1,2,JACQUARD_PATTERN_SHIFT
24.5,17.39,5.96,447.8,2108.9,618.4,23.43,46.4,33.1,547.4,1,OIL_STAIN
27.49,15.56,4.56,431.7,2527.2,731.0,24.57,55.5,23.5,620.0,2,JACQUARD_PATTERN_SHIFT
15.98,21.14,6.29,304.0,1845.8,628.9,23.28,61.1,25.5,503.2,3,BORDER_SEWING_DEFECT
16.65,11.22,5.79,406.9,2386.9,576.7,44.64,54.9,21.0,503.7,0,YARN_BREAKAGE
27.03,16.25,6.53,481.9,2374.2,662.3,24.74,42.8,32.6,548.5,1,OIL_STAIN
22.33,14.66,5.43,286.1,1875.8,545.8,18.65,55.8,26.0,588.1,3,BORDER_SEWING_DEFECT
29.66,16.62,4.03,470.9,2404.0,699.1,25.54,55.2,25.2,660.8,2,JACQUARD_PATTERN_SHIFT
24.41,15.78,6.12,487.4,2283.2,640.2,21.66,44.7,32.1,555.1,1,OIL_STAIN
25.1,13.98,6.69,441.6,2359.5,616.5,22.18,43.9,31.5,484.9,1,OIL_STAIN
24.8,16.29,7.99,415.3,2349.2,595.9,23.79,40.0,34.0,555.1,1,OIL_STAIN
13.85,11.49,3.61,416.6,2191.2,586.6,43.09,60.5,25.2,556.6,0,YARN_BREAKAGE
24.51,18.73,3.9,482.5,2452.6,693.2,27.69,63.4,20.8,634.2,2,JACQUARD_PATTERN_SHIFT
28.71,17.38,7.44,443.1,2172.0,582.7,28.73,38.4,34.1,604.0,1,OIL_STAIN
15.05,11.16,3.62,447.6,2213.8,588.7,54.31,56.4,23.0,511.9,0,YARN_BREAKAGE
10.92,7.9,2.55,442.1,2238.3,570.5,42.13,53.9,26.5,497.2,0,YARN_BREAKAGE
30.81,19.18,3.5,421.6,2421.8,731.7,20.98,57.1,24.2,661.8,2,JACQUARD_PATTERN_SHIFT
29.3,20.24,4.51,407.5,2399.6,693.7,19.76,57.7,25.5,626.1,2,JACQUARD_PATTERN_SHIFT
28.45,12.64,6.91,459.1,2399.5,596.3,22.68,43.5,31.2,576.7,1,OIL_STAIN
23.8,17.16,9.35,435.6,2151.0,641.1,18.34,41.1,31.7,455.5,1,OIL_STAIN
24.79,21.78,7.56,453.1,2198.5,611.9,18.99,39.8,34.2,504.6,1,OIL_STAIN
22.75,17.09,4.51,311.3,1914.9,643.7,23.12,64.2,21.1,500.7,3,BORDER_SEWING_DEFECT
28.21,17.68,2.88,303.1,1941.4,546.0,22.91,63.6,21.6,552.9,3,BORDER_SEWING_DEFECT
25.05,16.79,4.83,445.8,2490.1,704.3,25.04,65.4,22.6,607.2,2,JACQUARD_PATTERN_SHIFT
20.26,16.98,4.12,292.4,1972.7,627.6,17.46,54.7,24.5,520.2,3,BORDER_SEWING_DEFECT
29.84,16.74,3.91,479.7,2432.2,690.0,18.58,58.0,23.1,617.8,2,JACQUARD_PATTERN_SHIFT
33.82,15.5,4.52,435.0,2369.9,753.7,25.46,63.6,25.4,638.1,2,JACQUARD_PATTERN_SHIFT
28.62,14.87,6.79,468.0,2227.8,579.2,22.77,45.5,30.8,533.1,1,OIL_STAIN
26.37,16.23,4.41,495.0,2528.1,689.6,27.06,61.6,25.0,636.9,2,JACQUARD_PATTERN_SHIFT
16.28,16.08,7.14,429.4,1970.0,607.8,23.68,40.7,31.8,613.1,1,OIL_STAIN
21.54,14.84,7.77,460.9,2330.4,639.9,17.09,35.0,34.7,562.1,1,OIL_STAIN
25.69,19.13,4.23,468.7,2444.7,707.7,25.43,54.9,25.1,638.8,2,JACQUARD_PATTERN_SHIFT
28.84,17.95,7.16,446.3,2184.2,605.9,18.25,40.4,31.3,495.3,1,OIL_STAIN
28.13,12.74,3.54,305.1,1974.1,585.3,17.48,59.9,23.2,415.2,3,BORDER_SEWING_DEFECT
21.85,20.66,4.25,310.2,2071.3,602.3,25.93,62.7,24.1,449.1,3,BORDER_SEWING_DEFECT
23.61,18.32,7.98,423.2,2263.2,666.2,26.53,43.8,35.9,589.5,1,OIL_STAIN
26.84,15.54,5.28,304.6,1962.9,652.5,20.21,65.7,24.9,553.2,3,BORDER_SEWING_DEFECT
27.82,18.2,6.81,428.4,2368.1,576.2,20.07,49.7,31.1,524.8,1,OIL_STAIN
27.11,19.16,3.83,441.3,2470.4,749.6,25.53,61.4,25.4,628.6,2,JACQUARD_PATTERN_SHIFT
24.37,17.54,8.11,438.0,2207.3,581.5,17.22,39.6,31.1,548.0,1,OIL_STAIN
34.12,15.36,2.79,456.3,2473.6,729.3,26.46,50.0,23.4,665.9,2,JACQUARD_PATTERN_SHIFT
29.84,19.44,4.15,475.7,2509.9,696.9,26.62,65.2,22.3,610.0,2,JACQUARD_PATTERN_SHIFT
22.19,16.29,4.12,295.4,1985.8,626.3,20.41,58.3,23.8,458.5,3,BORDER_SEWING_DEFECT
25.68,12.79,4.23,325.1,1870.4,559.0,22.52,63.8,22.5,467.9,3,BORDER_SEWING_DEFECT
13.02,8.72,4.14,421.0,2067.3,643.3,39.33,70.9,25.8,541.5,0,YARN_BREAKAGE
26.94,20.78,4.57,452.0,2346.2,677.2,21.62,64.3,20.5,623.5,2,JACQUARD_PATTERN_SHIFT
27.54,16.53,4.21,466.8,2396.0,735.0,24.96,49.5,25.2,604.0,2,JACQUARD_PATTERN_SHIFT
24.92,17.93,8.45,431.6,2144.7,651.5,22.26,43.0,28.8,522.5,1,OIL_STAIN
20.37,16.58,4.47,280.4,1882.3,583.6,20.05,67.9,25.8,519.8,3,BORDER_SEWING_DEFECT
29.49,17.3,7.47,475.0,2254.9,579.2,24.64,41.0,33.2,549.9,1,OIL_STAIN
32.95,14.9,6.51,420.5,2230.3,612.7,26.12,41.8,28.8,522.3,1,OIL_STAIN
12.99,7.94,3.96,425.4,2206.7,618.5,51.37,59.1,23.0,513.4,0,YARN_BREAKAGE
23.83,16.34,6.32,442.8,2150.0,669.1,25.0,39.8,31.7,561.5,1,OIL_STAIN
24.26,19.07,6.38,455.3,2228.5,614.5,29.14,44.2,32.1,624.7,1,OIL_STAIN
13.95,10.79,4.36,407.8,2234.3,617.9,41.2,58.5,24.9,538.8,0,YARN_BREAKAGE
25.91,16.39,6.46,425.0,2201.7,648.6,23.54,37.9,32.4,461.5,1,OIL_STAIN
26.52,10.92,3.72,318.0,1937.4,616.8,25.43,60.4,21.6,531.9,3,BORDER_SEWING_DEFECT
25.23,17.62,3.27,452.8,2410.0,695.4,26.02,58.9,28.1,592.2,2,JACQUARD_PATTERN_SHIFT
23.45,18.69,3.01,304.5,1956.0,546.8,22.35,59.6,19.9,498.7,3,BORDER_SEWING_DEFECT
26.35,21.96,8.56,410.2,2161.2,604.3,21.45,45.9,33.3,549.3,1,OIL_STAIN
31.67,12.3,7.75,412.4,2283.0,618.3,25.7,48.4,31.4,578.4,1,OIL_STAIN
21.56,16.15,4.25,323.8,1992.7,596.1,23.02,62.1,25.1,542.1,3,BORDER_SEWING_DEFECT
30.74,21.34,4.58,488.4,2592.0,758.7,22.79,60.4,23.3,651.5,2,JACQUARD_PATTERN_SHIFT
15.45,10.73,4.52,383.8,2287.7,634.3,45.26,54.5,22.5,555.3,0,YARN_BREAKAGE
14.53,12.2,4.65,430.9,2178.0,543.9,46.74,59.2,21.1,522.7,0,YARN_BREAKAGE
26.45,13.65,3.74,307.6,1873.2,547.2,18.58,60.9,26.5,499.4,3,BORDER_SEWING_DEFECT
14.78,10.81,5.13,425.0,2076.5,664.6,39.25,63.2,22.5,564.4,0,YARN_BREAKAGE
25.93,12.91,3.86,304.4,1925.7,546.9,22.64,61.2,20.7,488.4,3,BORDER_SEWING_DEFECT
15.46,9.38,3.68,373.8,2350.3,573.9,44.12,49.3,23.7,473.5,0,YARN_BREAKAGE
19.23,23.46,4.15,460.2,2656.4,745.7,27.72,63.0,21.3,619.7,2,JACQUARD_PATTERN_SHIFT
15.14,10.45,4.32,413.1,2187.1,582.6,43.99,52.0,28.5,458.5,0,YARN_BREAKAGE
14.81,7.66,4.98,414.8,2114.7,674.7,37.69,68.5,26.4,524.0,0,YARN_BREAKAGE
21.24,16.27,3.4,318.3,1818.1,585.5,19.94,57.0,20.3,457.5,3,BORDER_SEWING_DEFECT
14.07,8.64,3.59,440.9,2212.5,621.3,37.25,64.3,23.4,549.6,0,YARN_BREAKAGE
18.61,16.25,3.8,327.5,1941.4,594.7,16.11,66.4,23.2,513.8,3,BORDER_SEWING_DEFECT
22.33,16.37,4.64,452.2,2461.3,691.2,23.63,54.1,22.5,622.4,2,JACQUARD_PATTERN_SHIFT
30.05,22.48,5.86,416.1,2015.1,689.2,24.83,41.8,33.5,531.6,1,OIL_STAIN
19.81,16.44,3.91,327.4,1998.1,542.1,23.47,66.5,21.2,561.5,3,BORDER_SEWING_DEFECT
14.22,9.75,2.61,376.2,2150.9,666.3,41.97,56.4,23.6,598.2,0,YARN_BREAKAGE
13.99,11.28,5.18,436.5,2187.1,603.1,43.7,55.2,20.6,476.2,0,YARN_BREAKAGE
27.82,17.89,4.46,449.1,2372.9,711.8,24.36,66.5,24.7,579.5,2,JACQUARD_PATTERN_SHIFT
19.99,17.64,4.97,273.5,1970.2,652.5,18.79,67.6,22.0,469.2,3,BORDER_SEWING_DEFECT
25.58,19.95,3.39,486.2,2603.2,745.1,22.43,61.2,22.8,619.6,2,JACQUARD_PATTERN_SHIFT
23.31,12.67,4.66,305.6,1955.7,676.9,19.29,61.5,23.8,487.5,3,BORDER_SEWING_DEFECT
26.14,21.06,4.62,443.7,2435.7,699.3,26.17,57.8,24.1,620.9,2,JACQUARD_PATTERN_SHIFT
24.85,20.38,3.14,409.6,2544.8,717.4,16.84,67.5,23.6,641.9,2,JACQUARD_PATTERN_SHIFT
16.0,9.33,4.29,429.2,2156.4,620.2,33.58,61.1,26.9,551.2,0,YARN_BREAKAGE
26.62,19.57,4.58,464.8,2418.7,727.6,24.05,58.7,25.7,592.1,2,JACQUARD_PATTERN_SHIFT
26.18,19.86,7.9,449.8,2126.7,622.5,26.67,42.2,30.1,509.0,1,OIL_STAIN
28.68,12.61,9.0,461.7,2195.3,604.6,23.16,45.3,30.3,535.0,1,OIL_STAIN
30.58,15.02,6.14,502.6,2343.9,614.0,23.03,44.1,29.8,594.9,1,OIL_STAIN
15.14,10.78,4.12,445.6,2177.4,585.1,47.17,64.7,23.0,526.2,0,YARN_BREAKAGE
27.0,15.5,8.07,397.0,2170.2,616.9,14.87,41.2,35.9,532.2,1,OIL_STAIN
27.72,15.08,3.86,303.7,1871.0,578.9,21.39,56.8,21.2,517.4,3,BORDER_SEWING_DEFECT
15.62,9.28,5.26,463.5,2051.5,624.7,42.46,56.8,21.7,523.5,0,YARN_BREAKAGE
32.37,15.72,4.24,463.3,2508.0,718.6,23.57,57.6,21.0,645.0,2,JACQUARD_PATTERN_SHIFT
25.1,15.34,2.49,441.8,2429.4,712.4,23.82,55.1,22.1,639.3,2,JACQUARD_PATTERN_SHIFT
27.78,17.26,4.24,457.8,2483.4,700.3,25.25,62.9,27.4,619.5,2,JACQUARD_PATTERN_SHIFT
27.85,18.99,4.93,435.6,2439.8,721.1,23.37,58.1,26.5,641.5,2,JACQUARD_PATTERN_SHIFT
28.9,20.7,7.71,442.3,2218.4,574.2,21.25,35.9,33.2,532.1,1,OIL_STAIN
25.19,13.39,6.94,452.2,2307.5,566.9,23.92,40.9,34.7,541.6,1,OIL_STAIN
22.77,16.7,4.07,461.7,2403.0,685.8,21.46,60.0,22.0,627.8,2,JACQUARD_PATTERN_SHIFT
22.61,14.1,2.92,317.7,2039.1,592.2,16.95,63.4,22.5,480.4,3,BORDER_SEWING_DEFECT
28.88,18.07,3.52,437.5,2409.8,723.5,27.26,63.8,27.3,583.0,2,JACQUARD_PATTERN_SHIFT
22.74,11.97,8.33,447.4,2092.2,638.3,24.47,48.0,31.0,506.4,1,OIL_STAIN
28.42,16.34,5.69,404.9,2493.3,727.3,25.14,55.6,24.9,660.1,2,JACQUARD_PATTERN_SHIFT
21.2,13.66,3.57,302.8,1818.1,601.5,25.99,57.7,25.0,529.9,3,BORDER_SEWING_DEFECT
30.96,12.11,7.56,460.0,2303.3,635.5,21.35,47.5,31.8,543.3,1,OIL_STAIN
23.64,16.76,4.96,306.4,2042.2,553.3,18.76,59.2,23.1,523.6,3,BORDER_SEWING_DEFECT
26.86,14.67,4.06,303.2,2102.1,635.3,20.06,61.4,23.8,565.6,3,BORDER_SEWING_DEFECT
21.98,17.2,6.82,451.3,2087.7,632.8,20.79,47.2,30.8,555.6,1,OIL_STAIN
27.74,18.99,3.98,447.7,2423.7,712.8,23.35,55.9,23.5,633.8,2,JACQUARD_PATTERN_SHIFT
15.26,9.26,4.09,422.3,2278.8,683.4,44.08,55.0,23.5,547.9,0,YARN_BREAKAGE
26.1,18.21,9.44,468.3,2358.0,629.2,16.15,42.5,29.7,547.3,1,OIL_STAIN
23.3,14.24,3.56,327.2,1981.4,594.9,19.74,64.7,20.4,521.8,3,BORDER_SEWING_DEFECT
18.33,13.8,3.33,314.1,1902.4,541.9,21.34,64.4,25.9,520.7,3,BORDER_SEWING_DEFECT
27.76,19.65,2.82,442.8,2351.8,705.3,19.69,63.7,24.8,589.8,2,JACQUARD_PATTERN_SHIFT
23.62,16.24,2.96,332.6,1970.6,560.4,17.11,62.6,25.1,496.3,3,BORDER_SEWING_DEFECT
15.14,8.7,3.82,406.1,2217.0,616.1,39.84,54.9,22.4,523.7,0,YARN_BREAKAGE
14.4,8.72,5.43,420.3,2264.2,627.1,49.28,59.1,21.7,524.6,0,YARN_BREAKAGE
20.36,16.2,5.9,453.0,2459.2,717.4,19.66,67.1,24.1,652.8,2,JACQUARD_PATTERN_SHIFT
15.34,8.32,3.98,452.8,2170.2,639.6,53.74,60.2,22.5,522.1,0,YARN_BREAKAGE
23.36,17.78,7.92,423.7,2341.7,647.6,18.14,45.4,31.4,593.0,1,OIL_STAIN
25.28,19.41,4.36,455.7,2459.8,704.2,25.71,58.1,20.9,615.0,2,JACQUARD_PATTERN_SHIFT
24.83,16.1,2.46,314.9,2055.1,587.9,14.53,66.5,20.5,461.2,3,BORDER_SEWING_DEFECT
22.09,20.35,4.17,350.4,1906.3,502.4,21.09,63.2,19.8,519.0,3,BORDER_SEWING_DEFECT
27.26,12.58,7.66,448.3,2292.6,639.3,19.5,43.8,33.1,542.7,1,OIL_STAIN
26.48,22.44,4.67,456.7,2608.7,716.1,25.2,58.8,25.7,590.0,2,JACQUARD_PATTERN_SHIFT
24.91,17.67,7.16,491.5,2272.7,648.2,20.35,40.0,29.9,549.7,1,OIL_STAIN
26.31,11.97,4.99,313.4,1921.0,566.5,22.85,59.3,23.7,456.7,3,BORDER_SEWING_DEFECT
28.09,20.24,4.77,460.6,2524.6,716.2,29.3,63.0,23.9,643.3,2,JACQUARD_PATTERN_SHIFT
13.47,7.78,5.62,408.5,2138.1,571.7,37.94,57.5,25.7,467.0,0,YARN_BREAKAGE
27.13,18.3,4.47,448.7,2370.3,671.3,25.02,56.6,27.1,635.6,2,JACQUARD_PATTERN_SHIFT
13.65,12.62,4.73,460.6,2265.9,543.1,44.48,60.0,22.9,505.4,0,YARN_BREAKAGE
27.23,17.09,3.43,297.0,2064.2,577.3,24.07,60.7,22.5,545.9,3,BORDER_SEWING_DEFECT
25.82,11.05,4.18,310.7,2073.2,557.8,30.96,69.6,21.1,546.4,3,BORDER_SEWING_DEFECT
29.0,16.11,5.63,497.3,2546.8,695.7,23.61,59.8,28.4,629.2,2,JACQUARD_PATTERN_SHIFT
22.53,18.73,8.38,421.2,2183.1,632.6,24.59,37.2,32.7,579.0,1,OIL_STAIN
20.42,20.52,4.81,279.5,1874.1,608.8,17.98,67.6,23.2,517.3,3,BORDER_SEWING_DEFECT
28.59,17.26,4.3,447.6,2512.2,720.1,24.9,60.9,28.3,616.7,2,JACQUARD_PATTERN_SHIFT
32.8,17.27,4.26,330.0,1993.0,600.1,18.29,65.9,19.2,494.9,3,BORDER_SEWING_DEFECT
21.05,17.29,3.64,312.3,1891.7,581.2,21.37,60.3,24.1,541.5,3,BORDER_SEWING_DEFECT
25.69,16.82,8.63,423.7,2235.1,651.9,19.12,41.0,28.8,581.5,1,OIL_STAIN
15.19,9.43,4.39,431.0,2235.7,630.0,41.37,58.0,26.0,561.2,0,YARN_BREAKAGE
32.75,19.05,3.34,417.1,2269.3,695.8,20.99,65.3,24.8,632.0,2,JACQUARD_PATTERN_SHIFT
22.24,17.05,3.33,310.0,1928.5,564.6,23.78,68.9,22.3,489.6,3,BORDER_SEWING_DEFECT
20.31,18.36,4.82,477.1,2438.4,683.7,25.35,48.3,26.4,653.0,2,JACQUARD_PATTERN_SHIFT
27.7,20.38,4.03,463.8,2574.8,671.6,21.86,54.7,25.5,639.6,2,JACQUARD_PATTERN_SHIFT
31.35,15.28,3.65,483.3,2447.8,698.4,26.88,60.3,24.6,637.6,2,JACQUARD_PATTERN_SHIFT
13.15,11.48,5.81,442.0,2201.0,610.8,36.92,58.7,26.3,533.7,0,YARN_BREAKAGE
25.24,19.92,4.16,325.3,1930.3,553.2,21.95,59.1,22.2,560.4,3,BORDER_SEWING_DEFECT
28.41,21.41,4.64,426.5,2367.3,724.8,19.43,59.0,23.1,689.2,2,JACQUARD_PATTERN_SHIFT
15.89,10.6,4.97,420.2,2207.9,627.5,48.92,69.2,22.1,543.9,0,YARN_BREAKAGE
24.85,19.91,7.71,449.2,2258.8,599.9,21.08,42.6,34.7,501.1,1,OIL_STAIN
27.24,17.67,4.02,470.5,2369.9,748.4,29.62,60.6,26.2,611.8,2,JACQUARD_PATTERN_SHIFT
16.63,10.39,6.15,452.3,2257.9,615.0,33.93,51.3,23.6,506.0,0,YARN_BREAKAGE
26.69,16.52,4.3,486.7,2524.8,682.1,21.62,64.8,27.6,678.7,2,JACQUARD_PATTERN_SHIFT
27.6,17.86,5.06,438.7,2561.5,699.3,23.65,66.9,19.8,670.8,2,JACQUARD_PATTERN_SHIFT
31.54,15.24,3.76,490.9,2423.7,755.2,25.4,54.8,24.9,631.2,2,JACQUARD_PATTERN_SHIFT
14.74,10.02,3.71,424.1,2405.6,646.9,40.88,53.0,23.3,462.6,0,YARN_BREAKAGE
12.79,10.58,4.68,438.2,2153.9,622.2,39.88,63.3,24.2,519.5,0,YARN_BREAKAGE
26.55,18.3,4.04,473.3,2482.9,710.7,28.69,56.7,23.8,612.0,2,JACQUARD_PATTERN_SHIFT
23.41,17.91,2.79,319.6,1934.5,629.8,19.83,60.2,22.3,560.8,3,BORDER_SEWING_DEFECT
15.79,11.13,4.71,452.9,2210.9,603.1,41.45,71.5,24.9,493.5,0,YARN_BREAKAGE
15.12,11.82,5.21,391.9,2195.9,609.8,47.77,58.3,24.5,583.0,0,YARN_BREAKAGE
11.68,9.27,3.72,413.8,2368.6,557.1,47.02,54.6,24.4,566.0,0,YARN_BREAKAGE
14.06,8.83,3.75,437.6,2242.7,622.4,41.68,57.2,24.5,565.5,0,YARN_BREAKAGE
16.49,9.52,4.36,479.7,2077.1,629.0,38.28,47.2,18.5,563.2,0,YARN_BREAKAGE
20.96,16.59,2.69,313.9,2002.4,567.9,19.93,56.4,22.1,470.2,3,BORDER_SEWING_DEFECT
28.2,14.0,3.14,331.3,1937.6,608.1,15.17,56.6,20.0,585.3,3,BORDER_SEWING_DEFECT
26.42,14.53,6.8,438.8,2208.8,656.7,16.48,44.4,30.4,598.3,1,OIL_STAIN
23.68,18.78,5.21,315.0,1993.8,539.1,26.35,66.9,23.9,498.8,3,BORDER_SEWING_DEFECT
22.77,19.38,6.29,429.3,2278.9,595.8,33.49,45.6,30.0,520.9,1,OIL_STAIN
20.98,14.19,3.53,294.2,1961.0,593.9,12.93,67.2,19.9,509.1,3,BORDER_SEWING_DEFECT
21.28,16.06,6.36,446.7,2280.0,615.4,26.71,49.3,31.8,519.5,1,OIL_STAIN
12.51,9.35,3.42,447.2,2170.6,526.3,44.11,55.3,25.4,553.8,0,YARN_BREAKAGE
24.48,18.67,7.91,433.3,2280.5,596.1,22.56,43.9,32.8,543.0,1,OIL_STAIN
29.09,18.66,8.88,381.4,2350.2,611.4,19.7,45.9,32.8,538.4,1,OIL_STAIN
25.19,18.41,4.23,460.6,2537.5,750.6,24.61,69.0,23.7,625.8,2,JACQUARD_PATTERN_SHIFT
23.6,19.8,4.25,457.8,2541.1,673.8,24.84,61.1,23.2,613.5,2,JACQUARD_PATTERN_SHIFT
12.66,10.0,3.9,387.3,2159.5,667.9,30.65,56.5,21.8,500.8,0,YARN_BREAKAGE
14.45,9.78,5.69,528.2,2130.9,562.5,42.49,63.0,27.1,469.9,0,YARN_BREAKAGE
24.13,19.9,3.52,445.7,2392.2,749.2,25.04,58.7,28.9,669.2,2,JACQUARD_PATTERN_SHIFT
18.05,11.08,4.5,429.7,2371.0,594.3,43.65,50.6,22.4,536.0,0,YARN_BREAKAGE
10.0,8.83,4.87,429.9,2161.4,586.5,39.0,59.0,26.9,547.5,0,YARN_BREAKAGE
26.85,21.64,3.49,485.9,2636.0,746.6,22.2,60.2,23.9,615.2,2,JACQUARD_PATTERN_SHIFT
16.52,9.92,4.38,452.1,2230.6,593.1,46.48,56.7,22.5,571.7,0,YARN_BREAKAGE
14.53,13.45,4.14,439.1,2113.2,541.1,43.52,52.3,25.2,453.5,0,YARN_BREAKAGE
26.98,16.75,8.62,406.7,2266.0,639.7,25.22,52.2,32.2,560.9,1,OIL_STAIN
25.88,15.72,7.81,442.4,2191.9,654.5,22.28,39.2,34.3,501.8,1,OIL_STAIN
13.57,7.12,4.79,396.5,2282.3,629.9,48.37,55.6,25.2,571.8,0,YARN_BREAKAGE
24.81,17.52,7.42,484.5,2257.2,681.2,17.42,47.0,31.0,532.4,1,OIL_STAIN
16.01,9.13,4.56,417.7,2086.5,540.9,42.01,56.1,26.2,553.4,0,YARN_BREAKAGE
22.3,15.68,4.4,321.4,1970.9,585.4,19.81,64.0,22.1,482.5,3,BORDER_SEWING_DEFECT
27.01,22.76,7.47,402.7,2234.0,594.1,27.56,42.7,30.0,558.6,1,OIL_STAIN
29.92,16.29,2.8,293.5,1970.8,646.7,16.02,52.2,22.1,503.8,3,BORDER_SEWING_DEFECT
27.74,21.42,3.51,473.1,2500.5,693.3,27.81,64.6,24.0,600.5,2,JACQUARD_PATTERN_SHIFT
32.15,18.65,3.91,428.7,2567.9,761.2,24.05,52.1,26.1,662.4,2,JACQUARD_PATTERN_SHIFT
20.32,13.95,4.44,290.9,2026.1,607.3,25.99,66.8,24.8,518.7,3,BORDER_SEWING_DEFECT
25.2,16.91,3.21,306.9,1960.5,544.5,20.62,65.8,24.1,539.5,3,BORDER_SEWING_DEFECT
27.52,12.07,2.32,333.9,2011.0,564.0,21.88,60.4,24.7,456.8,3,BORDER_SEWING_DEFECT
27.78,18.22,3.29,443.6,2448.9,718.9,22.76,55.8,21.2,602.6,2,JACQUARD_PATTERN_SHIFT
23.74,19.04,4.91,327.0,1899.4,585.4,18.83,64.7,23.8,482.0,3,BORDER_SEWING_DEFECT
27.04,20.19,4.54,494.0,2572.7,717.5,25.98,64.5,26.5,636.1,2,JACQUARD_PATTERN_SHIFT
30.11,19.53,5.22,496.4,2468.7,703.4,26.46,58.8,23.2,669.1,2,JACQUARD_PATTERN_SHIFT
27.4,11.96,9.31,408.2,2180.4,605.3,16.77,41.1,33.2,520.2,1,OIL_STAIN
24.22,15.61,5.29,489.7,2320.0,748.1,28.98,61.9,23.2,663.5,2,JACQUARD_PATTERN_SHIFT
18.76,7.44,4.48,377.8,2061.7,571.8,40.97,59.8,24.2,513.2,0,YARN_BREAKAGE
23.11,12.67,4.95,314.8,1948.2,580.1,15.49,59.4,22.8,510.9,3,BORDER_SEWING_DEFECT
30.02,12.47,7.67,422.9,2258.2,591.9,21.02,42.7,31.2,547.2,1,OIL_STAIN
11.16,9.8,4.27,404.3,2127.1,594.2,42.27,57.8,25.6,500.2,0,YARN_BREAKAGE
27.89,17.28,3.03,318.5,2047.1,574.8,23.47,64.6,23.7,489.4,3,BORDER_SEWING_DEFECT
27.4,19.0,7.28,427.2,2217.1,566.1,21.4,53.6,35.1,513.0,1,OIL_STAIN
20.97,15.06,3.35,307.7,1908.6,593.2,16.84,59.5,22.5,560.1,3,BORDER_SEWING_DEFECT
15.09,8.05,4.48,479.8,2134.3,720.3,37.82,58.4,23.1,516.7,0,YARN_BREAKAGE
14.86,9.9,4.55,451.0,2360.4,596.6,45.41,50.4,21.8,466.1,0,YARN_BREAKAGE
21.85,14.68,3.71,298.8,1985.9,516.0,23.06,61.8,21.0,483.7,3,BORDER_SEWING_DEFECT
28.33,18.08,4.84,433.3,2421.4,761.5,24.26,56.1,22.0,618.8,2,JACQUARD_PATTERN_SHIFT
26.89,18.71,4.5,450.2,2534.3,728.6,23.27,58.5,29.5,597.7,2,JACQUARD_PATTERN_SHIFT
13.28,6.75,4.81,410.8,2274.3,594.0,50.74,57.5,21.6,557.3,0,YARN_BREAKAGE
19.38,12.19,5.36,466.2,2279.2,651.7,47.05,61.7,21.9,498.0,0,YARN_BREAKAGE
27.4,18.54,3.98,468.9,2465.8,733.8,22.5,58.2,27.4,584.1,2,JACQUARD_PATTERN_SHIFT
29.83,15.36,9.16,441.2,2326.8,604.0,21.52,42.2,36.0,570.5,1,OIL_STAIN
23.43,16.9,3.44,342.0,1965.0,600.4,16.55,61.8,22.3,507.8,3,BORDER_SEWING_DEFECT
27.54,21.64,4.99,471.7,2528.0,705.4,21.77,65.2,22.6,639.0,2,JACQUARD_PATTERN_SHIFT
26.12,18.85,4.56,286.1,1923.4,568.6,25.89,65.6,22.2,449.1,3,BORDER_SEWING_DEFECT
24.04,14.18,2.44,299.2,1985.3,548.9,20.5,55.9,19.2,505.6,3,BORDER_SEWING_DEFECT
28.93,19.54,4.7,473.8,2474.6,685.6,26.51,59.6,24.5,680.6,2,JACQUARD_PATTERN_SHIFT
13.49,8.29,5.26,479.7,2139.2,555.3,44.26,55.1,24.9,506.2,0,YARN_BREAKAGE
24.76,15.24,5.45,453.9,2402.3,690.8,25.15,55.3,25.9,624.4,2,JACQUARD_PATTERN_SHIFT
26.28,14.14,2.56,320.7,1909.3,651.1,26.67,63.3,23.4,498.7,3,BORDER_SEWING_DEFECT
24.02,14.85,3.34,321.1,1960.4,589.4,22.66,69.9,20.6,487.2,3,BORDER_SEWING_DEFECT
21.15,13.75,3.9,282.4,1955.9,608.8,15.03,58.9,26.5,486.8,3,BORDER_SEWING_DEFECT
28.52,16.37,5.15,419.1,2470.5,688.6,26.78,67.0,24.1,595.6,2,JACQUARD_PATTERN_SHIFT
25.99,15.63,7.75,435.3,2245.3,614.4,21.73,40.1,31.6,569.1,1,OIL_STAIN
24.33,22.48,5.15,460.7,2520.3,742.9,21.84,70.6,24.7,606.5,2,JACQUARD_PATTERN_SHIFT
29.12,16.19,7.12,446.1,2114.2,635.2,21.25,45.8,30.8,541.2,1,OIL_STAIN
24.84,14.8,8.53,460.6,2140.3,582.4,29.2,44.8,35.7,530.4,1,OIL_STAIN
28.9,17.23,7.72,410.0,2213.5,575.0,18.35,39.4,33.6,589.9,1,OIL_STAIN
26.71,16.95,6.08,438.3,2237.4,625.7,22.21,47.4,30.6,536.3,1,OIL_STAIN
24.88,19.25,4.03,468.5,2436.9,668.7,26.4,59.0,25.0,626.5,2,JACQUARD_PATTERN_SHIFT
16.38,9.73,5.54,445.0,2163.3,667.0,41.7,55.4,26.3,556.8,0,YARN_BREAKAGE
33.66,17.56,4.48,443.3,2352.0,710.3,28.25,59.9,23.9,646.2,2,JACQUARD_PATTERN_SHIFT
15.75,9.13,5.73,401.3,2255.9,567.0,45.06,51.7,20.5,534.7,0,YARN_BREAKAGE
17.73,10.12,4.66,467.0,2135.2,651.2,33.66,55.0,18.7,618.5,0,YARN_BREAKAGE
11.39,9.71,4.65,422.9,2126.1,606.5,37.06,51.5,24.1,503.9,0,YARN_BREAKAGE
14.63,10.47,5.56,432.6,2266.6,628.0,37.71,54.8,25.9,576.9,0,YARN_BREAKAGE
16.86,9.04,4.79,507.7,2151.5,628.0,40.8,63.4,26.5,521.2,0,YARN_BREAKAGE
12.42,9.55,3.51,420.4,2210.1,615.1,39.23,46.7,22.7,538.2,0,YARN_BREAKAGE
16.49,10.24,3.93,476.8,2237.3,626.1,36.42,57.1,25.4,556.5,0,YARN_BREAKAGE
24.64,15.24,3.07,363.1,2000.5,586.5,15.54,64.5,21.9,519.7,3,BORDER_SEWING_DEFECT
22.57,16.14,6.43,443.0,2257.3,574.9,18.25,41.9,30.9,576.3,1,OIL_STAIN
23.78,15.69,4.29,340.5,1956.7,560.1,17.32,59.8,20.6,481.1,3,BORDER_SEWING_DEFECT
18.19,11.71,4.52,429.2,2371.8,644.8,44.76,64.4,22.2,539.1,0,YARN_BREAKAGE
24.85,17.8,5.56,439.7,2501.0,719.8,26.63,62.9,26.6,637.9,2,JACQUARD_PATTERN_SHIFT
24.76,15.16,8.23,448.6,2191.7,622.2,22.0,41.5,33.5,571.7,1,OIL_STAIN
20.5,16.22,6.54,450.8,2337.8,591.8,24.25,41.5,26.8,525.5,1,OIL_STAIN
13.35,11.05,3.59,397.0,2110.7,640.1,40.13,54.8,24.9,529.1,0,YARN_BREAKAGE
17.11,10.52,4.74,465.0,2193.1,617.4,41.77,61.8,26.6,572.2,0,YARN_BREAKAGE
18.77,8.25,4.6,420.8,2116.5,561.1,40.62,49.8,28.2,529.5,0,YARN_BREAKAGE
22.55,18.08,8.05,414.0,2192.4,599.8,21.75,44.9,29.1,505.3,1,OIL_STAIN
20.19,17.63,7.65,445.7,2213.1,642.8,19.56,40.9,32.3,542.9,1,OIL_STAIN
24.8,18.84,4.81,337.3,1982.9,584.0,20.56,57.6,18.3,541.3,3,BORDER_SEWING_DEFECT
23.65,18.23,4.56,443.8,2423.8,713.5,23.73,50.6,24.1,610.5,2,JACQUARD_PATTERN_SHIFT
28.22,17.08,3.77,478.2,2493.6,695.6,27.49,60.1,24.5,631.7,2,JACQUARD_PATTERN_SHIFT
25.08,15.09,7.93,445.0,2295.4,642.0,20.84,37.9,31.1,596.6,1,OIL_STAIN
26.03,16.39,3.7,458.4,2529.4,729.6,27.91,62.5,25.1,628.7,2,JACQUARD_PATTERN_SHIFT
16.14,9.03,3.45,391.3,2350.3,572.2,35.6,53.8,25.1,518.2,0,YARN_BREAKAGE
28.27,14.49,7.76,467.7,2211.1,603.6,25.64,41.6,28.6,490.2,1,OIL_STAIN
24.16,18.1,3.49,291.1,2007.6,606.7,12.64,60.1,21.8,491.5,3,BORDER_SEWING_DEFECT
17.71,10.64,5.4,435.5,2220.1,551.4,42.31,53.1,24.3,560.4,0,YARN_BREAKAGE
23.11,15.89,7.87,420.7,2250.3,684.9,25.29,40.9,31.6,530.5,1,OIL_STAIN
25.32,12.56,2.89,294.5,1979.8,593.3,22.78,53.6,22.9,500.9,3,BORDER_SEWING_DEFECT
14.04,9.22,4.48,422.0,2245.4,575.2,37.72,56.6,23.6,538.2,0,YARN_BREAKAGE
27.71,18.73,4.6,313.8,1941.8,560.6,17.06,57.7,20.5,516.8,3,BORDER_SEWING_DEFECT
10.85,11.11,4.44,448.6,2289.8,572.0,36.91,58.8,22.2,524.7,0,YARN_BREAKAGE
13.6,7.82,4.85,442.3,2212.4,644.3,44.18,49.5,23.2,581.1,0,YARN_BREAKAGE
14.49,9.59,3.85,425.6,2278.5,619.2,39.99,62.0,21.0,548.5,0,YARN_BREAKAGE
29.49,17.64,4.18,442.0,2470.9,720.7,20.46,67.5,27.3,652.7,2,JACQUARD_PATTERN_SHIFT
15.23,9.11,3.37,441.8,2151.1,640.2,43.12,64.5,23.7,484.1,0,YARN_BREAKAGE
29.7,20.0,4.66,477.4,2508.5,690.0,25.06,59.4,24.8,622.2,2,JACQUARD_PATTERN_SHIFT
13.35,12.37,4.71,461.9,2141.6,618.1,41.43,58.2,20.5,535.6,0,YARN_BREAKAGE
22.82,16.91,7.88,463.7,2117.8,617.6,18.18,45.7,32.6,547.4,1,OIL_STAIN
25.84,16.99,3.43,473.2,2422.2,733.0,20.28,53.2,27.1,649.8,2,JACQUARD_PATTERN_SHIFT
24.82,17.11,3.78,485.1,2376.9,717.7,26.86,59.2,24.9,644.2,2,JACQUARD_PATTERN_SHIFT
24.88,13.68,4.78,284.4,2120.1,568.6,16.12,67.4,18.0,530.8,3,BORDER_SEWING_DEFECT
31.23,15.7,7.81,404.5,2163.0,605.6,19.86,47.1,31.1,519.0,1,OIL_STAIN
27.63,18.51,4.1,474.1,2515.3,726.5,23.42,58.9,24.5,653.7,2,JACQUARD_PATTERN_SHIFT
25.46,11.86,4.43,334.2,1976.2,591.3,21.97,65.8,21.6,540.8,3,BORDER_SEWING_DEFECT
14.77,9.91,5.83,432.1,2173.1,619.0,34.72,50.5,27.9,551.7,0,YARN_BREAKAGE
22.63,19.82,3.43,447.1,2455.5,714.2,27.01,60.0,22.8,628.4,2,JACQUARD_PATTERN_SHIFT
12.24,9.38,4.83,447.1,2143.8,589.7,44.31,62.9,21.2,495.1,0,YARN_BREAKAGE
27.35,20.32,7.52,416.2,2107.1,596.6,21.82,46.5,32.5,531.3,1,OIL_STAIN
28.08,12.86,4.55,443.7,2476.9,706.7,18.27,54.0,25.3,594.3,2,JACQUARD_PATTERN_SHIFT
15.72,9.62,3.25,416.0,2238.0,596.1,47.81,57.0,25.2,524.9,0,YARN_BREAKAGE
28.4,18.03,4.02,459.9,2339.2,676.5,28.74,61.9,25.9,645.7,2,JACQUARD_PATTERN_SHIFT
24.22,16.07,4.46,333.6,1903.6,608.7,19.44,70.0,23.3,511.2,3,BORDER_SEWING_DEFECT
24.01,18.62,5.12,485.8,2416.7,703.3,20.11,65.4,27.9,647.1,2,JACQUARD_PATTERN_SHIFT
14.36,8.96,4.84,406.9,2138.3,604.3,37.12,50.4,22.4,579.2,0,YARN_BREAKAGE
26.04,21.94,8.65,438.7,2268.3,596.9,24.29,39.6,29.5,529.6,1,OIL_STAIN
25.57,18.96,2.91,436.9,2489.9,758.2,19.6,59.1,20.7,589.5,2,JACQUARD_PATTERN_SHIFT
22.67,15.47,4.1,427.0,2428.7,702.2,28.26,53.0,22.4,621.0,2,JACQUARD_PATTERN_SHIFT
23.6,16.19,7.77,436.8,2279.4,608.9,20.71,45.1,29.5,570.5,1,OIL_STAIN
12.74,13.24,4.17,416.1,2336.1,594.9,35.23,45.5,18.2,505.7,0,YARN_BREAKAGE
29.5,19.82,7.11,484.9,2400.5,615.1,19.3,42.1,31.7,568.2,1,OIL_STAIN
25.5,16.74,4.01,320.3,1974.9,616.4,19.16,62.5,20.8,495.1,3,BORDER_SEWING_DEFECT
15.83,9.92,4.48,436.8,2079.9,606.8,41.37,61.2,22.3,486.4,0,YARN_BREAKAGE
18.53,8.64,4.65,449.8,2238.3,667.5,38.53,47.0,20.1,524.8,0,YARN_BREAKAGE
29.41,15.48,6.23,426.7,2378.4,603.4,20.63,40.4,34.8,520.1,1,OIL_STAIN
29.22,20.21,4.54,461.3,2485.1,681.6,19.45,60.5,24.5,608.5,2,JACQUARD_PATTERN_SHIFT
15.73,9.47,4.8,457.0,2211.1,648.4,39.04,56.0,22.0,538.5,0,YARN_BREAKAGE
29.32,12.99,6.22,431.0,2224.6,611.3,14.82,37.7,33.6,514.0,1,OIL_STAIN
27.61,17.36,4.45,459.4,2534.4,663.6,28.31,48.2,25.2,588.1,2,JACQUARD_PATTERN_SHIFT
30.0,13.89,7.2,466.6,2365.0,629.3,18.0,44.5,32.7,514.8,1,OIL_STAIN
24.76,12.96,3.7,339.3,1894.9,632.7,18.42,71.3,22.8,497.9,3,BORDER_SEWING_DEFECT
27.57,17.64,3.7,447.7,2685.7,728.2,22.67,60.3,22.9,662.0,2,JACQUARD_PATTERN_SHIFT
18.0,8.02,6.62,438.4,2401.8,593.2,40.16,55.2,23.8,526.3,0,YARN_BREAKAGE
27.22,18.58,4.12,481.6,2288.1,725.5,29.23,62.9,26.4,597.3,2,JACQUARD_PATTERN_SHIFT
16.54,9.28,5.46,428.4,2168.9,641.5,46.15,58.2,21.5,537.2,0,YARN_BREAKAGE
29.56,12.59,4.63,322.7,2044.9,587.2,17.95,55.7,22.3,518.4,3,BORDER_SEWING_DEFECT
26.82,13.53,3.01,322.0,1917.4,525.4,13.91,68.1,25.6,529.8,3,BORDER_SEWING_DEFECT
23.57,15.51,4.53,436.0,2510.8,722.6,23.96,59.0,28.6,670.4,2,JACQUARD_PATTERN_SHIFT
26.65,16.53,5.23,445.0,2232.4,623.3,19.74,40.9,28.4,553.8,1,OIL_STAIN
16.9,10.4,4.12,404.2,2288.9,641.2,42.91,56.3,25.2,509.2,0,YARN_BREAKAGE
16.27,7.76,3.21,451.5,2235.2,537.1,45.83,61.7,25.4,508.3,0,YARN_BREAKAGE
18.11,18.43,5.84,303.0,1949.5,570.9,19.94,64.2,23.0,524.9,3,BORDER_SEWING_DEFECT
28.57,15.58,3.61,466.9,2541.2,713.8,24.38,65.0,25.8,630.3,2,JACQUARD_PATTERN_SHIFT
12.14,8.77,4.36,374.5,2189.8,634.4,40.99,61.1,25.4,499.4,0,YARN_BREAKAGE
28.96,13.31,7.67,341.9,2207.1,690.5,19.91,47.5,30.7,534.6,1,OIL_STAIN
29.75,16.4,4.07,478.2,2357.6,717.0,21.86,55.5,22.0,593.4,2,JACQUARD_PATTERN_SHIFT
12.24,9.16,4.87,391.6,2117.9,584.9,46.92,55.5,22.9,588.6,0,YARN_BREAKAGE
14.26,8.24,4.62,428.4,2285.6,643.1,38.02,58.4,23.7,555.9,0,YARN_BREAKAGE
15.81,10.36,5.3,438.5,2071.4,622.6,42.39,66.0,25.5,537.0,0,YARN_BREAKAGE
28.53,21.84,4.21,469.0,2571.9,720.3,22.99,60.0,25.1,665.8,2,JACQUARD_PATTERN_SHIFT
28.26,21.5,3.16,488.3,2433.8,728.7,21.7,57.8,27.7,662.5,2,JACQUARD_PATTERN_SHIFT
26.14,21.04,3.74,455.5,2468.4,737.5,18.26,66.6,24.9,610.1,2,JACQUARD_PATTERN_SHIFT
28.18,18.14,4.13,455.8,2527.1,693.7,22.26,53.7,24.7,620.6,2,JACQUARD_PATTERN_SHIFT
24.62,20.49,4.49,325.1,2000.5,631.4,18.93,57.1,23.6,475.5,3,BORDER_SEWING_DEFECT
28.13,14.82,4.34,306.3,1964.9,596.8,17.59,60.4,24.9,507.7,3,BORDER_SEWING_DEFECT
21.86,17.04,3.79,347.4,1953.8,547.5,20.08,66.9,19.4,518.9,3,BORDER_SEWING_DEFECT
13.97,9.84,5.4,445.6,2189.0,504.7,40.46,57.5,19.0,578.3,0,YARN_BREAKAGE
22.0,20.73,6.95,463.7,2209.4,530.2,18.7,44.6,34.1,559.4,1,OIL_STAIN
15.23,12.0,4.15,438.8,2479.4,639.8,43.16,62.3,25.6,515.3,0,YARN_BREAKAGE
21.37,19.77,4.62,297.1,1979.9,599.2,18.97,63.6,23.2,481.6,3,BORDER_SEWING_DEFECT
24.45,13.9,4.93,335.8,1969.8,613.0,22.44,61.0,21.4,537.8,3,BORDER_SEWING_DEFECT
25.29,14.8,4.31,459.1,2427.3,724.4,26.45,57.0,25.8,616.7,2,JACQUARD_PATTERN_SHIFT
29.38,20.31,4.05,481.0,2358.5,687.4,22.34,67.0,25.2,595.9,2,JACQUARD_PATTERN_SHIFT
23.93,17.96,7.6,414.2,2158.1,621.6,26.49,41.0,32.9,526.9,1,OIL_STAIN
17.96,7.99,3.69,392.1,2062.6,646.3,41.98,59.3,25.9,490.4,0,YARN_BREAKAGE
22.15,16.82,3.89,313.6,1891.5,582.6,19.63,66.3,25.5,488.3,3,BORDER_SEWING_DEFECT
27.87,18.15,6.56,408.3,2319.6,625.6,21.07,41.6,31.2,558.9,1,OIL_STAIN
26.62,17.46,3.55,488.4,2474.7,777.7,21.82,65.6,23.3,658.2,2,JACQUARD_PATTERN_SHIFT
29.29,16.83,4.26,422.0,2595.2,662.6,21.75,53.3,26.9,652.3,2,JACQUARD_PATTERN_SHIFT
27.28,18.02,3.96,462.4,2476.2,712.9,25.04,64.8,26.6,635.0,2,JACQUARD_PATTERN_SHIFT
14.5,9.31,4.19,430.1,2117.2,628.2,36.5,51.9,24.7,491.4,0,YARN_BREAKAGE
13.04,8.14,2.9,441.4,2254.0,540.2,50.17,57.6,23.8,527.4,0,YARN_BREAKAGE
14.1,11.96,4.41,413.6,2254.9,644.7,44.58,53.6,24.5,513.4,0,YARN_BREAKAGE
13.48,9.13,4.48,472.5,2308.5,606.1,44.53,54.1,24.4,513.3,0,YARN_BREAKAGE
21.43,14.41,3.85,314.0,2022.7,656.2,17.01,63.1,22.4,498.6,3,BORDER_SEWING_DEFECT
28.76,19.79,3.23,439.4,2432.7,690.3,28.11,64.3,24.9,651.7,2,JACQUARD_PATTERN_SHIFT
27.58,20.18,3.77,452.1,2555.5,676.6,24.85,63.5,25.5,635.1,2,JACQUARD_PATTERN_SHIFT
27.31,16.14,5.18,277.6,2034.4,613.6,22.76,58.3,19.3,501.2,3,BORDER_SEWING_DEFECT
16.42,10.24,4.16,389.0,2322.0,598.1,38.33,64.2,20.0,479.6,0,YARN_BREAKAGE
29.63,15.12,7.69,482.1,2232.2,624.4,24.45,36.9,29.2,556.3,1,OIL_STAIN
12.79,11.67,2.56,435.8,2212.5,580.0,38.41,54.0,22.8,499.9,0,YARN_BREAKAGE
27.46,18.07,8.16,457.2,2171.5,679.4,21.48,40.3,34.8,556.7,1,OIL_STAIN
25.03,12.98,4.13,321.1,1889.0,667.4,25.13,70.1,24.1,458.1,3,BORDER_SEWING_DEFECT
26.24,16.4,3.14,296.3,1971.5,656.9,23.18,66.0,19.5,515.6,3,BORDER_SEWING_DEFECT
25.66,14.03,8.38,454.8,2229.3,564.2,20.76,41.9,29.3,475.2,1,OIL_STAIN
11.77,8.52,4.99,395.5,2275.6,613.0,40.79,55.5,27.3,559.9,0,YARN_BREAKAGE
28.89,19.43,3.72,486.9,2404.2,731.4,18.37,54.1,20.1,625.8,2,JACQUARD_PATTERN_SHIFT
16.92,7.79,5.12,465.3,2364.6,617.3,42.93,60.4,26.0,523.7,0,YARN_BREAKAGE
26.34,18.28,5.26,479.0,2472.4,678.5,21.31,55.1,23.1,641.7,2,JACQUARD_PATTERN_SHIFT
23.28,11.55,5.74,280.6,2062.3,608.9,23.79,63.5,23.8,595.5,3,BORDER_SEWING_DEFECT
24.85,15.93,5.13,290.5,2038.1,606.1,19.32,53.2,24.4,500.9,3,BORDER_SEWING_DEFECT
24.35,15.56,4.15,350.8,1987.0,553.6,23.63,58.7,25.5,454.0,3,BORDER_SEWING_DEFECT
20.48,14.42,4.3,320.4,2010.7,484.7,22.09,71.5,23.8,498.1,3,BORDER_SEWING_DEFECT
16.09,10.55,5.68,435.0,2182.3,609.2,41.72,68.1,21.8,529.7,0,YARN_BREAKAGE
25.89,21.66,4.95,474.1,2417.2,685.8,29.22,57.1,27.6,616.5,2,JACQUARD_PATTERN_SHIFT
26.6,14.6,4.29,462.3,2632.0,666.9,25.62,65.6,25.4,647.1,2,JACQUARD_PATTERN_SHIFT
10.84,11.43,4.25,458.4,2253.9,555.7,37.9,55.8,26.4,506.5,0,YARN_BREAKAGE
14.03,10.09,5.6,409.4,2231.8,630.7,43.18,62.2,19.1,548.3,0,YARN_BREAKAGE
26.28,18.18,5.66,476.2,2511.0,677.9,20.79,67.1,29.4,623.8,2,JACQUARD_PATTERN_SHIFT
13.85,10.55,4.49,439.9,2231.1,610.1,44.54,59.2,25.0,565.6,0,YARN_BREAKAGE
27.33,20.86,4.59,447.8,2353.2,689.8,21.57,54.1,24.0,643.5,2,JACQUARD_PATTERN_SHIFT
23.48,18.53,8.49,441.2,2121.8,584.6,15.24,44.6,31.1,527.2,1,OIL_STAIN
30.3,16.63,4.37,465.7,2398.1,706.7,26.68,58.9,26.5,611.5,2,JACQUARD_PATTERN_SHIFT
22.61,17.08,4.24,321.1,1935.6,607.3,18.81,57.4,20.8,451.4,3,BORDER_SEWING_DEFECT
26.24,16.65,5.59,471.9,2162.5,675.2,23.23,46.7,32.0,529.8,1,OIL_STAIN
26.77,17.58,3.42,440.7,2543.9,732.5,23.21,50.8,27.4,665.4,2,JACQUARD_PATTERN_SHIFT
17.03,11.39,5.05,490.3,2112.2,610.0,45.35,56.0,21.4,549.3,0,YARN_BREAKAGE
16.48,10.14,4.48,473.5,2268.8,630.5,37.84,65.9,25.4,522.3,0,YARN_BREAKAGE
22.06,21.07,7.43,449.5,2342.5,579.9,19.34,44.7,28.2,583.5,1,OIL_STAIN
13.85,6.27,3.08,434.5,2207.2,631.2,43.53,58.5,21.5,524.5,0,YARN_BREAKAGE
27.08,15.58,3.27,303.7,1963.3,597.4,17.17,56.3,20.2,516.5,3,BORDER_SEWING_DEFECT
22.46,17.2,7.04,434.4,2244.4,618.2,21.9,40.8,31.0,566.0,1,OIL_STAIN
24.35,12.07,8.13,467.9,2261.5,650.1,21.44,44.5,32.5,595.4,1,OIL_STAIN
29.05,13.39,7.6,463.6,2109.5,638.9,20.35,41.0,30.2,540.5,1,OIL_STAIN
17.9,10.46,4.25,432.1,2336.1,643.5,37.02,53.3,25.7,510.7,0,YARN_BREAKAGE
18.01,9.9,3.49,446.7,2267.2,541.8,41.4,48.6,23.1,497.7,0,YARN_BREAKAGE
14.42,7.92,4.3,374.9,2049.7,657.5,45.8,56.1,20.4,520.5,0,YARN_BREAKAGE
29.54,20.5,7.74,439.7,2299.9,629.0,21.75,40.0,33.0,541.0,1,OIL_STAIN
20.38,12.0,7.16,418.5,2258.9,640.3,20.79,46.3,30.7,522.9,1,OIL_STAIN
26.18,18.77,5.23,427.6,2313.3,673.8,24.12,46.0,33.5,494.7,1,OIL_STAIN
14.45,7.72,4.97,478.9,2212.7,526.3,48.11,55.8,23.6,558.2,0,YARN_BREAKAGE
27.88,18.33,7.95,428.2,2184.5,613.4,26.19,44.0,29.5,561.7,1,OIL_STAIN
25.89,14.81,4.16,287.7,1987.9,629.9,17.66,68.3,23.8,500.5,3,BORDER_SEWING_DEFECT
28.49,20.95,4.91,491.0,2454.0,743.6,24.89,64.2,22.2,630.4,2,JACQUARD_PATTERN_SHIFT
26.31,15.76,7.39,457.1,2202.7,628.3,21.98,49.5,31.3,556.7,1,OIL_STAIN
27.95,16.39,4.3,419.1,2482.4,735.1,25.8,67.2,26.9,600.2,2,JACQUARD_PATTERN_SHIFT
24.41,20.03,4.46,477.1,2561.6,677.9,19.35,65.5,28.1,601.5,2,JACQUARD_PATTERN_SHIFT
21.78,14.09,2.75,334.4,1924.7,597.9,20.01,62.0,24.2,490.2,3,BORDER_SEWING_DEFECT
25.9,19.2,7.26,426.0,2145.7,647.6,23.79,41.1,31.1,574.9,1,OIL_STAIN
30.58,21.72,4.87,463.6,2377.2,715.2,23.64,61.4,24.3,605.3,2,JACQUARD_PATTERN_SHIFT
25.48,18.55,7.66,453.2,2328.9,592.6,19.35,39.8,35.5,540.9,1,OIL_STAIN
30.13,15.46,4.12,308.4,1936.6,624.5,22.98,57.1,25.4,457.3,3,BORDER_SEWING_DEFECT
11.02,9.08,3.85,451.2,2200.1,626.8,45.33,49.3,26.2,511.9,0,YARN_BREAKAGE
22.23,16.83,7.76,456.0,2375.4,578.6,17.73,40.9,31.5,554.9,1,OIL_STAIN
27.09,19.16,7.91,436.7,2424.0,619.6,24.36,44.9,30.3,564.3,1,OIL_STAIN
26.21,20.53,4.24,434.9,2516.8,721.8,14.0,62.3,23.6,643.1,2,JACQUARD_PATTERN_SHIFT
29.66,21.57,5.11,462.3,2514.5,684.3,28.39,47.9,23.7,568.8,2,JACQUARD_PATTERN_SHIFT
20.83,14.16,2.74,301.4,2023.4,681.9,22.54,55.4,23.4,533.7,3,BORDER_SEWING_DEFECT
27.18,17.89,3.3,495.9,2464.0,716.1,22.44,57.1,25.6,614.9,2,JACQUARD_PATTERN_SHIFT
15.95,11.07,5.32,428.8,2339.6,578.8,45.35,66.4,23.6,519.3,0,YARN_BREAKAGE
26.5,21.04,7.39,435.5,2246.6,637.9,26.3,43.1,32.8,601.3,1,OIL_STAIN
30.63,18.85,7.8,421.9,2302.3,623.0,17.12,43.0,33.1,547.3,1,OIL_STAIN
23.9,12.55,6.58,457.2,2197.6,622.1,16.68,37.8,34.0,517.1,1,OIL_STAIN
30.45,21.1,8.84,428.5,2273.0,681.1,16.74,45.2,29.8,532.3,1,OIL_STAIN
23.34,17.84,5.1,471.2,2358.1,699.7,19.01,57.6,22.7,603.9,2,JACQUARD_PATTERN_SHIFT
24.32,19.77,7.98,392.2,2263.1,645.5,22.9,41.1,31.8,521.4,1,OIL_STAIN
13.7,11.34,2.99,428.2,2179.9,618.2,44.93,57.0,25.6,546.6,0,YARN_BREAKAGE
26.6,14.72,3.01,324.8,2056.1,574.7,14.93,61.3,21.8,527.3,3,BORDER_SEWING_DEFECT
22.16,16.02,4.48,324.7,2071.4,609.7,21.08,66.1,23.9,518.7,3,BORDER_SEWING_DEFECT
32.36,21.13,4.94,497.1,2541.0,687.9,28.13,54.8,27.1,674.4,2,JACQUARD_PATTERN_SHIFT
25.71,21.33,2.81,463.0,2484.8,700.5,29.24,56.4,23.4,618.4,2,JACQUARD_PATTERN_SHIFT
21.41,21.34,7.44,431.6,2254.4,626.4,22.08,37.5,31.8,558.0,1,OIL_STAIN
28.84,14.91,7.11,436.6,2177.0,595.8,20.77,41.8,33.8,548.9,1,OIL_STAIN
24.31,17.14,6.54,453.1,2271.1,597.1,27.87,44.6,28.2,580.0,1,OIL_STAIN
27.79,19.03,3.34,300.0,1969.6,630.8,19.59,62.1,21.0,501.9,3,BORDER_SEWING_DEFECT
25.08,19.38,3.22,457.4,2441.9,711.8,28.51,51.5,23.4,647.7,2,JACQUARD_PATTERN_SHIFT
17.35,16.06,4.43,301.1,1952.2,564.8,21.03,64.9,22.0,561.4,3,BORDER_SEWING_DEFECT
19.33,15.34,5.96,293.9,1931.1,601.9,19.63,66.1,22.4,530.0,3,BORDER_SEWING_DEFECT
21.68,16.22,4.51,329.5,2077.4,568.6,16.35,61.4,22.9,493.2,3,BORDER_SEWING_DEFECT
14.46,11.28,4.52,415.8,2255.6,579.2,44.07,57.2,22.0,521.7,0,YARN_BREAKAGE
14.85,9.7,4.19,424.3,2114.6,597.9,43.92,62.6,22.7,538.0,0,YARN_BREAKAGE
12.34,9.39,3.56,415.1,2143.0,616.3,41.12,55.0,25.1,492.0,0,YARN_BREAKAGE
26.21,12.97,2.8,337.6,1959.2,560.0,15.94,55.2,20.3,579.7,3,BORDER_SEWING_DEFECT
15.8,8.22,4.14,403.6,2049.4,650.7,43.6,51.1,24.1,490.4,0,YARN_BREAKAGE
15.19,9.43,3.64,447.5,2074.6,588.5,39.55,52.7,25.0,505.9,0,YARN_BREAKAGE
24.05,20.86,4.37,302.3,1980.7,544.6,18.48,52.8,22.4,583.4,3,BORDER_SEWING_DEFECT
32.3,18.66,6.84,469.9,2227.9,651.2,20.24,38.4,32.0,589.6,1,OIL_STAIN
22.18,17.74,4.74,322.6,1909.9,584.5,17.61,67.5,20.6,539.2,3,BORDER_SEWING_DEFECT
23.75,17.16,4.91,466.0,2522.5,738.1,21.49,63.5,22.0,646.1,2,JACQUARD_PATTERN_SHIFT
25.79,14.06,9.12,466.4,2103.6,600.8,22.36,45.7,27.7,603.4,1,OIL_STAIN
19.78,19.21,7.86,444.6,2187.6,585.9,24.66,45.0,35.6,580.7,1,OIL_STAIN
13.45,8.49,4.77,410.9,2087.5,620.9,51.55,59.5,23.5,507.6,0,YARN_BREAKAGE
15.54,10.34,3.21,445.7,2317.7,644.9,48.39,58.1,26.6,584.5,0,YARN_BREAKAGE
26.5,15.65,4.48,470.7,2434.5,692.4,26.99,56.6,26.9,621.1,2,JACQUARD_PATTERN_SHIFT
12.23,7.17,3.9,424.9,2191.5,608.0,38.61,53.1,22.8,480.9,0,YARN_BREAKAGE
25.94,16.94,4.35,324.7,1947.3,537.2,22.03,62.6,24.6,491.6,3,BORDER_SEWING_DEFECT
25.44,18.13,4.07,461.3,2592.4,662.8,23.13,58.0,25.3,642.0,2,JACQUARD_PATTERN_SHIFT
21.15,16.83,6.95,485.3,2197.0,618.7,23.91,46.2,27.2,579.0,1,OIL_STAIN
26.97,17.59,5.48,464.3,2390.0,716.7,24.16,58.8,26.6,626.6,2,JACQUARD_PATTERN_SHIFT
22.37,13.95,4.47,313.3,1937.5,602.0,22.29,62.9,25.3,470.5,3,BORDER_SEWING_DEFECT
27.23,16.4,3.9,332.8,1892.8,590.2,18.89,60.1,25.5,507.6,3,BORDER_SEWING_DEFECT
27.7,19.66,4.71,448.9,2466.8,722.9,27.98,66.0,21.3,645.2,2,JACQUARD_PATTERN_SHIFT
26.49,20.39,4.12,494.4,2530.4,734.7,22.0,55.7,24.3,652.6,2,JACQUARD_PATTERN_SHIFT
24.86,17.37,5.83,371.5,2157.9,599.3,23.48,47.3,32.8,531.4,1,OIL_STAIN
31.24,21.41,7.4,471.8,2138.4,652.1,22.48,35.9,32.3,569.9,1,OIL_STAIN
25.32,14.94,4.67,456.3,2395.8,733.8,24.01,60.6,21.5,622.6,2,JACQUARD_PATTERN_SHIFT
25.65,16.87,4.25,317.0,1884.1,589.8,22.98,57.8,21.7,486.1,3,BORDER_SEWING_DEFECT
27.81,16.08,3.6,455.1,2627.8,668.3,18.95,63.8,27.0,641.2,2,JACQUARD_PATTERN_SHIFT
28.42,13.5,7.0,465.8,2303.5,581.9,17.82,45.2,32.8,516.8,1,OIL_STAIN
23.26,13.37,4.36,469.0,2387.6,748.3,26.55,64.7,23.4,622.4,2,JACQUARD_PATTERN_SHIFT
28.98,15.44,7.25,416.0,2341.8,588.9,23.69,38.7,30.1,564.1,1,OIL_STAIN
31.18,15.98,8.19,427.9,2363.3,669.9,26.11,38.0,32.3,610.3,1,OIL_STAIN
19.29,9.49,5.14,416.3,2117.6,618.5,43.16,46.1,23.1,487.4,0,YARN_BREAKAGE
15.82,12.09,2.92,448.3,2058.5,580.4,37.78,68.0,23.8,508.2,0,YARN_BREAKAGE
21.87,18.79,3.82,309.2,1885.1,587.7,19.46,53.7,21.7,536.3,3,BORDER_SEWING_DEFECT
26.26,16.11,6.42,412.6,2173.2,676.3,25.01,38.6,31.3,546.4,1,OIL_STAIN
26.24,14.15,3.11,310.3,2046.8,638.7,18.02,59.5,21.1,547.8,3,BORDER_SEWING_DEFECT
31.17,16.33,2.83,320.9,1977.7,551.9,17.21,65.6,19.6,521.7,3,BORDER_SEWING_DEFECT
24.86,14.81,7.32,422.8,2250.7,621.5,21.83,47.4,31.6,539.7,1,OIL_STAIN
26.45,17.05,6.12,438.7,2212.9,624.9,24.64,48.9,29.6,532.6,1,OIL_STAIN
23.99,15.38,3.92,469.8,2404.0,706.4,22.06,61.0,23.9,617.3,2,JACQUARD_PATTERN_SHIFT
26.47,19.32,8.47,462.1,2232.0,583.5,19.06,44.6,32.0,584.8,1,OIL_STAIN
24.63,15.28,7.85,442.9,2197.8,606.1,22.61,37.0,28.9,605.3,1,OIL_STAIN
25.48,16.61,6.19,412.8,2211.7,610.8,26.18,42.2,28.4,546.4,1,OIL_STAIN
22.47,14.68,4.15,307.9,1905.6,649.8,16.54,71.9,24.9,501.3,3,BORDER_SEWING_DEFECT
31.56,17.31,6.13,453.6,2264.8,617.9,20.66,43.5,27.5,583.5,1,OIL_STAIN
15.37,11.25,4.86,413.7,2171.8,543.2,47.56,58.7,24.9,538.5,0,YARN_BREAKAGE
26.24,16.56,2.48,320.4,1945.7,636.1,21.97,58.0,23.3,454.6,3,BORDER_SEWING_DEFECT
25.61,13.23,7.19,424.0,2335.1,578.1,16.28,47.2,29.9,575.9,1,OIL_STAIN
15.3,10.09,4.45,415.7,2404.6,624.6,39.97,64.1,23.3,514.0,0,YARN_BREAKAGE
24.15,15.22,4.33,292.2,1932.6,590.9,22.54,58.6,21.3,511.1,3,BORDER_SEWING_DEFECT
14.49,12.1,4.3,426.9,2273.2,607.2,38.02,64.0,22.3,515.7,0,YARN_BREAKAGE
16.64,11.68,4.47,446.7,2365.4,651.0,41.11,58.0,22.0,507.1,0,YARN_BREAKAGE
14.06,9.52,4.2,410.4,2109.1,517.9,41.96,49.3,25.1,539.3,0,YARN_BREAKAGE
29.77,14.44,4.5,309.6,1984.7,535.0,18.43,58.3,21.2,486.1,3,BORDER_SEWING_DEFECT
27.89,16.07,5.07,457.0,2521.9,705.8,24.02,59.7,26.8,616.9,2,JACQUARD_PATTERN_SHIFT
20.82,15.98,4.15,339.7,2057.3,597.2,15.66,60.9,17.7,503.9,3,BORDER_SEWING_DEFECT
11.57,7.86,4.29,420.7,2260.4,623.6,35.25,55.0,23.7,542.7,0,YARN_BREAKAGE
25.52,20.18,7.87,456.1,2279.1,585.5,23.71,46.7,32.2,536.1,1,OIL_STAIN
23.03,16.05,3.56,318.4,1976.2,517.9,14.82,69.9,21.3,516.5,3,BORDER_SEWING_DEFECT
32.12,19.82,4.18,433.2,2477.7,747.9,24.74,61.1,26.5,652.5,2,JACQUARD_PATTERN_SHIFT
13.98,7.27,4.44,402.6,2311.7,611.0,40.62,55.3,26.2,494.5,0,YARN_BREAKAGE
24.94,20.02,2.69,470.9,2483.8,710.2,22.63,60.0,28.2,658.9,2,JACQUARD_PATTERN_SHIFT
24.11,15.71,8.1,381.1,2356.4,559.7,21.2,45.0,30.9,570.1,1,OIL_STAIN
28.37,15.22,3.53,449.4,2541.3,719.2,23.29,58.1,24.8,616.1,2,JACQUARD_PATTERN_SHIFT
23.59,17.62,8.11,432.0,2276.6,633.3,23.0,43.8,32.6,588.5,1,OIL_STAIN
22.05,10.35,3.9,325.1,1905.0,542.8,20.37,72.9,22.5,501.8,3,BORDER_SEWING_DEFECT
21.44,12.44,3.82,294.7,1931.4,564.2,14.9,68.3,24.1,493.5,3,BORDER_SEWING_DEFECT
30.1,16.49,5.23,437.6,2468.4,668.4,19.01,60.6,22.3,649.7,2,JACQUARD_PATTERN_SHIFT
15.42,10.75,4.91,449.6,2192.6,621.1,42.87,51.9,25.2,554.3,0,YARN_BREAKAGE
21.01,19.4,3.32,321.1,1924.8,543.0,18.93,58.4,23.9,537.3,3,BORDER_SEWING_DEFECT
29.45,18.02,5.37,473.5,2495.4,755.1,22.26,56.8,27.4,618.5,2,JACQUARD_PATTERN_SHIFT
27.73,12.54,3.69,333.6,1975.7,606.8,21.69,58.3,24.3,502.3,3,BORDER_SEWING_DEFECT
21.15,13.12,6.94,417.5,2121.8,628.8,21.68,39.0,32.2,508.3,1,OIL_STAIN
28.81,19.57,4.56,487.7,2453.8,696.2,22.72,63.8,29.3,606.9,2,JACQUARD_PATTERN_SHIFT
34.6,16.29,6.97,457.5,2295.1,619.2,23.88,39.8,34.1,534.7,1,OIL_STAIN
20.86,21.63,5.45,463.8,2483.1,709.9,25.59,62.5,21.2,657.4,2,JACQUARD_PATTERN_SHIFT
29.61,16.2,4.44,469.3,2367.6,680.1,21.8,59.7,20.0,582.6,2,JACQUARD_PATTERN_SHIFT
13.44,6.55,6.17,436.3,2225.8,570.4,49.21,53.7,25.1,541.2,0,YARN_BREAKAGE
13.92,8.17,3.01,443.6,2124.0,561.2,44.4,59.2,21.4,582.6,0,YARN_BREAKAGE
11.93,7.42,5.01,444.9,2379.3,600.6,45.31,58.0,19.9,541.4,0,YARN_BREAKAGE
25.78,17.97,4.05,482.4,2433.0,697.6,25.68,52.0,24.0,621.6,2,JACQUARD_PATTERN_SHIFT
26.48,15.91,4.34,469.6,2515.8,703.0,22.3,63.2,21.8,626.1,2,JACQUARD_PATTERN_SHIFT
21.8,21.16,8.89,401.6,2274.6,657.0,23.59,44.7,31.2,533.9,1,OIL_STAIN
15.22,9.46,4.32,409.0,2141.1,591.6,48.69,54.7,25.7,576.8,0,YARN_BREAKAGE
14.62,8.58,4.36,414.3,2251.1,597.0,42.22,57.0,23.1,524.7,0,YARN_BREAKAGE
15.23,10.35,4.0,399.2,2236.6,601.4,40.5,61.6,26.5,521.6,0,YARN_BREAKAGE
26.9,15.55,3.2,466.3,2534.3,741.5,25.1,60.3,27.2,676.8,2,JACQUARD_PATTERN_SHIFT
33.0,11.99,4.34,328.6,1943.4,612.9,15.05,63.7,23.2,535.8,3,BORDER_SEWING_DEFECT
16.03,9.18,4.57,413.5,2231.5,599.1,37.68,61.9,23.4,517.3,0,YARN_BREAKAGE
27.78,14.74,3.84,458.0,2436.0,733.4,15.32,59.1,25.5,595.8,2,JACQUARD_PATTERN_SHIFT
26.3,14.44,5.75,448.4,2246.0,648.8,21.85,43.8,32.5,565.4,1,OIL_STAIN
26.33,16.56,4.4,521.4,2452.9,677.4,23.82,54.8,22.5,629.5,2,JACQUARD_PATTERN_SHIFT
14.07,9.68,4.35,440.1,2326.1,609.6,46.23,54.1,24.4,519.1,0,YARN_BREAKAGE
24.09,21.32,3.7,320.1,1921.1,537.3,13.79,67.8,20.6,492.7,3,BORDER_SEWING_DEFECT
19.27,8.78,4.57,419.6,2095.1,581.7,53.02,57.2,22.3,573.2,0,YARN_BREAKAGE
24.26,20.08,7.24,433.1,2247.7,631.5,28.39,51.4,31.7,518.3,1,OIL_STAIN
26.86,17.5,7.27,433.4,2156.2,686.7,19.74,40.3,29.9,544.7,1,OIL_STAIN
27.81,20.54,7.94,432.0,2227.2,659.5,20.58,47.5,34.1,531.6,1,OIL_STAIN
20.63,12.17,3.55,349.5,2111.2,556.3,18.61,62.6,22.0,477.7,3,BORDER_SEWING_DEFECT
27.07,15.51,4.88,298.5,2006.0,541.8,16.03,67.0,23.5,535.6,3,BORDER_SEWING_DEFECT
26.15,16.2,4.69,319.7,1936.9,631.9,27.5,60.3,21.9,482.2,3,BORDER_SEWING_DEFECT
26.58,19.65,4.65,480.8,2489.2,701.6,24.01,54.6,25.3,627.0,2,JACQUARD_PATTERN_SHIFT
24.28,16.22,6.43,338.4,1943.9,596.1,16.76,54.4,23.4,569.9,3,BORDER_SEWING_DEFECT
20.6,15.29,3.87,316.5,1883.1,581.8,23.66,54.9,23.3,533.1,3,BORDER_SEWING_DEFECT
29.24,18.8,4.56,428.6,2498.7,731.0,22.97,54.2,27.4,634.9,2,JACQUARD_PATTERN_SHIFT
24.47,15.61,8.42,436.1,2186.8,643.8,18.78,49.1,31.6,566.5,1,OIL_STAIN
25.87,15.07,4.78,418.5,2361.9,720.7,19.8,67.0,25.2,640.9,2,JACQUARD_PATTERN_SHIFT
24.34,19.24,5.97,420.5,2258.1,600.8,24.45,46.5,30.6,522.4,1,OIL_STAIN
12.93,9.55,4.48,436.0,2285.2,615.8,44.85,56.1,25.5,521.5,0,YARN_BREAKAGE
24.22,18.7,3.26,288.1,1940.6,618.7,17.19,54.8,19.9,546.5,3,BORDER_SEWING_DEFECT
29.19,16.66,5.18,453.4,2438.0,694.0,24.45,54.3,21.5,640.0,2,JACQUARD_PATTERN_SHIFT
14.71,10.15,4.79,414.4,2112.6,602.1,42.37,54.4,23.7,461.9,0,YARN_BREAKAGE
16.51,7.38,4.34,450.5,2258.0,627.3,39.95,56.4,22.1,505.3,0,YARN_BREAKAGE
27.31,15.75,8.01,459.5,2284.9,545.1,24.74,36.1,31.4,578.5,1,OIL_STAIN
25.91,17.58,8.11,441.0,2314.6,678.7,22.51,38.4,29.4,552.1,1,OIL_STAIN
22.76,10.45,4.97,311.4,1975.3,521.6,25.0,54.2,21.5,447.7,3,BORDER_SEWING_DEFECT
23.76,15.37,3.96,330.6,1909.9,583.0,23.54,64.5,22.9,507.5,3,BORDER_SEWING_DEFECT
25.1,15.64,4.3,476.2,2478.2,774.0,24.42,58.3,25.8,670.0,2,JACQUARD_PATTERN_SHIFT
23.83,20.24,3.85,459.9,2456.8,714.7,30.78,56.8,24.4,633.7,2,JACQUARD_PATTERN_SHIFT
21.75,19.86,4.87,454.6,2442.5,738.9,26.23,58.2,24.6,585.7,2,JACQUARD_PATTERN_SHIFT
14.96,10.42,5.61,414.9,2226.3,599.7,45.48,51.6,27.8,467.0,0,YARN_BREAKAGE
27.71,17.16,4.39,294.1,2023.8,668.7,16.8,71.8,23.2,506.9,3,BORDER_SEWING_DEFECT
21.49,17.21,8.01,425.8,2096.9,615.1,20.54,45.3,29.9,518.0,1,OIL_STAIN
31.95,18.92,3.62,449.5,2377.8,681.6,29.03,58.0,24.6,643.6,2,JACQUARD_PATTERN_SHIFT
15.17,8.5,5.16,434.6,2177.5,595.2,44.92,59.5,23.5,505.2,0,YARN_BREAKAGE
21.49,17.69,4.51,363.2,1905.3,579.7,14.48,63.9,21.8,543.9,3,BORDER_SEWING_DEFECT
19.57,19.43,3.02,328.3,1897.0,600.8,20.09,57.9,20.9,543.2,3,BORDER_SEWING_DEFECT
24.79,14.9,3.74,296.1,1973.3,596.7,25.43,68.8,23.7,487.3,3,BORDER_SEWING_DEFECT
20.69,20.85,4.99,300.5,1911.3,567.7,18.65,69.4,29.0,505.4,3,BORDER_SEWING_DEFECT
28.17,19.27,8.93,442.2,2193.0,672.5,20.58,38.4,32.1,551.0,1,OIL_STAIN
20.49,13.13,3.91,332.3,2002.8,559.0,22.15,60.5,26.2,530.6,3,BORDER_SEWING_DEFECT
25.86,17.06,5.84,414.1,2168.5,654.0,24.06,45.8,32.1,569.6,1,OIL_STAIN
29.79,17.51,3.17,493.9,2416.9,722.7,23.35,55.0,23.7,644.1,2,JACQUARD_PATTERN_SHIFT
28.7,18.8,5.84,438.4,2539.7,723.9,23.32,58.6,21.5,586.9,2,JACQUARD_PATTERN_SHIFT
21.78,15.5,9.99,418.8,2272.6,666.5,17.55,45.3,32.8,540.4,1,OIL_STAIN
27.97,21.84,8.76,378.5,2173.7,706.7,19.45,44.6,31.8,576.7,1,OIL_STAIN
22.33,16.85,2.0,308.1,1993.4,603.5,18.67,60.3,24.4,574.7,3,BORDER_SEWING_DEFECT
30.26,18.34,7.85,390.0,2225.5,608.4,22.88,42.7,27.2,520.4,1,OIL_STAIN
30.75,16.78,4.2,477.0,2574.8,688.0,30.35,59.1,23.6,655.3,2,JACQUARD_PATTERN_SHIFT
15.46,11.42,4.22,423.2,2190.0,577.0,44.49,58.5,21.8,511.0,0,YARN_BREAKAGE
21.12,15.98,4.11,323.4,2001.7,584.7,20.75,50.7,24.2,487.6,3,BORDER_SEWING_DEFECT
15.68,11.8,4.5,387.4,2390.0,633.8,38.03,56.8,22.9,613.3,0,YARN_BREAKAGE
21.04,16.02,7.21,453.1,2166.2,634.2,17.24,45.6,32.9,553.1,1,OIL_STAIN
12.18,13.4,3.47,468.0,2153.0,620.4,45.08,62.0,20.7,555.6,0,YARN_BREAKAGE
23.66,14.08,7.41,456.7,2180.2,664.9,18.62,43.5,32.3,587.7,1,OIL_STAIN
20.38,19.31,7.28,428.9,2397.1,629.1,25.76,42.9,31.5,583.5,1,OIL_STAIN
12.84,8.67,4.91,438.6,2273.2,597.8,42.28,65.1,20.7,533.3,0,YARN_BREAKAGE
14.16,10.21,4.65,416.3,2116.1,593.7,40.3,56.8,26.3,495.8,0,YARN_BREAKAGE
29.18,15.07,8.86,458.8,2277.9,623.9,29.71,46.8,33.2,546.8,1,OIL_STAIN
28.18,20.96,7.83,411.9,2287.6,656.8,24.34,44.7,32.7,558.4,1,OIL_STAIN
14.52,10.31,3.88,452.4,2357.0,636.6,42.04,53.1,22.0,536.6,0,YARN_BREAKAGE
14.15,8.59,4.97,441.4,2279.5,616.9,43.81,50.5,22.0,501.1,0,YARN_BREAKAGE
23.02,17.67,3.65,318.0,1973.3,608.4,21.11,72.1,21.8,525.2,3,BORDER_SEWING_DEFECT
28.88,18.4,4.27,449.0,2397.3,713.6,26.99,55.9,23.3,611.6,2,JACQUARD_PATTERN_SHIFT
22.92,17.59,8.05,407.1,2214.4,601.6,25.89,38.6,30.9,511.7,1,OIL_STAIN
28.97,19.01,4.69,453.5,2546.0,671.5,21.59,60.8,24.3,622.5,2,JACQUARD_PATTERN_SHIFT
21.54,14.28,8.14,440.9,2165.9,677.2,24.65,45.8,31.4,577.4,1,OIL_STAIN
23.69,16.2,4.1,308.7,1967.4,582.3,17.48,60.5,27.5,444.1,3,BORDER_SEWING_DEFECT
14.93,9.93,4.74,416.6,2204.5,621.2,46.58,64.8,25.1,557.8,0,YARN_BREAKAGE
11.32,8.67,4.58,467.9,2162.8,623.8,41.59,60.7,20.1,517.1,0,YARN_BREAKAGE
28.97,16.61,2.78,274.7,1963.4,571.3,27.09,57.5,22.4,529.5,3,BORDER_SEWING_DEFECT
25.3,19.34,3.28,460.2,2535.6,691.9,20.81,56.7,21.0,657.9,2,JACQUARD_PATTERN_SHIFT
28.23,15.45,7.22,407.3,2262.8,641.1,22.5,41.7,32.0,440.1,1,OIL_STAIN
27.44,17.4,4.34,493.1,2430.8,713.6,29.95,64.5,21.6,614.9,2,JACQUARD_PATTERN_SHIFT
29.57,16.46,7.4,414.5,2152.9,637.2,26.41,46.3,31.6,549.9,1,OIL_STAIN
16.5,12.52,5.42,460.9,2352.4,644.9,41.58,65.9,22.8,485.3,0,YARN_BREAKAGE
15.03,7.37,4.2,419.6,2220.6,606.0,42.55,57.1,21.0,513.7,0,YARN_BREAKAGE
21.4,16.5,3.9,300.4,1889.3,622.0,29.68,60.2,21.9,478.1,3,BORDER_SEWING_DEFECT
27.55,18.32,3.73,313.8,1915.4,621.8,22.49,62.9,22.9,465.9,3,BORDER_SEWING_DEFECT
19.44,17.1,4.32,325.7,1989.9,574.7,20.71,71.2,22.6,505.1,3,BORDER_SEWING_DEFECT
11.69,9.95,4.04,417.5,2241.3,595.8,42.2,66.4,22.7,534.4,0,YARN_BREAKAGE
13.45,11.08,4.17,466.4,2230.5,573.6,39.91,57.2,22.6,545.6,0,YARN_BREAKAGE
14.12,9.02,4.6,424.3,2238.5,591.9,46.12,51.8,25.4,563.7,0,YARN_BREAKAGE
14.08,9.44,3.7,440.5,2312.7,604.2,41.6,58.4,23.5,571.2,0,YARN_BREAKAGE
25.58,14.57,7.44,444.8,2251.5,631.3,22.36,40.9,29.7,536.7,1,OIL_STAIN
29.31,13.59,8.01,487.4,2344.0,624.7,21.53,35.3,30.4,522.6,1,OIL_STAIN
27.35,16.03,8.29,434.7,2235.0,652.4,26.05,45.5,30.8,477.2,1,OIL_STAIN
29.4,15.0,7.42,453.0,2278.0,686.0,24.69,38.1,29.7,555.9,1,OIL_STAIN
24.22,16.15,5.64,451.8,2293.4,599.1,22.61,46.7,27.3,526.8,1,OIL_STAIN
14.53,8.08,4.36,398.7,2264.5,585.8,41.14,53.9,23.1,466.8,0,YARN_BREAKAGE
30.45,19.72,3.79,453.9,2579.8,716.9,21.02,61.6,25.7,651.5,2,JACQUARD_PATTERN_SHIFT
23.85,17.97,3.06,316.4,1913.6,547.2,18.55,64.6,20.6,507.8,3,BORDER_SEWING_DEFECT
24.39,10.13,4.42,298.7,1889.1,568.0,22.42,61.6,23.1,493.4,3,BORDER_SEWING_DEFECT
25.34,14.53,8.47,413.0,2262.5,641.4,13.49,49.5,30.9,547.5,1,OIL_STAIN
28.45,13.62,9.29,469.2,2265.7,599.6,23.82,40.9,32.3,524.3,1,OIL_STAIN
12.74,10.72,4.21,418.6,2188.5,531.9,40.21,54.0,24.0,482.3,0,YARN_BREAKAGE
31.67,20.44,4.11,436.4,2569.9,729.2,23.66,55.6,26.3,650.9,2,JACQUARD_PATTERN_SHIFT
18.12,19.24,3.03,293.1,1992.6,597.0,18.42,61.8,28.0,545.2,3,BORDER_SEWING_DEFECT
25.02,11.75,3.83,320.5,1899.8,615.0,19.05,55.2,23.2,534.4,3,BORDER_SEWING_DEFECT
25.41,17.83,5.33,451.4,2538.0,685.2,27.73,59.1,25.5,634.3,2,JACQUARD_PATTERN_SHIFT
21.98,17.62,7.02,396.7,2185.8,632.3,17.35,41.0,31.5,612.6,1,OIL_STAIN
16.66,9.6,4.01,428.7,2118.4,583.3,42.8,55.0,23.8,539.2,0,YARN_BREAKAGE
15.65,10.91,4.42,456.3,2110.3,561.4,47.57,57.0,26.3,496.5,0,YARN_BREAKAGE
23.45,18.93,8.74,424.0,2145.1,672.9,25.89,41.4,33.9,558.4,1,OIL_STAIN
24.0,20.0,2.43,463.9,2473.1,690.0,21.74,58.4,27.3,621.1,2,JACQUARD_PATTERN_SHIFT
28.63,19.2,3.82,437.7,2406.3,699.4,25.66,59.9,24.8,601.6,2,JACQUARD_PATTERN_SHIFT
30.09,18.78,7.77,431.2,2062.6,663.5,21.8,47.8,33.9,507.9,1,OIL_STAIN
22.95,14.55,6.15,443.1,2357.7,626.1,16.1,40.9,34.2,584.3,1,OIL_STAIN
25.18,14.54,9.06,478.0,2237.2,654.5,20.11,45.3,26.3,543.0,1,OIL_STAIN
21.32,16.07,4.43,334.4,2047.5,606.1,21.25,59.4,25.0,483.0,3,BORDER_SEWING_DEFECT
27.26,16.65,4.41,465.7,2572.6,666.5,20.3,58.5,25.0,579.7,2,JACQUARD_PATTERN_SHIFT
30.31,20.84,7.33,457.5,2081.7,620.6,21.4,45.9,30.3,529.0,1,OIL_STAIN
17.48,8.23,4.26,452.6,2187.6,618.5,44.42,62.7,20.6,502.9,0,YARN_BREAKAGE
23.73,15.02,2.95,314.4,1934.4,581.8,21.82,53.0,24.0,471.8,3,BORDER_SEWING_DEFECT
21.18,11.25,4.67,319.7,1908.3,603.0,13.07,56.5,25.6,514.3,3,BORDER_SEWING_DEFECT
12.18,12.22,5.98,428.0,2264.1,590.6,38.41,61.6,25.4,506.1,0,YARN_BREAKAGE
12.56,9.25,2.73,451.9,2268.2,590.6,46.16,66.4,23.5,511.5,0,YARN_BREAKAGE
12.56,11.12,3.22,441.6,2255.7,590.7,39.45,60.1,23.6,512.4,0,YARN_BREAKAGE
24.01,16.45,4.58,293.9,2001.0,504.1,27.93,58.1,23.9,495.1,3,BORDER_SEWING_DEFECT
13.47,11.32,2.08,417.7,2173.5,539.2,51.11,59.5,25.7,568.1,0,YARN_BREAKAGE
27.51,16.21,4.3,286.8,1886.7,656.1,17.16,61.4,21.3,560.3,3,BORDER_SEWING_DEFECT
28.25,17.72,6.51,414.3,2302.4,631.4,30.84,39.0,34.7,544.1,1,OIL_STAIN
25.77,19.58,4.9,459.4,2466.9,698.0,26.74,52.9,27.2,629.8,2,JACQUARD_PATTERN_SHIFT
25.91,15.76,4.45,480.8,2491.1,737.2,26.18,53.1,26.7,607.6,2,JACQUARD_PATTERN_SHIFT
14.23,10.26,4.09,397.6,2155.0,616.5,39.25,67.7,24.9,556.4,0,YARN_BREAKAGE
29.02,19.26,4.38,478.0,2383.8,699.3,22.17,66.9,25.6,599.1,2,JACQUARD_PATTERN_SHIFT
24.36,16.38,3.84,319.1,2020.5,603.5,16.43,58.3,26.2,497.0,3,BORDER_SEWING_DEFECT
14.33,9.08,4.69,450.3,2281.8,611.0,40.86,51.6,24.5,516.1,0,YARN_BREAKAGE
24.41,14.49,7.47,401.3,2110.2,602.4,26.57,41.7,32.3,528.7,1,OIL_STAIN
23.71,18.71,7.62,444.8,2384.5,623.1,24.16,44.6,30.4,515.2,1,OIL_STAIN
25.32,16.54,2.42,300.9,2015.4,594.2,18.0,64.9,26.2,516.7,3,BORDER_SEWING_DEFECT
15.59,9.79,4.77,471.8,2136.9,666.5,44.81,53.7,24.9,514.0,0,YARN_BREAKAGE
30.49,15.48,3.84,521.9,2537.6,732.0,23.61,57.4,27.0,605.1,2,JACQUARD_PATTERN_SHIFT
13.98,9.19,4.94,407.3,2144.2,632.6,39.27,53.1,19.4,584.2,0,YARN_BREAKAGE
26.01,17.51,4.34,333.9,1894.8,595.6,19.49,65.5,23.1,550.3,3,BORDER_SEWING_DEFECT
29.46,16.14,6.62,462.2,2135.4,661.2,22.07,42.9,32.7,560.1,1,OIL_STAIN
14.3,9.22,5.24,381.8,2292.3,598.2,43.16,56.7,26.1,470.7,0,YARN_BREAKAGE
21.5,15.36,3.31,306.4,2073.4,632.8,19.79,59.3,27.1,480.7,3,BORDER_SEWING_DEFECT
24.63,17.34,4.56,465.6,2546.1,730.0,27.88,58.6,24.0,639.2,2,JACQUARD_PATTERN_SHIFT
31.28,19.85,3.78,488.6,2551.8,686.6,24.63,63.1,26.4,621.4,2,JACQUARD_PATTERN_SHIFT
28.22,20.52,4.89,466.6,2452.2,709.5,18.75,60.5,24.1,628.2,2,JACQUARD_PATTERN_SHIFT
13.87,9.84,5.52,396.8,2325.5,618.5,39.07,46.8,26.5,503.0,0,YARN_BREAKAGE
26.37,18.76,3.79,287.1,1965.2,662.5,21.93,62.4,19.7,469.8,3,BORDER_SEWING_DEFECT
28.19,15.69,4.56,463.5,2490.9,707.1,18.0,58.9,25.0,614.6,2,JACQUARD_PATTERN_SHIFT
30.63,16.2,7.45,428.9,2114.4,625.5,23.08,38.5,32.0,514.2,1,OIL_STAIN
21.62,15.32,3.88,302.2,1919.4,586.2,14.2,59.6,24.3,453.7,3,BORDER_SEWING_DEFECT
14.11,7.58,4.97,473.7,2187.2,623.3,41.67,55.0,25.7,512.1,0,YARN_BREAKAGE
25.2,15.46,8.23,407.6,2291.7,646.3,21.66,42.5,30.7,522.5,1,OIL_STAIN
24.11,16.72,7.49,456.6,2173.9,632.9,24.27,47.6,30.2,518.7,1,OIL_STAIN
14.63,9.53,4.89,389.2,2202.2,662.4,45.7,50.5,21.9,517.4,0,YARN_BREAKAGE
13.45,8.68,3.78,412.1,2157.6,617.9,37.88,46.9,21.9,534.2,0,YARN_BREAKAGE
16.25,8.67,4.82,444.1,2298.3,633.5,41.07,54.6,25.4,501.5,0,YARN_BREAKAGE
13.88,10.09,4.45,383.0,2145.0,616.3,41.77,60.0,20.6,537.0,0,YARN_BREAKAGE
25.58,12.58,2.91,290.4,1876.7,585.8,17.33,63.3,21.4,522.9,3,BORDER_SEWING_DEFECT
20.03,18.65,4.16,304.7,1980.6,584.8,22.19,70.5,22.6,528.2,3,BORDER_SEWING_DEFECT
27.73,16.0,9.23,443.5,2182.9,631.0,27.72,44.8,35.0,579.6,1,OIL_STAIN
22.71,14.69,4.06,316.0,1877.8,511.9,19.84,69.0,25.5,548.6,3,BORDER_SEWING_DEFECT
22.79,15.59,4.49,334.1,1817.6,614.2,20.65,62.3,24.5,494.9,3,BORDER_SEWING_DEFECT
21.16,15.73,4.22,293.3,2056.7,590.6,21.77,60.4,22.9,479.9,3,BORDER_SEWING_DEFECT
26.7,12.69,6.51,431.2,2376.4,601.3,21.14,41.1,31.8,482.7,1,OIL_STAIN
24.87,17.03,4.7,312.3,1888.7,594.9,18.0,63.1,20.5,441.6,3,BORDER_SEWING_DEFECT
30.98,18.83,4.11,468.2,2572.2,701.9,26.87,62.7,23.3,685.2,2,JACQUARD_PATTERN_SHIFT
28.72,19.21,7.85,452.9,2206.2,620.9,16.98,35.9,29.0,559.0,1,OIL_STAIN
12.97,9.45,5.71,385.5,2098.5,575.9,40.33,63.5,27.9,589.1,0,YARN_BREAKAGE
29.47,17.61,3.5,315.7,2028.7,642.7,21.2,60.5,21.4,460.4,3,BORDER_SEWING_DEFECT
16.15,10.88,4.5,444.3,2275.0,573.1,33.7,73.5,20.3,500.3,0,YARN_BREAKAGE
15.4,9.02,5.53,418.7,2232.8,628.9,41.26,66.4,23.3,468.7,0,YARN_BREAKAGE
22.71,17.67,3.78,324.9,2008.5,593.9,12.69,66.7,21.4,516.8,3,BORDER_SEWING_DEFECT
21.87,14.96,4.18,318.4,2034.1,582.0,18.42,58.5,24.7,538.7,3,BORDER_SEWING_DEFECT
25.63,17.76,4.57,445.7,2532.5,727.5,20.57,56.2,25.3,671.3,2,JACQUARD_PATTERN_SHIFT
23.37,20.97,8.3,450.6,2195.6,611.6,18.19,38.6,32.6,520.8,1,OIL_STAIN
28.18,15.07,2.63,312.1,1994.6,561.1,19.55,55.6,19.6,486.1,3,BORDER_SEWING_DEFECT
23.06,17.94,7.45,449.4,2312.3,608.6,23.15,40.8,33.4,513.7,1,OIL_STAIN
17.18,6.67,5.37,448.0,2141.0,616.7,29.32,66.2,22.8,525.7,0,YARN_BREAKAGE
28.25,17.31,4.03,481.9,2539.4,759.9,22.72,60.3,26.2,634.9,2,JACQUARD_PATTERN_SHIFT
27.92,14.96,3.38,439.2,2543.2,724.5,23.91,55.9,23.9,597.7,2,JACQUARD_PATTERN_SHIFT
23.19,18.05,4.5,338.5,2027.1,584.8,16.45,72.0,22.1,531.1,3,BORDER_SEWING_DEFECT
29.91,13.77,5.0,308.5,1955.9,539.0,15.89,62.4,18.3,531.0,3,BORDER_SEWING_DEFECT
22.48,16.84,3.42,324.6,1870.9,585.3,23.29,59.7,25.8,527.5,3,BORDER_SEWING_DEFECT
30.21,12.49,4.64,465.6,2401.8,685.1,22.16,59.7,27.5,604.9,2,JACQUARD_PATTERN_SHIFT
29.49,21.13,3.98,421.0,2512.4,688.1,24.28,53.8,26.8,628.6,2,JACQUARD_PATTERN_SHIFT
29.58,21.82,6.6,443.0,2217.8,670.4,26.45,48.3,32.3,493.7,1,OIL_STAIN
13.85,12.72,5.41,433.1,2202.5,546.9,47.81,48.5,22.2,472.8,0,YARN_BREAKAGE
23.71,14.25,6.49,446.4,2287.1,710.4,27.18,46.6,32.4,520.0,1,OIL_STAIN
18.75,16.19,3.08,340.3,2012.7,635.7,16.11,65.6,25.6,561.5,3,BORDER_SEWING_DEFECT
12.41,8.37,3.33,439.6,2256.6,630.5,39.36,56.2,23.4,550.0,0,YARN_BREAKAGE
20.68,15.59,3.87,311.9,2004.8,627.6,24.05,63.1,20.0,509.5,3,BORDER_SEWING_DEFECT
24.79,18.31,6.88,469.7,2288.8,595.4,27.34,42.6,29.7,532.5,1,OIL_STAIN
28.32,17.17,7.15,452.6,2196.6,643.3,19.07,37.6,30.3,553.6,1,OIL_STAIN
34.98,18.08,8.65,435.1,2255.1,634.1,19.78,46.4,31.9,502.9,1,OIL_STAIN
23.19,15.82,4.13,285.9,1999.8,586.3,21.15,63.0,22.2,467.1,3,BORDER_SEWING_DEFECT
29.35,17.74,3.58,433.7,2454.6,734.2,29.11,57.0,24.7,617.5,2,JACQUARD_PATTERN_SHIFT
26.42,17.24,4.43,310.0,2040.4,548.2,22.63,62.9,23.9,479.5,3,BORDER_SEWING_DEFECT
22.76,14.96,7.82,487.7,2355.5,625.0,23.78,43.5,32.0,534.0,1,OIL_STAIN
23.59,16.99,3.95,312.4,1950.4,592.9,19.11,67.1,26.5,457.8,3,BORDER_SEWING_DEFECT
23.71,15.99,4.05,455.7,2437.1,720.6,22.35,67.1,22.4,629.2,2,JACQUARD_PATTERN_SHIFT
13.05,9.04,5.55,450.5,2171.5,560.5,47.93,55.4,23.8,461.7,0,YARN_BREAKAGE
28.44,19.03,3.58,453.8,2446.6,707.6,24.35,62.3,23.1,635.2,2,JACQUARD_PATTERN_SHIFT
30.73,19.52,8.45,449.8,2242.6,692.1,24.92,40.8,28.8,554.1,1,OIL_STAIN
26.38,13.37,3.38,347.1,1945.2,580.8,25.36,69.2,25.6,577.7,3,BORDER_SEWING_DEFECT
27.48,14.68,6.77,406.0,2182.9,659.2,24.75,45.9,34.0,598.4,1,OIL_STAIN
26.62,16.83,4.42,465.2,2447.3,715.1,18.9,54.6,19.9,603.5,2,JACQUARD_PATTERN_SHIFT
29.72,15.83,4.32,455.9,2489.8,685.6,23.12,67.2,24.9,646.0,2,JACQUARD_PATTERN_SHIFT
28.3,19.52,4.39,482.8,2368.4,723.0,22.84,68.6,23.4,617.9,2,JACQUARD_PATTERN_SHIFT
15.01,8.54,4.52,447.3,2209.6,604.8,43.69,48.0,24.0,600.9,0,YARN_BREAKAGE
23.71,17.29,3.93,345.0,2067.3,630.2,19.65,56.8,21.9,529.5,3,BORDER_SEWING_DEFECT
29.44,15.98,3.73,305.8,2008.7,559.7,15.91,61.7,19.4,523.9,3,BORDER_SEWING_DEFECT
17.06,8.53,3.04,414.7,2304.6,626.5,40.37,51.1,24.1,518.0,0,YARN_BREAKAGE
13.4,11.28,3.86,395.9,2305.6,571.2,47.25,63.8,24.2,473.2,0,YARN_BREAKAGE
28.99,16.63,6.78,444.9,2308.0,626.5,25.88,47.7,31.1,591.5,1,OIL_STAIN
26.27,17.87,7.29,425.4,2190.7,641.1,22.11,44.2,33.5,501.7,1,OIL_STAIN
31.27,16.35,4.49,439.4,2569.4,711.2,26.35,66.7,27.6,669.1,2,JACQUARD_PATTERN_SHIFT
14.08,8.58,4.09,477.6,2164.3,551.9,41.93,48.5,26.4,523.9,0,YARN_BREAKAGE
14.75,11.06,5.39,413.3,2281.1,681.5,41.94,59.9,26.4,543.3,0,YARN_BREAKAGE
28.66,20.32,4.18,452.3,2539.3,691.9,21.86,53.8,21.1,649.5,2,JACQUARD_PATTERN_SHIFT
25.56,15.16,4.18,443.0,2452.8,703.8,21.63,58.7,22.8,633.9,2,JACQUARD_PATTERN_SHIFT
24.95,20.18,4.22,465.7,2406.4,706.0,22.46,66.2,26.1,610.2,2,JACQUARD_PATTERN_SHIFT
15.09,7.52,4.8,455.8,2212.1,583.9,40.51,63.6,24.5,544.8,0,YARN_BREAKAGE
29.34,18.95,8.06,441.9,2233.4,550.7,14.04,37.1,28.8,442.5,1,OIL_STAIN
27.86,17.9,3.46,336.8,1863.1,610.2,19.97,64.6,23.9,543.9,3,BORDER_SEWING_DEFECT
26.52,17.19,3.48,498.4,2444.9,692.0,21.89,54.9,24.7,657.7,2,JACQUARD_PATTERN_SHIFT
29.29,16.66,4.75,457.7,2443.9,716.0,26.37,60.8,25.5,613.3,2,JACQUARD_PATTERN_SHIFT
15.64,14.58,3.7,352.3,2026.8,603.5,19.86,59.3,20.7,497.9,3,BORDER_SEWING_DEFECT
13.03,9.68,3.78,480.3,2209.8,575.5,45.16,58.3,21.3,549.4,0,YARN_BREAKAGE
21.9,12.57,3.89,298.4,1908.5,578.4,11.43,63.0,17.6,453.5,3,BORDER_SEWING_DEFECT
29.41,17.84,8.18,452.5,2155.3,624.9,21.83,47.5,32.5,586.7,1,OIL_STAIN
26.95,19.41,4.49,445.9,2495.1,693.2,19.15,56.0,21.3,654.2,2,JACQUARD_PATTERN_SHIFT
29.22,17.25,8.6,441.1,2337.2,641.8,28.86,44.1,30.2,536.8,1,OIL_STAIN
25.9,12.52,4.39,340.3,1969.4,624.2,15.46,50.8,23.2,462.4,3,BORDER_SEWING_DEFECT
17.69,7.08,4.29,415.4,2223.8,614.7,41.72,53.4,23.4,467.7,0,YARN_BREAKAGE
20.95,15.77,4.93,322.9,1856.3,498.0,25.06,63.0,26.6,512.2,3,BORDER_SEWING_DEFECT
28.12,16.67,4.2,350.1,2037.9,576.7,17.22,59.7,19.0,502.4,3,BORDER_SEWING_DEFECT
31.98,18.1,5.05,479.9,2457.9,717.1,19.58,57.4,24.0,633.3,2,JACQUARD_PATTERN_SHIFT
10.0,12.61,4.56,443.7,2147.6,575.5,44.69,61.2,23.2,551.2,0,YARN_BREAKAGE
28.4,17.02,4.68,427.7,2560.5,661.5,23.2,57.2,24.5,653.1,2,JACQUARD_PATTERN_SHIFT
28.05,18.19,7.48,480.4,2306.0,602.6,26.1,46.3,28.0,517.6,1,OIL_STAIN
30.43,18.06,4.76,446.1,2438.6,739.1,16.97,58.1,22.6,618.3,2,JACQUARD_PATTERN_SHIFT
25.3,19.01,4.58,473.7,2490.9,727.8,23.01,58.6,22.5,607.0,2,JACQUARD_PATTERN_SHIFT
28.53,18.18,3.91,314.0,2077.1,578.2,16.75,59.4,26.2,440.4,3,BORDER_SEWING_DEFECT
28.8,14.9,4.23,450.1,2387.7,708.1,25.89,61.8,27.7,663.4,2,JACQUARD_PATTERN_SHIFT
14.33,10.19,4.63,433.5,2180.2,628.0,39.7,56.9,21.3,563.5,0,YARN_BREAKAGE
26.34,15.3,4.14,314.5,1903.1,520.4,22.61,62.5,20.8,492.8,3,BORDER_SEWING_DEFECT
23.01,16.52,3.49,297.6,1999.3,629.2,11.26,61.5,20.4,485.0,3,BORDER_SEWING_DEFECT
25.73,16.55,4.65,344.6,1901.3,551.0,25.14,65.0,23.4,476.6,3,BORDER_SEWING_DEFECT
28.84,16.26,4.78,471.9,2553.8,736.9,25.67,58.5,24.1,644.9,2,JACQUARD_PATTERN_SHIFT
18.37,10.35,3.99,468.9,2146.0,660.9,42.77,54.9,24.3,497.0,0,YARN_BREAKAGE
31.28,21.34,4.28,466.6,2571.4,651.4,18.27,62.8,24.3,668.8,2,JACQUARD_PATTERN_SHIFT
29.64,16.61,4.49,484.4,2461.7,717.2,27.57,65.4,25.0,677.4,2,JACQUARD_PATTERN_SHIFT
12.53,9.25,4.35,407.0,2163.4,658.8,36.43,59.2,23.6,503.4,0,YARN_BREAKAGE
25.01,19.45,3.38,476.5,2547.4,703.1,20.83,70.4,27.1,647.1,2,JACQUARD_PATTERN_SHIFT
23.64,18.1,4.33,491.7,2339.2,693.3,20.69,64.0,23.7,632.5,2,JACQUARD_PATTERN_SHIFT
26.03,13.58,6.92,484.1,2317.6,640.8,22.85,42.5,29.9,556.0,1,OIL_STAIN
26.27,17.12,3.18,303.5,1985.8,576.4,23.88,60.7,21.1,531.7,3,BORDER_SEWING_DEFECT
27.74,12.47,4.49,332.4,1929.1,606.8,12.82,60.7,27.8,520.0,3,BORDER_SEWING_DEFECT
14.71,9.12,4.95,461.4,2397.0,640.7,37.48,53.5,24.1,560.4,0,YARN_BREAKAGE
22.14,18.09,4.84,429.2,2475.2,712.5,23.51,64.0,24.9,595.0,2,JACQUARD_PATTERN_SHIFT
20.94,20.08,4.88,340.7,1937.9,623.2,21.15,57.5,20.5,487.0,3,BORDER_SEWING_DEFECT
15.95,7.97,4.13,426.7,2124.3,653.7,38.82,57.7,24.3,568.4,0,YARN_BREAKAGE
25.64,16.45,7.07,436.2,2185.0,622.7,21.42,46.2,29.2,512.3,1,OIL_STAIN
11.44,7.28,4.24,459.5,2112.0,630.7,37.71,56.5,21.9,489.2,0,YARN_BREAKAGE
24.0,20.67,4.4,442.5,2418.2,705.9,23.95,62.8,26.5,649.7,2,JACQUARD_PATTERN_SHIFT
25.86,17.99,4.44,469.9,2479.5,701.9,22.01,57.7,26.4,597.8,2,JACQUARD_PATTERN_SHIFT
15.31,8.46,3.96,424.1,2069.3,625.0,47.09,66.8,22.5,551.9,0,YARN_BREAKAGE
23.24,12.57,3.61,309.0,2074.7,589.3,19.74,69.5,25.1,543.7,3,BORDER_SEWING_DEFECT
16.7,9.44,5.04,422.3,2247.0,620.5,43.06,57.0,24.4,479.3,0,YARN_BREAKAGE
31.35,19.09,5.97,463.3,2149.7,634.8,24.16,43.1,32.3,556.7,1,OIL_STAIN
11.81,8.01,5.06,407.3,2259.3,607.9,40.43,57.1,24.2,545.6,0,YARN_BREAKAGE
17.81,7.43,5.24,434.0,2259.3,571.6,38.45,52.5,22.0,484.5,0,YARN_BREAKAGE
17.17,7.62,5.01,428.3,2237.8,686.4,44.67,66.5,28.1,481.1,0,YARN_BREAKAGE
23.53,17.97,7.14,466.4,2138.6,590.9,27.45,39.2,32.4,572.6,1,OIL_STAIN
24.67,15.58,4.58,308.8,1910.8,586.4,19.26,62.1,25.4,513.3,3,BORDER_SEWING_DEFECT
28.84,16.62,7.76,423.5,2101.9,683.1,21.67,41.5,29.8,537.8,1,OIL_STAIN
26.49,17.29,3.61,449.6,2555.4,691.9,22.23,64.5,24.6,661.3,2,JACQUARD_PATTERN_SHIFT
26.16,17.21,4.94,484.4,2454.6,727.4,24.01,60.7,21.6,585.3,2,JACQUARD_PATTERN_SHIFT
23.17,17.96,3.84,311.8,2012.8,590.1,26.62,63.7,23.8,554.8,3,BORDER_SEWING_DEFECT
28.63,19.67,3.62,420.6,2501.6,699.6,27.01,55.4,21.4,598.6,2,JACQUARD_PATTERN_SHIFT
27.43,17.01,3.0,324.0,1903.3,579.0,20.74,67.5,22.6,525.5,3,BORDER_SEWING_DEFECT
22.48,16.66,7.31,404.8,2283.9,683.8,24.39,47.6,30.1,497.7,1,OIL_STAIN
26.22,17.39,4.05,435.6,2440.2,650.5,26.19,58.7,24.1,625.7,2,JACQUARD_PATTERN_SHIFT
22.22,17.35,4.77,342.9,1923.6,616.8,17.12,64.9,22.9,475.8,3,BORDER_SEWING_DEFECT
23.67,18.22,4.02,482.2,2544.7,714.5,19.81,52.5,22.5,600.4,2,JACQUARD_PATTERN_SHIFT
26.92,22.48,6.61,425.8,2254.6,650.7,23.62,38.9,33.1,521.5,1,OIL_STAIN
22.11,16.71,5.47,487.5,2497.6,686.2,23.36,61.2,19.9,657.3,2,JACQUARD_PATTERN_SHIFT
24.1,17.81,4.12,314.7,1937.0,536.0,14.36,63.1,24.6,489.2,3,BORDER_SEWING_DEFECT
18.34,8.48,4.54,376.7,2205.4,638.7,44.15,61.6,27.1,527.3,0,YARN_BREAKAGE
14.72,7.47,4.06,467.8,2151.2,621.5,36.59,55.3,22.2,502.0,0,YARN_BREAKAGE
29.65,20.71,5.08,425.2,2530.0,735.3,25.04,60.2,22.5,642.0,2,JACQUARD_PATTERN_SHIFT
16.85,11.36,3.99,425.3,2294.7,626.8,38.61,49.7,21.2,562.1,0,YARN_BREAKAGE
26.16,21.95,5.59,465.5,2430.5,726.1,23.91,62.2,24.3,639.9,2,JACQUARD_PATTERN_SHIFT
25.45,15.94,6.98,405.2,2149.4,677.7,19.46,46.2,30.4,535.6,1,OIL_STAIN
25.23,16.07,5.4,273.5,1903.4,627.9,18.14,63.5,19.9,503.9,3,BORDER_SEWING_DEFECT
20.19,17.46,5.51,356.5,1961.7,607.3,14.48,59.2,23.1,537.9,3,BORDER_SEWING_DEFECT
29.21,15.48,4.26,435.8,2477.6,711.1,24.19,58.7,22.9,672.6,2,JACQUARD_PATTERN_SHIFT
26.95,17.23,3.57,459.1,2552.9,737.6,22.06,61.6,25.1,610.9,2,JACQUARD_PATTERN_SHIFT
29.51,20.19,6.78,410.2,2173.0,623.3,20.85,41.6,33.0,558.8,1,OIL_STAIN
20.36,14.61,3.74,331.8,1893.1,611.3,21.01,60.2,24.3,488.2,3,BORDER_SEWING_DEFECT
24.63,16.89,4.39,416.5,2459.7,683.4,29.84,50.7,24.3,671.0,2,JACQUARD_PATTERN_SHIFT
30.26,18.92,4.73,488.5,2560.6,685.7,29.14,58.9,26.4,617.6,2,JACQUARD_PATTERN_SHIFT
13.91,12.75,5.41,448.9,2245.0,522.6,42.06,60.0,18.1,537.0,0,YARN_BREAKAGE
15.98,8.63,5.6,453.9,2318.3,590.3,43.47,46.4,23.4,497.3,0,YARN_BREAKAGE
30.49,17.74,8.15,433.4,2181.0,685.5,20.45,44.3,29.1,515.6,1,OIL_STAIN
14.38,11.24,3.92,446.3,2141.4,620.4,38.5,61.5,22.4,518.8,0,YARN_BREAKAGE
14.54,11.3,4.42,422.8,2282.6,647.8,44.99,58.2,25.7,536.4,0,YARN_BREAKAGE
26.16,18.57,6.8,446.3,2202.7,611.8,18.87,38.6,32.1,573.1,1,OIL_STAIN
28.21,16.44,7.85,449.8,2240.8,703.3,23.43,43.7,32.6,556.1,1,OIL_STAIN
18.39,10.51,4.5,402.3,2223.2,633.2,42.25,68.3,22.9,484.6,0,YARN_BREAKAGE
30.23,19.96,6.13,466.1,2106.6,560.7,22.95,43.4,33.5,538.7,1,OIL_STAIN
30.0,19.41,3.77,472.7,2315.6,691.4,26.88,55.3,27.1,593.4,2,JACQUARD_PATTERN_SHIFT
26.5,15.35,8.35,461.1,2242.1,584.3,25.3,42.2,30.7,495.8,1,OIL_STAIN
21.39,13.29,4.01,269.0,1868.8,551.0,23.72,65.8,25.0,522.2,3,BORDER_SEWING_DEFECT
22.64,19.79,4.44,317.1,1969.0,589.2,15.6,57.9,19.1,569.8,3,BORDER_SEWING_DEFECT
26.24,14.83,6.17,440.4,2172.8,575.2,22.03,41.3,34.2,542.2,1,OIL_STAIN
27.4,16.71,8.51,438.4,2234.1,647.1,26.76,39.3,31.2,523.5,1,OIL_STAIN
27.31,18.41,8.67,468.9,2292.4,600.9,23.66,50.2,33.7,578.7,1,OIL_STAIN
28.28,17.8,4.57,460.9,2310.0,711.0,29.94,66.8,25.5,637.9,2,JACQUARD_PATTERN_SHIFT
26.06,19.92,7.39,402.8,2257.2,622.5,28.9,38.0,34.2,577.1,1,OIL_STAIN
27.36,18.55,3.36,436.5,2515.7,730.8,27.65,54.0,25.5,636.6,2,JACQUARD_PATTERN_SHIFT
28.88,19.52,3.83,455.4,2412.8,683.5,25.78,61.0,27.1,647.2,2,JACQUARD_PATTERN_SHIFT
32.73,16.87,4.93,439.1,2327.3,682.4,21.8,54.1,22.7,642.2,2,JACQUARD_PATTERN_SHIFT
22.53,16.62,8.27,457.4,2294.3,605.3,25.0,45.6,30.2,553.1,1,OIL_STAIN
23.73,16.08,3.35,280.9,2009.0,590.4,18.29,64.5,26.9,494.9,3,BORDER_SEWING_DEFECT
21.67,21.68,2.84,325.0,2000.5,576.5,23.57,61.0,19.6,524.7,3,BORDER_SEWING_DEFECT
28.28,15.43,3.44,446.9,2479.7,764.1,25.05,62.7,25.0,613.3,2,JACQUARD_PATTERN_SHIFT
23.96,15.14,8.26,455.9,2281.0,621.8,21.73,48.5,28.4,544.2,1,OIL_STAIN
27.41,19.57,6.16,471.1,2275.9,582.0,22.88,43.1,33.5,552.9,1,OIL_STAIN
24.65,15.62,3.69,328.8,1914.1,545.3,20.02,68.1,19.0,530.3,3,BORDER_SEWING_DEFECT
29.39,21.14,3.34,474.0,2400.8,717.7,24.13,56.0,27.2,631.3,2,JACQUARD_PATTERN_SHIFT
26.38,20.62,4.64,258.6,1877.2,604.8,16.53,56.7,26.0,543.7,3,BORDER_SEWING_DEFECT
19.51,16.41,3.15,277.7,1953.6,554.9,18.97,57.5,23.2,507.4,3,BORDER_SEWING_DEFECT
27.71,16.78,4.43,297.5,1942.6,610.5,18.84,59.3,18.4,507.1,3,BORDER_SEWING_DEFECT
27.37,19.17,4.66,427.8,2397.3,733.8,21.53,57.7,23.6,626.9,2,JACQUARD_PATTERN_SHIFT
25.85,18.58,3.94,429.8,2537.1,713.1,24.81,55.6,23.6,651.5,2,JACQUARD_PATTERN_SHIFT
30.08,19.08,6.93,455.5,2248.2,627.7,23.15,43.6,31.0,576.6,1,OIL_STAIN
26.42,14.19,4.52,323.6,1924.9,624.3,18.03,58.7,19.5,509.2,3,BORDER_SEWING_DEFECT
20.23,19.91,8.43,404.0,2280.6,585.9,28.64,44.5,33.2,530.2,1,OIL_STAIN
16.67,10.08,3.94,444.9,2246.5,627.8,44.0,49.9,24.1,436.4,0,YARN_BREAKAGE
26.5,17.7,3.99,488.3,2544.8,697.8,24.09,58.6,22.0,655.5,2,JACQUARD_PATTERN_SHIFT
22.48,17.38,3.96,325.3,1939.0,587.9,16.41,64.3,25.0,524.6,3,BORDER_SEWING_DEFECT
21.76,16.78,3.69,320.3,2033.4,653.9,16.01,62.8,21.8,483.4,3,BORDER_SEWING_DEFECT
27.42,16.92,4.41,329.4,1887.5,592.3,19.72,64.9,25.4,530.4,3,BORDER_SEWING_DEFECT
30.17,19.61,4.43,452.1,2503.5,743.1,27.5,67.8,25.4,651.2,2,JACQUARD_PATTERN_SHIFT
25.45,16.44,4.96,471.3,2454.4,729.0,23.32,66.1,26.7,629.8,2,JACQUARD_PATTERN_SHIFT
12.07,10.24,3.69,457.4,2322.4,639.0,42.63,66.4,25.0,538.1,0,YARN_BREAKAGE
28.67,16.42,8.85,478.6,2339.0,671.1,14.93,42.4,32.0,555.1,1,OIL_STAIN
14.35,10.34,4.42,422.0,2315.6,623.4,36.64,53.8,26.4,466.6,0,YARN_BREAKAGE
23.11,13.37,4.73,295.0,1971.5,635.7,22.29,57.3,24.9,502.7,3,BORDER_SEWING_DEFECT
24.83,15.91,7.21,413.2,2185.6,628.4,23.76,37.9,30.2,496.8,1,OIL_STAIN
29.17,16.44,8.72,454.2,2232.5,647.5,20.58,40.7,32.5,490.4,1,OIL_STAIN
29.17,15.68,3.79,504.4,2462.7,666.5,26.08,58.0,21.4,598.4,2,JACQUARD_PATTERN_SHIFT
25.83,17.83,7.52,455.5,2100.6,646.9,20.84,45.5,33.0,495.3,1,OIL_STAIN
16.03,10.01,5.04,415.5,2158.2,606.7,47.63,54.9,22.7,527.8,0,YARN_BREAKAGE
12.36,9.27,4.15,408.8,2214.1,623.3,39.72,43.8,20.3,526.0,0,YARN_BREAKAGE
28.46,19.56,2.59,290.3,1984.9,550.8,23.99,65.2,21.8,442.6,3,BORDER_SEWING_DEFECT
23.59,16.03,5.53,441.5,2206.3,598.2,25.31,43.7,34.1,518.2,1,OIL_STAIN
17.71,7.34,5.78,394.9,2339.1,606.7,37.52,65.8,20.9,445.4,0,YARN_BREAKAGE
28.91,12.44,4.06,341.5,1843.4,570.9,13.79,65.5,19.9,502.7,3,BORDER_SEWING_DEFECT
18.05,13.53,4.93,328.4,1897.6,561.3,21.93,65.3,24.5,548.6,3,BORDER_SEWING_DEFECT
25.32,19.53,7.08,397.4,2271.2,645.9,22.96,40.9,30.4,580.3,1,OIL_STAIN
25.59,13.17,3.46,293.6,1949.5,606.7,17.77,57.1,23.3,574.0,3,BORDER_SEWING_DEFECT
28.36,21.17,7.37,441.8,2254.5,650.2,21.35,45.8,32.8,540.3,1,OIL_STAIN
19.82,15.57,4.75,263.6,1965.6,650.1,18.66,56.5,21.1,519.2,3,BORDER_SEWING_DEFECT
27.0,15.12,6.19,413.2,2334.0,645.6,17.15,46.8,30.4,505.9,1,OIL_STAIN
23.51,17.73,4.46,454.2,2564.7,691.7,24.11,55.2,22.5,644.7,2,JACQUARD_PATTERN_SHIFT
24.75,16.77,3.06,325.8,1945.8,596.3,23.76,63.6,20.6,510.4,3,BORDER_SEWING_DEFECT
25.88,17.46,4.76,457.7,2540.9,724.7,20.66,62.6,24.8,601.6,2,JACQUARD_PATTERN_SHIFT
22.97,14.31,3.71,314.6,2033.4,592.9,19.19,58.7,22.7,494.1,3,BORDER_SEWING_DEFECT
25.24,14.91,4.71,475.8,2472.3,726.4,20.54,53.3,29.2,618.6,2,JACQUARD_PATTERN_SHIFT
28.57,19.08,5.93,460.6,2320.8,590.2,21.41,39.6,28.8,530.0,1,OIL_STAIN
28.34,18.08,4.99,466.4,2420.8,698.5,23.34,63.3,23.3,626.8,2,JACQUARD_PATTERN_SHIFT
28.03,14.49,3.43,285.4,1878.4,580.8,22.71,62.0,21.6,529.2,3,BORDER_SEWING_DEFECT
12.2,6.51,3.87,418.4,2223.6,617.3,34.82,65.0,24.4,556.7,0,YARN_BREAKAGE
19.85,19.84,6.89,449.2,2242.5,590.7,25.32,42.7,32.5,548.3,1,OIL_STAIN
29.92,17.78,3.47,500.3,2689.8,714.1,19.99,57.8,27.0,616.7,2,JACQUARD_PATTERN_SHIFT
15.72,9.14,4.78,407.1,2234.8,628.0,38.03,55.8,22.4,485.0,0,YARN_BREAKAGE
29.2,16.87,4.56,478.2,2454.3,733.8,26.69,46.7,25.5,585.6,2,JACQUARD_PATTERN_SHIFT
24.77,17.56,4.99,474.6,2397.4,695.2,23.44,56.1,24.8,609.6,2,JACQUARD_PATTERN_SHIFT
26.41,20.19,4.88,306.7,1916.5,569.0,19.69,63.2,21.2,513.9,3,BORDER_SEWING_DEFECT
25.93,16.18,3.21,460.9,2461.1,720.9,22.4,61.0,23.4,613.5,2,JACQUARD_PATTERN_SHIFT
19.38,9.4,3.15,418.9,2260.5,584.3,39.27,53.9,25.3,530.8,0,YARN_BREAKAGE
22.61,13.76,3.94,317.8,2057.2,645.9,17.12,62.2,25.5,538.2,3,BORDER_SEWING_DEFECT
17.36,10.39,4.37,443.8,2116.6,644.5,47.4,49.3,24.5,557.6,0,YARN_BREAKAGE
31.71,16.13,4.95,456.7,2434.2,693.1,22.99,62.4,26.3,631.2,2,JACQUARD_PATTERN_SHIFT
15.98,11.56,4.51,424.5,2155.8,667.3,37.12,55.2,23.5,536.9,0,YARN_BREAKAGE
27.16,16.69,4.03,297.3,2008.8,621.6,22.75,65.4,22.9,505.8,3,BORDER_SEWING_DEFECT
30.78,16.39,4.45,465.1,2444.3,697.0,23.13,63.7,25.1,610.3,2,JACQUARD_PATTERN_SHIFT
25.36,18.99,8.0,447.1,2125.1,679.2,22.84,43.6,34.4,531.3,1,OIL_STAIN
21.95,17.25,8.09,433.5,2233.6,583.7,21.95,43.9,32.1,512.7,1,OIL_STAIN
27.57,14.88,4.68,303.7,1950.2,633.3,26.0,54.7,23.1,525.9,3,BORDER_SEWING_DEFECT
26.2,17.28,4.11,456.6,2484.4,688.4,21.32,47.4,24.4,661.1,2,JACQUARD_PATTERN_SHIFT
27.17,18.41,6.07,428.6,2118.8,634.3,21.3,39.8,31.4,468.1,1,OIL_STAIN
27.02,14.88,6.45,453.5,2234.0,547.1,23.96,35.1,34.4,586.1,1,OIL_STAIN
30.47,13.87,4.78,300.2,1876.6,611.2,24.83,58.9,22.6,491.7,3,BORDER_SEWING_DEFECT
16.63,11.05,5.09,446.6,2098.8,565.7,45.17,54.7,23.9,482.3,0,YARN_BREAKAGE
27.48,14.01,3.84,451.9,2352.2,672.4,21.76,47.2,21.4,601.2,2,JACQUARD_PATTERN_SHIFT
27.82,14.19,8.28,404.5,2207.4,590.3,26.72,43.9,31.8,519.2,1,OIL_STAIN
15.15,8.63,5.45,431.1,2259.7,589.4,41.54,58.1,25.4,499.4,0,YARN_BREAKAGE
13.38,9.99,3.86,418.0,2161.7,668.0,45.87,59.8,23.6,564.3,0,YARN_BREAKAGE
31.36,15.77,3.79,482.7,2430.5,721.2,24.11,60.4,22.4,604.8,2,JACQUARD_PATTERN_SHIFT
24.61,16.78,7.63,448.1,2127.0,577.1,24.96,43.3,32.1,567.2,1,OIL_STAIN
25.64,12.7,4.25,335.1,2050.0,574.7,17.55,64.7,23.3,558.4,3,BORDER_SEWING_DEFECT
25.88,22.53,7.77,448.4,2254.7,657.4,21.65,49.1,32.2,522.1,1,OIL_STAIN
25.82,17.04,6.78,423.6,2210.2,606.2,17.81,44.4,33.6,533.6,1,OIL_STAIN
21.18,19.02,8.01,412.3,2314.5,645.5,26.11,45.9,32.3,548.0,1,OIL_STAIN
14.36,9.86,4.59,424.9,2208.1,612.8,38.96,44.3,22.6,468.4,0,YARN_BREAKAGE
23.91,12.88,2.76,305.2,2050.7,607.1,16.82,61.2,22.3,540.1,3,BORDER_SEWING_DEFECT
30.58,14.94,2.81,341.3,1945.2,598.0,23.63,55.8,21.4,477.1,3,BORDER_SEWING_DEFECT
33.8,14.68,7.28,413.2,1998.5,614.2,19.88,36.9,30.1,568.5,1,OIL_STAIN
25.59,13.56,6.76,454.3,2367.8,601.7,24.29,37.9,34.4,527.9,1,OIL_STAIN
13.41,9.56,5.6,456.1,2384.2,588.1,36.44,47.6,21.5,529.7,0,YARN_BREAKAGE
20.84,18.92,7.17,445.1,2124.7,594.7,22.57,40.8,30.3,535.5,1,OIL_STAIN
32.23,15.15,2.25,289.4,1982.1,590.3,17.58,60.2,19.8,540.0,3,BORDER_SEWING_DEFECT
23.57,18.85,6.81,472.5,2234.2,623.0,32.31,41.1,30.4,473.8,1,OIL_STAIN
26.83,16.64,4.37,414.8,2606.3,696.5,25.54,60.6,23.6,621.9,2,JACQUARD_PATTERN_SHIFT
16.12,10.03,4.89,409.2,2254.0,580.8,36.22,58.6,21.3,560.1,0,YARN_BREAKAGE
16.57,9.83,4.41,468.4,2256.5,617.6,40.87,55.4,25.2,565.2,0,YARN_BREAKAGE
26.65,17.38,5.71,497.5,2486.9,717.2,24.52,54.7,22.6,636.3,2,JACQUARD_PATTERN_SHIFT
25.24,17.13,4.03,337.2,2042.9,634.0,18.65,61.2,22.2,507.1,3,BORDER_SEWING_DEFECT
24.43,18.85,3.37,324.6,1965.9,551.7,19.12,71.7,22.3,529.6,3,BORDER_SEWING_DEFECT
13.59,9.86,5.08,441.7,2146.7,650.2,42.6,54.4,19.1,493.1,0,YARN_BREAKAGE
27.14,20.15,3.57,423.8,2502.5,692.1,25.0,60.0,29.5,625.1,2,JACQUARD_PATTERN_SHIFT
27.2,15.29,7.64,411.3,2169.1,688.2,24.7,46.3,30.6,586.1,1,OIL_STAIN
25.42,14.14,4.71,279.7,1927.0,629.2,21.67,68.6,20.3,476.3,3,BORDER_SEWING_DEFECT
25.39,17.5,8.65,455.1,2366.3,523.2,22.59,46.5,27.9,544.6,1,OIL_STAIN
27.54,20.74,2.42,461.6,2465.7,707.9,26.95,57.5,24.4,609.4,2,JACQUARD_PATTERN_SHIFT
31.6,16.85,4.6,474.4,2515.1,701.2,21.12,52.2,21.5,619.4,2,JACQUARD_PATTERN_SHIFT
25.72,15.94,5.49,316.1,2015.4,652.0,19.93,61.5,22.8,540.3,3,BORDER_SEWING_DEFECT
16.65,10.34,4.13,418.4,2224.7,626.3,44.97,66.1,20.6,545.5,0,YARN_BREAKAGE
23.63,17.95,8.13,479.7,2233.1,652.1,23.72,44.1,32.8,555.3,1,OIL_STAIN
23.47,14.26,5.27,291.1,2007.7,567.2,23.38,68.6,25.0,528.6,3,BORDER_SEWING_DEFECT
25.26,18.56,7.08,487.5,2219.1,637.5,22.17,44.2,30.8,506.9,1,OIL_STAIN
24.11,16.24,5.97,377.7,2146.8,612.4,16.92,44.3,31.2,519.3,1,OIL_STAIN
24.58,16.65,5.37,490.9,2615.6,732.0,23.09,63.5,25.7,615.2,2,JACQUARD_PATTERN_SHIFT
22.19,12.86,5.81,408.9,2209.4,682.3,27.45,40.0,30.6,533.2,1,OIL_STAIN
27.39,14.01,2.52,330.2,2025.5,592.2,23.11,58.7,23.8,487.4,3,BORDER_SEWING_DEFECT
16.62,18.12,4.42,317.3,2088.6,574.3,18.49,73.3,20.7,477.8,3,BORDER_SEWING_DEFECT
21.73,15.95,4.32,467.9,2507.0,713.2,23.78,54.3,23.5,609.7,2,JACQUARD_PATTERN_SHIFT
14.77,6.44,4.36,412.8,2449.5,593.5,43.98,63.1,21.6,553.9,0,YARN_BREAKAGE
27.2,14.46,4.6,482.6,2399.8,690.5,22.41,54.4,27.5,642.8,2,JACQUARD_PATTERN_SHIFT
24.06,10.66,3.99,317.7,1964.6,602.4,27.18,60.7,23.5,519.4,3,BORDER_SEWING_DEFECT
16.51,7.74,4.8,416.3,2154.1,538.7,46.12,59.2,20.9,497.5,0,YARN_BREAKAGE
23.03,18.05,3.29,344.1,1950.3,551.1,18.28,63.3,22.6,469.5,3,BORDER_SEWING_DEFECT
23.88,19.24,8.17,479.4,2193.0,598.4,22.59,46.7,31.4,540.0,1,OIL_STAIN
29.77,16.38,5.94,467.3,2488.3,688.0,30.04,64.1,23.4,680.6,2,JACQUARD_PATTERN_SHIFT
24.02,14.47,2.81,287.3,1962.8,626.5,24.07,58.3,21.6,489.1,3,BORDER_SEWING_DEFECT
23.01,16.1,3.62,470.0,2489.3,713.5,24.41,67.7,22.6,631.3,2,JACQUARD_PATTERN_SHIFT
10.0,7.48,3.22,377.9,2240.7,578.5,41.5,50.1,24.6,566.7,0,YARN_BREAKAGE
26.96,16.05,4.48,489.2,2463.8,704.4,20.78,55.1,23.4,633.2,2,JACQUARD_PATTERN_SHIFT
25.56,13.23,3.69,298.0,1931.5,603.3,20.24,61.0,19.9,533.4,3,BORDER_SEWING_DEFECT
23.78,17.47,8.57,436.9,2180.2,588.6,29.37,45.7,32.3,599.6,1,OIL_STAIN
25.71,15.78,5.24,466.2,2542.0,713.9,25.79,59.7,25.7,609.4,2,JACQUARD_PATTERN_SHIFT
16.74,11.59,4.81,473.5,2044.8,627.3,40.66,59.1,23.1,531.7,0,YARN_BREAKAGE
25.13,18.66,4.58,318.1,2022.1,579.6,18.9,56.5,24.6,553.3,3,BORDER_SEWING_DEFECT
11.97,8.65,4.29,389.8,2366.4,583.0,40.07,57.7,26.1,486.0,0,YARN_BREAKAGE
27.68,18.04,5.72,467.9,2429.7,698.5,24.85,57.5,27.7,617.5,2,JACQUARD_PATTERN_SHIFT
21.71,15.56,7.66,426.5,2183.3,674.8,26.67,45.8,32.8,554.8,1,OIL_STAIN
26.49,19.71,4.97,323.4,2017.4,606.4,12.24,53.7,22.7,512.8,3,BORDER_SEWING_DEFECT
27.48,16.53,3.78,497.9,2589.8,701.1,21.55,62.1,26.0,637.4,2,JACQUARD_PATTERN_SHIFT
22.81,15.44,3.9,331.0,1949.7,619.2,20.32,55.7,22.6,471.3,3,BORDER_SEWING_DEFECT
27.93,12.95,6.98,446.8,2195.1,609.7,23.77,41.2,31.5,547.4,1,OIL_STAIN
18.29,9.22,4.49,479.1,2162.6,561.9,36.11,55.8,19.8,524.6,0,YARN_BREAKAGE
22.53,19.25,2.91,292.3,2043.6,616.9,16.15,60.2,19.0,461.4,3,BORDER_SEWING_DEFECT
13.49,11.31,3.44,399.0,2234.3,647.7,35.76,51.9,24.5,588.7,0,YARN_BREAKAGE
23.2,18.51,5.17,319.8,1971.7,611.1,20.04,65.3,22.3,518.4,3,BORDER_SEWING_DEFECT
14.55,8.66,4.97,417.8,2182.9,592.6,46.3,70.9,24.3,526.0,0,YARN_BREAKAGE
12.6,12.12,4.68,469.1,2126.3,570.6,44.01,67.5,23.7,559.6,0,YARN_BREAKAGE
25.43,19.18,8.89,424.3,2259.8,666.4,19.28,41.5,31.9,517.6,1,OIL_STAIN
20.18,13.11,3.57,334.9,1945.8,619.1,19.86,59.2,26.8,497.9,3,BORDER_SEWING_DEFECT
25.1,18.83,5.97,457.4,2183.5,646.3,24.66,39.5,33.6,474.1,1,OIL_STAIN
24.62,18.42,6.38,415.9,2226.4,566.5,20.99,44.8,31.2,455.5,1,OIL_STAIN
24.22,12.1,5.13,317.8,2112.1,573.3,14.34,61.7,20.7,515.7,3,BORDER_SEWING_DEFECT
28.65,17.95,4.79,324.8,2015.3,661.5,23.72,65.4,21.0,525.3,3,BORDER_SEWING_DEFECT
29.87,18.87,4.67,482.4,2451.2,695.3,25.18,61.5,26.2,655.3,2,JACQUARD_PATTERN_SHIFT
25.06,12.84,4.62,347.9,2035.1,590.1,15.98,59.7,21.3,514.3,3,BORDER_SEWING_DEFECT
28.01,18.98,8.1,395.7,2409.4,668.3,22.74,43.4,30.5,514.9,1,OIL_STAIN
26.85,20.2,3.41,454.6,2436.5,714.2,24.57,60.1,27.8,654.6,2,JACQUARD_PATTERN_SHIFT
11.9,13.29,4.89,405.9,2212.9,620.6,35.82,55.1,24.1,530.6,0,YARN_BREAKAGE
24.34,14.4,3.2,283.4,1907.1,595.9,21.35,58.0,22.7,498.6,3,BORDER_SEWING_DEFECT
29.31,13.75,4.45,463.9,2444.2,637.2,23.45,62.2,21.8,603.0,2,JACQUARD_PATTERN_SHIFT
19.87,16.75,8.64,406.6,2255.4,536.7,16.9,48.0,29.2,497.0,1,OIL_STAIN
14.98,8.98,5.07,439.3,2293.1,632.2,45.48,67.5,26.1,535.3,0,YARN_BREAKAGE
26.97,20.7,7.07,402.4,2290.0,582.1,21.96,45.5,29.8,503.5,1,OIL_STAIN
16.23,8.49,4.34,445.6,2187.1,675.0,38.24,60.3,21.8,507.3,0,YARN_BREAKAGE
31.32,17.68,4.41,477.0,2441.7,681.5,24.26,57.3,23.3,664.7,2,JACQUARD_PATTERN_SHIFT
28.26,20.22,3.58,494.4,2409.9,701.5,24.13,62.5,24.8,642.9,2,JACQUARD_PATTERN_SHIFT
30.4,16.5,7.35,480.0,2223.4,655.4,24.98,45.2,30.8,486.1,1,OIL_STAIN
22.04,13.68,7.5,448.1,2171.9,677.3,21.73,42.9,29.4,519.0,1,OIL_STAIN
28.86,14.1,8.77,442.6,2239.7,671.3,19.72,48.0,31.7,560.0,1,OIL_STAIN
26.71,18.64,9.16,455.1,2223.7,671.5,23.72,48.7,31.6,554.3,1,OIL_STAIN
