yarn_tensile_strength,yarn_elongation_at_break,yarn_hairiness_index,twist_per_meter,yarn_linear_density_dtex,loom_speed_rpm,loom_tension_variation,ambient_humidity_percent,ambient_temperature_c,weft_insertion_rate,quality_label
30.29110025147351,10.62218198593152,4.195094515846007,440.79873465426783,2163.7123819208987,591.2865874340953,20.317909565196413,62.181890269193836,22.7297617383774,535.8577791184746,0
26.755078243101437,10.8650898489575,4.463289914017018,452.39007019734873,2165.939118820391,597.9788213750757,10.360146290567517,64.28589240705111,21.43695377939913,534.5326475787687,0
24.889082199467442,16.686302228006067,5.18570890131191,419.7881301023942,2156.8093390409836,617.5270540364203,15.571030970959693,58.78974471199411,23.54921081118413,537.6416807041378,0
24.453958860978318,5.999757838840515,10.704186074504957,367.8893550962818,2167.963238067594,643.2697590082665,45.25255295281611,47.957571395542246,22.155539698929758,619.0742817290961,1
22.28163076396662,14.168323727339851,3.5152708526635066,484.2570779497644,2145.294847857501,630.7366949386785,14.688894342560557,58.21149881064661,24.74435441778234,555.3178424070172,0
25.1932032595758,12.548123845899532,3.8119446501122574,415.94844558538864,2291.9687783113613,617.9455200257574,19.3004614759284,58.16458891862544,23.19926624936684,547.0694181801688,0
24.742327297755494,13.379962371167629,4.44939958195987,496.8532974965264,2287.6354221208308,639.1329477969043,21.529341324606193,66.6574161279659,22.428089044521442,552.4762251119861,0
14.515645023769114,10.557716151887611,12.02093390456258,356.11937369811017,2390.0579227697312,637.4414815247516,43.653884732893886,49.29614057813811,27.5609499334006,532.8474821356225,1
25.660981579703385,18.395844408804525,4.553976507217743,416.9966337505625,2191.3316572307176,615.8614501003119,19.332850800265142,62.489706256152076,24.01701163054206,563.2028226596494,0
23.612886387648338,8.814249526992683,8.953233211943887,308.77130253126484,2419.576725604286,701.0957350526272,29.175733814076306,65.54053220399265,28.3005705296701,591.1277802565884,1
25.482304409124186,14.104054835815921,3.9130337171950833,461.52127115749175,2226.0587875906926,596.4546687917144,19.402925569005355,61.49977538142997,25.78721763718009,559.1363311700864,0
23.7580360538634,16.082894051886218,6.144755446186071,471.3560746329623,2201.526915229092,617.5894661108456,19.972159990403632,62.339505974880204,26.17593876830736,554.6316233510494,0
25.07137695200816,12.438806415925416,3.477379830879574,479.82131787381775,2150.6852422713782,637.4948608670285,9.333259400975164,61.76155328639186,23.908237044738147,560.233363944811,0
25.842316438859118,16.34308122196225,4.302027317136382,487.4122036919595,2123.1713077155123,642.8180223681723,16.431687013169537,58.91264805634202,24.764381117915356,523.6300282923519,0
28.462110091520337,16.115577079944416,3.8668644334978772,432.8249816521523,2165.708615959663,640.1991111363272,17.87303390019415,66.44536422632368,23.100252896454723,534.9560663684383,0
30.090754391408225,14.355654079502305,4.234958632350892,473.4107319866624,2193.6588752173525,598.9075157733249,20.515823820117518,64.69314916626979,22.595142787355197,557.8194686322175,0
29.919768626802426,10.17353410229316,3.241543427300063,476.54560880044323,2142.7563637183075,601.192553951286,17.99422961160439,63.76837849586925,23.96273563685263,550.3024358437355,0
27.703101033248352,9.731532326972784,4.224431238997063,462.883503851819,2174.7894952349825,648.4876032644265,21.14961964174929,54.25448078056318,21.9696679623055,530.4096600668112,0
28.551321188543547,16.03820012059444,3.4059447439420776,477.05493326498265,2186.4970163223484,635.2439320587362,18.59435218061134,59.504737399753665,22.364752474467455,534.5965127250199,0
27.799151433366255,16.824707453462395,5.24538830771774,448.5149317331831,2200.8939216254203,639.4907321892016,14.73865964115664,64.18342563462245,23.904070546750837,534.5782006203297,0
21.55562734408218,14.760471632418989,3.9804574529175274,443.9384650669062,2170.909244236043,628.4503507259585,18.68364857761411,62.07662062517072,23.445663392358725,537.4866517535128,0
23.944299295881677,15.879149021982812,4.483470608613181,463.1266027495985,2218.6531547687564,613.8949308486528,21.241521232061235,66.37304464847345,23.914298929288613,538.557570877805,0
30.94295710064431,13.89518348736154,3.835950694411461,423.56665391308337,2214.7379431027653,604.7637723488069,19.847935955218542,62.81948702162073,20.69978337007795,538.3611250045144,0
14.225849091633902,7.022510590815859,9.808309796877957,358.17145710133263,2401.7856773241765,662.1098677733315,40.16735350363241,50.24194733489315,28.679010253562243,649.9235044133445,1
28.10831698672261,15.091491302923476,4.242776768098462,434.7912849991886,2243.5393798425966,604.8617555139101,18.257233018502106,65.14724610850479,23.279059921073355,541.7951281211415,0
25.105677781261964,11.092107973977198,5.223564167225264,431.4868647187426,2194.837318476954,630.3383358152817,16.703190817207854,65.60430815298626,23.11405715876611,532.1664297512203,0
26.376102906121044,13.844959990568425,4.2309327379949755,485.1668552240244,2193.3127958846935,635.5788838354565,22.379577985377175,60.214227239273626,24.223831999517344,573.3934197446135,0
25.180205906689217,15.048250824122608,4.018991534321493,452.5083572459279,2162.884944118307,609.6516408696102,17.02473961547603,60.57083773270858,24.56116869935497,530.6281037422702,0
28.918665682312525,13.739518358363352,5.738707990975655,421.60509782775256,2235.107092615208,641.5222453343605,16.553807164585415,62.50953143698399,23.187358187063538,543.6996860224258,0
27.662700523750765,15.53133616897581,4.455428756750945,407.8657033795826,2240.818797097531,602.1199106952303,17.086009108343113,63.19056106788965,25.442176164185874,547.2390135439814,0
28.80287686598698,11.64082827571519,3.51978498867192,437.9315638919164,2234.8796525944126,607.5177733125187,16.23283402966873,55.546378987663076,22.41759501870755,514.9095420997792,0
23.73238579489128,16.718445487052957,5.047564740381739,470.4506938430943,2161.6849439890357,608.3917727627371,18.79726955042774,58.17494690133769,23.352797834179686,512.8572475027638,0
27.543679896855036,14.30963344716843,3.549023217926054,455.53073855001554,2189.206010063604,616.6897254206033,20.337774835131864,63.59910285494756,19.76938658115957,553.1434886002085,0
28.14871053562974,17.429617202791455,4.247082046906208,424.3068260004059,2224.3694509571174,646.6208793357666,16.025028883314498,64.93446454950359,23.567145131400693,522.4841652091428,0
29.413268838867943,13.586386156998968,4.053526336948429,432.45323741122576,2160.8764237072455,608.3660387846081,14.208929314725063,64.12161258280905,23.005775159420892,533.3316658233919,0
26.039560633711947,14.085032946775913,4.028211955927912,422.46078048887983,2202.6602716224447,637.0043010423296,15.982654105093907,56.00988815718912,23.86808896095112,506.4116006806936,0
29.55432166554398,11.325884976410856,5.6074398233766045,414.61480229192546,2128.803386569497,637.3254582389302,21.81926572013483,66.13681349193367,23.914136446674558,560.1549835566565,0
23.68253022449784,14.951267445457292,5.226853679359494,484.93320156173735,2142.6478047900637,636.4043230976652,18.827313621245285,63.06325821598912,21.60642849245716,544.8393282773318,0
27.079151110591294,12.74233041870379,4.033588042841388,404.30226953206966,2239.4823837394592,626.37771728491,21.341957101276098,63.32222481098829,24.802155357346923,551.6017695070612,0
30.849120104827527,14.914656884129164,3.531366208169571,441.3512092458364,2188.75455340757,619.3027349182903,19.850686724983724,58.334485867260454,25.71627181291489,533.7444753266036,0
18.16839773450428,6.6382426351485,6.642516159597802,351.31605103757965,2300.7830845777403,656.1488113879398,33.6400723146799,54.58248233730643,27.9230760085918,561.0475167015081,1
27.432630796085444,15.18296061549657,6.061131482246918,412.5873193051525,2171.822617123267,641.9545562209394,18.410488027508,63.126476145295676,22.742815846626605,550.7924642790907,0
26.32376452702333,13.438754339519495,3.9195076901339485,427.6546126637021,2176.8530066420403,641.8437265766884,18.33216661160652,53.96668195350745,25.247444751114852,532.8419573406618,0
24.409857212885534,15.864458554185624,4.457281930700346,460.86969065536647,2114.7567432931237,629.8741046741372,18.913693879210307,61.64509227495134,23.938698176021177,569.1287920393277,0
27.138033542139688,13.880540523231542,4.167391160919557,518.8394303918334,2274.7750580691963,623.6798471555029,16.795952256068436,57.989698825464174,22.500809538475462,545.9677870951012,0
25.955788266413357,16.71960268829651,4.574185259766991,454.37873543464434,2228.8837814433496,613.3249827752377,21.241720520817346,62.093887624643436,24.419291283611543,542.5773029313837,0
28.51142575396209,13.651237846611867,4.932883320124542,497.0880157586011,2225.059561145406,614.2206259416658,14.43098666009175,62.814086854616406,26.02963851390289,539.4838757923876,0
22.822984263743354,15.96730193152067,3.8762835181377633,474.00177409804,2107.7671388991885,627.7140497193712,22.85075130565453,68.57512384145315,25.37449305348981,502.0645479940625,0
24.770165759563476,12.848743714292508,4.206854709216788,439.0807098305354,2200.4274996684403,643.0116955398605,19.628518274071848,66.40528329103955,21.43843905720402,527.9599375696808,0
19.68385049028848,6.155489785169389,7.82130116664861,338.0333656680762,2388.096437039339,670.5348832702089,34.0858314711887,67.75478248701691,32.31078133171424,586.6718684764584,1
26.730316646085274,12.409826740825366,4.765773453665798,449.49957424922684,2229.8466615699867,606.863135557248,24.905830876485517,65.2050289308543,23.412812567446768,527.21032248968,0
28.071990734025757,15.965931037645298,4.493346007054683,418.480017569483,2195.5382381766963,591.4827342433742,14.170499774293896,57.37074089042514,25.521770561823462,539.2391767031011,0
27.89637239818556,14.776809124922867,4.458431553881991,451.8951139489813,2166.2621630038457,660.1092501077865,17.237909451317286,60.38641637999104,20.306336733391177,571.6305654255968,0
26.300704472734,15.483395365621178,4.199298006595876,439.4969985409957,2174.839146786074,598.2528271255226,13.803436680105744,55.52677134286879,23.115684364556383,575.8743411930853,0
25.81214437193329,10.261687527438456,4.036342771397375,444.49013766259714,2158.488706017947,612.4517993710652,21.597410559513037,58.94501990488117,25.478551699249167,524.8344000927756,0
26.113735801875247,16.070864280853396,4.730512643227672,447.3504550002803,2223.008351034774,639.9460349661807,16.10427349079274,62.320086663165334,24.04651762299039,535.74095258954,0
28.965340792401918,15.887541259149563,4.018244523656615,458.13797007098174,2200.8673009016775,635.238744729636,14.83874871972213,66.3971688170795,24.20630459480836,535.877948396881,0
21.177005276999957,15.499963076139622,3.864478515764568,458.76469717157937,2168.9589226568455,634.6043352392247,16.329803955795498,64.08655204240763,24.7564363394922,524.1129401753346,0
22.059004259144263,11.780374485369883,4.770699102467356,502.0291936074366,2220.692046707092,622.6956795565221,19.635466939768015,61.795285673408,23.03286513375432,544.4018073009431,0
25.016949537824104,14.127829158212014,5.0779041001250995,478.80842562310755,2171.5543701026036,618.0876216656682,17.99486587261417,58.85731414805606,22.494638140691684,550.5942050254694,0
22.828274611463577,6.457729384098551,8.605781874011141,368.5736430148124,2349.048946829868,664.4673800920485,35.733621995880824,55.29843608708457,32.49716077333317,621.0936328493692,1
26.600641255001158,12.752530069165074,3.458552412860429,475.1054492246973,2144.198064240012,613.8753926905486,17.3079196963366,64.50115877455966,22.951931490829153,554.4617696805968,0
22.108195543803543,15.2320524463113,4.571739123675326,486.0632598502952,2159.686446664894,589.0840080800128,10.248563106503367,59.95015372201286,22.38257659224541,540.6941920201108,0
27.76932112909563,15.638043269663838,4.135499907341565,468.1896726860921,2139.159843688245,622.820735711471,19.869171288263864,64.77438141009291,22.86980866764652,545.7042468838628,0
26.203404184725294,11.007853830142574,3.155522141192236,439.9278510706091,2220.9395743363243,597.1427105441926,9.662687022104128,62.30309996757276,23.12683031357798,541.1198036231798,0
27.41340935515942,14.969465875817509,4.239584701863603,435.948203122247,2171.813472341037,643.974580105532,16.768847123589964,63.50298670804184,24.570926239855183,561.7196191067183,0
26.46646053268798,14.622272045608186,4.298233353034811,448.2366445788708,2186.657836395086,627.3720042591799,17.149251423633032,59.9158022369828,25.608094251935732,554.1466365496727,0
23.07960200188584,16.239389362709368,4.2661083466688146,456.41370554635415,2196.0677865813814,638.4976838783882,22.76926710052535,63.006308200348386,22.88933708891746,558.4288034850239,0
27.155089530185954,11.286699143427231,3.2617111852068454,415.44946125947195,2181.3238025613655,607.8867889914684,20.853249199456556,64.38440705044209,20.801927633935357,534.976588168621,0
21.922735435381174,16.10149405485559,4.811286745924046,431.78464093651786,2166.450019301182,596.0774453568649,19.138632573057393,58.73069440367231,22.398180564617615,552.0768528211552,0
28.74453852102637,14.881550782908464,4.68725772761076,488.9931783125323,2140.910921117379,621.6510807724063,13.596181511054962,62.50896535653281,21.875527040192875,580.8078469115634,0
15.544472838964124,8.873243632606355,12.162712737198502,412.6575979141678,2394.285002550624,648.0816898305295,35.217279433778174,36.209376450333096,30.019617706493396,608.6344589072856,1
13.623492210038416,2.0,9.751713610174276,407.30899442869634,2500.605095327167,651.6980682739986,55.7960278599094,47.365815757777156,26.998599841822326,605.5687566265648,1
26.775989314030546,14.669790240673105,3.5561999075409876,447.1632511402481,2214.01163907366,581.8999068369236,20.864140002811563,59.699551199968155,23.642570594646383,551.7558096469237,0
31.508773526003356,17.40620846964682,4.244546180815214,415.9212371603686,2271.4781198773912,627.8244832681346,17.757893346936935,63.0630443452462,24.72103794214165,570.7617699373736,0
25.910426594562868,16.093734794842735,4.04138058389196,470.4057270418489,2163.828986416537,638.0657697089456,9.554457554757024,63.45498862907713,23.710862924192618,544.9739981246812,0
27.569490995617834,14.041730663044184,3.693686954877397,424.09397568542187,2198.5472681887272,623.7049757207214,17.04932775120438,64.53185689751352,24.47406228908255,530.4867234965765,0
18.50784334169725,6.708866596960101,10.400134817165755,327.87739422885954,2330.6103138496414,654.5150617573986,41.443655979735354,51.06064180705621,31.79034642133315,599.573883586554,1
24.95926727951973,14.18358288245309,4.806314412196028,468.41772194449936,2242.705866726761,632.7230031969216,25.26611701887257,61.370124691693,26.11703033417565,511.05600150149905,0
27.0804033076668,15.617468867893944,3.11505746699759,435.32439022332375,2307.063610772701,561.1222466263504,18.10044338177788,58.011132659623904,24.729649550780646,535.1256791217045,0
30.063322358675762,13.180464148712694,4.200628311649522,499.5315863680481,2183.9219716684393,673.0458337597388,21.691434695569413,64.35681451832461,23.659807540045318,524.9643164010544,0
26.172156174491636,12.094583198156045,4.080198120496286,414.3041591771671,2199.0620020288184,611.0539038599705,18.86918486818019,67.61764333467147,22.858967842648994,526.7423726734945,0
24.014162228762203,14.238157558322257,4.2846572292972835,474.63134773148727,2197.1515439590694,591.7932362783715,16.09438688495017,65.01552666910142,23.881547903285398,548.3513509456984,0
26.79171452285182,14.117995371841825,2.923741473830483,415.1679373661151,2182.181347171679,653.5654030298674,19.39513697213944,69.03007151776131,23.441260076993846,559.6903363715195,0
28.489596638049434,16.63302647114819,3.5072388520369504,382.25675643047623,2151.064281529021,605.7213708266881,14.42531856816051,56.227936402909066,24.673991315770316,536.9482014809533,0
26.27846513686708,13.633114046637138,3.45495731270918,414.8462756046087,2231.6976466604765,654.3677792455774,13.06333304113667,60.48393276154429,21.131228627023376,569.5333172632533,0
26.98775993285722,15.492957315946224,3.572290668161647,433.43376124850556,2210.478487376156,659.0979918329525,22.343716737530812,63.36159966301951,23.894934436686412,523.406025756019,0
25.886805385144726,16.142217350625003,4.671115384037772,457.78573434500163,2228.724346957256,601.3844690993847,18.12997605381938,63.945613204162946,24.396576989222243,539.675152574439,0
21.99285950895529,12.260074555514926,4.919732681895496,463.26407807829116,2199.426778916993,605.0495734327249,19.595573062846334,57.95667205510822,23.720272687612965,539.9271393509006,0
23.83881813468457,15.776179957335941,3.472609543024826,471.936395553841,2243.6969127093002,629.2356691940576,18.15345384674723,61.58857149231277,23.655420958201326,542.7150714175079,0
30.031282674902513,13.534538658624204,5.127860337693631,523.9772647660775,2207.9965788362947,629.4053593446316,10.921038669514132,62.07053064810342,23.94882431561506,510.70262298796536,0
28.75046141004991,13.677881606912946,3.736082929894274,458.21460853809106,2083.44901519059,604.1048237659404,12.927581653265182,63.20138238905322,24.339454369456696,539.341296107412,0
26.576578731486045,14.06541594118349,3.870343788134761,486.9507948581741,2191.6806867701935,615.6101946985002,15.816271982259822,64.4002440132852,21.19704054675819,545.7105223122667,0
23.14456208407273,14.254011769355692,4.027517320766498,435.7796832479286,2236.022198979648,635.3918873281343,12.28340496804774,63.449244656246556,24.860617933819153,514.5684335446562,0
23.948442451216657,14.637660943142437,4.550115055100005,459.9720451487017,2212.635098540343,605.396674282687,20.295142348863315,61.09417421095829,25.374653042885186,546.6132320842299,0
30.29198164284812,13.062731759650994,4.631008776798502,449.94146529532605,2257.6146245874957,618.0714494017544,16.01465961217078,62.81522942405271,26.5704833234345,533.523912530562,0
27.8564861582299,16.088115159450595,3.8798194505043906,504.53439484696344,2210.8660813740526,611.815645857515,15.023640949794759,58.42946098175067,24.26686070564452,531.4808657221903,0
23.079164256122205,14.435231201058432,5.271076681179534,470.39175855929915,2237.281960185033,602.056471171885,21.325946359176843,55.411663082621295,21.262918547530226,539.4479172102559,0
25.815373736134408,14.091833954040762,3.2932663881024573,450.0821446112273,2191.2448139302173,577.7288458759258,18.19696709905326,61.413804787237765,26.402419178514332,506.0608013441167,0
24.863030761426526,15.443912618560379,4.635837907919376,455.2420658577237,2196.6314476384828,603.8456004730143,12.338346279074647,62.22560919485126,25.967537835484674,560.4162745961761,0
28.677056925916595,13.552608978398846,3.414645313887909,489.86398769595826,2160.9927707928005,652.6104379313184,16.646788929725933,56.70160650234412,21.692178824561896,542.6905491116243,0
20.248647373098567,7.422872305430974,9.396194530243363,372.1146605800614,2266.68707134121,734.4268030782179,36.55964937460088,52.05754882238582,26.760152055056018,553.4924073874496,1
26.254816078668732,13.55558324939616,3.9771443233832167,447.70379811937306,2197.5917408854816,570.8058230322464,19.07066393448584,64.40106941168602,22.54973151686234,532.0101502057307,0
26.129818988630614,13.012904146888115,4.430657662571796,476.2244816388938,2198.6319754977762,586.8232804667628,19.458291561271967,64.89545601002166,23.34737812099525,532.7423451215886,0
25.866556077629962,14.561530535096674,4.160903029115586,436.9472379463953,2189.245314430668,603.428799297191,17.594440658896175,60.4326153306226,23.649959166238556,536.0570217827697,0
29.726409405802936,15.453541403480983,4.010499499008105,507.2375153836439,2261.212843607299,624.3100239960394,16.398318258563105,61.61861387504274,23.8610804358697,553.3957154712414,0
21.31754141002177,12.874708390230996,4.115954735265023,422.6866004056971,2223.2832351139177,589.1724479507246,19.531196447673814,60.60254643411039,26.193752214068912,526.7129614151748,0
25.743450601323882,14.361116199574864,4.308575974452679,433.27042542403484,2214.0761802546463,626.5387682519255,12.152514483251952,64.7460433932548,24.085650173828714,540.0990066033673,0
25.098114589780636,16.41756292587704,4.048455577205279,460.4999187517498,2137.8209703730067,658.4987361954045,18.90985651452628,60.344223870634245,25.814123502271695,523.6217837436045,0
29.686118042353097,15.514074215346042,4.5797034794109654,419.7930013833535,2211.0809473924655,615.6087933015201,20.920519540566936,66.49843984394744,24.923335906994737,512.4674197178683,0
27.671381946265505,15.240678850356138,4.427603499770544,453.3338035399079,2151.0105664001067,649.835294076136,17.015711687398046,63.144098113432634,25.176951461538618,537.5852404038316,0
20.249851630539663,6.664857680087939,6.978335633213552,382.357891488993,2496.636794112572,638.1562501166155,46.826772675023754,52.21392863965474,24.203501380497983,594.2182446972893,1
28.998340831186223,13.400581382142072,3.862139953511818,485.4517638531191,2174.6885336046535,625.2111374500905,17.929682790913333,64.792336232974,25.164337100120115,534.1354259879475,0
27.72345984734602,13.20852954879917,3.3035068160702,482.03225890424267,2214.195029656496,632.0317751962347,17.192343680684825,60.55750031041874,23.68821069762178,535.4593214352454,0
23.389485302847827,15.467227133778977,4.11003863971946,465.702295704129,2182.039665417393,615.4949561496684,11.82104876556489,64.6552056399352,25.702937994504772,521.5477241673161,0
29.612368446616113,14.157838673438532,4.420887933119045,454.6127138430695,2173.1009036422097,608.0415585544762,14.328164026820376,58.08817523888315,22.668708348970004,552.7737578151639,0
27.875506240066102,14.340142103681147,4.297255085135305,442.92239210859697,2117.5389080870636,630.6978422360576,14.693650344365441,65.4891657114593,22.430357808679513,526.5455978014807,0
24.804821178766254,12.744465154229399,5.210248873574991,473.3332505216,2221.331890889753,621.0133308035915,11.268214532344455,60.93687389787737,22.733913938161223,532.7830354396917,0
25.853235245785676,13.352341460839252,3.8881368295478405,428.0225694121489,2209.60854573309,642.307310037849,18.29053824895815,70.66746198261882,24.362138973310973,556.897572768644,0
23.514086298188854,17.388716708476142,4.118280174729613,454.5217556603913,2300.868136861282,603.5186166080023,18.999965563559186,58.09319789308549,23.663719477151783,544.7043751104625,0
28.818596203895453,15.101953778720437,3.6031156577131496,445.3809907368423,2170.564094692352,669.6684780016243,16.850010264435326,57.98569764596641,21.961806137435218,540.1806903758329,0
28.789756355890034,14.108869396497415,4.427851313099218,435.90557552511325,2138.5913477724735,594.978415198621,18.234515196301682,66.82641649192057,21.558216727314225,568.1405628873695,0
27.094339005830694,15.444155755469353,4.059020403901292,439.87237070673524,2146.099973960942,605.8287456916546,22.385419132094725,63.467284097689415,24.018848719411253,552.6209553957224,0
23.765657345708323,16.28141433441824,5.042373632130007,429.32997405672484,2202.9043203295887,641.1465808597172,17.92709709595453,63.733553669984424,26.359083798632984,537.4340125660619,0
29.618028552856124,15.794234176574918,4.664215134659261,456.77915742091943,2168.9840283739168,621.0368977732007,16.797135800349306,61.603380686301456,23.143742381377116,522.061120292624,0
24.38584741808163,14.404839217612533,4.964754399228804,458.3686226723198,2212.4940113163398,616.4223718046655,15.961807450599323,62.97550262316717,25.531064330948933,572.1361985883146,0
23.651427497271065,15.593004125637759,4.405014531574898,463.21383708870826,2180.0735350212153,613.3398721861648,11.651691785209959,61.60165628439163,23.694686379084356,546.22201310469,0
22.14874252743046,13.031578381051135,4.322532555372981,431.1204460449648,2275.028732217748,624.8951761916024,12.67463879072383,62.695009917591285,23.885644601057543,530.2141772081529,0
22.582057273536382,13.192539511930335,5.024944626880781,455.0205531365418,2213.15613632903,659.157985159117,13.766392746898465,62.10501726845701,22.87254000444609,558.9166950346099,0
30.82174411101398,11.285670723787304,5.225720769375761,399.2016702489074,2292.4390953877023,615.8220091480816,18.29883895896335,58.38589161625135,23.66850660433976,564.8455045712872,0
27.353888877351274,13.49145255166532,5.055796186140021,454.6553965589534,2182.148367532342,634.0703752710808,18.86729845248544,65.56502661442435,23.083069701012253,519.4299196208653,0
30.29092161681334,13.887227699148111,4.00907611672045,435.89152202333173,2274.389179858267,606.0843922079041,12.867675406059854,59.64407091394996,22.332354734242113,548.5695743015435,0
29.171155168110744,12.339992507219746,3.8770978700709575,496.75121271140534,2205.14422536132,588.2973018415541,17.78000181472504,62.21072978212554,24.188737428703178,543.6196391157185,0
25.042212319243273,14.507173495150091,3.390794606175626,431.0204153135139,2192.9648806657847,591.7414620667987,18.952864785696374,58.4413551827902,24.478712296607522,527.8646282765542,0
25.657920080898517,14.2226413042333,4.838682276491507,452.4031797348076,2256.6515409360823,637.0827556795476,16.32081592107196,60.69665753769165,21.083970603403902,542.5088597025145,0
25.01399911950316,11.908685628268481,4.092989139293459,429.2506805755056,2144.5176202995603,599.7639605917616,15.414158280676725,64.6696980897306,23.560401386866317,533.1938687658629,0
22.499485377391306,17.752338586264607,4.346566969365545,445.04884573188053,2162.579282916281,650.7130516172754,19.241410535655717,65.52580750791934,24.559948948756332,551.0483943732681,0
25.398368946075642,14.64030199823306,5.720995647659899,456.31299775793036,2170.9707167850743,630.469455102941,21.600862227121073,61.508702273891146,22.53302091647187,554.8478614781917,0
23.43598559058188,15.073356816659873,3.626102511854183,434.8590062085417,2161.3402771180617,629.2849914734317,17.84027081965002,59.692131255731404,27.38792057160713,553.4202151306646,0
24.551294008186453,14.305828913133357,5.3452742150741805,448.1853263173196,2205.6980539418623,612.7860154964573,22.731334942872863,57.64118159920886,25.481831174788283,538.9745828126265,0
25.775310961312826,13.046171351222386,4.442113408472354,463.25147989427825,2186.958494387919,601.4104995587496,18.719564264703298,64.73792197881794,23.416918125933673,519.4876590244158,0
27.10938120100412,15.361030040767108,3.712559304866078,404.85231077052947,2223.2701413655795,632.2528767071483,17.620990428050494,58.274405388105734,24.82848806970785,566.0744302771268,0
25.596823937491386,12.937580530425084,3.52311195774476,361.76975117440657,2129.2733841027984,609.9739134329942,16.250783044021986,66.25539637492926,23.89352954548327,508.1738209635457,0
25.232236798929396,14.218604013728237,4.640534099415682,473.5637887791321,2174.481742247148,593.3179538303981,19.18327646750803,59.169347541127024,23.17633472326969,535.6236614196984,0
28.934735320543503,14.833605317087736,4.162870058923563,428.2706022817337,2215.6086809425765,626.7614345345454,19.920233251417624,57.15742308343947,22.690965781144588,532.7037799607717,0
25.009777750859584,13.955731155299185,4.33129162262808,431.176355039169,2179.47200430828,620.721745637889,21.550062905133235,64.86633525795293,22.903207304978743,529.3807603625272,0
27.665444155493276,10.830120095619886,4.0866786904173145,414.58176163339664,2232.7390542885705,622.0418870614936,13.833174514287673,59.176004733101244,24.385926523327562,543.6008882537537,0
23.18401820565109,15.471758523216089,4.6441338381634125,475.78532657351764,2118.2583150186215,605.8075249181177,17.243830990453077,64.81737129651735,23.992336314000642,572.0208310480483,0
27.615805368857657,15.063240484402645,5.070514007845896,429.1964524506516,2183.9050793107167,589.1185046804165,25.399124729859636,64.20084610888095,23.16888269254403,535.0166127461839,0
26.818406189141214,13.205908196561705,4.460951807711968,463.6871708455621,2179.6903815954533,624.8891919853593,25.688424647156566,66.56536691970713,23.229158269950553,567.89806602097,0
23.70653971752598,14.250988141149293,3.6148582129484192,485.6762364559802,2330.168388840382,624.4219809353643,11.247261975181697,57.86712728657387,25.20997789409234,540.0403314161871,0
23.099354084276683,12.319174605666571,4.287678984574169,442.6226336024428,2097.696151454928,608.6021311629371,20.008757153782497,62.99333726735132,24.515358563619447,508.3720430810441,0
26.282264572368724,13.206792476412131,4.0962401322960424,442.10865727898465,2183.692489097469,608.2715861208158,21.810918805569216,66.19225631413683,22.212318733878643,527.8770931899786,0
23.30745888757443,17.208018211413844,3.680773403756095,408.41506469141893,2203.6441739855663,627.5291031842038,17.57540813862992,62.624995100548276,22.44218907203756,523.083105351485,0
29.787019678764764,14.41935954704244,4.011634527151289,467.168683854042,2223.1941649851196,623.7463104626233,22.152543402419315,64.34022185074359,26.998459952058827,518.3584465070742,0
25.423854166345105,18.568001965716466,5.638425953758621,431.1947567089236,2200.987521152968,623.4297834685906,19.929906968004104,60.25790741776296,21.28333033712788,552.0144734285981,0
27.25388076703226,13.965290369944844,3.3272171264820365,469.10930740857344,2225.7472048535956,596.2089643173398,19.29641898214298,65.30976963463314,21.969536006314264,572.9652621749422,0
30.444420512329714,14.985303015819154,3.595185025318266,438.82793995980063,2248.7861323250795,608.8176136278045,17.448389526627583,64.75481709991497,24.332415403023898,552.1198436980749,0
23.193250969113993,16.428190638253714,4.845423374895837,449.6561405097692,2253.1156192636063,616.4333404630169,17.74890794413591,59.70438013019429,24.5951007661078,550.7974596593968,0
24.66403060652175,15.975113286203282,5.074672016826842,414.15624165408036,2160.432396646229,598.7967025641399,15.38986246819752,63.96838474792286,24.051029722271856,553.0225651440395,0
25.550783687143596,10.505914062418503,3.8859320145119076,501.18516409649845,2126.178510104458,621.3049425595971,26.057210257005266,68.6543210230233,26.546922584565294,548.4385564789161,0
26.362244752394275,12.393001355179564,4.181889085712489,420.79195212853494,2191.6895043209465,606.3866224550031,18.008420597711016,65.50759108499916,23.457112828151093,541.8308784668338,0
27.088190278970657,16.124049711666963,3.78470755698428,468.3627727827154,2113.2622498802666,637.3367395432269,22.638186380288822,61.901243426114995,23.184549407819585,531.7015127343884,0
22.807855457885672,14.608893037097438,3.775356732312038,413.86762629422174,2238.2870938718297,559.6441909156879,15.578589487266132,58.75274993456966,23.16401088206135,547.6626752065424,0
26.09333519863773,13.776728836094016,4.401507403731495,439.0878880408746,2260.353644380024,605.3924421760119,17.986981172192372,62.425483755369214,25.85053451200987,525.1115500196466,0
19.170851314299345,5.859990049510559,8.895415237828406,333.10424621223905,2490.0138636399515,687.5661632885596,47.810902807628025,40.84831025156578,27.939191851227672,574.076313708246,1
26.657505920836748,12.991398334025916,4.213488177692242,484.599064154214,2241.9396849183913,630.8102342253258,21.57605175608088,61.964391407966005,24.248960015411154,540.8971767928676,0
10.557887437896612,7.978829446933226,8.440475154827507,363.4099508543774,2347.797568889514,627.4095992312183,41.606008419109074,52.489184538670216,28.574619328738482,590.5357526736403,1
27.416127866428877,17.40586922663613,4.740647304142594,439.6067821414493,2051.280021862115,664.4360780928556,16.994003067871137,61.89806128518597,23.038327272054598,557.0984357472632,0
27.256026962600107,12.85684944359731,3.827300988208801,437.3098852731098,2270.3749186974164,630.1795726910461,6.599213250666988,50.899725322728074,23.729226390937864,547.9386198142095,0
24.477185037647402,14.321418218922151,3.2125301011114535,451.36282965774143,2220.2263737422854,602.3076108469731,18.8652496216699,64.43788284040933,21.973417859571693,533.6548700938653,0
25.660151937399633,11.26952401488782,3.3439839472213326,487.5800353507672,2164.6181284450354,606.138364324017,17.184053687479274,63.330253156357394,21.173009950900852,528.2394109543212,0
23.60913084933667,11.90473892000262,4.49422115964113,425.25610535647945,2238.6205073955057,614.6171910152397,22.994157251089096,63.5354691434594,25.62869555133145,542.0433768673004,0
21.073461475511472,10.86563875301988,5.743158087145005,460.96013008455924,2180.452923475885,604.1240906982575,17.915684117308263,62.2620104567189,24.03005953512881,543.8431590960702,0
27.60953177345776,14.233109588028375,3.3587424023743413,450.74311654572557,2201.3940520750007,608.1086211270045,17.658555884566,62.11444553252247,22.435436811332206,570.0006457742404,0
24.634754358368717,13.809141496462633,4.875966209177515,445.20085643843777,2238.1433100386776,578.2063317815613,12.814298948743122,66.01856625484304,22.891382644676913,554.6908195302999,0
26.58894119246156,15.271849292393101,4.032245307889484,449.2165223086141,2188.2690980739553,615.6680513614509,23.0355663751012,58.18783220301796,26.89892956917111,550.6789390106867,0
26.72880044543302,13.362685734724627,4.209903105720186,450.1841484462593,2194.127606236383,650.9329436663455,24.85194069821533,60.38954442475749,23.437375438747967,538.8112523515784,0
24.548916363388873,16.771008951275043,4.578255172788099,424.05783280823255,2120.3841269725094,661.2708298094678,17.8998718766118,64.96559725470982,22.650172488659337,539.8846830591324,0
26.580269184927335,14.533923951852538,4.313853936697591,473.06139333090516,2193.6826494436227,628.26653246971,13.395437446534885,62.664965278728175,22.888084268303977,546.9229872638682,0
29.812866822187097,14.51163059404345,5.880051561548596,452.51954322375576,2195.109687202292,664.5691900141176,21.803476677229227,66.73900348067963,23.128865266609736,533.5102475309541,0
24.752673928553133,15.946896365554714,4.382245501470797,457.0517999056825,2187.2306794072865,605.0452641154334,19.940259667496388,59.564435653150305,24.794611599533507,534.8436477186913,0
26.51584765590567,13.101822041097195,4.732014045243658,469.10240098379273,2172.9413193239575,601.8251335462755,19.343600315425757,64.54756788894488,24.07022143762147,544.4633719658686,0
25.61596314596589,15.283412167491594,4.2708058518774745,450.18031157084084,2240.65009043584,629.5727863331962,15.829799134579801,56.26871394083981,23.287816329398332,539.2046178966458,0
27.58721067865912,16.10858896860345,3.4648015910504406,430.15026430420204,2254.6370658228316,622.6833956696242,17.689395521776515,63.81292396390127,21.767517496464276,554.8064661207607,0
25.68613747120117,12.891410129666774,4.680251014749128,482.4575616484945,2303.9007521816507,643.6448034015399,19.342466793212385,63.90864526425306,22.112764486030294,527.2225448820543,0
16.405663717866435,3.9301913295472515,8.04047940057635,382.77476346968376,2320.157665476458,711.5030714997264,38.081939914738314,59.159374539318705,30.52803790058478,579.7873165859838,1
26.92990083109265,14.553246422772691,5.249852351667777,474.4982277424297,2208.129549045753,614.2400621800175,21.061016103881364,63.6436207083952,24.43197554274478,530.6293815128829,0
27.057699356563187,14.038484614159087,4.602368586303853,423.28544818294074,2213.8275428721267,624.0031151017705,18.517717689682016,57.943477743866396,21.716429853074217,547.7400837628428,0
26.214475270555408,10.594935270653506,3.801397092256203,408.21914036801024,2187.8542144187445,620.1860584664095,14.363341784498319,63.20039233252711,22.49490625047131,525.46158430352,0
14.96011576082509,4.57382874412933,6.189174795040558,384.3175813495776,2220.718314089099,618.5839514966693,41.31017930311825,55.368740126209346,29.796671841529317,611.1576614605538,1
30.10576197796561,11.691096726337673,4.622745850234531,440.74552473449825,2248.9758800443597,610.5992883654735,16.50419613865794,59.056501485750275,24.33330805308622,518.1651732265018,0
27.351978520005265,13.31716811075132,3.9915412977082836,450.89074283726416,2227.7018109857263,615.9204620397502,14.848069541317074,63.64960995347269,22.304131204029687,557.6298768948994,0
28.560499049489657,13.312835893916077,3.685331998804892,441.2568675171807,2118.5358598542907,600.0738721744807,14.360811478249786,64.84261831150296,26.503805468014534,547.106987542762,0
28.4563970642879,15.840210409343165,4.655236812392601,441.9028243819852,2101.6690237555563,615.2303183576314,13.452870021844017,60.64690755936261,22.486989345345894,535.4372402611191,0
27.175238585493215,11.885325364777978,3.129765067143267,485.78116448225035,2201.9656506151377,617.8412440681319,29.200850431809727,62.56439200156492,21.961127447554134,540.1530727815849,0
27.10411130419188,13.924184271535214,4.138371631995061,422.2121086256352,2153.8326803770183,578.0724112617909,15.593047292449608,60.49995943924911,25.479660320448208,548.8696374406924,0
24.2807608607136,16.902224554888978,4.584181420599442,413.36235859552744,2267.4726307457677,631.3594891764866,18.035470159319768,62.991507304316436,25.034369023038337,529.8118897591314,0
25.765552699619676,14.613028656025172,5.1012690887967675,480.60313589587935,2172.179292631045,625.1408570592134,16.873835240385002,63.40645524947125,23.01230912583348,541.2757383329504,0
26.79586978347051,15.246157861589653,4.059671693449239,446.7612840553918,2127.2769232798514,580.6002291220477,16.68621725392542,59.922740236460626,24.10776904906433,525.3505370136971,0
27.13976712526056,11.32922452477192,3.939024900518313,474.98259249255517,2117.09741415824,619.3152991783292,17.159775771105583,59.68301268612952,24.107622506657282,556.8785155674526,0
27.239984974217748,15.208592520818062,3.755802380496773,435.57132056112863,2180.801748703157,611.4824253273421,14.632080991668863,61.53348959222057,23.098545503381107,541.9139884915088,0
14.064095803538379,5.711888210726984,9.474408641880643,307.0295262927144,2535.819196982916,647.0507943851024,42.32832492551138,48.036398635331665,29.613558229098604,590.0840750091704,1
30.135125453643646,14.303844440536746,3.677680816362351,477.5863301178128,2196.8730402122624,624.1016015908828,21.00222527908655,57.946167492634586,24.037852679809518,550.2312848221492,0
27.562414743590374,13.256053192652121,4.187192148557664,494.9548102494628,2232.5633152505343,595.8251659047869,17.56554195530083,63.031716081708474,21.960231190871795,543.847858809864,0
23.04512742159092,15.237320545092778,3.4608316667494794,417.472889109853,2256.252674484381,639.6904594598977,15.57143225327351,59.90532128172242,21.223084468996774,545.197025801635,0
28.573797605060182,14.23606712355936,4.218451529120943,414.73474748222685,2207.1266851145733,634.5015556629775,18.680202125685973,55.24776321445554,20.948027389779753,521.3338218613602,0
25.033537287322748,15.203636517084668,5.431087653563375,490.9881003936856,2217.168450286741,608.6298391098338,13.292851062598277,60.25175371679333,23.245038572457045,540.783351575959,0
26.6547912091999,14.089002425428227,3.5392459075132607,420.17159910724354,2138.5102338016804,624.8743172741563,15.597298504796953,59.413778068190446,24.56689927615701,533.4151444520322,0
26.108405255854773,14.127087034242425,4.809793921524419,473.1526937612136,2201.9643410785275,616.6727605029624,20.370899581257213,59.68784356095814,21.57326862101958,547.9998292937389,0
31.80285850658417,17.105405061444078,4.085866249006141,445.8143968294765,2103.3847021820416,598.7221020045425,14.68407143216376,63.72995263244479,24.754983391818396,543.8759556155222,0
25.176401431584814,16.501895512166662,4.08863343911577,464.0461104559643,2237.412267141433,612.6989131426905,22.038321455869983,66.58627450812885,23.72152668012933,535.7093299686647,0
15.874929919900069,3.1140543764998356,7.851314416199087,301.2400247641155,2532.4779077122716,667.7841411504439,45.96315692027633,51.147109172433154,31.04971446794432,620.8342114563831,1
26.27114995145448,9.947637392382646,3.573466790654305,496.2771054126705,2241.873840645291,600.7055886951721,23.781041264796407,62.249161767186614,25.34973206497647,547.5857547234639,0
29.17826134732404,13.361943796740519,5.014402550399884,472.1014087735075,2205.0825624460654,618.8035463754337,17.76135688225954,62.51945858840754,25.305236838285317,545.7764295529537,0
23.395611177804017,12.863178061537925,3.760497566805631,455.1714329318948,2129.8651685685145,610.715936433634,17.065224764435207,64.01266481644949,26.11143766957146,536.0137640696403,0
27.87964692882823,15.543552795339329,4.611029378190309,435.3409012484498,2096.64448876953,636.6709223613034,18.157124914179896,60.125836998159514,24.055271502633577,524.949348597301,0
28.19630987850007,13.877501212215856,4.288125103873091,483.41131729207825,2185.368465119364,630.900685770694,17.907649485391808,60.4812801129744,22.51217045847809,550.1404816189934,0
28.461721790329214,15.763664815417028,4.943824144241474,447.9303975075583,2269.5273126844672,604.199854071259,18.15787800424689,56.22661608851373,26.109960702115696,529.7630741514571,0
29.839460840800584,14.923470909541862,3.716359516229061,468.6525083636226,2218.5267934991793,604.7168699338754,15.828352240900085,64.45869816893543,24.025507336108795,533.2117221265898,0
26.026111221151805,14.417222829172683,4.8048301577163555,467.91163010776023,2254.3996883485884,613.4203541649599,21.89771588907184,61.57253585226213,21.205162015687037,547.3208477332873,0
17.35127473627084,8.063358260680808,9.536986504406437,353.270811490979,2381.8996244996574,648.091882597256,45.136774442078256,38.36095591582891,26.047984658828852,582.5905015891407,1
23.70423545698364,10.14068399474672,2.6028207977056033,450.1773618831403,2127.809190888479,626.3221290084878,14.77445731715397,59.50884342786897,23.352202574148322,528.8627712993299,0
14.973761180303601,10.366790842737366,9.419181658140806,376.4409067017032,2281.762348909098,648.8729601274333,46.55491804321478,58.2696450019927,30.41701847377094,560.6313060320384,1
29.414180224709547,11.052667546929657,3.899207884369033,461.1251640285253,2161.7168151611345,583.9457516593435,17.085863366936422,60.96441035342098,23.58222473261377,559.2189043838727,0
26.753618576625122,12.954373091382013,3.9729971792856587,452.71747250037674,2307.709911667847,625.6881936996527,16.94368757508506,61.65367904035876,19.832145604507293,524.5886298769846,0
27.87032094910549,14.661626039545359,3.7878429000829694,424.27020391822316,2265.4713150972757,620.3797953669077,15.176791104054857,71.32513584554569,22.337945811732414,564.8882311496103,0
27.393298556776568,12.70802470695951,4.742295413165711,417.87044768862813,2154.035487914487,616.4441797745235,15.512250850044667,63.82875704423798,24.46545400090561,538.2370376672224,0
24.806814539976806,11.684205014298678,4.084484058286045,474.8209719674074,2209.848990273262,622.6713782911626,19.478990856638692,67.29695856750786,23.370926399894966,524.801829723414,0
31.307365485166443,12.05353253179154,3.3618762544303284,426.9961412157119,2150.7011158290375,647.8742229763463,16.64211174674789,62.67277461839997,22.97001266882631,551.5438238193498,0
22.820469121689534,12.062818403687906,5.09493990986926,473.72343735791895,2243.0196794485287,610.8358025156102,15.351232189605433,60.81593484868746,23.440536079471624,538.9391836717355,0
26.988157578699433,16.31066351309221,4.165176883256523,415.8210074875387,2145.934677180188,627.9637982257796,21.86984075913465,64.06446541280098,25.087812862695625,542.4355479047401,0
27.04318289557156,13.27007542844547,4.519305695907092,440.29107227622006,2237.6890409367497,613.4413033442454,17.89412294032744,57.7909599813156,20.549853908011876,553.3498187230416,0
25.101069284876274,13.713286199553954,4.302668339118762,445.3404393509871,2263.4416497550287,634.2664666480994,14.809122494285957,58.624440373354574,23.378658438970678,543.1673879584051,0
25.48682683637667,13.967592092279544,2.536826621624443,417.624008079215,2188.396096232081,633.9299984859092,23.25705685907579,63.16557891573849,25.082016640671238,505.48401051454914,0
29.393769395052836,14.317958645494091,4.388379091499528,442.4187742647372,2139.5447713189033,604.4702589599177,10.41586515495406,57.22113642478167,21.816921454173244,519.6788957236158,0
23.062760479075045,15.769555899494213,4.343495210746343,401.5952659935127,2162.522504301737,620.9411044180705,17.396945258241363,58.72869903598728,24.42428519381908,554.4971274582794,0
31.1557939034872,11.32270264237609,4.048062778429532,481.7331329509458,2204.659878985794,594.6504615378777,11.700894838821112,64.94308429441878,23.704321809801723,542.3611314636145,0
19.669980183072465,5.216863744524909,9.955679761868382,352.09304469272394,2225.5331884112998,648.0431902608892,34.33628621981063,42.791161161206766,27.14766419599544,625.3998128829718,1
21.46416482745516,6.351505502898308,7.047609175412864,307.1460645869532,2508.347030999141,623.8974701141136,27.366311778288207,50.9919131630327,31.91489902922924,604.7699955620911,1
27.361512261875895,15.890956759236726,4.620621616123264,464.16019706679015,2174.107704942873,662.1055019372133,19.017961004947555,57.30534342364478,23.378105386927558,544.8857575378024,0
30.510572761712535,15.726171921095215,3.9373227009768805,430.4254026170406,2112.445833372764,618.980256414448,19.406982080643697,59.39201161204947,24.445217981190765,539.6424595501148,0
23.430000297943756,12.941346223304715,4.709043869377703,479.164178377599,2197.5688757373364,619.5187641267986,18.300027963344498,56.41435075958705,21.428005816177468,512.6060191215859,0
25.550808822879567,14.382352699275874,4.281754983752095,482.6712805918087,2203.1537836752477,629.9932897790846,15.535006221289358,57.38236814745645,21.98636903450545,528.6167008815358,0
24.197874005477182,13.034573028736865,3.6913010713668974,464.34316141628227,2234.075299290956,634.9825317861324,14.918840195083233,63.73319164214805,22.926508055088636,556.4343548400606,0
23.79075293160485,17.911238474916896,3.3635304937479518,435.03623163099167,2172.221640178674,605.2119215993098,11.50132306261888,61.67640784610413,24.4742211999099,520.2620568545631,0
29.514634052220583,13.367788530061683,5.426893949085988,425.7532994297265,2250.64045771018,585.546822621882,16.767177083518693,60.669468886467534,25.022959423937227,548.9194633220291,0
22.294183795522432,14.507719633937509,3.043487318569952,487.0572449840448,2195.0453175453754,624.7398500679865,18.069596484519415,59.008536807039164,24.83046452235555,531.6857632824701,0
27.029024331987625,17.76806854026206,3.0962070061185214,425.32521610806157,2102.770468804822,649.9193191964346,19.492526140909625,59.86837759693722,24.416036677336592,543.0585395288425,0
26.82691046977886,13.783395764160176,4.321899886044623,487.1986983949205,2188.325816106367,635.5589321929049,16.81957088758223,62.51459837572955,23.0394068353551,551.9478953009652,0
27.995867617687207,11.698857966007372,3.864038523383069,436.0993527319343,2168.846546502156,630.9936163910204,18.670253378214436,62.03914777200026,24.695495170537768,557.8030938189114,0
27.64926488753747,13.380788798730398,4.653492902513023,411.20034617184785,2122.5467990071943,633.4867614769295,13.917917219825704,68.24563809020613,24.12507972967761,534.9520983918371,0
28.324571972538823,11.475229072048043,3.6744960275861454,433.0797924550326,2123.0392759570477,632.4092471929179,19.363687037611538,61.567878479826,23.766001645389736,523.4093897342244,0
27.809877385481677,16.696586913835908,4.021255011428814,467.55756967553367,2215.6186643460037,599.4814312572119,16.5284374690739,63.85823881686411,23.49044537899741,534.8029027786916,0
31.051615394117004,14.216511846727832,4.21301890263595,423.44732228107233,2254.209417350805,625.4594648824851,17.835896552453853,62.61744648989199,24.921675487785762,523.7268265033684,0
23.857112814654315,15.703926259489597,5.029396467537879,414.7158136480914,2150.565663496809,625.4418348635148,20.580696774575298,59.14984752187286,25.12912576287886,537.5421716694763,0
24.865092165907694,14.931047058469792,4.6238280878547515,481.25899561292493,2190.529866609675,606.5219262286141,13.489024895423041,63.819631508038675,20.52916589334038,558.8182896922804,0
26.94315341737214,14.77519721210205,4.610972733993005,416.2600802253401,2245.735585690913,624.09565220599,19.252976399814933,60.73277184177504,24.083269232475363,548.1316093616924,0
25.554593614901528,13.221190952165097,3.6733463606828543,456.35476691394143,2154.8335004122064,654.3560701359439,19.940764294504376,64.7174461558501,22.644981351509305,538.9082511626149,0
13.516637931452433,7.54870525084568,10.08882368813362,408.90765930283567,2282.5537706178397,682.8030256582794,33.62513363705388,38.74001070275325,33.22158092454444,609.9498568826776,1
24.505293090953764,11.52382191137349,4.053487848538999,400.212523438758,2156.0233993342326,650.7541120159428,21.87249382088981,66.00671523699228,23.82260375883628,555.9437907209001,0
27.810469607031926,14.173830408630376,4.041554418004883,415.3847262991422,2203.901536276004,605.725248416248,22.811516466734695,65.64204875280218,20.453348736093513,522.9226000490943,0
27.023725504579957,15.078346497933468,4.1010791472939525,482.7370085116681,2228.290578604341,618.4291395165164,21.83383945434021,54.83854366362418,24.820262287334728,550.7717669198377,0
27.214565349006357,15.017192136604525,3.800428562544425,431.2526242154916,2127.2853601740494,615.0538298878489,13.997804790230372,63.650716311869616,25.758558392219438,548.0174549232828,0
23.377350073304868,16.49955434513249,3.901084545939378,403.4144212881779,2163.4081583848874,633.5581112177842,13.509830393750867,64.31006597268791,23.3384542350701,538.3858258416872,0
26.243344772398416,15.159853638184773,2.5761974823479505,480.8341887520136,2180.266254743053,629.4377430102361,13.577964970406416,69.06706951622633,21.77245722788198,539.7237730269057,0
25.87224352990772,15.969249171631171,4.794457040740713,478.33283173895524,2137.7708533659275,634.0716089211552,11.2134226120425,60.650947451962686,21.860012262233,548.1699159785023,0
27.534480792975536,15.145172753150675,4.737468306622354,453.11510106863557,2179.3575125898874,613.9516436030875,19.171283322878576,56.23842793263771,23.52566804267057,532.0019312026288,0
25.822679674605478,12.298722265076798,3.657328064222373,472.22109447136074,2108.0202253706893,629.8821364745448,13.614709590135885,59.04571616998628,21.18859104617202,562.7819731485145,0
11.891721564414464,3.9909748713548696,10.034990606462847,376.51971360691016,2471.275593602347,642.7922753512198,33.62993411184232,57.578795394352824,25.409620289670915,601.3184922086109,1
24.02615469992034,14.041768322735413,2.4782279850870266,471.4849022622605,2241.6037594145864,598.5117270177516,18.04091642332704,63.139769860401344,22.33651436205197,546.9955438577883,0
27.005765479577985,14.316261382497798,4.203193803976265,471.8441563514049,2279.6356866891388,619.0048395672779,16.631026622306194,58.97959510146762,23.226651929188165,534.8250346399867,0
25.476025251811162,10.607192938114569,10.199596127679614,356.139247876206,2264.6577541976135,627.6114793409024,38.60504108521875,47.71578995344279,30.14475110468834,608.8739007651578,1
25.479167092933327,17.858206644478607,3.376491469695362,480.70727892332815,2271.5807326137297,590.5092373854568,16.330258973991313,63.61131648938873,25.49704178862287,534.2488118905521,0
24.444374956774197,16.951207439277812,5.288805209357381,430.337122150023,2193.8426855350394,628.0630920231116,20.015568228633168,63.55886279280593,24.903670095352194,550.7849574580152,0
25.93145146839029,12.272367407479864,5.395645680501192,508.944993084368,2193.1673057945427,606.9939420336544,16.786309807133076,59.82314453674797,21.49577526818138,546.9847703862503,0
24.59419135493087,13.720485264653483,4.665939331026945,487.1791798364548,2172.9077955310063,625.7459368816513,17.9525428950102,60.417377449765915,23.485965009747268,534.5402711201607,0
28.973959836487133,15.555169900867984,3.04107833617598,461.6783969476313,2233.4877048355957,608.9805082496237,13.132701380354721,59.98646507886747,21.529747076006103,567.7111837291671,0
24.174338281824873,12.952263496943598,4.0594285786035815,425.2188922000119,2158.4872938626363,615.5490156630634,12.618624523221438,63.06262641796859,22.447110820677008,537.5969289018747,0
31.092283820803285,13.241954534463666,4.8327202179252495,465.5573826514594,2196.0251812152574,622.1565829488171,21.122880169411022,61.14072116414678,24.25288494958243,538.2117828087396,0
26.0233723562371,14.73805267465147,3.2840484859873897,474.89414579158824,2182.585044042572,617.7050251661955,19.96172446784425,59.487423513581795,23.44966458943877,550.1893932100488,0
27.536540712566758,16.02988256962482,3.517041609434872,438.2222497638325,2194.9693118667437,632.1215591741535,20.088963891418526,63.37807953726339,23.38715423053702,516.439004935906,0
24.248269540718308,13.750229933645992,4.137894810942164,457.615660486981,2185.7080145221685,649.1647799995532,12.752023397366003,63.74544445663651,24.604860129289694,541.662789031097,0
28.559382829690456,15.27044238046633,3.3703430363443045,470.13111574320055,2233.6586836078177,629.6335012455144,11.199579444650315,59.30969699894429,23.636783040952526,538.6272195733278,0
27.726916772484547,14.09685657381485,4.597929264153898,486.58197491844885,2188.3462420440487,620.4579692094893,22.183033066490875,61.9230520068183,20.93031871437952,546.0001010509662,0
23.261647038834912,14.636375784456181,4.2178504467953175,428.93972419508054,2169.420408159779,591.3852548479891,22.73903174010791,61.22585802028728,19.37753597902328,523.7397953128734,0
27.577052507519706,13.224429879592853,3.0682170432099722,492.9685039937278,2225.8038038169525,641.1672302364614,18.716000773951144,61.944316039216254,23.174072658829857,547.9628783012382,0
24.08662201297809,14.02437775117559,3.8637891045466795,441.2692925121459,2256.6313661846507,584.8379482471057,20.857925448683265,65.69815725815936,25.098502103545925,538.6145045861193,0
28.912926231821665,12.454327486128713,4.2205260709996795,452.73747813902366,2179.1219513444485,578.5306728668262,18.427177198801875,58.2274641240353,23.3438718209183,543.6491055852104,0
29.475764258775293,13.903280113156423,3.222218345709423,500.99910400179897,2212.1797996022337,599.8851352821006,15.978697940970434,63.716861550949695,22.734557878270348,540.4132608628423,0
24.543959165096386,16.105395069055266,5.520661883252756,434.22251374889703,2249.688355252814,595.4429973897318,15.521679573805674,63.50245766629675,24.111327790267456,546.5235829437303,0
15.873100752831249,7.288756225758986,8.785616845175378,410.3911142761429,2338.0509102978276,662.0891244722271,28.37226493919784,49.9820538965548,30.41856934334881,551.3995592870403,1
27.01352631740315,12.744492593254462,4.042630427390364,454.9603893726841,2139.059045175256,636.9161064749015,21.88019519111408,62.63747365080195,21.725231814670327,535.6551665133647,0
26.362662834492706,15.21417484380604,4.730010982655275,486.3807099098078,2205.042904995219,597.9271838455408,20.027183325782264,68.40459224907512,24.63066862079307,555.9395549044032,0
19.691170425731702,2.6842208173468,11.355737589637409,344.488564961202,2461.114906560371,625.1982438906886,38.4708859868995,40.469039579348184,28.34738453445816,561.0243111684803,1
23.693078919322513,15.462431509020686,4.718751117316594,449.42636575932033,2205.2578942261302,589.9938221829588,16.483851262667997,65.2262122067975,23.461115871880267,526.6217137083863,0
23.458490711776488,14.47273054914636,3.9069530063606783,522.470015338988,2152.4608027298914,650.433159940939,15.933796929086741,63.71960834245602,22.84989711155946,535.2239959031677,0
18.880918586618115,12.341759790998728,3.694510774458764,424.9591549210106,2204.8498088569117,642.5477277186799,22.979059611392344,62.141158843468624,24.21377285660562,538.6964385525698,0
26.593808080848994,15.623081635150974,3.1638207086541206,439.49612718123706,2275.660936072469,611.2702181739119,22.057716984980164,57.44419628783381,21.314872191322493,584.7838955667637,0
25.366404254078518,14.215921552054501,3.9058823319131886,426.4367683193076,2158.4609835003203,626.92816253738,17.08330765727823,64.8402563060221,23.167521391656916,551.0943954989416,0
20.686571562814283,17.817627133895204,5.169258163907157,495.08673319889516,2234.3196129620774,605.8667144190622,21.985182539962153,60.9436509698351,22.67536095136378,537.9532585394967,0
29.34012170888857,14.815606223357838,4.343145666030283,453.8841436528898,2171.0589139206586,598.9923691720247,19.535981263584596,67.53956343468434,26.863303132894647,544.4444928936894,0
21.80502808508523,12.082362298652821,5.063601462726826,408.14843841846084,2236.2134669358875,603.7976880691632,23.76155562071755,61.36071984475081,20.667668501991376,548.003961885751,0
28.534409224915528,14.638118049520969,3.7038204938718358,407.6859831607098,2173.1768427940633,630.1526684901338,16.062400058627226,59.484404884594326,22.977927944632686,534.2415799144338,0
24.304619082678123,14.744064793273829,3.963658876293419,435.91046907240184,2192.912895290618,671.8137167212299,13.392331186833557,59.66861055441611,20.48710779669939,520.3382869418767,0
24.70129613505363,14.12385149378932,4.073422632377591,469.51120451525173,2130.0787399642077,599.6370012999412,16.507460719480214,66.98864523446164,25.108842614491977,526.3294202169596,0
30.470690267873156,16.06814768401177,4.2812555911473185,465.7977416639481,2200.004451548182,615.5538366987985,20.251910649377656,68.2063155653602,23.168912116335477,534.5572617046096,0
27.69382334316699,17.693560490527364,3.1151023718437565,424.25937319106475,2258.7099672822073,643.098116564854,16.655981504793175,59.25571043340337,22.44938923560382,526.9827552564286,0
28.144720026082947,13.608425615382298,3.3826503120795244,439.6574254994794,2259.932573656659,587.486147869744,23.430896491109394,64.14816335509875,26.068908089191034,535.7672106341473,0
24.689143701479498,14.021418876593108,3.5486578590506985,441.8686521603599,2189.6813785835484,609.6522508463325,19.400433413138344,60.68142410654866,24.971590944210156,533.9115623960175,0
26.905148897657188,14.065427385856044,3.593397723771055,487.8221668688384,2205.4549022225992,612.6189402926244,17.11798853587414,64.62751934090844,24.93888759987997,546.9606901152474,0
21.049084478154526,12.073249834827886,4.415895399772134,418.0397514990094,2195.1427202498394,646.8598530486125,22.902762393589562,65.85825405264293,24.437404585797406,550.6082425109844,0
26.07398104708949,13.336932849281155,4.677523192813316,453.6572386527129,2286.4232694402467,592.2299306388926,20.583364853566895,59.67591428075539,26.063757246113717,539.9727545785465,0
29.194608389362955,12.440956783962658,3.8074357884094012,473.8199255778828,2106.6601866118867,609.8545952238193,16.848238307812185,63.573355234624174,23.99417636366087,522.9004988814894,0
27.236482106395947,15.443003172893654,3.4242389675990563,460.1013962030024,2212.8284251740597,600.6568296664742,11.223235552991941,58.268026513395235,26.426477410451582,517.793997070055,0
26.09139275368872,12.648431760435924,4.068221308849551,466.3375330384628,2155.236011505456,612.5870015903254,15.464118980937014,60.11260684717402,24.209267169788564,512.5992518086964,0
25.78154159612706,11.924025349881015,4.012951254657269,422.8930099791161,2213.145410131651,608.3590663577585,18.597102370260675,63.87197288108954,23.005153386246672,558.952848634459,0
25.99479188652649,13.288895319953799,5.335301298239764,417.64300125934153,2211.9944740059077,631.9267700118826,16.892152752007807,61.670781207547904,22.532816351273674,536.8160962649488,0
25.99271503801113,16.131864097220483,3.652752893886124,469.05856398578624,2292.025795612129,639.3351766423297,16.47413832683032,60.44199430970721,22.934052868208838,550.5365831177418,0
22.794536506392948,13.327018496328897,4.666329921873676,464.88467134947007,2173.2166364383966,599.3546143069235,18.60126365319867,58.55553553145873,22.261333855034838,535.3049128071541,0
20.468049172676274,14.759722454978645,5.350898636777261,432.8048120747388,2252.7004320030464,619.6588835221903,21.05748211171787,62.40956534785529,24.867334179921546,515.5319295791991,0
26.66978292292334,14.85088093931845,3.808854547188108,488.8715457756784,2215.393291736549,638.0413363808495,17.806385018876636,61.97254986734829,24.215261669034778,563.9032018828808,0
24.243942263018717,15.182996018381601,4.041393781640598,421.0961470114472,2247.7999302820062,615.616795204445,20.156377207239625,57.458476876049545,21.901901004096082,550.9177525620089,0
33.25996276819846,15.785662233758556,3.653976666479312,435.83290607906775,2150.338427499327,595.4490196473563,13.363655911476059,65.21076192152633,24.070334703276263,531.7788380569287,0
25.706783186868897,14.860696348025598,4.000345981002075,467.75772879916445,2160.7967781261086,615.1371909282461,17.364223383877682,67.97849613273954,22.020763603206053,538.7110608834345,0
15.868215854092025,2.250384795416834,8.209939021506838,342.78728150111124,2448.695429182805,725.6453160138718,48.59204570993349,51.01273886438837,30.970014374438982,594.6622636080791,1
27.983886737263916,15.550762397926437,4.078410604019875,449.9579297376257,2239.2992487566667,617.7445589290743,16.437766492064004,58.113956987403256,22.988593826216288,543.4091372455375,0
26.021739187795962,14.635245847272339,4.931977976866233,463.85978337934085,2317.8849615013182,614.5857915792444,24.096033400450537,60.34295721551494,21.30273728132418,557.3936202226835,0
29.801654138820417,13.671874436084845,4.168224801802183,455.01422846417125,2135.6132686549627,615.7643673273172,17.80249699781281,63.850877531798105,23.475513404787122,523.5251156564445,0
28.84142338964197,12.704963193474567,4.539840811595547,473.8627488905254,2086.5567462311333,611.3874929963041,21.17863778110081,62.96470381290316,25.481938795821296,530.2319515131966,0
24.485015977920504,13.998477698383034,3.634691401824417,478.16092170010756,2268.194328717703,598.3329208379472,17.197875910115158,61.74449243672743,22.519305010144382,549.9636428463785,0
26.201584501807808,16.047141402592356,4.114969142673701,440.14537142207473,2239.6485442489197,620.3315937041491,15.597609248759152,60.76828075527773,26.437205402384084,553.8074621516168,0
25.023232465091283,11.85651777370569,3.24812601326868,446.7826440363824,2203.967394202586,590.2735004839976,15.036213083535886,65.2147525752638,24.13740802869489,566.4441873080343,0
26.026889147658988,17.15678852818522,4.19653947229033,447.75647153176675,2231.000860704679,621.1580381965388,13.120189076074244,62.866629150077266,25.359532366762625,549.2781531567911,0
30.47613074479006,13.652241694918374,4.049568652366635,449.17979225550005,2188.7457165322894,630.8745230957736,17.851540920698202,65.75242796533557,22.351528481100782,536.4753297825987,0
26.444380512876972,14.085242323016832,4.26161386257268,443.0732673240365,2210.8387398346404,607.4429157431857,18.384061887321373,68.18551471550344,26.603797194335485,542.6893751121985,0
27.409245375857406,14.071899420064444,4.784980706660481,457.5021443959642,2216.550986240175,606.0750534110942,12.253006557470684,63.54659685511208,24.70854548778058,544.1613241979084,0
27.11026097244588,12.994008825619199,4.038581709443604,389.1455175397873,2147.0298361504,618.0639747037972,18.33406690313348,60.27463799534402,24.58010975981414,550.1713331143637,0
22.06259485089468,15.26437731193447,4.000125140469816,494.4504019201822,2230.0860686302817,619.1985225090576,16.82525907197319,64.49680413052364,25.08698002109426,526.9592437731707,0
26.8746060349682,13.819216114455047,3.8778785202775206,441.1887361944891,2206.530719878965,620.5891073492857,10.742875245139498,68.58003015822445,21.804933351014743,551.553497607356,0
25.787789834043565,14.843256949880212,5.016540952486232,422.54744117276687,2193.3844968532785,632.1586328035661,18.08219283338796,61.86583923479222,22.42945979222398,518.2675534092832,0
26.082680174728587,14.884041938287503,4.709802151469097,495.9105926853356,2196.3322602711614,599.9559247084528,15.232445299308763,62.07722802764772,21.45290052490396,532.5993752110379,0
25.71206402528694,13.622236287309299,4.448653997687183,434.3090545840196,2220.898213792475,610.5582612717294,14.549079588287842,66.13190796767068,25.784344104054988,517.803962301819,0
29.334201196891755,16.34486850552862,3.411823134597502,446.67782988444003,2225.9901876777817,593.7995807684209,17.437179492325196,65.97288309453958,23.550598299622504,545.8405913718362,0
27.156873062867845,12.380435947858627,5.385205870707315,458.66720390064035,2252.2254771635635,642.2600041209301,17.06432679517051,61.64987219334523,23.97471456577024,519.3137636814805,0
26.73545764558078,14.301058012439501,5.444670836885675,494.86407570955134,2152.8765711539218,641.8916863163477,12.420737241102096,67.4109974224298,23.3253175319266,548.6070780734343,0
21.51734907236461,12.041589172938584,3.5488588253147144,421.789109092382,2251.471478803194,605.8388167993886,15.547428968310799,57.495727302759704,24.228365544923157,530.9660141476273,0
26.521264066807884,16.625181834904406,3.4263988815588293,429.40271138246874,2181.342786352688,620.7416722229971,11.445150873575548,60.921932554072505,22.211423517484743,509.87514507378944,0
21.33580956466472,5.641802697083658,9.2988626015834,370.89206922207,2385.129212649625,646.5067466115868,30.727618151243206,63.44957445824571,32.19371598522175,566.0584721493206,1
21.973453300049012,15.584465503540253,4.194979423368666,435.3696624484953,2287.7836965116157,628.3914884280201,14.752891792477527,67.15809534009885,25.639699993184955,507.33453655679057,0
21.109979984851552,13.18404632041876,3.652609125267827,440.79782226783584,2155.429226621261,616.7601028802432,21.571360559486923,64.64694138508908,23.17723856791253,542.7144613338373,0
21.522970012190004,15.675005630712215,4.633957835894262,460.64805744965275,2305.576466565505,615.9445285847067,16.866109506665698,56.86837676957433,23.434785436600745,553.5206615311415,0
29.0623042328135,16.219830435702832,4.6808143418133294,368.41833243689933,2228.2292056658293,615.1816657654492,19.289310492424697,63.7873916100653,24.819003696157843,532.5672776532533,0
27.912883447024424,13.77487545598123,4.974534871583645,448.0256454745631,2182.4828762038082,643.101599443971,9.647583615213026,56.75479720321003,20.751845593180207,576.5691980084606,0
26.122370305982678,12.348692366305714,5.024849209938393,461.72304129602634,2204.4969197910495,636.5759076032136,19.85642260725755,60.955390857993315,21.82402149403575,545.6388503827394,0
26.007785753240228,15.5062743699737,3.54966222623661,423.373890751111,2217.2768312497874,623.4534795396821,18.341198595463997,63.200660717811566,25.734098187143303,537.3179778184974,0
20.148017191300852,6.1167404736929205,8.602007878467413,311.21106647600493,2410.162595435421,639.8588709869288,51.56080602945569,53.022713479531056,27.780194386052113,639.2205878362746,1
24.98749821797817,9.217478911935778,3.795211069090606,431.6651416330488,2166.4434464144747,616.8157922512113,20.513614679431587,59.674637829158655,22.788686983926077,547.577842093775,0
24.59140170672335,12.459771661901136,5.410959326275312,434.1776338684769,2218.302389874959,615.7050667080056,14.73525856889481,61.77285480266513,23.82283034281058,520.3506270756777,0
22.43478877843371,11.8161120254616,4.272734510213614,456.2803449324048,2202.0615482629437,583.0150703941924,19.96052846081202,65.9177777258967,20.867127446049416,552.3935765586651,0
30.9939029166116,13.037855048368726,3.489679282416016,440.65493452967564,2271.5566507514623,596.8946511362055,21.59238002935695,64.582263943746,21.126676354711183,539.6652400911161,0
31.739996875563598,14.588718785624511,4.171369789097742,451.48064735711387,2220.0076481943356,625.6419543292485,21.74163857070131,62.72072042598687,24.961176872271082,517.7657669607436,0
26.643525178595393,11.846233271827725,4.323393984356939,429.58326665943196,2090.1682224750484,634.0533636989015,22.083803684768984,65.44332020179226,24.491287716601477,516.6618287528817,0
27.04896231794986,14.171473789445388,4.408505585959851,451.8752855586496,2119.498360302946,625.7564201663778,23.013879312297536,62.71460007435377,22.295717718109465,532.6531033869672,0
26.892621418613363,18.506818101432835,3.4175902456632477,402.9031259515709,2222.5122508518775,622.5130694808089,19.26996886318129,57.7637009252479,26.441643682688515,553.6452357554246,0
31.334483712970467,16.509027140984884,3.9265649934956937,470.285384541993,2177.953361872855,656.895088551182,16.1588760630991,64.24530109651353,22.11034156910858,529.2836873929268,0
15.652865634832361,4.959334758930495,7.901429577394104,401.7196574930861,2306.9665761717984,635.3664715225632,37.980466384336935,45.47762445565018,28.414735333216008,568.0457897763496,1
23.99677141810864,12.836298895823955,4.180124364382794,450.2024452837215,2131.235922671566,633.4296657672611,19.317091895223214,60.16738887390699,24.316387348894843,546.4368791582563,0
30.180036416225335,13.745099837368494,4.586708453209318,424.1249442464783,2288.734267079373,611.3428677712737,18.957722027906097,57.59077299454186,25.689121228584035,561.757836001964,0
33.52392242524098,13.868596722189103,3.360964853585999,449.031108398878,2195.4696858669413,627.7755677399524,11.187839543617411,58.093808041539994,21.957445788860504,555.3869422221888,0
28.68264150023186,18.019014973118693,5.292379558323432,471.91012561842894,2228.595373283272,615.4437357257351,18.759975131507517,62.283670730042935,22.673488120919988,550.7679323241832,0
28.546909875868604,13.673132504041323,3.871932946641466,449.26780477173406,2176.6271769753967,592.7669556099121,17.618318847470015,59.232839622246,23.434598897369884,543.1346115220051,0
24.00213777167247,14.677571824140369,4.809397370031398,465.50878413007075,2158.7584711621203,636.7857071798733,16.275001677036396,59.881787786353016,25.87179819303762,510.9080144412455,0
28.331069524407095,11.510597795706198,4.323138655021787,417.5460247089846,2151.45303884618,625.7872124923213,19.974864148898124,57.21043542961553,20.321023878785883,529.3515468424273,0
24.446533301939034,11.628132218392699,4.306072582657892,428.2570659418774,2112.9321465780927,650.882760024133,18.081082247084396,66.68884855022216,22.993609794327803,514.1585216900597,0
24.864291808281113,13.477741109224317,4.3939185581152245,464.83048451760277,2152.0312635379055,637.5047477108429,17.28361650567763,57.39993568436776,23.751823427238087,516.4892200495198,0
25.58890436933885,17.022771604714897,4.499181520351107,441.89431875187023,2177.1670509303804,572.7023638113776,18.252225233713414,69.29886885403978,25.525911668510243,527.5709170728668,0
25.706403612905795,14.782694012042317,4.636627747219657,424.61083345236284,2251.8319292295505,613.946835979804,16.361191108941092,64.71823272012851,23.531907052150185,531.7009614914814,0
30.390732016008183,15.349546928803663,5.459827245116036,514.3505906318343,2110.6736020807575,616.8244701238656,22.15148662207047,54.47805496651508,23.756909142318523,539.884280881771,0
19.817913917242656,13.729724096125743,3.8767728620705597,471.6097235669733,2170.627451739544,598.9405750176905,19.624582199829433,65.98060087045933,24.315934412204665,554.0905165319812,0
27.96814791700698,12.97179329833566,3.871104525093778,458.74332041534586,2241.547333968331,636.0949866034114,21.33375188857223,57.217226487782206,24.74818842001056,548.438256602125,0
27.145572058306737,12.686291550393175,4.063393422488503,455.3714972223698,2205.01480321533,611.8169670056309,18.78940091569682,66.42375832197588,22.376885843295497,541.9208807214654,0
29.954268983444493,13.970944043826481,3.317870626741513,476.19627761369975,2134.079086184743,601.5900530437575,12.91003986300655,59.6227546687233,20.761133715940357,543.2588773091278,0
26.66894767372223,15.099618587732436,4.811704236120795,461.77668187123476,2226.00561162114,608.7450433736603,17.540120630482367,62.30027321848573,26.19523010126597,523.806967201042,0
25.34412051833858,14.991129059724571,4.734545888957675,456.65557461586405,2150.6049773165096,621.5040481966945,17.052901009492174,64.81053956812273,25.192733554782677,533.6462064240492,0
26.42979231223992,15.65641147909408,5.086701780004964,465.8599897790334,2218.2364568646353,635.4023478402611,9.276205841058854,59.84143946158734,24.501685269810242,545.0656093483195,0
22.71311306051615,14.231566423011504,4.574729055533018,486.157872448348,2167.056326105553,611.0374850059058,15.935319413045107,62.29274672278541,23.024938918112728,543.6059197430436,0
18.72495251821745,7.267905900279964,9.158670247930152,405.21911371150287,2359.4710938391086,670.2159277866982,36.52105246978372,50.47304937969769,27.887708342216918,569.2137867889633,1
28.197283907679736,11.07704305231822,4.198200213917676,468.94094573789357,2162.24984886501,613.2710819533271,18.556890447935412,63.723048777574306,25.018058463091908,534.8851506616637,0
27.529928955316883,16.775978498060734,3.228159183712956,421.0719736461913,2189.263956569957,662.2060324785167,18.724570448979364,61.92926761353484,23.7485368678558,556.9994956861971,0
23.93647468055524,14.34258708604745,3.2889809114760054,438.6586488438609,2197.7571905592345,598.6380711668312,19.734648423267355,66.11523146742101,23.2252329456883,539.5697929484814,0
31.0934666887188,12.257877063312458,4.179206189152213,411.16206144386734,2221.1490369178414,632.6386082077918,19.778067957614784,56.758111000975745,24.606831984322547,541.5473180483674,0
29.752895871630077,15.139884805212386,3.950348927240083,443.13313339385155,2170.817549906321,611.2556926627781,20.80662382038316,58.6670881053437,19.48438572897802,510.2343619282289,0
28.587778114786445,13.206355487779161,3.893725279782913,429.2028262584046,2118.061017171737,654.3096047936049,13.65491813106686,63.2296144677777,26.395950066503207,560.2267809126671,0
23.914229870814,14.623215897672996,4.752798118726611,447.23864971730717,2187.356076527481,602.6182528104517,14.340485601826284,66.95187988371,22.437671861880776,547.6815987285764,0
28.139045152928457,14.834432494939684,4.193481751981083,441.1133333138149,2115.3450504857306,642.299440712131,15.900019646548934,64.31516143394478,22.510376258636292,542.6389451787047,0
18.634414029251737,3.463310720294644,7.361882428787095,342.01333843128316,2396.783084595227,756.7697101153867,47.5293482820631,61.72766419863814,26.895186572139668,610.389093016562,1
28.739013108285864,15.436516601987469,4.448083975863303,440.7291279578372,2173.777289358548,600.5988672305125,18.968074106326057,66.0523779454211,23.78234305675484,531.7009513339804,0
29.46931273315484,12.665152393657323,4.879389565528408,425.0268037214203,2190.8770194894014,593.6225152194643,16.99431903699836,62.45068784442306,23.926157213345064,548.0106034029335,0
25.619666123779425,15.428306517663026,2.6254999334991505,487.2430563052593,2173.037125918959,617.683441992662,17.770059139758445,63.67356595816322,22.308781506118795,547.8972360059253,0
21.393902817412926,6.699364827596679,6.117514752907134,318.1715972268655,2541.488427871831,637.1381940865846,34.39731694530626,58.41681855598535,31.23791551698224,601.2424360349436,1
24.859072766129728,15.068295227198414,3.7209991327567042,465.74454560713195,2209.152480040857,603.9887413451032,17.65556120812699,62.41895013944148,25.064680675778916,566.4330217318527,0
23.5879297588474,15.263139229033122,5.142836998170462,479.43113332072744,2229.004208378427,599.2187211680221,20.07775195685121,63.225284937977165,22.585571451194873,547.502605086644,0
25.344682312068887,14.1052982325003,4.226512700975752,454.64033769227456,2196.6184730361992,652.3610168210568,14.917797923368271,66.4976622336839,22.033316020916242,527.4222032028891,0
33.78561162103855,16.228497657782135,4.248918167538894,416.9869501657625,2254.644377892045,608.9986178137232,18.92602035620674,57.44183873582706,25.413457415142584,555.4075943786447,0
30.167953126772606,14.246731804180309,4.186974924067378,462.7260492148373,2260.739223827476,632.9344875469413,16.68635681124787,64.48465819905688,22.177595799860452,564.6464787848973,0
28.34853168075237,14.207439188778759,4.505470541430582,434.15919787637137,2172.0304170178406,615.1720507906664,18.254082664857027,63.43148637919201,23.7050674559418,559.4074176528657,0
27.413686181607087,13.781738969121811,4.639626565661614,473.62702131544944,2143.5707924191424,620.0259241306221,13.495708926260338,63.000008540743615,23.014849987469912,532.3037786854723,0
17.66378973709911,6.915069535609057,7.816228825663669,414.9235253042462,2373.7452740692156,666.0189867012265,53.22161031785999,53.566561327915686,29.63432624310569,562.101051297523,1
32.2489727325933,12.832237734379152,4.277425397152341,398.3246542799578,2168.704688552543,615.1974949243701,16.014120384865187,63.36811594069621,22.879212175494352,550.8135706866101,0
27.458484660883737,15.339162982403117,4.282574763124377,423.97196331518484,2159.9303620380424,598.9561559734731,17.11686580193032,62.696111995994954,21.131975355772262,545.4390332883922,0
24.91296709007136,14.947503442477815,4.554632085385485,472.95204900875956,2228.5076349974856,643.7942000529921,17.28418258626399,59.38670090039467,24.294832024838595,533.7549496581206,0
15.750723577306282,6.496160310593044,7.676209559079475,404.98976795606944,2230.485528750418,635.362157375006,41.08295086840613,51.71729959655238,33.537641679700805,576.080279888529,1
20.606781229368327,8.636679009463482,6.941610823134574,377.3130761917375,2278.2490188919287,681.5986733981329,43.76636079638381,46.72087079366761,29.3052616295791,571.3699229375471,1
27.94665408453792,15.239198935212423,4.439778411696043,471.73248864922124,2183.5485651598333,579.0669384440662,16.87531925698526,69.27175569696531,21.328600069168523,550.1079714955789,0
28.21940282899968,13.434602381121374,3.980440963771712,485.30483445832283,2176.920450042703,609.6861178211087,20.267843022657225,65.27894741331797,23.90659345719655,532.4464660292456,0
23.898640152106164,12.856990330703093,3.2955112801327355,436.5609571723655,2252.248564947335,594.0512193712113,15.988307734959893,63.29420059304006,23.623730258879345,540.9108189472864,0
17.988070062737037,5.840323213174571,8.544878705221342,294.173591051028,2392.5525102265037,679.164748410634,45.214898125738415,47.79471935556821,27.35297794336745,630.624040977548,1
23.71652989519538,16.118233314496084,4.890503849491235,466.9030483825019,2288.604949171471,629.5410733883641,16.38352016673201,61.09063199190223,22.549177213642658,537.2702652879891,0
25.328935755251354,11.499243276003083,4.626081811725925,398.90854784567176,2148.906865408728,615.8834129103844,19.316899150988185,63.42954398968154,25.143418055690056,523.8811362898762,0
26.064568165487604,12.563804149875308,3.34184803005458,445.5764029694665,2241.567068505414,651.6149341764061,13.207635696388213,62.679675998799134,21.476286421654933,549.7953012927926,0
24.30784805458103,12.422653326100551,4.709319921621042,435.03603317738305,2176.8726879154087,588.6762645815904,22.420586018733584,64.1241965960304,23.734030703245512,520.3586651801342,0
20.870556773452385,11.577759289543014,5.062355448261646,436.0333943239117,2275.863259102852,619.0397529649655,24.97170898900702,61.6754779347599,23.453027490785654,528.9373203088079,0
23.310784191655195,18.2913852867629,3.9131010452903077,385.01163754074406,2237.451499555829,624.834224447664,17.422081224396546,65.73002450892082,24.19009391597339,525.8643226165377,0
23.282731398659063,18.235308040019774,3.526426086847011,419.5216895538098,2254.603020839005,668.1021893464795,10.908188616053415,64.13805274247113,24.506090219301,531.9733454049527,0
31.119562532390113,14.686873694998358,4.436049483108314,459.8064269267787,2083.9515633364867,616.3105242985457,14.94246656884787,59.72359544143295,20.814879703814032,532.1252694162556,0
27.954626098267696,13.679969414465214,3.715731887615207,452.49814141504754,2197.319914606977,596.1121241491486,19.53600106172146,58.048295414669525,22.557896936467614,515.63363230139,0
27.74290186013441,14.529246514231668,4.033597074723799,461.3270018671941,2112.44420692572,595.9693941540614,18.50321483892302,61.281284325635454,23.71506496975192,540.0482756330666,0
22.731685880567383,14.766543350061257,3.913548827155375,465.06048464922713,2258.260819103768,621.8705856788641,14.076002834077233,58.62100741942227,23.995607430360064,565.4848980240107,0
27.420891531751646,13.920765478841679,3.8611179893385446,465.7349486380846,2160.4145980601284,614.1340895558918,19.7626830200956,66.58558875348179,24.28016439343724,539.115072074447,0
12.12693836273091,8.55365023576388,10.088097535410078,383.04069657937856,2546.32439118195,725.6943521982446,31.628163692236214,48.155824220406885,31.2023477592328,569.4933027761083,1
24.65405854780723,17.52411779160147,3.3796722652188014,466.3306481150706,2160.7203759358513,644.1234340406968,20.110391632879626,65.2184710619904,25.323048955478527,548.6553288140417,0
28.934158778360224,11.00510251975829,4.7990807427738,453.7332756525596,2291.96961110974,644.6991511940823,16.50654337904015,59.039511291850346,22.247044079555252,538.0837376601918,0
32.31444947970421,16.55424812280371,5.1731544767731386,394.30169010458246,2235.3226328389833,613.333658815768,19.6109649925625,62.26995073644889,21.62932618244493,526.7020755522694,0
17.7409005014637,9.950506572937876,7.557658675072478,303.050715551851,2402.645102779032,669.607060456968,32.455681934036534,48.31760126272516,29.372814165355365,613.7467602225514,1
25.431868384158665,12.73151203362802,4.449251298176094,447.4441068009465,2286.493694728831,651.57423542612,17.929994794286504,58.049087310559585,23.789666978212313,559.8969487518812,0
26.172283373280685,15.963934982685283,3.548078984259425,472.45429476268225,2251.0260986878166,619.4165531400243,23.567977523856513,58.820731837135,24.009294094337335,544.5597442582816,0
20.198262449301005,6.517870441497661,8.544855407074257,359.3320554765481,2255.4034481551885,669.8974350961158,40.33684206550714,57.74178641380079,27.263235852368233,597.7415976652944,1
25.513567870326515,13.525379525107136,4.262074298936218,475.32140520371377,2140.0845962458397,630.6384110223906,19.766743168699218,61.44875013838828,21.86098627342315,534.7025446798247,0
28.956848777557646,12.489034827065662,4.496958782713979,439.6728403084777,2214.1549459674648,600.4008900603076,16.478843317569073,64.88893026495968,24.80411478664908,526.7433106737101,0
25.091321436437326,17.21962500977574,3.260683663518937,427.0002536957856,2184.7176558576816,617.3232953179493,14.917070507580727,61.2282907225156,22.870225211626384,565.760929774445,0
28.236676529071023,18.21571778927462,4.702153671374476,454.73877114785415,2196.181775028414,623.3233823951754,23.876543567639583,56.19876032739374,22.31003393027615,543.7777139549233,0
28.417168233322652,15.990920075619995,4.511442427753088,464.9772236541313,2136.19138558057,612.3503320346435,16.374373285118267,60.73668383862823,21.823296737042757,547.6159064450812,0
23.961052296981144,16.060239751253476,4.006030440890183,448.9113357658777,2221.8318788843244,611.3354445615948,23.131252997066838,63.904999508767865,21.05381668703101,552.3535257509978,0
28.615760155769323,11.997333329321098,3.8652167948722846,437.11899389670253,2229.209747208801,636.3638181014559,23.236254764178636,59.240712709534186,22.716432423044317,527.0457046297877,0
28.66556300214632,13.86026041657979,3.74578226048972,421.00026400766893,2178.8803445396134,602.1406723597229,17.491355640509468,62.37411520651276,23.30403210780569,543.1365014126246,0
25.162971654453607,16.005770565311952,4.051047880420694,436.3974454596497,2272.420103631781,613.3629117785168,13.054477423569317,67.97969890851402,24.035227327695942,542.8173247367903,0
25.4826406280686,13.455877424583411,4.994842179376351,436.84518135020323,2056.1074924329805,621.9298296511566,22.344285834208776,67.7275018499441,24.072060346506323,542.3194176616299,0
31.502407753975383,14.212122161382919,4.660064575357872,427.8534695904823,2229.3837768981425,617.61118456913,15.237614871275744,67.12124828577923,23.745507170993392,544.704183842032,0
28.07822056459635,14.005179991018647,4.288933857710087,467.1249518191707,2190.452361856425,606.3574746031086,15.008534240761538,61.404059246528746,23.106084668580372,541.7650443705513,0
25.113568985898883,13.916347314369416,3.5599324574655604,428.81957605921593,2254.4832406118467,649.3609305723212,21.963816647834026,60.945173399958044,22.540889013895463,556.5115033565911,0
27.469257853155035,15.328797280268498,4.338928095166993,445.11287016441827,2248.1570486587525,613.7735269703339,16.198507920958736,62.936985771064634,23.664460291236,535.5635267920513,0
27.32572486404148,18.229896999545964,4.654893757064759,421.3515607914976,2158.9829838628452,623.5930630341438,17.561801952595406,61.466017157359985,25.14704274573879,545.3245492875507,0
26.2412793298351,13.168555038882522,5.262478633036538,441.1309081911129,2180.482139839537,609.1495224015133,22.223747875320104,58.69696239573769,23.06563726917988,549.3450318195274,0
24.63844160890359,11.98553173432256,4.456169766473511,429.9199669097691,2247.4778899522416,599.5395193701497,18.520234345619357,66.98963033866585,23.8596846331283,545.3187841961511,0
25.95693460445331,14.78154986428822,4.178412782285102,464.12228517211605,2227.692909817516,602.7224725009044,18.17142514376163,61.48355503798463,23.776101731154284,563.5678742507886,0
29.66134952334509,12.799377084650935,4.585026389408313,430.99770360457995,2143.7141729400887,603.5490462707301,17.2630086285447,60.48056413484284,23.760334818517055,535.8417083564839,0
25.378589479929115,11.722839995671778,4.173929619294644,463.5338959896495,2286.230055324665,633.068390222387,22.640466890809442,58.748987659167895,21.27969395943895,539.5666289151807,0
32.99418431648958,18.33939532530671,3.608606298619992,462.2278584060762,2248.3720230068952,598.3149216482582,14.621485165132286,64.97255128053868,24.46995018429764,544.2881502776726,0
25.27086096258629,13.784092576180917,3.3710524958825534,464.1282010127208,2183.693244514752,586.0815498623941,18.440920257777428,62.096112530935685,23.28422284970933,548.0631857619356,0
24.342035844139307,15.151889488092303,4.269329713898679,439.6435743961292,2171.6025926501125,648.1783387024287,18.028479549377366,67.48053296255299,23.847494364538864,524.6838232302056,0
26.881406280256172,14.004634061166717,3.6615475675371405,411.25385530026875,2241.0212814666356,604.2580827810141,16.641186976311126,64.63929418438207,24.047132942787446,547.8858342164825,0
23.00578459220399,15.17652779836399,4.8731466414444755,449.16218023349217,2179.7499422801498,637.531631654655,19.505256184285134,61.9432803893791,24.537044445662257,539.0836233053258,0
30.112814892316333,15.083092424420599,3.508190770840422,425.8280977067341,2305.156976669525,622.9574118292028,19.556002837341275,62.87900164392181,26.1858682646727,551.2956823059199,0
28.040336670005594,11.159177479505125,4.568151309606826,438.9605466163001,2296.2606538879627,651.9848231815574,21.867364462144142,61.99964885262294,24.728912222994055,523.7275723050079,0
25.566477657940293,12.228291359411132,4.244278189061624,484.24064672586513,2246.0044757165915,599.5918648782238,16.254233259315594,58.208713270627605,23.67700505841024,519.594462239403,0
27.94820492830233,12.097843295960423,4.523663112381989,480.76394939829254,2179.9822815454763,647.940627497587,21.983780710184195,64.62358214423709,23.974935689389447,525.8342078624642,0
24.060102959712736,13.547406176867861,4.336123810807642,441.2008892793873,2173.148153333303,640.6521269210376,20.354734478944323,60.22309756120965,23.683754849655724,551.3247954643444,0
26.78437038371536,14.186092694009773,3.924230948355645,445.62207618321247,2095.822142269698,644.3468256281438,17.428013027921804,65.93053279228027,22.761192826579475,545.4147151572499,0
26.206144581679673,16.256660601022205,3.248847226435341,464.37229794784827,2265.4841893333346,632.2003515197302,14.024133265618298,56.658038068655955,21.885097752619632,532.0312175370249,0
30.358732140036384,17.421988985431224,4.427845725376777,407.3138943834376,2161.1942854901376,602.5152124469927,21.80837202462791,63.613351120703356,25.40449472239721,562.0405982003294,0
26.325503035594654,14.198091540938522,4.660403218632344,465.9779443258338,2253.341146509376,621.7744082743533,21.367772004806852,62.66444274303441,22.889119114047507,531.9792557338468,0
10.208974310196755,4.872756929037841,4.477352134242766,310.63531673843113,2317.730188808779,644.3837465418849,45.499540976489975,66.74357256047621,34.489152774368904,594.1487626318369,1
22.957894768507813,16.248322184920088,3.867740907698303,417.8152296721101,2096.185218825417,603.3963882440202,16.930820898668383,55.3711330584871,24.198199641004816,549.594097725532,0
24.56337035934484,13.482684905347783,4.3979417289563765,437.8234490542228,2214.6059630223076,629.0890997699813,26.687945890688443,63.42720649906078,22.76315248480233,544.0151880546068,0
28.3121366788905,17.700572027770882,3.1763418358693447,471.7331356720654,2190.089629095017,615.8797610924634,19.584429815060233,66.00468447036461,24.363435412605966,518.3006720615374,0
26.680083933081445,15.244712736745486,4.272744326806226,445.23594213857496,2279.6059823994397,623.5057041728785,13.002744912070732,56.79376952250427,23.99413633356202,547.6382219522678,0
27.47681256522224,17.36718508500874,3.8833145121840635,468.2254313215635,2192.731220105292,590.7548218379754,15.778504125285789,60.668845383413235,21.200976450489076,580.3356090437902,0
11.285750741328206,8.16865089334251,6.594219532116634,354.81099923957646,2294.060384982326,680.2495315978324,26.425247501874598,54.85481512277656,27.964095153872943,587.1336509706705,1
24.617770206928448,14.253524262169377,4.095042070797696,481.88697464436274,2078.4325721044693,654.5591891590823,20.47645913391095,59.341579089681304,24.45543820533221,546.6809700755954,0
26.236939664372823,14.080853261160229,4.006876373886033,416.23624878135263,2160.2871327700364,629.1290068082847,11.901957031750712,59.99647382864791,24.093365899337865,531.3050045767009,0
27.319988709285273,12.831306977886511,4.438396984957719,428.2647888786332,2187.948227872601,680.5330318339013,22.102829972023212,63.703698581384465,26.08697156438575,525.1644857272576,0
24.48429544828829,14.96974519398354,3.802220371818148,459.2548864262551,2144.63912497538,609.0981631126843,12.234146154216578,65.57317128559086,23.63267612269407,546.109971961299,0
15.23460188375984,4.613620883669457,10.26678727972508,288.5260939765689,2378.8572877642428,667.9376382068209,56.84330802181325,41.663753661655065,24.637002709212524,594.4838521859814,1
28.838867813662873,12.820368698444195,4.4114516274060245,437.3564473855765,2175.0485372494572,641.6870674933571,19.838470222742618,61.74854390351629,24.58065697462722,549.3159687685934,0
27.132212037424747,13.43936279496734,4.543437064817612,473.1737604492655,2192.793292461687,596.5011982138775,24.47122993034501,68.10245198017424,25.0897103176783,535.1027898963712,0
26.689283219892083,15.626513341010691,4.303218682068281,480.0432507759888,2208.2358634985017,632.6545620588912,12.984181476187182,59.25014655265061,22.429448239794215,584.7202197138203,0
27.527929795039906,14.93755219532192,3.568843306812106,472.87696310935553,2238.1654587751245,637.9483438986264,13.80474004758248,63.9863239895484,23.38168155931009,539.2809744605911,0
28.934547679293274,14.562983576742065,4.319262406493231,447.4159554170259,2107.97941517394,634.7797889407328,15.52834481356055,66.4828826315748,23.462812184397638,543.3940995443527,0
17.76837660719656,9.913308647299386,8.73671048373089,429.34092153768444,2292.073795017779,664.6002253393804,49.232422938724106,51.46310835130632,28.785551490052693,571.1961057355272,1
25.94035295779875,14.51626082109673,4.755386772836456,417.3334358635937,2298.683044709143,582.4843176784569,12.263265927365516,58.71809674218896,24.68584084097401,558.6132971797554,0
17.993696748803572,7.285053454020557,8.606746762522576,391.79392819661405,2463.8296818386534,718.0390499434036,40.338624287947134,53.34400725303621,27.355933020963,589.5214530387979,1
26.821553981228163,14.656904050393752,3.113732577385013,482.0358774364164,2196.3902231701645,620.4261311562115,23.639178774026774,68.46295322062183,23.099682328236966,529.508165016108,0
26.828714542013632,11.755125889254177,4.3301770941687145,472.8817096661636,2127.8953501345063,642.951609293966,18.517186468694227,59.51204931752942,22.822409334330708,539.3546097455913,0
28.6951464472705,12.176850827627018,4.1589913269828225,433.6192220265414,2144.6110275958013,615.1415083677357,17.59633141277043,59.28979321236475,24.8130336212051,550.9677499277551,0
9.475961102502575,6.847542908341652,7.793029905783219,288.2893268359929,2461.6047486586162,648.2475337602191,27.194072420474125,49.239554954832734,24.757978830375798,607.4419376409207,1
25.540497685730635,14.253700816827948,3.8229374392907203,447.060668550102,2233.0485531983413,609.5727655663678,19.17723931194945,63.2940847572311,26.202033725144094,533.5932026465625,0
25.19852896786147,16.591261859425114,4.087066487224842,444.6572441513174,2214.992617208704,610.7985989074559,19.541447907089285,64.69516992242711,22.453622704365696,542.4782836398266,0
23.5104008860274,14.911514736406811,4.626164925882706,477.9158164040402,2171.767676689405,629.1686433797106,21.16878814576301,63.7110169887933,22.136236303202136,541.2050265785971,0
30.945802266799557,12.582968930856273,3.9507044014564827,444.5588236191075,2205.9019416828537,585.001347055931,20.278731429580446,61.12499941709892,25.025447581581794,533.144266525174,0
27.957770339144357,17.122456920351194,3.1165499245390427,464.7142503909429,2203.167157684742,621.276141848275,19.265032311776878,61.975109697140645,22.31554037156894,537.5314244186467,0
24.898774820361435,14.09014710846829,5.233853936863506,456.5590089650754,2131.084913197346,624.9320628396507,20.1377817156039,64.47197795400105,23.900830147295345,548.8919171840286,0
27.224713689796,10.205617120096004,4.026501360953633,398.2830761528543,2230.290540056856,610.9174767232433,20.588512878731226,61.357191705493904,21.74556929773771,545.9510066763389,0
9.929610121831447,4.969989366922338,9.887705326622013,306.16817609979967,2413.048262939724,648.4081115658589,45.79510859804379,46.4658638825024,26.775686621599498,592.1064239816167,1
24.416577985126487,13.849608034634958,4.103325889526178,411.45846638543435,2174.676144255742,610.6369365470623,23.010119278343375,62.44898940550263,24.44033158217729,530.7526274908843,0
22.18169894201913,11.580437394981415,4.565273862917555,449.5678139277253,2230.227019956618,623.4459343688198,22.239835503143013,64.6885995178789,24.146163666563428,561.4644119835583,0
25.822765932322657,15.914530636020123,4.0677152504482095,453.17681656073773,2265.2703098397133,587.609938137429,22.408560143513352,59.02201202831528,21.152175298803666,547.4404214642517,0
29.171178889972595,12.720594811222528,4.197102976634034,440.28807935954467,2168.315600793067,628.0725834559581,15.336802820673688,62.02459101292946,24.231959284169754,544.3449796817157,0
26.888573319171165,10.921569384535651,3.2957299286193074,463.85162091114677,2226.5332462763736,629.1487803224614,17.968647362610202,56.759167594469396,23.494511215746503,525.2702237831073,0
25.90835293837025,13.9094585969987,4.176250371016531,445.34084988260713,2216.4520893905465,626.9357027317435,20.217379762726036,64.23882351704536,25.396037364958186,546.0844748239084,0
25.595573806389574,14.020297755108189,3.768548712666923,463.17166464249755,2256.0443831530565,637.0742549425553,19.684370170206776,67.67770458741802,23.86929955401819,560.7911164332445,0
15.008446123527202,8.720875982574976,10.700033670148919,274.6926788130861,2312.353716101824,637.4693403821761,46.877492342271694,37.35532814797625,29.219656859209316,625.7054865954807,1
25.870056554482787,16.863262672571683,4.488184690334513,438.61390843325876,2228.08043753748,610.9459504140162,17.32793784230796,63.060871494173085,23.770572429955692,538.3327250820978,0
27.852829027011328,14.28038490573424,3.443325761191719,406.8374893599411,2243.2204426334374,652.536017650127,15.569440765283773,60.07652554457042,22.130205345422176,568.2508167812578,0
25.519900510323172,13.831741364156752,4.195538192012647,472.3013723442457,2263.83774074565,620.9732455678216,28.0914924452329,56.93481873154525,22.04923557080229,543.643063068338,0
29.223043741776983,16.724692202230482,4.567406952059071,433.19185999630446,2114.109887128905,612.288655960495,23.119643171512188,63.753516592374275,23.1421372548651,516.5211768038617,0
25.789090404899763,14.144661101931046,4.484203134490081,443.30982479952183,2257.7193949822213,619.2627219404595,18.765893201363628,65.48134891363016,23.512460489051957,535.9953047829854,0
27.620810164932898,16.72624669258151,3.7847483060229785,455.3613521984009,2236.7170144235965,629.0964195127402,17.870462828291735,59.561929885692905,22.96476508979517,527.6770530443969,0
10.633235151347462,7.139501414391223,10.545609985747927,286.80279350682474,2547.0594910655755,648.5713827559863,34.26786486917597,45.9165940595583,25.38313874971991,628.2789630517046,1
10.353280649775009,8.26466681267152,6.283499616712174,433.53249518747145,2396.071938500339,716.472470839659,42.781971463435355,58.04556012600492,25.019257487023225,585.4288392120624,1
25.702233507472755,12.383861240341144,3.8625789702460858,437.3202089217288,2162.110164679833,636.7596542110459,14.868456005301551,60.41405387403771,20.87184408155543,525.0812191180363,0
29.064592107213098,13.40551183774129,3.7346343124430375,437.1546629148507,2148.279409815431,637.2712752814633,19.833691890623825,61.212841891502244,22.859452340137057,559.9954353568681,0
14.89334381029575,6.992721907580109,8.656244089076406,286.51190612743267,2319.467972436445,667.264924936623,33.69037636204653,47.65553375943837,31.413794186183452,597.9798897605391,1
26.51504170109018,10.620230867329703,4.517361328174739,451.985095379893,2219.9937842366785,575.6155635731168,26.906683704632343,62.96356502666731,23.388041872040503,539.7833086989717,0
29.477857382722163,15.02670047052372,3.935946593647721,448.3824979612619,2053.9502342651535,633.5196962870791,20.11193722975583,55.64182116850073,23.71079883200919,519.5194475421862,0
29.780063155549787,15.941590748784042,3.6702168563316153,451.7905257127671,2228.795583395659,617.8154733874247,16.14670998652289,59.19900353922636,25.995297980325564,525.0310731261404,0
23.570071017748013,12.995963187993844,4.16408736138249,430.3744898683282,2154.088326879729,605.602799400212,16.473083884984078,63.801332915837634,23.291518260740737,536.7849636330824,0
23.887390726034244,14.842161322555043,3.679425821863771,473.1667541193985,2277.728472596562,594.9848083068171,18.108258035671543,56.20675984114752,24.82785702563863,541.3427038621944,0
28.69612575326818,14.89529386494299,3.485656598332014,460.85981316462,2141.7021536821007,616.3774910149563,23.04138268759972,61.295229662354004,24.693733055557075,558.0389134614326,0
27.31752467197329,14.327790487764906,4.1060768533709435,443.72527948529097,2181.7917814832795,621.5611642852484,17.031308146116302,56.776452726496075,22.13231989348371,539.1867556307715,0
20.861785406933514,5.557807203981,9.78126050614518,370.0099590263585,2440.9215638408036,629.715353194206,50.9043090439541,54.16860686204093,28.913197211344603,585.0339310703735,1
26.761725074720314,16.944518392270886,3.498819068406377,454.21669165511753,2221.244259795074,615.8240358715416,24.695989552474614,65.12346812009025,21.054747686376974,537.0842366255777,0
28.95369937327029,15.257063791140713,4.891609726488943,485.6994942277113,2266.6558144462606,590.0971190484659,17.159478880877582,62.16348673146393,21.40992068144878,535.04054952304,0
28.007342359388055,12.440517411109846,3.7601290012304425,436.63676409841764,2316.309606815714,595.7276726512151,25.253900026452804,61.72113095849574,23.93993329192653,514.9910945048506,0
27.31022305580012,12.079978418138431,3.9460082706020887,450.0715643981766,2174.7142399020427,628.6255061463602,15.947191237281519,62.68992834507042,19.89320981509494,531.061735417914,0
24.93849147946205,15.518477499652956,5.069360414850513,422.04617929732507,2224.211295387645,641.4048745407424,22.929156243541676,59.412763202501566,27.6641794863042,554.5432397090237,0
24.149446977685706,14.526576516310651,4.956921044886631,433.3722956993015,2182.65350975709,620.4661929610992,17.20168835129479,58.74175062816852,23.286652135500816,528.1691817330985,0
24.76014347082324,11.823205009545166,4.560930001406352,415.097520092328,2208.070292238502,610.2904362729278,24.219327949933678,66.94546066544981,23.174539616899217,528.4153833370145,0
24.965057996517757,12.448201993188505,4.21894447336883,416.19167451909004,2277.3509953527746,602.9269591041259,22.68362708400437,64.56147872211955,23.53757397410489,533.77381943345,0
21.980757850562668,15.81999939597352,3.9028508278838068,459.1925807294928,2138.3474479945435,627.628466340841,13.758346588641821,57.53351431596491,24.34834516765234,527.5969324740981,0
25.678686942192765,12.432562277288554,4.914930487590087,415.5797249764883,2170.132749303501,620.1901946752624,19.92434823129963,60.03107794161404,23.122959306677153,542.8446828249483,0
24.45061517807289,13.647616403876633,3.843662802626559,445.87520624662056,2285.8213740738543,622.1421172974439,24.10659170092486,55.50734167747019,23.88289406584409,529.3234552356818,0
19.4142228725199,7.588937767284374,6.522555570292802,318.3016395562485,2465.294058093268,643.4576271498981,48.786971234529474,57.347538053631034,31.861724891958726,615.8380108899121,1
29.471960285884684,12.18460633577035,3.9996667130931227,449.18432443727727,2168.4102663536455,620.3661334586276,23.646450702510972,62.43151218245469,20.13876281644589,558.124657573651,0
25.727444087009378,15.102174988805585,5.147401866953933,418.6313130421457,2153.2487862944226,618.5956806945313,14.119518487881441,58.033495346831046,23.748254009536552,541.4173904968577,0
28.613707771204634,13.891781060633813,3.076979108160338,484.51577750873685,2211.2786748614285,651.4543355147398,15.638033294434464,61.55637594666846,24.21719758546513,500.0476569306524,0
26.05785201606801,13.318266024539529,4.643367542474068,485.17816314292463,2202.1788664915307,630.9994791325435,16.571135820287218,64.09598148695719,21.70281284995272,575.2592022591076,0
26.430043858674455,13.699426672621762,4.894933601277574,498.08326698016145,2141.139144336329,672.5847423578246,10.506908202773014,58.633741658307216,23.92070910826691,527.0875942382072,0
28.193712105228485,13.082178841346725,4.282342277380575,441.56782480395105,2143.5788158727332,577.488033509387,16.289063113795006,68.10757184373288,25.239329662477815,525.5355897308752,0
27.350524942170846,17.166601891282983,4.527145322657074,451.24500086304846,2155.940939525694,653.671114244796,13.440063804193553,57.18706158259497,24.557567218029753,557.5356744718317,0
27.712902781364345,14.326180787909736,4.433884032323114,454.84601986026274,2330.7454599793164,672.5278017068476,25.072945995638463,63.659448863984,25.8330750856011,547.5666618338854,0
27.746798602674307,13.646450023509372,4.7842441760588,518.1957677467043,2198.062249498884,625.1172273138013,13.593155226310621,59.84230005635873,24.85427265462913,540.6667009328864,0
32.61282536264729,11.13262067383467,5.393615735148967,473.5638785377557,2256.206224247706,600.630621520566,17.96745489687865,61.36510056988196,23.28957881393364,550.292359407078,0
27.088924676599735,15.387931503187614,4.85225231355146,481.97374174088657,2184.4425284760323,598.0126319350262,21.37128168882285,68.0285348935706,23.265187788123384,547.1252948011189,0
29.325248291011285,15.942842066268328,4.005241862461792,460.0437069951196,2245.7326192036967,604.7546864947224,18.12094294699938,66.13027910690245,22.993702154144554,552.3802553985194,0
25.54203169716003,14.086024252520271,4.396560350562678,421.5443637562437,2179.3634270276225,599.9512905735918,18.05182456380592,60.09266284403251,24.340441231500215,550.9935889644255,0
23.30515606420095,13.676642385421333,5.435859539603845,450.6658545119058,2254.0736962177803,610.7624146572616,20.920467347963022,56.568098525112966,24.75606142658593,533.1135120114137,0
22.040972175714543,14.911257074257104,4.279511631496835,456.4792468237521,2175.6917902913647,597.0902217323643,18.243623480604487,64.65192672689584,23.357694753843614,525.3836876830543,0
27.22807854211845,11.856719046002024,4.394084450095403,438.3386161338475,2161.932068337131,632.6160186684896,15.12896994186156,57.31396665401236,25.94722017166408,528.6353638849488,0
23.591315500519322,12.716608301324792,4.902039842531793,472.61822875391,2209.431785203988,626.1798111634978,18.31993420606519,66.57036157188779,21.789074023007196,556.8104897150507,0
28.047762546162133,14.051813779253079,3.698219148026447,416.77027170499827,2195.1540715185365,616.4469054096077,13.120970442885097,59.478016903137096,24.180150435009296,536.8311440009857,0
29.28241472915066,13.167394556454845,4.032842536316277,459.2021677145218,2168.1365543745724,589.0310362855138,17.9950838731119,57.36880375830153,20.89487300873497,530.761172285204,0
24.90062116812563,12.729772277313538,4.358055156991296,445.26699193580254,2261.6530137411387,637.1532299033214,19.44348105369604,64.41255149931803,25.03309373959835,536.5434397085281,0
20.77177622850475,13.202347533446083,4.312844420579422,450.278082572029,2242.3580746534753,596.4878998337864,26.954791415865557,63.56430814929251,23.645500863181415,528.7217055510301,0
25.190568053646913,15.605020327994039,3.7191123595541855,454.7498393789461,2207.101551450057,662.6604353989842,20.117316677827283,60.032953610277325,25.225358676971712,547.500743465077,0
22.173320986231953,13.904472781884404,3.692419354921596,443.90625132661796,2168.724412913189,665.2272964958414,20.904777106200445,61.02463054882302,22.81775506569351,566.4480462748912,0
23.184009741703626,13.506356992730527,4.939682213561316,491.00707026887494,2251.250390944979,604.9768826259789,21.007382399266227,62.17644505994737,22.339132600722362,545.1820287426852,0
29.750111486747397,10.75198270395581,4.013280453461044,459.8006652764978,2178.513383252626,646.5236992685916,13.900875053195936,55.846131631858924,22.060922737748204,533.5546748787193,0
23.37088196473465,16.253463020850486,4.427615351800267,488.0238433347766,2294.8947116196305,621.0364665520074,17.8015879839923,66.6351621140312,23.059657730551404,549.4682891035537,0
25.56263827537716,14.956651826516723,4.522090473958721,444.92357082328346,2166.13190821469,658.3385358300065,14.04774370353798,59.50242877942827,24.110316592777522,534.8509917568477,0
19.334121885142864,7.94480628227846,7.309230451676865,382.41193374240413,2305.9448988228655,694.1051444764342,29.22314304465235,54.40595132509721,24.814579607228517,604.8923886299987,1
25.382105856675132,15.060723603550276,3.8109491250189564,432.8687776653828,2257.883758014036,649.9636126035299,22.018534278252254,58.78623194241581,23.63656855499496,544.1475010235805,0
26.899979033933597,15.115587177432577,5.036111705766037,434.3452407718569,2176.5550264057892,586.4831645482047,17.209552612644043,61.86697514440012,25.555322790281725,518.629381303879,0
28.508962548446505,15.64129441900538,3.7892497867032873,450.3668291792276,2161.7027029986652,573.3637562592719,18.855647122291174,59.578452905100384,22.115653875469427,554.5650675560114,0
26.610530945260496,11.60571588366066,4.521595682955135,424.8439587582193,2179.985668490924,621.7288627673637,21.48305073677913,59.61779389460512,24.927484848587298,537.3976935330166,0
25.057509071556165,14.587618827919748,4.015879012463821,444.1866700138319,2122.8126239776852,599.3227263465227,18.220335273256072,65.55495197147276,24.015624351212313,545.5854325111968,0
29.60489999203453,16.663252858299213,4.173548917735322,442.89120458488605,2275.62417233322,653.2732739390915,20.49711966341323,64.28237438918272,21.114137163102388,535.1376778351853,0
16.586405459227755,8.781505918235817,9.473893316306432,330.03900402953826,2316.5035985170525,682.9897110948424,41.951034821745154,43.11544581872638,28.74842250088302,596.0508251845009,1
27.571891096154033,11.526029512859907,3.553663275315145,431.34698587753786,2140.825589456557,645.9251682587362,10.103758939998055,61.717859865350995,23.81867114165431,530.617175514325,0
22.97507574229031,14.310898623141055,5.230942344870829,454.5924208690018,2251.8471705125476,576.9687353045286,17.902185451704128,59.68767117903524,25.791982585242838,547.4569694183915,0
23.099391406019564,13.62356666385742,3.4721797164908117,420.78395616089006,2184.9374413539385,651.2771862770253,12.958454063082447,62.94238736639759,24.27729136359774,536.5621813323258,0
24.874050807658367,8.708159506076669,9.610421889364765,424.8042455783458,2394.5020016606386,684.6746132190091,40.545454336346644,60.353801492225216,26.6990908419795,619.526791705243,1
17.617624067727224,3.1767755387192533,10.692796745452528,366.4241995751777,2413.9411097143197,703.9705963397396,40.54120961794972,40.06660527823077,28.13924382745178,620.8497259774005,1
28.384637674834206,14.742003700781249,3.552253967797649,441.21877702914395,2067.894877072223,618.4822998198855,16.932275797157697,60.77769928697268,22.98075795985031,525.4186088039495,0
26.82756779048355,11.6572461593178,3.3583855935581464,453.65239464330995,2190.724680090514,641.8026800895145,10.375534468068823,63.25883077935011,22.27846596346763,537.7456668297152,0
25.99054534718863,14.749590917227644,4.620939283164281,403.7013911946972,2207.319608453228,606.9450537783792,16.128372279129053,67.4161132007017,26.627133935062023,544.2535281519057,0
28.16396309078357,16.690696650147398,3.766726637862846,440.80750946884183,2179.4576534950393,610.2874293285154,16.09394612792428,64.80685315593577,25.783893078782093,548.0354872395355,0
28.088427857153192,12.234071811243474,4.5398452064384855,456.31741221944026,2205.777308620505,609.4184659707317,18.02567976540893,62.07355075861528,22.345816799790992,547.7531242022994,0
27.04307798702631,13.400977054446239,3.593380387978047,450.2091813314113,2207.752312815249,636.3191431869732,14.652364335186798,64.17749658131511,23.27334658324459,530.3376009695662,0
22.577637830648044,3.69079733218378,9.59303186296179,384.8997049295964,2296.9299063592816,703.550792827207,40.666396849622444,41.020361369650914,28.68194551604308,622.965790198963,1
28.36374726631246,12.655682092675846,4.042611284651403,432.7435705402405,2234.7571213758984,596.3139331140331,21.84344613591202,63.46506228531943,22.454326231217205,550.9203053168322,0
22.100460730761334,16.608753039289574,4.0706619752024515,491.98123719365265,2210.09786349313,617.8499430933826,16.82745572760288,57.74669455080316,21.982886913217385,540.7020801289491,0
29.197197597574345,12.463470802579582,4.859611045372594,423.2178705819217,2254.1420998706853,606.5139621181345,19.41960792211796,63.049059158348726,23.34341670361629,556.068686403719,0
26.261785532465165,15.00700296063117,3.7841516688070755,476.7963182163718,2236.532830290606,609.9861595230122,21.03590155532476,60.69672812476947,23.201392507610354,560.6325020776521,0
30.50444722830229,12.81178570077765,3.77532128209877,443.6246086835035,2312.4656349135425,623.8621960290965,19.505963789507504,65.27971154706408,21.307861547972934,528.0860312615699,0
25.586326014714437,12.775132910746805,4.1243546781780545,461.6887447993856,2223.8273154619333,620.2552495730705,24.499865466721353,59.41455586107072,26.38820929666417,535.2637805609818,0
22.13853503256452,13.010075627547147,4.4297226812228825,445.25640739984004,2156.6906793434005,621.4997926382565,15.93268176616607,60.64003020705863,23.094860728363148,540.1278642490519,0
26.543336572878268,12.87841260974548,4.561761612754755,407.3257498803887,2230.8168199270503,626.5537740982364,20.454611523720047,62.94671659354845,21.22241492044277,548.8741370115054,0
15.151659102950665,4.740347845843345,8.61006816275732,356.5082342048201,2429.577796512301,665.5390756356782,43.954803256931605,50.5608330486502,25.83026703504237,608.5124877857133,1
26.719907240827506,12.661027394364913,4.20863381589134,401.6011308096833,2194.546252551239,607.6937805273652,19.71418423973695,65.00002111351095,22.246740199165743,534.0992988961578,0
25.523840126342975,14.630468712340228,4.226513951733623,465.8594913623938,2116.179339876988,654.4101042921122,14.181393816392792,69.67858536999712,24.65619091471272,519.164473063137,0
28.41829310115307,14.087055968856383,3.873929803617946,416.0953453517293,2193.8881949346205,640.1473950578722,16.51730375492748,62.37973783152839,23.726959810014602,549.9388464245671,0
24.64102942796859,15.118249688104193,3.869990652976467,445.8627451342283,2202.176123584287,658.0692059964229,15.662408975743427,64.90050845352764,25.20017759322469,539.1056188860434,0
27.905682179786233,12.864375835198466,3.7098912585747272,461.573725243593,2295.173380431278,629.153379559007,17.052994061978964,61.767568356369345,26.016933114885585,560.4483185865213,0
25.732291954163557,12.151011891470302,4.298488416045855,452.8953170730523,2153.7632881249947,607.2403850793748,18.975690711126138,64.31633413632204,21.809837429515987,526.3543259244885,0
25.452878140187405,16.05730965879549,5.254866549728603,469.5102739557165,2115.921609881828,630.8482548238163,25.773593787662918,69.67619426594186,23.305022401356197,531.6378930157721,0
21.569776090371555,3.768392862769125,6.967813516958011,355.1228673333203,2360.089691441403,612.2800553825515,60.316297958772395,52.96649386420758,31.29110652402111,568.9871927758314,1
19.207100298257334,12.846348299569193,5.4829046822911245,412.0403007533099,2182.615658242226,622.6241189176039,18.047324991444032,62.54629128855971,22.267968527171718,538.1054524414676,0
28.109846983192146,15.961844893092225,3.487080786527798,442.4521696395771,2079.3193835745965,624.8730545002833,23.732116107216704,58.16204204573646,24.81049076454912,559.4683643244641,0
26.99644655170379,13.001171534871286,4.3116497362141795,489.2498848345285,2175.8426712519445,601.113697319851,16.883755845346627,61.78012686637853,21.277139915353253,549.0600270329725,0
23.941256268445336,12.967799156476358,4.302744494760343,468.69855572054706,2149.4994669412963,631.7592189282622,17.49940805575982,61.45513931419807,23.836799522143224,517.1112495138588,0
27.63605084553591,16.11875973353764,4.744956845560395,444.12670334280114,2179.2593089316983,612.6995918694582,16.94266388909278,63.24856603602072,24.80300202356008,531.6547727798513,0
22.862943786855528,12.201398548915916,4.150445122952903,428.2847102389429,2177.244839406932,647.9571595715507,24.556839242847094,64.88392630795104,23.44051708070257,562.7274258569389,0
21.288994612528814,12.705857060067618,3.769499746663064,470.4010476313779,2267.6225188546177,619.8521740430657,21.463936167667296,59.99660823720294,22.11533129292036,560.7840543010609,0
11.946308705064657,5.293943863410476,10.97733287941998,377.7322096502403,2374.4463386913535,705.4303506609214,29.2060977117467,41.207014046818095,33.47545047899192,587.3385249155027,1
27.464616381391252,18.737263727697208,3.092472675223906,422.2789654678183,2268.6221590282125,634.4380556774236,22.0526963024979,56.296374124921186,23.549075366944365,515.8243511336153,0
23.08814586949609,17.915010164182004,4.932813677588006,465.1483126911699,2242.596916622779,634.0712096523724,17.63369863769691,65.42093069111196,21.21720223822952,551.9824567590642,0
24.49189977012074,13.180859305251998,5.212797264881079,535.898190399613,2236.800772157165,605.9069338073133,14.893295405862027,58.006658465773796,20.97472461308403,582.1715532601102,0
26.118693668869103,11.431745408432777,3.8990228661768582,422.4646447204804,2105.277692604143,604.7979711784151,21.24703616999698,56.536105516191505,23.975513142467058,577.5201784446961,0
26.2538849942303,12.297307793539687,4.494632762885272,420.38256329674863,2187.8693810092977,615.3651822670874,22.357517338294265,65.75622506377577,21.48262479315438,527.9426113768152,0
25.109520102877187,14.129927439127286,5.191195102466004,420.5123146978723,2245.999442277573,630.9804666879572,17.123515795468187,63.66467175029068,25.07912237181795,531.4677542751369,0
27.129636038237514,15.483315182253675,4.0753066867677745,495.6434521719274,2130.612321914987,587.2421306647777,21.511834597971113,64.78644734037842,22.608187963843317,536.8989766996516,0
24.14867446124696,14.915021295362184,4.866092469529606,419.6237618231532,2184.225575904065,612.2046434104569,19.57555061632796,65.18695046536052,23.62820173979574,564.5786719210122,0
22.5969926945278,11.267804382891459,4.178192325799857,459.6389701387118,2203.6264026317986,592.1942988011568,19.31588312738796,63.77982713218243,24.42807247663687,542.1141437487177,0
27.1592930108913,14.002666614394506,3.6330662294386444,444.5002270571656,2264.179931505407,649.4801546024469,22.167771383463197,55.52184769470906,21.414766272409604,544.4778264202312,0
24.715451256953223,14.102664683131765,4.541878769223461,470.9049528920217,2134.435238247824,640.4393737756419,17.968275974002935,60.88204143961843,23.261733626806954,561.6155961954825,0
24.85986265839758,13.522129498557726,4.478669974497253,446.4632226595029,2173.032994372919,614.6927325376926,17.986952007050057,66.16185880144047,20.490284966361294,540.5292264727733,0
20.245750389600865,11.196738443268421,4.738316650819837,461.2118452518308,2166.1189142305016,638.7890261195862,22.145986393119387,63.96693442935065,20.846960792168648,558.2421144696985,0
22.79865871858746,13.03997962321111,4.1759255653180025,408.12634212561613,2251.4059547988054,641.1448274502517,19.33385033113451,61.53494989126548,23.602635313441432,538.397591461131,0
26.599233816493904,14.805246843434267,4.666760532016526,439.68517125223,2233.2608872042465,652.4742439111658,16.799469833443016,64.6503272030314,22.895941156889805,563.2261384943981,0
15.292605737730918,9.188946621948228,7.870638811761569,352.4833989322798,2422.5447664631897,660.6546661317858,26.353393392667712,51.73632128153687,31.145952470538045,625.5197881853393,1
28.856914503063187,11.110752380527806,4.371123555819454,435.26010560396355,2160.373566335349,611.6675926695177,16.06169091168642,65.64844682294006,23.918867093747537,517.8148336911735,0
31.262650535161175,13.573294376493985,3.850587840323056,478.2206115730626,2177.0724620287046,610.2163933631214,13.73086536435805,59.063574091031306,26.05254017132329,527.8645497387862,0
28.483368087999814,12.30168605911652,4.41486216759553,413.54673595902835,2234.453123950764,614.0881603356469,22.035462568698364,62.79556206895155,26.550196268751787,530.8082284668594,0
26.633644781543683,10.886134898872877,4.2117900570819415,464.8977761690581,2224.302253413391,613.2080768843769,15.782572075710132,66.32867507754386,24.254531080830322,546.7118318733019,0
25.04759952867129,14.261519888304234,4.9143148229733855,448.85284764661355,2195.7205096694597,623.6388885701988,18.93390711151409,58.684847521356595,24.92447122725415,533.1771214431052,0
26.72685640938043,15.969831945001726,4.359254427383765,475.9497322505194,2270.6737008597675,602.7679775764037,18.472819950018422,66.41956818874567,22.000860403623676,555.0691630208933,0
26.13547385477796,14.022848664415994,4.100541050007677,465.9790666472454,2169.4937479495966,634.7655751219313,18.38151396352858,60.01676740454172,25.484678203375672,525.0230996479647,0
22.84139499540749,12.09470199553811,4.720725660039068,442.6832176662036,2269.1557270534618,614.3079342502973,12.912706325164265,56.95488216131122,24.42164944090117,511.94470391371317,0
23.344026752857086,12.658965646258729,4.154282596785631,439.2452499972022,2210.1796503941987,613.3759744520747,20.567137255729673,65.54420390755622,22.465594860873576,539.7923122745575,0
22.532254248004396,10.212495791913753,3.454524907525555,427.3204221099733,2237.939811574908,574.5930611561258,16.293362529640852,60.67295584664328,22.031495882199334,539.6133802295403,0
23.05903125230513,14.669197483126457,3.329128005376037,455.8112861304976,2195.3055747055746,620.7421627205613,20.127960723600633,59.07358979989533,24.17662995907048,549.7085714104426,0
22.24001784347406,13.280497793704571,4.059120363531349,483.1943223878555,2269.459965293269,603.441600246358,12.566786041242725,64.6675886871337,24.37539707129682,542.7060621687574,0
22.975451427630475,14.777882816496703,4.632997175885694,428.4332420323235,2209.1364542772153,626.0758773529793,15.462005244045494,58.402999895159546,23.993847904476905,516.5710339848339,0
23.701160311823685,11.585036415828135,3.398725889784077,452.62158164854714,2143.5139982842475,616.0844906875203,18.367629766097448,63.075090549126834,19.666922335380352,534.8379695456961,0
28.444418472712314,16.17518951296516,4.471352473621316,439.3433781830554,2207.4951648695305,625.8848711453531,16.481735717475818,58.41715842826746,24.386556428374774,540.222685657447,0
22.51801435069618,13.80500170837264,4.374030054998253,424.7105692609951,2277.1240933422077,591.321252519301,22.646560817323817,64.49252561629805,21.941318753386682,519.4994529369208,0
27.885291253310232,14.050862766674417,4.245474929978612,449.8238364866129,2309.3487919472414,597.0266326818996,23.59701654568579,60.79774525252382,25.893583725385927,547.198268221229,0
27.60636406051013,13.592626442608886,2.1547727541169857,456.8608892348552,2203.8023558777354,630.5889831249924,19.85212232598115,65.97953801475161,24.886456400236188,515.4138750125646,0
14.471380730226956,8.41299301898843,6.656518036841198,349.56261506418724,2439.3637669534864,677.2826416766003,39.06441521762527,54.87158944233176,23.232022738620905,642.3871757608332,1
26.504998391037716,12.356327798154044,4.687055459087615,440.64608514026975,2184.8333623363756,613.2707476024166,18.937516246337452,66.30143939982189,23.922795757689908,549.1717511815634,0
25.570213546696774,13.736461841962374,4.174748369018168,427.53898833114795,2143.2529983098616,590.8253874939443,16.94360837752785,60.45198330908756,23.37875349157227,536.3622484599603,0
27.104149299552095,17.82384361863028,4.373303010995626,449.5980541368288,2222.152058712795,608.6126879261384,17.545289870073475,58.9269540042196,24.52881500013046,534.1828267832506,0
25.733256780435156,12.849605673564161,5.055047599575268,424.042676241337,2216.8198132814437,648.5081184462496,19.79818389831543,59.33949359191072,24.841888909062664,535.1435340780804,0
24.236302361599847,16.068921872170872,3.5867476524139823,473.1324890992394,2171.775563826302,678.4728671520932,19.028312462658292,61.42552840743737,27.953608285711603,495.7888040101849,0
23.056710861199083,15.868340644437774,4.142170911864908,483.9444387576,2264.8923220768274,660.7259200452169,17.151212947115457,59.59025074686555,23.161605457483926,544.7803567945958,0
30.155888158683403,12.474773609748524,5.1341367600584595,445.69726421379073,2263.7320578097697,604.102560180739,18.485867782419998,62.760090171486304,22.6346403059939,531.9363201858084,0
27.926342590346213,16.98000906061361,3.410015142805194,487.2426009185359,2150.2054037062753,601.9387164441275,19.41395703145692,63.36984904861067,23.84695493827279,526.9462267782394,0
30.41179505417476,14.6913203587541,4.177528149010021,453.298932533231,2149.9577682341906,592.7247238434006,17.358845439464556,60.875583364032224,23.09273267553069,539.364481047834,0
29.733774921148424,14.880332726861331,4.313901836611486,425.52587428090646,2173.08792202307,604.3420456082674,19.138366947428164,67.1642704673267,27.198788135730844,530.9395069883748,0
26.39355344738889,13.042989574646695,4.163371208573456,461.9362401031151,2292.8029940658353,642.9362606327152,19.28681347647046,60.71892000673648,22.76339468136846,524.781559743108,0
32.20408219319015,13.847089605223207,4.81564318209212,438.0593674161357,2238.2023819912374,641.2762335325101,20.972390999575005,62.238110498052336,23.224702718973163,550.477845231538,0
26.02519039744436,16.478394865299798,4.467682696343872,423.7606293366261,2149.575168734668,591.1195086024053,13.157753804258087,59.367036995262346,24.296823984761495,538.9006306366393,0
26.049232442876164,15.092619163494359,3.85765037888781,439.0469882196837,2227.5206594845645,645.5009223641165,23.96533167988456,60.08354233709892,20.56195969948845,571.6535527670868,0
30.33938997998998,14.454104233898752,4.337381961398634,412.0150161860437,2175.626164063967,588.3055396357415,15.777477147845005,64.22579877947074,21.087187110374924,537.9599784670928,0
27.259593564093908,13.33864870943602,4.013942814846342,443.7821417687351,2193.554586196625,611.4357663317393,19.478500727437986,62.70555986687424,21.894993719752673,549.0173286749259,0
27.22339789239278,16.190811324705013,4.9347776145598825,467.7198400476309,2129.2583921188143,664.8548144717954,17.04795890691953,66.01402715663025,25.811714766042257,548.1427207625482,0
26.730885095636147,14.218444031230415,4.6026074563266,434.27202014636504,2212.4093297238346,584.5547488298489,13.537737456471357,59.83733492957592,21.956287068873984,527.235293969511,0
27.471185502128854,14.850156191297192,3.9581556833963134,452.77484112678144,2202.130461188002,615.6564801067179,17.874340369411634,61.652701437888275,21.797178799659335,583.4281884519432,0
23.69642238495686,13.519086608744427,3.4592986321244332,407.80723620391535,2202.740492991165,591.3732210353513,18.281664646863486,68.31067016054585,22.167416621594064,529.3998672917113,0
25.756691593255912,13.564161354710304,4.207416679143156,407.5857826106098,2224.722077460644,626.0102095365024,19.789978987040538,61.569998293833265,22.00250004250937,524.9588446623592,0
24.38738668007712,15.190456737460657,3.9179947685907917,477.80036495341983,2201.3325751000407,679.1666933871631,15.887736295769527,62.75887114481889,22.22772432394864,526.1817256969288,0
26.087655561509454,13.891390303321971,4.641633680243025,433.6959990690764,2182.6139052411877,610.8354432251664,15.178924588153954,66.42541132052712,22.076956172059646,545.1170166525295,0
21.82195470984753,15.329489014009319,5.348595245162269,464.58367665411504,2211.2799825279085,645.4260223243537,14.360327478635904,63.81704267009101,25.731572411194527,559.2640589394587,0
11.576576201930576,8.42631600310787,9.058009327782198,302.06426507460645,2371.195621116751,653.6308350699458,46.789367438975816,44.428492876470884,31.275449350883132,584.3615919797442,1
27.62024840984051,14.437237168619475,4.260840020043154,475.6421671058366,2269.9221825191826,601.8087424750456,12.865630809863054,66.92142966322655,24.812625327188016,550.2054738253868,0
24.301225928352643,15.274502615155988,3.7353888594670903,464.3207030846914,2237.9970707690422,626.8479919590185,10.833835775499903,63.41755790440058,20.93141086016428,520.7951764554649,0
23.91086561793547,10.7839339001804,4.150000423802032,411.765348354793,2251.0036708214934,597.2107155370237,19.254069037185737,60.59592563288038,23.994948360296846,508.20584395990613,0
28.4288331494048,15.390551834637536,4.058240132981399,431.6138170190026,2177.4524369988285,634.0954900521006,20.936769977625413,65.54599415577661,22.290871113974422,571.3843976865369,0
27.341457816513586,13.049038005113097,4.6677726124415395,395.3913329418019,2205.926712072317,615.223025276117,20.32330453246908,65.30495020149547,19.84034812482142,552.8712410714189,0
29.72111062329563,11.876656233551886,4.187702662696302,455.6332167872301,2283.247142558634,658.5708530793366,15.756761066705765,56.886323187944235,23.03334764548283,542.20207887867,0
21.770134366720225,14.185096208926742,3.4323659472471024,445.7951988693262,2107.134336813649,644.6643081303891,17.264272415380443,60.11552334798493,22.10420756695227,548.5711757502637,0
7.995904427800333,8.424162822114148,7.09213567116264,369.67633580059464,2399.037928547397,708.5003302420603,35.773493809723554,61.707970354299036,29.835275211051112,611.4620006065518,1
26.113676294827993,10.959138354878474,3.5739898898296114,461.88755832879707,2172.705820809857,635.8746465945956,17.244136144629746,63.52252057183108,22.791520277029978,516.4421436121024,0
25.25176100365212,13.876107841810049,3.8255273669622363,450.84025717278945,2194.269382049984,601.0202432361335,18.819803920061595,62.835921568124554,19.070356856882817,533.1713858547591,0
28.09383452724424,15.965211929789366,4.439387780843541,503.0549376068061,2227.023209201403,633.1667892482322,18.953206536653134,57.31696183225607,24.704870909571078,518.0311273734789,0
30.218495724214655,15.275345967400556,4.035830967177225,504.69817492173445,2244.008019203377,617.8617074473049,20.858568703894612,59.89552891547108,24.1695957242192,539.455663142993,0
18.812874321439942,11.636393369777196,9.921361143056323,417.39572297801,2415.8434228843084,678.2702269508836,22.08336387863898,42.48330247798205,26.798597537407957,614.2821214677441,1
25.178934672211184,15.022466109906617,4.349763378608966,482.215767041896,2295.6342327476764,617.5343136354643,20.36872922278341,60.792178571741815,23.671526511480668,541.2802385164282,0
22.536317451884532,6.042839771570728,7.894919784654985,364.6946300438525,2430.7643978719216,696.7715194343891,46.38832889082592,62.026641268564255,25.854754575127483,546.501397265111,1
19.987819628197972,8.02562666793249,8.53147552184073,341.94817316266483,2265.547310113028,649.0949411436727,42.47195832522568,50.185403196434756,28.189383438762434,573.9047033937725,1
31.631712454864726,13.790447052346202,4.6151184134022385,461.9269397732553,2157.5839805226046,634.2100482732728,13.37047186247973,58.77743915911218,23.763662873860067,574.5400819841628,0
19.110952939137327,15.045509211523086,4.855722970855627,483.78367721881216,2193.624577047592,647.7709260331421,16.620585915702893,61.080379939417654,24.301659479025478,521.6261461421017,0
27.59771669732394,13.544028847484364,3.5798186006886534,426.65823038955244,2167.29774825102,634.9824634387317,19.313005502574885,63.57555157086824,21.392865189551316,540.0453441824845,0
28.61645996460851,16.775654233883834,4.377701750777244,481.1298163442182,2108.5685794831297,640.6885877245408,17.490729708811365,65.76806221214015,22.66905839464857,537.153976530004,0
28.267124102247628,15.800169724728367,4.402495883291304,477.52144933453224,2147.9406414348127,617.7700367071211,12.3485524988992,56.17063789161085,22.509860398053984,522.9515026243826,0
28.178070029034245,14.599838036589013,4.51504322451724,449.42066389409723,2108.9291518316086,616.4974972386256,13.48735749068668,67.57739767538283,23.076311201329897,528.9100066392369,0
25.82461217665726,17.73160300484747,3.328976751740761,469.1835585674026,2219.614016478955,619.3311977426091,21.081931066887858,63.09682839030078,23.12546226141479,518.8517345016404,0
25.663859569110308,17.307038274405116,4.280771661793558,418.4851495300036,2173.594473230575,608.224529592486,14.635504555858194,60.22609168495469,22.46273657366236,560.4058938233499,0
26.63116699589061,14.098406025603207,3.740647252027006,464.9232748205774,2224.711005963925,618.4669416030639,13.749499273797028,62.8567881119984,21.799844675288035,558.6693151018998,0
24.433237382707762,13.99155368205082,4.595346350688524,477.649806878199,2198.6211343198343,606.1397135107029,18.43617030324823,60.94382531140449,23.323603087434538,519.252257930131,0
23.994140048272996,11.832947610032043,5.156962094004419,416.41683907594336,2131.802676416877,651.721110641928,19.316789429588663,58.104427262450315,20.505186190547363,520.0201796071243,0
30.527342487529737,15.08874656479702,3.0024554483281243,429.586904081866,2223.821375014731,621.0418690247025,23.144052687177954,64.68080255044704,19.399720595427826,551.2523661939251,0
27.184509613308798,14.278210043832622,4.229985584823957,424.4917783088983,2216.1729247554686,626.993678498336,17.654218918586473,62.93076118179048,21.191071002572116,539.6113850241977,0
17.378967936963043,14.018148170043085,6.124896548349897,500.2451937242782,2203.6898406923715,620.3703683054665,21.138927679495588,61.49822796721122,26.370009616239294,561.6230851065069,0
24.210441306758906,12.893455202763148,4.452870444333203,435.54850650315035,2178.485763909253,638.6299830955148,18.686663805608514,56.29989380006625,20.500406278981462,550.2160961552596,0
22.989327254773126,15.519235403387562,4.103188377378532,447.05860853033795,2293.717318494007,601.9762869878059,14.259301156700678,63.954529518980976,23.79867775024905,528.3804084937527,0
28.676389023549316,12.017737072492492,2.925675048066987,456.89453529814597,2232.128742496973,627.1616008895862,10.25529306187056,60.18366100788257,23.233457470079994,520.4563068952826,0
23.033894366824516,18.29776964117756,4.429901413593716,419.82504300867504,2259.7346232528516,648.9962366074191,14.166953720305091,61.8231848363863,23.04592674648565,551.836827261584,0
26.300676090357978,15.583486777893464,3.2775342305240156,444.64139033007183,2225.0270964689917,591.3658463424574,19.807286040893114,59.4378386925138,23.56926874486007,529.7981270689138,0
27.89018818455788,12.122053911642565,3.1355419816294177,456.54365236792995,2168.835959620266,646.7635914009263,20.562257205991042,63.36977600058328,21.80401125429514,560.263596521056,0
25.6843449874424,13.755717168079144,4.755826048699948,479.1636676436802,2174.6012881379243,596.1275887814173,18.327595067937768,65.27046690466106,22.78545136524719,538.6693045393195,0
26.291378041933516,14.375795205032487,4.323395352531604,476.3570137273212,2262.461476686006,651.0394129015397,21.99774042339577,62.9648054204491,22.112538860142806,553.2885375359625,0
15.681674829854394,7.715874314980805,7.056615756968303,370.49553746122916,2510.375969610753,679.963662285444,26.76305682494759,53.9372162538101,24.097733973454957,597.2754699786074,1
29.318103017420082,15.648785018552282,5.204659009437178,453.95742593044787,2237.2603488815703,591.2126344896238,10.408332278557388,58.82172469385968,27.521608191069856,544.5391290969736,0
26.388909580739114,14.283165896466915,5.091093806962712,412.5362618157078,2183.8004481234416,609.3590372613119,13.514309209009081,62.12276795196739,26.23836232927397,545.883240254057,0
28.1293703535076,12.313887606034323,4.050579176433718,400.104931813201,2146.9285050305284,610.0384034500337,14.969875973738274,61.66445721648602,23.161282447674473,560.7916565210965,0
28.4770153042252,15.977045235370136,3.9556159966089095,428.7589741216029,2121.528055297287,595.0236254863637,13.136529479366466,61.161597594681886,24.47135814976003,539.6746331026029,0
23.2588191798131,15.178978607401923,4.503297626524965,386.58924987629985,2215.083735940486,601.7128288764152,15.990443163697694,67.2373125670954,23.40513277989844,531.5255167912188,0
22.894252161101473,9.847187891680615,4.923324338688172,442.53877686274734,2206.9517519946844,585.9111376721468,22.862271286796847,57.966528915420426,24.41435859226471,557.9379631607876,0
27.597482896845747,13.239167308613425,4.0936352031096,467.8731783525101,2256.349775096563,621.5917248966546,17.04960846523047,66.3466955784261,22.028385263023154,530.4569093936656,0
28.67983591629863,11.401521868456264,4.137353375318597,468.5397499960636,2223.0878902461604,589.5396133506337,14.200104499557877,63.317889278928035,25.096709890100964,507.85223959815187,0
28.03567609589266,13.80281906816569,4.057192966272073,445.234063260201,2219.8409063490562,630.0846485976065,12.720697700241086,64.26848059261873,19.751326240674718,534.9412356583571,0
25.954927179738945,10.805629100971968,2.9066358728498702,453.4143629372853,2266.769134885006,657.6436058734604,18.28674539295608,65.50636804492612,20.23775670996495,547.042064564967,0
21.74200042972577,2.625262360600182,5.651338776657723,352.68600410762826,2377.8007388620313,647.165407646127,61.30462989415895,56.2248662603609,26.318202694156476,615.5106774884516,1
21.66964661896121,5.423909064545997,6.188695260860987,329.30691226234495,2424.95342745601,681.2917850330574,39.65110090561959,61.5769295021409,25.163837853134925,599.7383860239011,1
22.49435114735269,15.55429071888282,3.7988472855315063,451.52441356084165,2297.7245455980724,600.4285291827009,19.18228906122947,60.728874954947976,23.631325968535318,526.9125693006633,0
23.854297372905908,11.83452869630064,4.282019521996328,415.90007285057385,2204.8555205211583,600.7455008521214,21.572875815064126,64.10339509881531,23.974698860560917,520.4874200091298,0
29.438766441271948,14.842082750264714,4.435499362200968,461.75674764661215,2262.1544303798946,615.9338294298535,19.793955427161343,61.08027733189824,24.8377134759299,512.7253302562484,0
31.022286355206926,13.961777787956525,3.908146576080463,445.6448238243422,2128.93111283625,564.2586426194293,17.721504547212742,69.34044133521358,21.94000846908246,510.9196010424781,0
26.83086626600668,16.299318951758476,4.438790734537729,407.8883971364415,2236.453010959519,611.5905958391462,16.9888943026419,66.32182210733068,24.92777770207191,551.4919761836055,0
24.676782659065847,16.293643125545476,4.167994222651964,455.2429728566831,2168.394235353015,640.4597638215467,22.862014837957826,63.77669759653137,22.371695908458282,537.5456672958516,0
29.57343929412526,13.712787240381349,4.859260573417783,495.35637208371173,2170.179329579453,626.5258164910765,18.76430596463775,66.29116916416294,23.91887708191603,541.5221600366089,0
25.11168195295246,15.800429171548613,4.518951591445649,461.97810544907713,2128.553091652692,619.8855963965608,18.084778595485368,60.82545038197848,24.185692885618,555.7228446223228,0
26.92426636285703,13.341608758540099,3.8721311654712056,410.84712965730006,2295.0848473461037,586.83462473912,16.69129773501026,62.08017300754179,26.19347679750273,558.0074503146509,0
24.640347682260913,12.28975904559511,3.449256728643005,480.9944577151759,2238.536603372646,647.9018307464157,22.093600502887103,61.39268547662896,24.40498207082393,524.5710585866815,0
24.041460053352424,13.365259111964432,5.121544229545579,405.5582484709152,2211.2823462855595,595.4636934383352,16.240325404786347,61.90205737573891,24.779221197482293,498.4525363248606,0
26.99447520485463,17.700276026068412,3.21405181808672,438.0510271858108,2117.6244678073526,572.641575622776,19.887384030903288,66.93133528343449,22.053940113023756,540.3895940875115,0
25.898907007324144,13.29884346986029,3.779264404421139,440.731281501502,2157.1216285305945,612.1149678963321,20.66956225613994,61.87827988148732,23.756619793152645,536.3613992766468,0
24.341636838151544,13.588710953908176,3.942425177671477,444.14794817299634,2251.3864887573554,607.1746591200031,10.547033826765526,60.9199722400476,24.19177099833214,560.094717437125,0
24.005370041889936,10.7213397623069,3.4790883204487675,478.17465630702804,2241.027747013567,626.239967236379,14.90704938800118,63.261261768257675,23.835079251086203,529.0930431722709,0
26.45799710623928,15.829466922689118,3.7108281427232797,431.28105030950843,2115.4999116026934,614.6584221980335,13.084522419954165,58.81109962283635,21.791338803896082,523.6315443695593,0
26.536700349724278,12.255749453479593,4.274409191163363,435.61955399668045,2211.7310082544827,663.1057519657909,20.43009559723054,61.173442753117506,26.09303766236455,542.9698082126704,0
26.66636453964801,11.567576707262525,4.655422286991022,466.21888244709663,2262.612622373281,625.0829085538057,18.951111115269928,65.3728858210656,22.749241509694063,560.9578573511185,0
26.34668913542788,12.660052384764564,5.107286134873152,415.8961535309077,2182.1068751468374,603.6927441523366,17.97278564998979,58.716322294824295,22.354096025939693,552.8380968161852,0
30.80192457791496,14.355978528986554,4.259349287257867,430.4886468872834,2205.704370728716,587.3832441377488,23.422969838089223,59.24896054682453,21.00721889987213,542.5586740600927,0
25.986406105330925,12.584512652461607,3.7100738242819675,468.66690759772325,2104.7348115217596,623.566152063171,12.396693302455418,57.06600190103293,27.047433411772587,532.433327643421,0
23.05212687162853,15.216478005783689,3.9448288816811345,436.0478250046642,2147.0529155884255,629.5893760838178,18.008616424556656,67.77761810170533,26.072643514810263,534.9921432285772,0
26.94818908739079,12.970434757146684,3.3464228107501506,443.3352659091348,2181.664740892746,604.368242355496,12.338241902021878,59.019215646663255,23.292730390190655,537.2309521702438,0
30.094442349791155,13.636322909965093,3.402420766246921,446.4114888334496,2299.848366664044,658.6018906698683,13.781114024811014,61.405146235834756,23.903644836620845,544.7618390230798,0
25.045696626994385,14.918385769536854,4.045007785637329,426.49375284928027,2184.33761073391,599.2520178906631,19.366842746384552,64.76043963839325,23.885331523778586,559.20195721215,0
17.972001838882477,4.661740613329274,12.026362655522213,377.68071598833114,2320.955572863964,661.8707684686398,22.14426253866998,41.02983322211095,25.58515885344649,609.1604223771318,1
27.938866274999736,12.845335984483178,3.583194421262095,447.2394524872897,2153.488496435271,603.4912369562244,22.08971125789964,56.97192774778732,20.879933968988205,530.5041500131144,0
27.242289676840283,13.357032190139009,4.849405832661149,477.5916217688691,2143.124523996076,630.53846037075,21.465540186887356,62.08857676094612,22.90675905827291,560.4686348283499,0
15.626759026610557,7.426843248784841,9.874951022556928,310.17618921754854,2413.0607297299316,632.3627981734111,21.78377053729922,41.73711090758233,29.21777697272929,637.4212117410626,1
25.176268227340493,12.977837234166431,4.55129173934765,433.0330584526005,2164.251333501523,618.4702845810626,18.59318901891537,57.75525203357535,23.390653592976804,535.7468642786578,0
21.50633326777535,17.301093790064307,4.11737313553166,466.38314936447944,2209.4338074179764,627.0320889084592,18.690859562090147,63.621548105136974,21.987996247638225,529.0024386304399,0
26.747587052518004,14.73186251341697,4.512432539221043,453.8103865389689,2183.155953830242,609.42483802968,23.413580925482744,60.62538012351546,21.811905751873226,544.085236301239,0
28.52280327747561,15.259724121186062,3.9280831596187586,447.01422330254564,2200.9224289360104,617.8543382065192,14.651035592319548,60.63400296468536,22.41446281769534,540.7536659731237,0
16.90107643833084,4.272357692845572,11.48646261541908,352.34721599775366,2429.258400320917,628.9250150507495,45.23282199651002,46.20674940211663,27.407450091676996,575.480577620007,1
27.492583250038727,10.517690066282851,4.3220187148174265,467.2561619217214,2218.579620807265,614.9556028348358,20.41905232838885,64.62408215009773,25.706525336708047,530.3998920538153,0
27.320919932078844,16.16504847364139,3.7392267397559094,425.0807312048711,2249.883455679901,599.279959701728,21.888816905352265,61.69706384993185,21.878544655103468,545.1929242850937,0
24.71531293990879,15.957997665960633,4.216953222906027,441.8421636132189,2136.1498025724077,604.7370763456099,13.771385100115909,57.90224052726529,21.96473012173612,530.2915259941182,0
23.829632268838935,10.377930282610068,8.461373434593584,344.6588882711282,2269.7519719667666,628.3422617046015,42.73717990427609,53.182360906064254,31.04120405035961,617.2094706147616,1
23.438238055873647,12.980427976767581,5.256528684019383,478.5768897126414,2205.3789404783383,626.8453084954397,15.254475716138334,59.724079465938246,23.826679875380027,548.8174688846781,0
22.822211914037773,13.936994743129818,4.531637100539858,463.0185653989911,2221.217555460901,635.4522932615317,17.25391016274393,62.796161200587946,24.234106825242165,565.5950725696446,0
30.83077901352486,11.723122003168331,4.627841569110952,459.4283121077757,2224.170365798663,600.5990399675595,15.62078266861482,65.31455166554667,26.89704389289708,525.1026870536015,0
27.122590305767353,13.002888903349078,4.302203262484073,550.6456010681816,2224.7346566772626,660.2878046640392,18.10783738612217,62.018971969450114,21.48710414225875,514.9893940733501,0
22.526081266727576,14.492286501405474,3.5621107739067464,501.30049059408236,2252.0163116109893,626.1143053944567,22.556974396593926,64.25654769546026,21.70890927996303,550.1998938245284,0
24.5819573286734,11.862944862267122,4.6441706001917495,426.04030812539327,2135.3564885494625,630.9138068624203,24.462992397054933,66.03998981291329,23.39851048957113,555.8972249409313,0
28.71598489891988,14.126030638371793,3.3098599883690385,483.40961843579805,2313.70925151592,628.277779792286,21.576930680147406,59.62979674754611,26.81786387529432,529.1203975436063,0
29.42384536823471,17.54491256242092,4.257634283470466,426.41259075623105,2139.218193520066,583.8062399418197,22.450587280050122,61.8588840222326,23.41440207556375,547.7196273578895,0
21.382070918394817,6.047964941230586,7.271236614736323,280.9125582420164,2264.1840764097465,698.9826597391859,25.632105556743305,61.995821334457546,26.79559626749493,584.0773540808837,1
27.24104500202165,12.57363799616271,4.5363169651637065,455.3776058605366,2213.7786449481273,598.0625654265416,16.26297835740677,63.54433565553104,26.506722530312643,537.5068372473006,0
26.53123529681922,16.738291591543483,3.7596307250316405,425.68667916898966,2196.495809948617,662.4815517235788,16.406101817057735,69.45791634377616,23.510941609967496,539.4101122472754,0
27.285193059674498,11.64030682094776,5.286760608935472,465.02026372574426,2262.5235020115533,594.5770645128688,14.809842744902939,62.76272880883454,22.276341339075,555.3377093813353,0
22.5686793749939,15.455864310623086,4.463383584250911,400.86435621160786,2232.2606086551787,645.1231498746355,22.236226513725306,63.170754390981706,22.26247604503032,533.4006200484157,0
12.35110844194141,8.183595809127779,7.235131293298192,369.91692018076026,2287.3100821442413,703.7677632727688,30.65912774225201,60.87676358847022,22.55177617763762,540.0848583622711,1
27.830323434703594,13.104237537438411,4.54964786439486,428.17343059224373,2205.276096700144,628.0439783199306,17.434163204745683,60.91874642797218,25.520663456270928,557.3842088164491,0
25.591848381077988,14.924393356018339,3.818058403572099,457.34148227879274,2359.94709548916,642.3005924876142,18.803700428466065,61.23627853029114,19.379225940226455,523.6403553861098,0
10.761285814228604,6.53469348887072,9.862000175361835,435.38038784059785,2188.286647766399,729.5073181036544,32.56606064563386,42.967840051626496,30.506267092087846,589.9312977329489,1
29.65234330890746,11.823238335680061,4.011136830049205,462.8506301240351,2156.2750023745607,671.8212433582473,17.16355044487037,62.72760885501116,23.144316967038044,549.0861556865954,0
22.786094991922322,14.478626040142908,3.6748195139026105,451.30040273155817,2146.9106955031434,631.1618310544728,16.904035744891257,60.78482091593053,22.64570861839793,517.4870160129503,0
26.051933436375613,13.313955240222304,3.4775898516983648,398.3069267058369,2225.7997118842286,606.4497052045914,19.60644015156123,60.81908511309237,23.870752834620497,556.4254452961833,0
23.55949920839142,14.725262981367358,4.730270976757177,464.31629272476016,2248.508881590435,617.7559582886656,16.391729064815724,62.22185391103665,23.07159695219312,531.6871567940719,0
26.52819424154665,15.763447487921042,3.2617178998765977,405.63370157906905,2177.389730347117,598.0129298701938,15.28101761814877,59.28879754545344,22.581850540175836,577.823279725636,0
25.728317361133968,13.326286834754578,4.6702558604386795,435.38159806913853,2229.3753295119614,632.4320475503756,17.00315087858167,58.460957555711204,23.920647852363764,537.602064223732,0
30.203638869147433,11.915365342287718,5.396847851045468,448.78571278001823,2284.1131624363343,606.8699950074044,20.213462027458164,64.19156429386629,21.82510534033686,541.2231173161684,0
20.24641651091894,3.286862242243567,11.176819718048652,440.88780227702284,2549.901842045988,710.7293024819106,51.40480270584681,43.61933398038482,32.297363109652636,560.6560625764376,1
22.582354374411405,15.800944221744144,4.203324505675079,417.58729173402514,2272.930842364851,621.579859352168,18.059022247510487,63.140094221582885,22.856084147031627,537.8534178310912,0
31.732920772326487,13.905224612580037,4.5541866567331795,476.4703616783199,2256.5487213903134,649.4184890501061,13.936848045500643,62.39905698705101,24.42845370823555,540.3359950952513,0
23.793932006529282,13.468959438152226,3.763211708781531,433.73196923109424,2183.5837975743566,627.391502807845,15.232806724893981,60.07207440059948,22.81106393151062,543.4136226123086,0
23.666781964991298,15.351885098441423,4.170693848559594,466.0325928689332,2206.8109649602925,628.3380247816768,13.258967751348003,59.62113732040867,26.28228653413041,540.5287065571054,0
30.708965523845055,10.936822355989955,3.909213486230576,411.8351066658821,2203.1266706416886,623.8004986536321,21.88057836694018,61.85296395120673,23.256200434965393,529.4976971087212,0
21.56541532535259,14.268183990081278,3.9228041985874436,429.93214065696463,2180.6182814911795,595.0498102787875,9.764056547567177,66.0934275549395,21.318916599087387,558.1761808398641,0
27.965555828398195,16.981283285537998,4.069059933271696,441.1536994782537,2221.0006381836083,621.3482053903051,22.47007168074175,66.5465888248353,23.899705132954722,537.4422284513295,0
28.254884065553174,12.522964484742403,4.372386361545596,491.2592291954761,2226.852126668034,608.9955649712642,24.8499484047333,63.16362239349124,25.6971666574463,531.6145653181645,0
24.87359094898602,15.140248384902042,4.162196990497934,434.94644798400924,2203.031844879514,610.0087561669366,17.844578830987864,63.782906544421294,24.229555657937297,546.366790324239,0
27.534725713431733,15.517264109777598,2.989053548520199,431.1738315201694,2129.8505007422646,587.669356517917,18.088542602981413,61.20918892057816,23.032062685188595,542.4600984082227,0
26.439256540572963,11.89832205800163,3.8035938337369175,446.9696298819095,2181.9912567774536,621.13593265244,17.247550925111028,68.39617695714765,26.252134358688256,529.2185758201686,0
29.5650847747767,13.263993094578707,3.965781405240201,437.5052183961,2157.1668972519205,648.0035707158875,20.56378281287961,61.0303339730393,24.77553833802132,568.0483270926954,0
29.909655574534774,16.27849521167129,3.904185446770549,458.3400576168637,2225.0821649513628,635.8482564442373,21.697456427009996,63.90879467429503,25.993892141355047,547.0143812763436,0
26.837808629670207,14.33258187098595,3.489767203340831,455.0880745694128,2290.5355831459187,600.6293015389599,15.74987397969208,58.954138812386915,21.92087135522688,542.6537247196336,0
27.550471496812342,14.397590823295547,4.429737057097015,446.008197929438,2221.948944180091,627.2189742869735,21.21224870713506,57.66115028791369,21.14247548683202,544.43519767031,0
26.59014981699449,11.73701271787084,3.813746631700616,511.88545348994853,2173.219554237045,654.1592638682148,20.80528339606658,58.962500238351545,21.093183465781124,524.5075520173234,0
23.841100676413205,13.500973796674952,4.1244237404718005,456.5973369502887,2211.30598025728,642.9468484548272,21.890084906515487,61.98678185226512,21.7000980562943,544.2396410869524,0
14.921322056000436,6.518523763749293,9.00359377239143,350.371678167491,2371.631033640337,624.0718933142607,42.45731952214456,50.537743199366616,27.427172361086633,542.3043855798343,1
26.256783503966275,13.300961618497366,3.8284096052260814,443.9590595709407,2173.386429668931,660.2385072587371,24.59246442179481,60.01668884931884,26.38212299044818,540.8321748523651,0
18.79954300169234,2.0,8.492737342162181,274.40844048987265,2449.728466185562,687.5615465691286,42.260360254095396,45.33557741072234,24.206025919425976,594.1640946997151,1
26.378203995174704,13.882816493868443,4.0590295777352585,439.74875956590404,2159.89523384687,652.488773665828,15.954106035091426,62.8055644353823,22.713742452514428,524.2165888593876,0
26.030822522678868,15.76557013689692,4.225428737217675,451.9584114988282,2316.0115187571428,631.6170285253503,14.797057894780938,62.098653279955236,21.70620831994803,527.1006098943907,0
22.31329263823911,16.5004542995319,4.227976105676411,449.50737860386494,2238.013621133171,614.2299061298548,20.154079367851192,62.58054056909355,20.861542065633472,518.9309953916817,0
13.290063826339665,3.50774212337715,10.270607233785801,328.48947839366906,2253.5395112138353,603.1801939301062,44.98452067049785,44.024220798773506,29.221381437442222,598.3876338075812,1
23.91934332355541,13.345876719485728,4.4962336286761495,481.58708360455785,2172.3275743274417,624.4242680478502,18.952348432082854,65.43601829160231,22.457185950005027,559.1686899311455,0
21.491194269833716,13.233051170775846,4.010026316962885,462.9602990633666,2151.18133049074,645.563098547254,15.714204728485857,63.440820044737116,24.15355769032766,525.018539584333,0
28.093677256627803,15.07627338486871,3.507248631344205,409.3198048362393,2271.469632005066,667.9181479137067,19.187164541946753,62.92198200980315,22.11387524504227,525.3813754287711,0
28.04203549922445,15.190780319682613,4.169665778487217,487.5588867818999,2275.025155680895,627.2756989129991,17.26022953197911,59.14841356783942,24.602825396985914,541.7957513480092,0
26.35179338493517,13.76164952489525,4.335070036223041,450.8787644847627,2204.211685286303,613.0467157768799,13.371290172471738,64.40174087434647,23.205042583672054,560.0372532240634,0
24.959518150023264,12.154654846793445,4.079318293295029,443.4888429057366,2282.3775804470783,626.50321506083,11.061788251632604,67.16600528703673,22.837268640255246,527.435025014346,0
26.48719533319982,14.888559568451141,3.8399968351733285,437.6604437167983,2197.2649092390734,582.2840529103286,20.192540301215487,63.30544756965581,24.988156484372656,533.9108471095026,0
27.335737821244287,14.55862847424863,5.693552501414015,426.1556490158728,2250.4698160470757,633.6317173807886,13.271785330598256,63.80610949985753,24.327676123431118,555.9617192387938,0
25.30224207272005,11.737703900712646,3.159646558062203,419.66508313977,2234.4954825817917,609.5239779770477,14.52228550805245,60.84089933417934,22.378475641246993,510.9620586975011,0
24.716115046574114,14.345093996116939,4.3251995393783895,452.27315021196193,2184.9239199561353,658.5803491476659,16.176145891690034,62.564432417811624,22.40609802706235,556.5374466159055,0
23.44406421865024,16.42868854268173,4.239463005112597,480.3751004770486,2111.5754067220473,630.5341338897779,12.946798387104185,61.2750655782215,25.0836075154293,539.0980292824579,0
30.572342369059978,10.519489126591322,3.6074893320907835,430.6790323215059,2252.301616627568,621.3311398087244,15.770255157483051,61.64985243999301,22.585014458228216,545.7686080827018,0
27.95663810496927,14.700999291226907,5.010594563267081,452.8587277455149,2129.400371142489,636.8149073384794,17.646129232731607,60.363294081359086,26.018836889069554,538.2555794520181,0
24.90846179224441,14.072711934895967,4.147224569411294,448.77364316346586,2195.0682478032318,630.9507488975968,15.055146259584781,61.910712141168695,22.583714455911945,553.9054599320633,0
27.060743267953985,14.461887484663558,5.280985562607904,506.29768625491135,2107.1654878405807,616.0185682404507,18.801525903656703,69.91210262320998,21.805350284415486,573.2185732485707,0
18.683845629086974,4.335289670997787,8.015700232712721,380.506261294551,2346.636585740132,680.3372638817369,50.17429176125613,45.23208455808495,26.312230621408126,617.2042511943656,1
28.920695886478704,16.88222381613383,4.220644497591317,459.7828400106836,2219.616687620718,606.8088421271445,18.34876018401697,55.77838776552964,23.247557327786936,538.7352413397874,0
23.819667446432852,13.259657623424157,3.5670945994088563,420.1030342932116,2276.7360471639836,658.1029854409763,15.529750450012475,63.84053208053115,23.475595505095303,545.4098021033288,0
28.166431671523835,14.476996343313568,4.989141977246569,452.3181551305988,2217.580209451335,615.071045201638,20.211055271052047,55.45653255580815,24.22921520241621,544.2569281773295,0
23.45296734894093,9.049266933818789,3.599684589505565,420.93834786686807,2282.0453252747157,623.2964726141195,18.001196611773956,68.00368416052972,23.05852993849506,560.4117464797677,0
24.849249709945028,13.66635460994557,4.492922783840143,452.5253159915471,2110.516298880594,601.3527346321811,22.463425885172185,64.74675684975082,25.574218005078574,565.2710583031176,0
26.383531824151653,14.241142993528788,5.410685622963536,425.57779659031394,2106.492269172912,576.4462476380933,21.833121062436348,65.2571202299151,22.801695543511606,512.4177159980587,0
27.121968274502706,16.01637964672121,5.261449995462072,471.0181857042605,2073.146624212716,633.8318403521456,19.536901424401684,65.06690704607698,23.707081570391754,542.8269564031309,0
25.93642137692975,15.159393563464045,4.231567245546828,452.7486723036907,2254.7706896307477,606.8830182232288,23.179977946841326,66.45387595307223,24.452567448147825,558.8085099488362,0
15.682221089043477,6.24164397723262,7.856066645971209,411.16659611861303,2409.866835410192,658.9556209085368,49.364654066172974,51.9792911457564,28.910571612017208,610.8057080012602,1
27.77805453636884,13.309452825053718,3.934484120676701,439.54813427547134,2203.604740041988,612.7129666022474,15.666352783457985,58.41734356726978,23.91331504777968,539.9087341108631,0
30.403595504508935,14.137577349966538,4.325185143892204,506.13923563347976,2145.5756088186604,641.303567232449,18.760817133786205,58.97611693380834,24.720900801869536,538.8233715845141,0
31.82117433108791,13.310966375743675,5.169769052138236,434.4650807068992,2197.334982855755,614.4926838066846,22.637445237789677,66.10588295540917,27.25796794551762,532.534922222244,0
29.58225483525674,14.237934744240276,3.9923027588191813,443.41558311380066,2172.0579016535935,609.1421828029792,22.48438491699934,68.16860941932653,23.158857024554056,533.0394995170884,0
30.13761394067678,15.209559135583216,4.473121634782285,473.6237881292303,2172.61882070565,600.3131646757246,23.147609129210768,58.765776593355945,22.022251017388143,553.5410397293363,0
26.57355893896243,9.498047563025198,4.551363385085869,423.14656631900243,2228.3232762393104,601.1811921401408,19.467410827862594,59.79365954662319,24.99642561560275,537.5379708312811,0
27.586915186166546,15.290528525118384,4.492297090695402,463.1330242013263,2191.7659988777327,648.1789621316392,20.592383618983735,63.59782185138156,23.227038594565293,535.1629072188853,0
32.55103753061851,10.421047707947467,3.891928807770535,452.47732521304823,2209.3008561217375,633.5499269184933,22.26323474517048,62.29105330286857,24.654054584649394,523.5511251500316,0
28.77015710879496,13.020519466091718,3.997297601189843,439.4335232373203,2208.1481060662495,618.0877190689915,20.601757508203534,64.21039014810911,24.220643905049005,583.7430386630014,0
27.887864204862076,12.209227091189403,4.564375334991866,436.18741607821704,2220.147392995718,607.609587126258,15.945254288436196,65.74037082717645,24.267688291653716,552.0439855877423,0
31.964659416044064,14.406344409999711,3.6377104760921197,418.41868455468256,2153.3269820996743,617.9419365736806,23.783885753201687,64.61730553406763,24.65107715354302,527.5934047556598,0
28.012483439197183,18.722062180197547,4.212784494213067,436.3222509213087,2144.822023451205,658.7609619417299,20.15213465686799,67.34577759309506,24.704065281549976,530.6649180924999,0
26.353971890353293,14.358964311792864,3.577803657204769,471.8393550621591,2165.836704590474,623.2295886062476,22.289500329502978,59.8088833929176,22.56040764919383,524.7982529064504,0
22.46237277353803,13.280421241007534,3.8145439921749382,455.8415935851331,2197.52428941338,620.6685610869495,14.85396751437975,61.98916817753702,23.50927812846768,528.4774035823712,0
26.037844091136847,13.812559978162922,3.7339493078362076,384.0430480927223,2187.7881684147783,588.0548395458868,13.227909394154793,63.9748278158135,25.26043222234551,561.9483795651373,0
25.048371493136038,11.255068244427648,4.091268104216713,490.62465120443375,2223.1087811375105,593.2809539824576,20.321226704392473,61.829419558715244,22.563249213386236,554.4899584782422,0
27.56972610173729,12.747292173176634,4.490220836165109,469.21209343351495,2176.9445211210145,588.9288547644035,21.014035139461633,68.06919328183403,25.54897641269453,537.7087617923127,0
22.640936993694798,14.483666275271668,4.626878190940529,432.121476787928,2163.598800259011,642.6982086475439,20.82106204837361,58.957502105060954,25.48589149987102,572.1831393960955,0
29.773876712151317,15.80883774268382,3.799709691738978,471.29199683072625,2172.055643855918,650.9742099332196,18.402413114469077,58.65562828489362,22.831116756344993,545.8046748418365,0
24.504616605612917,11.808373600261042,4.549411564420273,489.2494549026813,2269.0867031827906,626.6419895627997,23.39293890871336,63.64134480588415,21.494497522768818,513.3907596087299,0
26.743533532394455,15.566893375895337,4.4862717227276825,451.1389455278399,2213.242975452806,633.5561483465436,14.164223532761442,60.02278763026549,22.363418301208654,532.9554395352701,0
20.51434923774882,12.697267925011296,4.538845355094244,456.9175504401221,2179.848214281798,614.8809999079209,13.45221662265833,61.08729179380377,23.516813289219275,558.2773488270484,0
28.86912402462075,14.78479249388425,3.9826853195670116,447.5947534526806,2277.8052119192766,576.1446191498292,18.71311180141646,59.02724267670643,24.71802961114791,549.5171390740107,0
26.131393775204582,12.916515252955634,4.10271929601365,440.18156054426083,2159.981771945406,628.5271034823859,15.542434039177213,64.63794495018696,23.555618118433593,512.5285853423247,0
25.54565526500418,14.811655434082775,4.067508728669803,405.3345294967581,2206.570799909786,647.6076946812238,16.049035551059713,65.94516881436988,24.38883015482108,546.7926217633848,0
28.42968573092457,15.203313802948522,4.818914264996221,452.70544004076334,2208.424939738281,618.7861959813683,16.51006122950404,58.077921241534256,20.904111814932612,529.6543083775277,0
23.193647166770802,14.103268644433912,5.0942649684603145,415.29039247525355,2178.8979782746865,591.4977881840009,20.058780245595273,63.22764022766048,24.230714913738886,535.9145048516036,0
25.631191469516203,14.77088691309055,3.3318326871446393,462.16497494371526,2247.379478370727,636.870246881203,21.551903234575548,64.60018520840214,24.095882020050617,560.1872395580305,0
28.321785585185864,14.611229227118177,4.181985931314918,482.773458747161,2222.720665295928,657.2645366378448,18.23254281649899,59.67926489873396,24.194630224243404,543.6532665124739,0
26.745004785248458,11.032164030478398,4.211295057948629,468.29903345962657,2189.104574084189,655.0616969543286,18.958296960407633,60.99288458390146,21.88121333756159,564.6027439434909,0
28.73213954080739,16.70081544813065,3.978472025118714,530.8373415812129,2144.2960702399973,584.2268923185177,21.37372854890974,61.78741397251205,24.47734489857922,563.5419545371367,0
24.696104916142883,15.941905696203053,4.7234991012858325,480.73068951565455,2175.104745868255,643.2603816167737,13.899357599831387,67.30744751605761,25.049217600515146,539.8167468153323,0
30.123362003090758,11.780981958955598,2.982918348701073,473.98865156611964,2244.841378694964,623.4810448008409,19.04757700671161,59.067007822184706,22.794816763568697,546.8655593707223,0
25.2944188032427,10.964071886119381,3.6098517018439136,432.7473772986967,2261.183241017599,632.1955926794535,20.198202449597794,64.9869798591436,23.489077682292166,526.6306158084052,0
22.88248855896246,15.351080403719902,4.836654154561548,453.08083075378863,2227.609474271733,605.1831258714229,20.08386603153668,59.47121359595679,23.083397406489105,529.6355002632187,0
15.939965494947797,10.006224528100839,9.35585530520786,404.0866255967816,2365.1315391341627,694.8851721697748,38.67133888223669,41.265568117012386,30.77971010184462,605.184785669958,1
23.831015577387785,13.804608990510596,4.959560175934091,448.8120756950076,2197.129297253625,590.2518732309354,14.695097174821885,59.77903073266446,21.074843603187375,531.3410250747839,0
26.91080164845479,14.887042962063305,2.78689806889302,460.106984576248,2170.1803975108282,604.7820969101442,15.099756762842947,59.124309124338225,23.44109257231034,549.4625044015394,0
29.1138306869742,13.998104979800948,2.878645938612866,463.9039216299773,2273.9142294692247,609.6935354292431,16.11656315610598,62.54292858510143,23.121163779311207,534.8036891724006,0
27.4820686706498,13.314632081167673,5.572470000391888,493.4006286465044,2259.633611670783,632.3458816132312,23.244169377228296,61.31499106018978,24.193681264071774,528.4491493555256,0
22.988021130974182,12.938126516821951,3.7433796578239287,449.7421335179962,2209.114889116899,600.3690320311089,17.295593023182708,59.61282139187347,22.857777660356994,560.58299701673,0
26.59201374774239,12.67630643302581,3.618568514286122,510.2583622195852,2240.233871406616,657.6415946443146,21.860768333761794,64.83763126614386,22.05408094469475,562.2253525633047,0
29.202140512377177,15.505583313663925,3.8853739998372094,463.5610584464981,2185.955827044611,615.0736714538676,19.405518056327157,66.15393536925826,23.285478215414138,535.0874839976071,0
27.332675931545637,14.531860072916194,4.574515868530414,466.90563616006483,2251.7850440944817,617.0502722001559,19.595852672003144,62.68498470106002,23.39615899708004,551.1018438193025,0
28.063975984918343,16.47934820290486,4.7087109757800745,483.6101243022561,2219.6409263107453,631.0168040089621,12.615367792370545,60.78680405364465,21.541714145245486,508.14009027006796,0
23.48032184826668,8.674438484058852,9.308342018386334,365.1242449974176,2359.4852672073835,652.7023946084324,40.44442198928522,53.33050155521759,29.488962426640384,590.0771288521787,1
25.554901770671307,12.58639871897631,4.085568073315138,454.2233998939686,2210.4339262182716,626.8277216611215,18.708954384990175,58.29497303931819,24.170090071860844,541.2521597806045,0
25.219393177321155,14.640427465877229,4.951226138219198,412.54636538961694,2227.5491142972837,654.273484783366,11.011577843289604,64.72465229250211,21.528406541101532,573.5322634729341,0
26.42995553776064,17.511103605080613,4.166094631565826,447.56673226153725,2186.265928552269,622.2164704861382,18.168028483728406,64.09908148530951,24.737486625021486,549.8654135919285,0
26.227137121096664,12.74039990114454,4.205359123866419,486.76434348061537,2189.428120236095,634.327764817001,15.576017203522344,63.72101009892827,23.40850583383955,534.1834062687595,0
28.85648405224948,14.058928549373627,2.7949841754861326,455.34772523736655,2157.2043776904043,596.7686973352462,12.979526853473539,61.19085309117532,23.59241089823942,545.7394149639186,0
26.769701110857582,14.750044345424463,4.935096873059914,435.5023543172018,2121.647177515881,613.938391289537,17.4275645170587,66.48196704307003,24.919600476174512,508.919741662673,0
32.7936850938348,12.57134649421404,4.229354894808094,444.56226983424284,2201.344603086259,659.1665254562304,14.974623731203693,63.38424234325239,21.00843961294357,545.7644435491987,0
26.719669092701817,14.625612917802544,4.617724477101651,407.87133438527513,2178.909119696658,651.8375927164323,21.566241739085534,59.691854277180624,23.041398426801873,570.1846942451016,0
25.858364709000618,10.710245271393653,3.4041907991703937,445.9739929800978,2142.434525029632,586.363080621868,18.443015307963094,67.34909297777283,22.773961150128958,549.8565913464145,0
23.460272689739675,15.03939178990675,4.05517832717918,460.2087894860409,2207.953284151334,640.8543222786537,19.6026408286544,64.55569780629554,24.66850487332356,507.4895063187844,0
24.924793724360825,12.919558657268832,4.019809216103357,485.4068405149749,2172.7220904712576,613.5352104072234,24.402208042528308,61.551103288921304,23.67572766227087,528.6283440207978,0
28.477004302947474,12.434021138557213,5.119576735435877,493.95136738283657,2127.218550379795,622.1391608773441,17.152524811372178,60.48394698380868,20.75613000695253,544.3389545677592,0
32.34461279793041,11.382768889899278,4.288775079254876,492.1220755645635,2178.23220181396,629.4808333489277,18.072443665918488,57.30107109189548,23.25855714520749,543.299800300567,0
17.411988387636836,2.8484384952040784,7.4410607858103806,398.1805938641134,2271.810031704715,658.4727829267185,46.30133737591503,54.25489914950825,23.137031301111914,596.3716221311697,1
23.867753723240128,14.395663875064137,5.282358289951721,471.494101619902,2239.735851615332,593.7583580966822,19.358795874587113,60.43299897731789,20.782474695382888,535.5488890775182,0
25.66469139824797,13.995962803888347,3.39844961436514,427.3781847503537,2191.833169889907,606.3963525692932,19.492498539440987,60.2646894860783,24.16015973816998,571.5265932227154,0
23.81106928464246,13.393487078543952,4.280842826110532,467.720237883053,2175.740565941643,604.609300403186,19.41508486582456,56.43119750370407,23.46690798214284,566.5713789467818,0
26.276698993248164,16.11073378674476,4.096688903222925,423.5489899655177,2188.2729300424694,648.6756790901155,13.887954521990903,59.43138634341147,22.487076915989306,538.9353489823892,0
18.477484109345912,6.16147441998776,8.017036109585797,333.15636429129563,2366.9017066873594,642.6206577291715,55.180153763979845,58.032523109903565,25.5659405465479,624.3084067738671,1
23.713457592330183,15.413043320614118,3.4007125465850128,461.37649642283026,2180.408835487623,609.7110299006858,21.998743990241348,61.77315093565973,24.528086283959627,539.7694124840673,0
23.124752204683947,17.634307288024388,5.06464606694401,467.38881053235525,2150.7528242075746,617.2892574650344,19.225106141916143,60.944280605595225,23.921437099224256,548.00902710838,0
26.59306959105394,16.440008308553235,2.94923654840756,466.5372933481043,2185.869757426115,640.9691311112881,21.654747156250473,62.958604924227465,23.030374038240335,541.249381170121,0
23.7226722619607,12.38551383242675,3.2521687816833453,445.5083127929839,2248.267064615703,612.2726008052124,19.005763633131057,61.40798139926809,23.033865654171894,502.5510030740542,0
26.280308143960948,14.380305348388251,4.658464934210265,422.26852360238723,2174.540508494412,624.2125545450322,17.721995148287274,66.25015292657241,23.148125352079276,553.5510142459028,0
26.0512019667935,12.34234195870916,4.506839397704623,438.24714360577815,2334.787589139946,617.9498657817463,17.857789435145314,60.215689359286074,25.035099905628268,543.9020423868476,0
25.27730632970269,15.402756118403735,4.92787395027928,435.70697222057197,2231.85410501445,605.73295104597,12.914162491255807,66.24070140662643,24.590063757006643,557.0960556762469,0
27.06696511527284,10.783716066697306,2.644370090758639,460.4755150964495,2045.8597428525593,617.832463120917,18.11064884200211,62.728375433285365,22.4865295021736,531.9972222995343,0
20.232511663787694,6.8077070658662215,10.820971714319702,385.45601741711715,2278.017373437054,706.7743853189718,38.60466445842258,46.616754137294066,28.832276317172543,557.8316771904786,1
27.95194273832449,14.597074132000607,5.050166649474388,428.67019559307886,2160.610055568666,616.304725599793,20.696436227622264,66.15398707397864,25.568155508723752,542.0761760008548,0
16.011270135200466,5.865101019167936,7.503206872485916,351.1344039659623,2332.4891505406736,699.6772613928995,40.50329456199757,53.50795172282688,31.006119860915895,597.9578726601181,1
25.719111395860324,13.56697711670107,4.631896788558825,429.3112747149427,2168.9786896873275,600.42545274507,15.543630583768953,64.81272358816273,21.518544016136662,520.4601657129424,0
23.718971320041454,13.365159205567418,3.9174756721705437,423.0351809165817,2163.0640431572774,620.0538165282939,19.435778832629698,62.7449505186668,22.601681739036536,541.8641590731229,0
31.493785444511907,12.689274883825783,3.811363414153012,386.6585417376335,2170.22588567785,628.8235281816226,20.022905914079832,67.17412806718947,27.08520386482383,521.555677306808,0
27.106241978178055,16.521873457512832,3.013632764779582,454.2657362596148,2200.3739823214523,597.4281291058143,19.25801347664796,59.60060279580959,21.982180076253197,530.7535572940603,0
27.915469396437082,14.644612073471512,4.124257795636042,420.3532442438766,2124.289705832951,620.597944161352,15.583247681556033,66.01545711004871,23.819276520921093,528.8551907068651,0
26.330049360038988,14.573951075705422,3.9938393433597725,467.7131013527454,2163.9255176377865,625.6751800870494,17.411984536828754,62.440321858288556,23.90380869778478,549.2608166183696,0
20.66595970037924,17.518266839980992,4.972302145504853,443.45432017160635,2206.6858403873257,615.0586394034283,20.79996308772046,64.1969294059668,20.685842313345915,522.2023089462036,0
27.509885051839028,13.758097318476098,4.53015784256408,463.28458521176384,2208.8143879449904,616.0240720490962,18.929037482698003,64.56972995609893,22.876208719383786,540.4129783669237,0
27.411312594982007,14.805922671929217,3.9613227565046567,479.77127610645226,2207.3499704231294,617.3417567173384,18.006029801686488,59.00917023477098,25.69226547603694,553.9168303993174,0
28.00751713356669,12.508787064665032,4.571470791008252,415.7902939816785,2266.2141596034994,611.0220906623334,17.888722819386746,67.36574905636208,25.791368763782593,541.1833283800935,0
31.493241326869985,15.530786846214825,4.294760009300817,448.3588363785106,2233.8628815176608,587.2449993363692,16.004321913085118,56.947665473047984,23.846827912948488,553.4332579519589,0
26.272822675935092,16.144956094518555,4.7508877351247,460.8118726367104,2170.2770812601343,612.805015636248,21.474773139090345,62.18640374012457,25.030285209201168,532.619477897879,0
27.69150741830995,11.070132167462322,4.256706896020544,439.92938322222955,2143.8867956392983,616.8544671373877,17.924479041846556,60.70754553786785,23.428754185207367,538.9742496619092,0
14.267601073848999,5.155892835596907,7.405932606074553,387.8548028688835,2403.4121866841215,697.3141259120933,39.217814860623264,42.84415500105964,30.072924240525833,574.2011784267057,1
23.632919794581397,13.068865998345641,3.9293992623319234,476.2728175196999,2141.0051317618622,602.0388424371896,18.95068022307614,61.67743135739116,27.62954082831813,518.2107309113397,0
28.589519740785843,15.598253857957264,4.003114300712004,462.1302986911324,2187.512877479476,659.4762207056082,14.47074220030111,57.16714449974837,23.416861383409174,533.1530925961137,0
26.871567738257077,15.13695786688987,4.220494766124474,441.83744507773685,2231.507670971416,605.7603848363063,21.625559891561696,59.83067940014113,20.77744766322067,539.3932860100268,0
26.53496305466323,9.333128175867987,4.03508753758171,390.30894478772774,2234.8289083738164,600.7757155909229,18.955454200628502,63.287959197279726,21.982196142048316,524.9196241470196,0
25.671279569756862,14.642554683288418,4.179584398390155,451.0543424785288,2163.794538844819,626.5998033095018,23.178866803385883,59.44145926249776,22.807976759062992,545.8888895844747,0
23.59772010903315,16.486077281068464,4.655720247457932,404.82921244614437,2228.7357363557994,616.9968592501738,11.974670406521081,61.06809618748506,24.18680747115183,538.6916542592567,0
27.88840057127144,11.915878839700367,4.0257220955157305,451.24672110003684,2219.00344475396,635.4536703606426,20.80375022223562,59.02174962633129,19.454136912342243,515.3120328743821,0
26.94143339613428,11.077699305513047,5.012301328075864,463.7334479611625,2152.866532392696,654.4248767499909,17.162485098432583,60.116592694788004,23.816280823209667,541.4346219989601,0
29.318386904106056,12.959178546008784,4.475898183878896,444.15150105804025,2201.7720864853163,579.1426131892568,13.325040061043019,58.91668947511694,22.504497748849527,518.7735772781444,0
27.085745900942243,16.233068163306257,4.268470542683168,406.03648506035006,2097.468361482173,611.6571680276949,17.26858470933445,67.32604147920858,22.7374571869847,560.0635400122248,0
27.43765537973085,13.815059918210954,3.8793176269724396,464.87895016042137,2142.174059975021,631.7402801030875,14.324854954944136,64.98182013036678,23.859145105870848,542.4120171878114,0
24.678473786851182,15.758470605723675,4.576889566654688,499.6238753445946,2257.385952005259,652.7613104098431,16.524750630131095,63.8019472568856,21.701253670020648,517.2959878291008,0
26.586529685463137,15.885520750626364,5.115781919991864,464.0258199254852,2297.1320953213017,590.7793136562016,19.15999162603346,61.95519604166759,23.67398902496863,540.8148760849208,0
27.04672149182253,13.140154091045444,5.023432460486146,489.8125408418074,2118.374047899879,614.0481713955934,21.830414994872342,62.0629806301529,25.34435460651954,538.3181846940086,0
27.872457185192278,13.13273343342328,3.856460009027257,479.67185724647044,2136.211802262477,648.2918033563823,19.1475480867585,59.48023562752691,21.649074925613675,554.0464590133621,0
24.98197838271234,4.2424446190850915,9.284428249309642,385.4860966124195,2393.494797659823,650.4405420676025,44.29770664903637,44.77648237708191,30.263726865923747,612.7232591040948,1
25.90787433872579,16.180667225255,4.261453686431347,479.2881127296194,2208.7602928202236,628.700107556068,16.16582070508572,55.96498328137139,22.37414183543485,554.1645701684587,0
22.955789574601077,14.207753756217686,4.793002644726912,467.1124600717161,2246.608718862044,594.7320987346603,19.460285590468352,64.46536827179926,24.562842377256,530.3774903170711,0
27.088620920774826,14.477343985867963,4.087560467457609,461.42662285442157,2183.6698101701704,587.8029763333612,15.292930765823758,63.704211989810645,25.79622103989344,566.3130182889811,0
33.64359605784966,14.168660670126986,5.378781311929853,438.35816759293346,2282.3002663493894,623.9607832048147,26.763741016982785,64.39427208920334,23.741516413226236,549.4739880343695,0
25.559609821924752,14.569674417636135,3.4551585731682017,455.5931039581551,2299.968863268505,597.2044548639578,22.271006336045104,61.52630294691028,26.492154263695465,544.2851756299046,0
27.44921895153496,13.790558270306793,4.0480856727633565,450.13726018840885,2197.2003504150966,612.7396999126373,9.751091136851686,61.77665150782041,24.588806600118907,538.1803450462687,0
15.973469053181699,4.805704830403293,8.01456361495418,380.9087927806451,2320.1522061260844,618.9270279833597,48.344175093207355,50.36771342105861,31.981159454350895,561.8194157162502,1
26.075700508949055,14.88549265510781,4.138026950976867,451.1590019062427,2217.0308062337726,611.4531729061039,14.83816343690353,59.681974383280455,23.437190019842244,524.4787454660908,0
27.03774533954759,19.116319676487194,3.983917161853792,415.3754219668563,2236.1301348305005,598.0079942424019,16.00247393691107,56.42097052753204,24.20261501534013,537.4432645016549,0
14.13494151821188,7.725779315984891,9.6143404570761,360.8006760873402,2461.6306861896996,672.4665065770968,45.511849563736206,40.943856380079076,31.00936605767379,575.959559364976,1
25.165249404066113,11.019468583365901,3.8464374845616023,436.47755774343005,2159.6869742861854,631.4521712434648,17.393918291836457,59.358763581421144,27.267136025312507,512.005760250654,0
29.261698038506324,10.352498927054942,3.963001637221095,455.08000845251604,2260.075983861739,613.2688356974129,16.27208650080505,64.7023737724671,22.48735295314613,547.5276776282266,0
25.34361070918855,12.139216993017934,4.533935476855994,447.07308347296413,2189.8054520566693,636.9462408361165,24.145839227530054,61.80096016742738,25.22198955372095,544.288581744269,0
27.64846442929153,12.985371030925233,3.702867507939839,435.0690583918415,2164.968056607673,620.0349262690066,20.209162179285897,58.57876094187988,25.990091099314466,518.2584509752364,0
25.60495827981393,15.81739950425671,3.824021064292481,410.05695705314395,2149.0886618199474,610.7091127599755,15.342688859215166,59.39052906449175,22.165504284153094,554.3340271546359,0
22.585602319548713,16.16485051487945,4.414285154657324,471.0695956126591,2206.7397802072574,625.4892707761709,17.179257897007272,60.975885440724475,24.567315518385666,553.8583365799806,0
31.854119002176155,16.266861564128778,4.897119816518129,442.07425950525413,2216.030097817743,648.1589776519476,11.142128685104172,60.433031519841116,25.70775216025079,535.8700716892151,0
20.46473037242241,14.71322291441609,3.8598009984352553,405.19562606254607,2158.7594185234675,569.9310478172888,18.391285715787586,60.619086846312406,21.748043273490435,528.2381692622134,0
27.46764682348936,15.458348094591596,4.823486298890509,422.97805625585767,2167.09213818927,632.9596612738812,21.837729755155173,63.16910267117161,27.133278920450174,535.5188566110963,0
27.68271799506869,16.761571269120914,3.891240696429511,446.7224286011176,2131.0595633609887,616.4032142619718,11.443434959424238,58.123280589674614,20.699330207543415,572.1812743143901,0
30.993986306085787,12.196394418023397,3.108745338525649,455.6085113860694,2145.3093746654895,624.5380203192559,24.847476206321016,62.74182265179657,25.65231641591406,536.0861768816964,0
24.563724846216513,13.718120511314545,4.61760287198892,480.49677060375956,2199.644312434831,655.8851120681752,9.44262836236012,56.21988393517781,25.629606655347946,529.7350876040111,0
24.53505848017161,14.30636799944503,3.547288777519845,439.523257321356,2180.0227443541494,636.5940123146031,15.259051667299545,59.63869100421611,25.483607616571504,541.2067344684928,0
28.12562251394591,15.869582399164377,4.152477575407193,437.36312545008747,2085.8327827687735,640.4337557387098,12.035058947883456,62.44354566485582,21.369241480339948,565.1203235620678,0
11.000772725711032,3.559578681261903,7.937364438581223,291.1674736605179,2451.614460284727,613.9175656570592,37.14642904744177,52.51121011413301,32.13337362150416,586.9502144056665,1
28.01572789027177,16.98298109392618,3.0529109041490976,453.74569246339234,2104.1639196496685,625.054352423557,23.11415232115089,61.53469838209795,23.73287548756146,555.6110496506369,0
29.72921616414668,16.196963540545703,4.306590825972782,419.120900695613,2150.532247244394,620.0535425501978,17.300209517041075,56.22818891976498,20.782474698242897,544.6234756453789,0
22.580173958923755,13.154265437610427,3.5986153400096415,418.05452884918384,2172.0370590065127,621.0991689934492,21.893861476268608,62.83436002480019,23.809960111320226,559.2311176396666,0
20.81065899069562,14.709646462861574,3.9570862005948917,433.47306675372715,2127.1176321507637,598.3615510270469,20.314601893145905,59.283494303442694,23.7076146316929,536.2883365484848,0
28.146993420915482,16.33693215709523,3.9593737095485464,490.5628534521604,2189.4250126951574,608.3952136094515,21.53097794094544,58.764504988678986,22.974923477633595,555.3477550279044,0
30.54052420412802,13.003743989934526,4.151760963656476,472.95179084037704,2190.9645701804993,639.8583332040386,14.857686892388088,66.0681308944549,20.518659050818478,539.2543230864663,0
24.616181049106554,13.40495477048861,4.3477668548963155,434.1907403396044,2245.942324420725,624.5116361341273,19.961513203146364,62.23272982134706,22.91804880040903,536.4841316818639,0
30.00296568758474,15.398499576052087,4.322963594192145,457.80166060197246,2132.2438300147514,648.2083593723268,18.99603610942891,63.90417556753766,24.014253778581015,583.4776397789681,0
25.10557163502644,13.48615833833968,4.526284348750744,500.7161459356148,2137.9317908209714,606.0034515060388,21.109639945678268,58.21544847317323,20.44081018020993,540.4448406106253,0
28.541939668001977,12.423300721833604,3.881125858615923,455.8061648180964,2181.366441860681,604.3020672198703,19.324301433349152,60.40541525272,25.108655825834184,526.2475423430697,0
27.19322382802712,13.461075149812016,4.750939515920069,508.3998988486817,2162.3950823834016,649.5295481183344,21.510028497659356,61.543136228112715,22.66114148137116,544.5410696403297,0
23.110465072183615,11.234001146011952,4.042651884877833,495.1175549063986,2231.1542866757927,638.7142929142799,19.741757773126707,62.577120874211,23.11893187089413,555.438028192917,0
22.87968185146238,15.733952213434172,4.718747070771525,490.77613859769883,2252.8465890624398,610.5614312841649,20.1233069128575,61.3959090933361,21.873452588651606,535.600089226399,0
25.072640846195515,16.663244908777234,4.794861655990508,502.95524531075495,2113.931872682616,622.4584923561464,16.974646122790503,61.91299816203375,23.412460959285205,570.9102333757398,0
26.25378628872644,18.085586219268702,4.487881392030947,478.6526659762937,2193.4128237144014,636.8894940592753,17.823662980806905,63.5181770614791,25.925871707976995,556.7251006093195,0
28.716897636011847,15.046810640026306,3.824697208862544,416.3651184160577,2214.99445423703,593.3684728591264,16.683196360210307,61.46640267931106,24.341447239918036,537.4269625653508,0
30.002204650782417,12.295822723844424,4.451069621390953,477.82375574230656,2140.6556762669643,624.9107676954644,17.679669265999767,64.25816661046136,23.625824291734475,543.4571274341931,0
30.34241413479411,12.902710692456672,4.424064211929342,438.93524405026585,2233.683346889437,639.8062076164659,25.062549835189255,63.54302015061905,22.721976206410364,554.7954523757965,0
13.606336129489089,4.9620094385772475,10.567298653814774,314.109623070274,2327.074262129136,678.5592662045857,37.529398092269325,53.84687655740954,26.997389352585916,547.7263377184554,1
25.83403127497761,11.289473079703097,4.742026259088483,426.1731158692506,2228.3419000994636,605.3528743797076,16.020146749799796,63.810710971055066,22.951852213902,539.2294831649739,0
24.36560194353147,15.130582849890054,4.0342509688716035,447.92872183331133,2200.8394081870856,656.51152285857,17.358862441375134,65.9198774962367,25.03742304859746,543.0611625004921,0
25.570708258535763,15.770227623931182,3.758395259886137,482.7235789134116,2125.0513826975844,617.328361400519,19.900868278307357,62.97389798747926,24.57248164949331,548.1784007778184,0
32.07432960352387,18.49550046855323,4.24375493503028,411.31921683527463,2217.605603335758,639.7578776189689,20.649057533970606,61.245040875300795,24.886725353304655,525.1856294916148,0
26.13928905369936,13.340315872000277,3.8204663781916217,411.55018891076054,2130.0466229646736,608.8790509833167,12.330635970223636,63.71464078249464,23.517185862248443,527.0987824586441,0
17.599140152495014,3.1514105733484654,9.742638428792294,391.4639893864182,2329.210185245899,703.39902701614,38.39365348490779,42.94015763203334,27.260741999571596,557.0727910755091,1
26.088372431140122,16.424409207389452,3.4973460085779564,489.3294757218324,2222.509698615572,591.4059242492558,19.274458139057547,64.29508843912811,21.757086576549767,545.5875545792679,0
26.507483227999888,14.490744373876923,2.4085064795340463,421.8300410560015,2210.8464342708494,617.2377862647371,18.992372866459206,59.69090029899795,24.08936165761554,521.8345555477339,0
24.86770963833822,14.983457122907915,3.4722656192748866,422.86804850845164,2287.12701516712,618.7337245979483,14.257802297620994,64.28451599722024,21.391530847114538,525.8620716307909,0
29.428117733668298,15.416761940452462,3.807062615214017,453.84494201340505,2241.577901124191,636.3251922917439,16.731708379027474,59.40394456139873,23.687970762233157,562.3225613366875,0
21.109942393625047,12.162137673559851,4.764829170294207,473.96282147643706,2258.6843025372796,630.3836916237225,23.761651031894,66.47748339204261,23.046883086276445,541.8587277102912,0
26.896120126249336,16.51851892647193,4.725444578256569,412.38148153977994,2137.3855880551596,640.0787321194274,18.480371418388934,64.61770604274712,25.3390332670733,511.94888608384184,0
22.546014001365144,15.615158683575245,4.502524511120675,412.5663312819933,2288.528380451849,626.5648448471997,13.985293370946394,59.489402728146075,23.927796928740666,532.5663375927969,0
25.808249774785715,13.215391502479008,3.7885760273562163,393.907291702958,2177.1377397429455,603.677990504689,16.27574825826056,61.501638272511585,24.188828534817745,506.5239899516612,0
24.896143198042882,13.84066271558026,4.938155074727818,489.7460558475746,2259.9678402640857,609.224013347015,12.7515112789578,60.81347272984211,24.945964878733374,522.447728708346,0
30.81837553541046,13.732694743577605,3.7401667919333037,464.05749611815344,2233.110356961015,649.5634688884662,17.383693062041296,63.388478138437776,21.574630865150198,546.553251840753,0
28.37949116458864,16.094361423038507,4.842979103933444,434.3905303856651,2209.0064721902904,636.7846188157646,19.198994480964735,63.1175092696215,23.744005228840788,562.5298527945183,0
25.992645140811575,14.08694789834088,4.16281967217931,447.78920308894305,2073.6035210703444,597.2727248706902,16.688312947493458,67.44002547760998,23.80426854756923,548.8467062702077,0
30.47554701405445,14.312746140008775,4.291128889973575,438.61199690308376,2143.1606754473146,605.4827829628849,20.515826499070425,63.6531960535889,25.412866790623706,546.1486713764683,0
23.412967282721304,15.119274308584325,3.2155592338279058,420.678778617898,2220.905604814654,608.3570198728465,12.49409378978595,64.72302384508468,20.68955237766345,546.587519996402,0
26.410973159524772,15.084614661891262,5.344581582265215,467.8737972759999,2279.30414958606,619.2853386343862,14.148153184772873,64.72236134960602,23.07527894551364,545.9050514077852,0
19.51564246834118,7.5208248482609115,9.925537578459117,311.8672268251809,2447.0141238591586,693.3253553803237,31.801354446912256,46.012636016831266,31.67074774100169,517.7922157508115,1
10.111711650205281,7.9130383330771,7.711676998686698,346.1484143869137,2396.6532442628777,678.0938394287061,51.31634372034828,47.314733135634405,32.31686136042143,610.6296108440545,1
25.890259724556657,16.241080447837867,4.971598418806971,445.3602830448987,2223.3839188653556,619.6008871093569,21.674131297468218,66.2888860819497,22.516319202157074,541.5507480870097,0
25.758572616163228,13.236539980064958,4.843520018826117,381.2462876998713,2157.9170184448203,627.8186110368827,17.76198965347879,59.1055186341114,22.556725658225066,546.9373817684997,0
26.00998925538746,14.873770536628081,4.446330981034977,443.8164890011584,2307.1970969118065,637.6986652392823,21.289004903811353,57.312550787914006,23.446735084753115,534.8883157091271,0
31.692451322634383,9.67102864760902,3.5822384430691327,457.93795446257246,2188.336589577372,630.7386094530453,17.864482427330277,68.25748149032961,23.975766199557853,557.409859918669,0
24.944580749364356,13.555487194771885,4.107869806697978,427.1301148706176,2228.394457705581,604.8671020186757,17.77585408272141,63.2823892274506,25.356920052494864,518.9709592878131,0
25.056152781610873,13.259970736823487,5.005309376863932,446.0291820882936,2143.3938285535237,577.2960880382648,16.028879931877192,61.92011974413379,22.719969119026235,528.849194714436,0
26.931469794305297,14.857877221069307,4.086750778881375,417.93638425740033,2094.779714886665,608.4466123050975,17.64397816897907,62.43384886109925,21.849050701309125,535.8870007177585,0
27.474229263300007,14.918167421264222,4.230838712590256,438.04156528771597,2189.814110969852,584.5683528210286,18.821303229722243,58.33613625106893,23.858857180401554,536.9324616536619,0
19.820079136389044,4.9769046856173365,6.046828071173831,341.02532742374007,2214.75266180203,650.5096016163513,48.08032514815801,60.1493654495319,29.40103315645467,578.4785583525387,1
23.606338419416446,15.710562439274073,4.788140261233599,461.4169964945565,2131.203242466965,682.0129439366589,16.553884759011034,63.43394289152666,25.0427707052238,536.7364863022939,0
24.39960880759368,10.48344597714631,3.737302342740033,458.1261185296575,2164.8174082084206,623.6246830875968,27.97088794559312,61.13106381967506,25.190397874990115,555.0165013776888,0
24.000719428326548,11.843628905701625,4.982755251406995,455.1286171827257,2282.9607843583262,645.4506626797325,17.979032003252552,61.86206544888196,25.051965509988374,534.0477728093073,0
29.89796893810109,14.291338689700636,4.150261785911068,458.23294329863586,2240.0034326473356,586.1877519384799,22.89289584554414,65.33202749546692,20.93417125572245,567.1267230057891,0
30.193484162436672,12.38998392423288,5.083934607383682,465.34199948386134,2239.6200566195203,650.6996640227892,22.826711201323658,62.421930476185295,23.375359635721004,522.6936861939043,0
18.514725236062656,8.237036287875119,9.54273977787827,339.76323834069393,2376.5256313710797,624.0824828575317,28.534972695629808,41.030799634356164,30.148648858110626,643.0371816218487,1
28.126481969561752,15.336228990520866,3.525515689101384,445.1024106251756,2204.6830423822425,619.3560373719479,18.467296831369243,61.28474598842903,22.240453753855903,517.847307676367,0
15.138082116639946,2.4086342309730147,7.989549247671236,294.1606522266527,2348.9979540632667,653.9593383057975,44.60316360868258,51.911416895133314,26.154606492567886,535.4504078413285,1
28.064188928990383,15.289945369403757,4.094608317516086,477.6634829648112,2257.4905801932678,611.1505893959999,19.293446875001163,63.681098596447804,23.646473631894178,538.5491078314043,0
26.680044104792632,12.251127719883732,5.442649559529969,445.10564469731423,2252.755936579911,614.5191056203482,12.51047243123014,61.75398205811593,23.83031958121814,518.9322316114266,0
27.71273467124278,15.169296136553948,4.380176062464708,495.95719569171814,2216.814960700453,620.9259451855468,16.994843614296478,59.494151206218255,24.860817601875986,527.2865075064585,0
28.27994255747763,13.030713322729303,4.4707376313131,485.93106144613085,2279.5702905861117,617.7486710731264,18.795102597014182,55.61246308488579,25.882781415386575,510.4776379389965,0
25.72379005951014,13.252287946270993,4.194810824392656,466.11835728772616,2200.8250878707213,641.8981672916966,16.71819494241788,62.19121951918428,22.8238235924755,566.3472530833457,0
27.095970937093565,14.178346144181896,5.066606221256059,445.34615481364654,2232.4859415702826,613.2339356512006,19.136565625377237,64.36077855669315,24.902409613194255,571.6208115601086,0
27.408635844597683,16.01841711601953,4.815855408328331,512.0039081121276,2205.6536180918242,623.3634844956267,20.68036123691525,64.10878332007083,25.366720225674687,563.7869768116608,0
24.10143061714533,14.490992295483196,5.0467003044895655,494.0840204432511,2294.143683823289,584.9076705486326,13.471216012418145,64.43724875492592,19.848290375695697,526.1102696136247,0
25.479028431863185,12.767778084992944,5.398973390004801,444.3569201745091,2207.0262823426788,612.7147347445475,14.637524976835486,67.18760635885812,23.70015423675204,577.2882200691914,0
26.372007220458507,17.05108813415837,4.033009464173004,460.081284264972,2139.623629413282,609.1234406144702,22.87431226966447,58.063204707495615,22.873779004340854,535.9797337511152,0
23.53764058395744,15.009667587801761,2.929654012727684,455.76931987388195,2244.728549505738,614.9749007341264,19.205671168537688,66.26920797587215,22.263709991936384,530.2945531797457,0
27.840742422952236,14.471713489543601,3.6977798080656656,422.9337068969311,2179.4286555686867,603.1290786552098,24.05211783833787,56.4283444771163,21.747295511717446,531.827873133158,0
28.78212873562937,14.662050098277554,3.926662058126437,486.7438484496254,2253.706175511705,616.3362580286887,14.764579710983764,53.61649782680297,22.121520446080574,503.01988035797854,0
25.662787425035564,14.282904649438807,4.681077545940268,434.7610536934091,2159.9746449702166,637.0910391666615,18.337941612049416,64.11698766419221,21.9100717505842,547.790836218671,0
28.922494675689645,12.519542955749971,4.177975682628603,414.33241387501306,2264.138092641768,577.0358263932472,20.297689406206597,63.14314426219849,21.908924630306313,540.3022509628713,0
29.909625812331726,12.467265144845287,3.939926802133281,452.43830181253276,2227.8458076382035,609.2849563083225,14.655875101360376,59.04183177567123,23.742546087398168,538.6240137178613,0
14.61169725282379,4.8134854282466435,9.280064801601133,344.5006107136656,2486.554521150265,677.5759965208772,40.58159611331613,51.61117940488485,24.772957741829718,581.9068106063744,1
26.754814718431643,14.872500173789508,3.3931531522101523,473.69624610460136,2211.9100327031006,633.119973103242,20.55681173765574,61.36593784878093,24.007162757068027,542.5985284586042,0
28.01197895637642,14.68304617843334,4.244153466611686,449.1884732728255,2110.2498443648324,619.5968948994433,14.785817882906338,58.23270878980012,23.510141592082533,525.4691003008035,0
33.531623120596805,16.340040323245,4.5978674286394385,430.6358758544283,2200.4406195753427,585.2449771303706,22.077539155438618,59.48732906592437,22.61487956161401,555.9361772103689,0
25.700821959106747,10.44694906597622,3.761572514879268,466.7555364247898,2199.459880528333,660.607268820062,18.682674930682772,57.523832457538866,25.70777886802377,558.0605858676421,0
22.048154731091323,13.446000244218142,4.181743701058415,471.35080153087966,2226.9931597238306,614.8674492909157,24.565174097414705,57.91252340684753,26.358019906700928,546.4817763182704,0
25.141261230168414,12.630683741563463,3.632770392384111,403.3974491961964,2236.226179701028,640.3161888437173,27.367777673394514,62.87364776395067,23.909598783963666,529.4384656870094,0
23.96233023567796,11.670704150781471,4.870263486873619,436.8240941984096,2196.8455523658195,606.3869657172079,12.853405664664475,65.11363468670773,23.56730258774218,518.0297757986904,0
30.18402848063274,14.462525135965167,4.165467202520449,430.03815668075083,2274.8871939066817,648.3317745898885,22.7096430024499,61.75009840730649,22.895177265490535,524.7645885722443,0
25.97647793240098,13.630975230456722,4.584536495125274,465.32739226937707,2157.6987692233597,647.6978100120521,15.12401455842614,61.34550363400813,22.76656686418098,523.334285609853,0
30.193484085425087,11.652361407432634,3.3603565690305475,468.00118526243284,2130.694636148952,639.7672335050704,20.033074099925912,59.39686547928865,23.948976435232645,524.6743493310325,0
15.442268106681565,3.493961322242239,9.591849334093492,393.021016295163,2296.444840888985,681.6278865155537,48.196800922653,41.414438623917036,28.49011999673587,587.8320301729376,1
18.330353221991658,5.607003915139156,8.444511976220074,334.01970039054686,2535.745615361757,643.7995995397919,55.506438602587764,51.04539401432985,29.995148245583948,545.1512829998828,1
29.89805150073903,13.612761373077108,4.551083674476646,461.4851388335521,2234.4205526944393,607.6216170494993,9.161074518171658,62.92813284349242,25.056414717132498,567.6570692178658,0
21.003046006700654,8.731095094337855,7.4769181928209045,362.95303533625537,2344.7625840713463,637.7545764354536,42.89787745473566,53.27389408820035,28.26269957427377,590.4932079779553,1
24.19130055016674,13.231288353350669,4.428560968109142,446.65630445603307,2174.0961313378302,653.5721848877643,22.69710621010567,58.39022423380669,23.555096476557324,517.9097426652017,0
28.375304530342362,11.819884487379667,4.067470076069485,438.7969798086114,2260.1629111508396,617.8125898479782,12.436825981721714,61.12829459185412,22.93364773690304,555.4584761687141,0
26.147530256388954,15.963877199118187,4.061918284133018,464.8031787788345,2221.5862093067053,605.0051451862541,26.664288931534337,64.93229150214901,21.488141514047687,566.2544170892696,0
25.375074045338376,12.374675452806496,3.579902681123756,431.9031836293184,2255.1843335475746,600.7005668382467,17.021385971803078,57.81912269555058,25.117274145565506,553.6174514288924,0
27.709955734878818,12.494164595849483,4.2804026857007464,465.8953315547192,2142.0449206911717,588.2385067771477,17.79000482505332,63.11355779185228,24.735923870786074,532.3010921630478,0
26.893082108590484,15.943732957462405,4.488704453204723,410.0017007260291,2189.9025684197245,591.749991987694,15.100768578276957,59.65520594403244,24.252258329806605,556.2212894643511,0
30.32944722650263,15.493026196409492,4.097039640974958,426.31875249426747,2048.7137549058707,618.8277606462066,15.66621135007525,61.74513979787626,18.71778050809273,539.3914317992292,0
26.225681370764274,11.713904923316607,4.159594408314509,443.69543188813407,2281.3167851107837,624.7392932813623,18.345945092708774,62.90863674928847,24.540108829339957,576.865030032457,0
27.05991857093362,12.152330808347159,3.948968958230446,428.0681889714858,2204.9133530055246,638.3434177046332,16.796940140046402,63.442340549327945,25.497212424256983,526.9946711421331,0
27.825161764003667,12.646959964768113,3.1421486434596426,444.6061094163045,2203.440181284753,616.208238747718,16.711764993326668,67.33432921812664,23.950057928588752,548.6105452426896,0
28.285991206576647,13.352521016004035,3.8687842391043468,445.0808002795616,2265.817410060233,589.7215356651546,16.641060795329178,66.48504874171212,23.29187897874741,551.576857348211,0
27.457214340962622,13.049122666154537,4.8293422291029495,416.80779306403576,2103.1307442548523,625.1208751879651,21.819389622754937,64.89515325384201,25.355319785220704,534.7676881833409,0
29.122934053603373,14.972137704028958,3.6030393337102025,481.9922003917792,2256.4683811564178,617.4221418351447,15.655410177673497,60.979647922059776,23.4111098915206,549.5960640347205,0
27.686742721158005,15.765416362050082,4.389205210671947,409.0595174263951,2200.0386854617373,607.3885521685356,19.210271724403697,63.46364605895841,23.943374150166083,521.9834985473386,0
30.17872993248289,12.785566715111008,4.4033631134772415,445.98447149698075,2249.8396342850433,629.4230162666017,17.61074006693566,59.99451955432059,20.84164730243456,557.7831500589149,0
27.078205056858412,11.77906483395335,5.332404567753568,460.3809980640405,2166.0238085085866,618.4783740710001,23.54709990704632,59.1085432031972,21.47860547206058,553.3722621620798,0
26.13993084986331,16.426690975316443,4.219947909806797,428.22931839096873,2137.2027072282367,594.0137670800984,15.307892841262586,64.89616199217888,28.01465520012904,525.3353680944687,0
29.331724551298972,14.50768906803094,4.016593283219096,461.44752326269776,2199.2298031474656,627.8094928662443,14.035711819821293,67.91551377525099,25.455367305404355,539.7237791873953,0
28.376127989516142,15.953133519306142,3.7820040524967324,436.13018308020855,2126.3864692083157,641.8101552164486,20.624695214125662,66.3405892030426,23.412951990377206,578.2317192990838,0
29.840465250030427,14.183919037794452,4.4431440547838585,448.52046067724456,2263.805602047321,599.0147883094243,12.319288349118814,64.13649458221715,24.09844639406431,544.3302021721419,0
22.354161086044385,13.404659591872834,4.646645240218629,432.84758393147996,2170.729488909024,625.28676936756,12.764052602297173,63.34236770086837,24.891301981944117,557.5340140349211,0
28.0219036805611,14.335719177662911,4.878854622301638,444.33736885050524,2131.2247423293184,615.5292351689104,14.202061993230917,62.73388635463956,22.74421180677353,518.6559861447879,0
28.251807892148964,15.29055447394482,4.304767108500723,422.4309830683161,2241.0968899122836,616.2591845343563,23.604259162954243,62.446828374138214,23.858311487417268,546.1918647757977,0
31.205437200510126,14.875463460700123,3.6257083033151103,463.2793610920964,2231.5931258862015,647.1959162260949,15.2961604427749,64.40263771913912,20.96457563199432,546.5832095238554,0
29.03178954454957,12.950722017056243,4.1370139891892,449.04849691394975,2186.5486419844237,626.628642080731,17.45715086835395,61.02334052850792,23.011666206080836,551.2970735268054,0
25.987095777834888,11.820047261042593,4.192133141401998,439.71664419324253,2213.7267418555525,602.9481631321507,16.631003669697403,61.327830456485486,23.72334321715914,521.1920580676526,0
27.29123565418327,15.238075050778122,4.865008546728023,436.4885380992811,2178.3559063409516,615.9225871672761,17.683459485522352,58.98631356551006,22.112009850891432,531.9750304236571,0
20.699109969034637,11.856796472655681,4.349233356191412,454.0889502848817,2226.5542979069337,586.6665612836922,16.946180373568083,64.1602296982386,22.05855175906908,525.5558441127262,0
27.31003131047495,12.591088194183685,4.8625100293018155,448.2464762065711,2178.4352261038125,608.327793202335,23.374359020078888,58.664204175537414,23.55754021462397,537.9648144890058,0
31.823117780070746,16.035119651796332,4.832973656831577,388.2867468857091,2258.3979158006177,613.366954668051,17.261220652121644,68.52431522545005,25.017773861894426,547.2764896264854,0
29.68220692188666,16.64433431708242,3.9153512427804933,445.49663424706085,2226.0316709127264,555.5008754295822,21.737981566438435,62.41467142146282,22.71349769710054,535.777773979884,0
29.159628831835896,12.788334683952675,3.6710233905142196,493.2428197687309,2133.853152854841,627.3810635201312,12.122137981856465,58.1251104079378,26.629744875209873,578.8788391626101,0
27.415523994459843,12.963512281001476,2.63558068255891,416.16827768223686,2271.0618882960766,622.0041607463214,15.844060251879894,59.895297575691515,25.62802726248003,546.621764758269,0
31.40121150195757,12.778439055775396,4.11665291237694,466.0330347116339,2171.9641942366384,585.7591321250051,19.416682794272393,60.855839023430775,24.80865125380239,510.0360523862452,0
27.126115750651902,12.011818536750468,3.43158764919536,460.6275783515858,2144.129597810803,613.42704768221,15.582585209038815,60.29667662107716,23.256976549160147,553.7229353199474,0
24.347895803691074,11.35248546861178,4.5281757090096235,384.85528531181933,2187.8038621176024,627.9792530021326,17.348515230212097,62.68989128646146,21.73804828462994,530.1184903105379,0
19.960462911663676,8.22502393249976,6.641025216978977,388.9295832876912,2454.028622514553,654.3215212662375,33.360378509590596,57.62974846200969,29.786863585612743,579.6671361328907,1
25.579377608029922,14.904692867226592,4.141764524475516,432.7831989919341,2163.7749904027537,608.3824136981996,18.791578605514456,59.6848699970045,21.31151990177559,560.9273239763448,0
28.373584749319352,10.176936103782399,4.756335891413275,407.71389755745366,2259.670066322129,608.3247594955835,14.530826341029751,61.27990970234228,23.239409059599527,547.0832079425007,0
22.574770422931177,6.187845499438782,7.151668268622388,332.0918171744902,2316.648479401702,642.3065713609682,53.63130003029966,52.028912533167386,31.568297410006068,561.8414038854867,1
27.51815973433867,13.564426603447949,4.9364707780851935,423.8948462280066,2181.5718224836883,612.7910069367941,12.968087544615887,63.05653492510331,22.031467345451066,549.8207351090325,0
29.443529722444232,12.759291751016718,3.610526844799445,461.7896201961472,2191.930046270172,613.7036789968505,22.989124606372993,64.40256029185359,23.423812483006596,541.8988553560469,0
26.59645280745229,11.82505875443109,4.912134806759449,421.02242266581,2310.9070697356065,613.3120119230549,24.9017614818929,60.55031621561142,23.16970639758409,543.6127431215181,0
22.204976338453825,6.536202081603902,9.383484381678604,322.3955639586115,2388.4029275178814,682.4636572350782,43.56796090613551,48.836961409340226,27.573907579363716,602.6129864301432,1
24.351768842791905,13.144271828344063,3.9484556059960374,446.6717032065767,2164.657581247535,636.235288936555,18.303524807360354,67.26822296644622,24.613373805992506,529.27378824729,0
29.320047143373255,14.353668486884658,4.678363536701569,434.5215989264666,2257.7570733097423,649.4353851099106,19.827783796679316,62.026261844945,25.978897136185665,524.9664385080731,0
28.315245903615835,16.113192337438605,3.882644964512554,464.47734758771844,2265.2622266705034,595.558160244805,20.79694376359329,60.582672446518885,20.652420425744353,549.0929714992164,0
22.673211856858234,15.800823256790228,5.099052165390194,452.3970739818766,2193.2364971716875,631.7174331375501,18.79450070407692,62.47571722943619,24.51953965397131,536.8912216437811,0
25.800807922167767,13.678480103922952,4.088173761625931,473.8958393270221,2201.5772339302216,635.2243310036306,23.13308779614036,60.8461171507189,26.10846531444098,547.0040954111702,0
30.741466707427126,15.762213075625311,4.026831072738304,478.3554257541462,2254.722637565277,626.9100609898064,20.340743162132544,62.3256714557748,23.352385084399828,507.1982337765294,0
23.85365979505398,19.4977211541976,4.005646515642869,440.99181031435035,2207.2860713762825,589.0147448434258,22.094350579966825,67.57967784445493,24.29077121615796,537.0426199103567,0
24.599524778452736,12.879562581698126,3.8459337287055373,429.4613390126641,2203.3382060736444,627.9811839500444,19.617355801314773,64.75557859909433,23.59373727520022,542.9067277062057,0
25.47268192291566,15.699984531729786,4.1638114481317485,447.01270223900013,2253.5036805185227,628.3230311454839,22.921581192823105,63.17663500798344,22.973888439484227,554.8789794528187,0
28.079953709403487,16.146474629086864,4.540986785379528,481.93148893030116,2291.9074257383036,638.8882461295408,16.861196200422004,62.483544938405466,25.246239513862257,570.2136268967425,0
23.783580351023524,13.42711641721531,3.2969232343976085,436.28025094257225,2159.769427183401,551.108319004642,20.28394145844737,65.29764746242951,26.167092413034286,536.844009241404,0
28.431349518956903,15.263587732284947,3.354378367464875,457.702413362852,2214.3999877736906,616.0113997336073,15.534475822094176,63.78312825670958,21.90468117256522,544.3902319790177,0
23.284674908228023,14.852667399453876,2.8327865979327864,466.81906920416554,2313.8269846721387,655.6166109752284,16.504344696469637,60.08085527843878,22.77653281721225,515.5151355008024,0
23.43882742069875,13.40034319325229,4.199056797318482,462.5829341013547,2139.9612567038466,616.022021405148,23.680689835392435,65.89550496858283,21.65018786971984,535.1318502246602,0
30.127947122552662,11.952263300726118,4.483609855343168,468.8817289392599,2214.5217757841774,594.3963898849915,19.66087839798643,63.571413338411034,23.311077560162577,547.282425677392,0
26.507771375464092,12.834085119713173,4.801025532008904,482.72652370698506,2221.69520765298,629.0482423609598,22.36275846106974,66.1464003146027,24.93777809936544,542.8005694472077,0
24.483502739231568,14.717123369865455,4.66258895351589,468.17923124200706,2225.2948530001454,631.0778511751793,15.613654271396003,59.472386055439145,23.069308555126796,559.3723843702709,0
21.859221082213857,14.402839843593581,4.953244626291985,459.9532919252081,2189.1191450095275,604.08484370107,24.46962142943012,65.43058226017104,23.4902600677465,548.7909209012832,0
26.22566454592454,16.793462676407675,3.6202887767565377,439.6742168746386,2226.951112132252,613.251478954556,10.291109902295926,60.918619729559204,23.594612827612433,557.3955452760987,0
25.50771539690552,11.501988496701744,3.956614420492298,399.53271483208437,2233.7659328996556,666.4960791919183,15.111223213682322,57.30933821355601,21.627986494631703,512.9822102487813,0
29.822401476092473,12.918670535065944,4.3842650175494535,445.1237537198892,2162.4600863353976,657.8436753393646,20.61808682688875,62.27053297953888,21.481285453416262,565.9323117144959,0
33.27686381804581,13.626388436961753,4.95334641955163,412.38486928340166,2189.5700500983316,614.2698188924362,13.470414274019838,60.37380314747575,22.933260906084,514.1070836831406,0
22.370602129551834,12.788543871753264,4.435884541888455,452.4918051886709,2228.823706991544,627.2810047499555,13.868299619761684,63.90065717831097,23.826626384135484,563.3771670733548,0
27.206467457298242,12.553762699010766,3.1737191702560352,464.4048672335873,2209.473195406826,583.2373106308945,12.219381715261797,59.94632570626973,20.296263374482958,558.9619785940299,0
28.69738506925223,14.05400711821115,4.645696403973332,444.6915448697684,2159.019342007014,617.1993870809246,15.134399722176926,61.136593124154935,22.025604726109172,555.6441738339389,0
30.24593610074183,12.65967526610122,5.022640434461198,423.2529021604686,2176.896622714068,633.3591181058982,22.3850049920527,64.0684206932233,25.464259456499164,544.0903793303404,0
32.467379498934804,11.80303943189653,5.3801211857476,431.64938826945405,2148.3434708270956,615.7001645962132,18.874612879977406,61.06218340646024,27.244771579031042,558.8231716489406,0
27.28378461862549,13.263985107020776,4.448087726433433,494.90236614130924,2149.7160791425576,602.1342123078349,23.434379759330092,60.0651292102179,24.55539612395747,557.7638221087866,0
23.89853486871892,12.841794630744868,4.604413921389718,471.5022378566519,2140.413877845664,598.8211811785064,20.51145444419683,67.30504217477083,22.621317674789047,535.3202444961254,0
26.58195523219065,14.616305553197554,4.861479908620835,479.7917858906159,2206.9930290379716,606.1983646679845,24.715764757128234,62.10935533069811,23.836130518343293,531.2856551481576,0
27.62494585336637,14.789339971355572,4.070744067908725,461.5303029676087,2245.5562922022177,611.7211893044661,16.988295466154508,61.900859921124905,23.310817396132926,546.3659771801049,0
26.402252696958616,12.793943513890998,5.199965344988954,520.6456742237727,2240.4772757775063,663.8436500431258,17.055770123414447,59.795434788701314,23.3414924867889,523.843393370537,0
28.600550406735493,13.92423644148838,3.7673627311207247,426.2452500780997,2263.043625254175,623.9709511090098,22.057254958964272,59.94184268733214,24.43720500253826,543.489937534017,0
25.55548366810432,12.013597010844588,4.845381240767317,488.19927946807536,2169.2443245537333,626.4190284112889,17.812126631670434,61.77786339660449,25.100822912752243,536.9264646137409,0
29.27292452873033,12.914564034039907,3.142729192516474,448.903934224376,2113.680838238961,660.982920716934,10.766437588125427,62.895668130937025,24.41590332027593,535.3152227839621,0
26.465883020511757,14.274170920206915,4.720309088467208,450.0132551883275,2209.0173873377685,633.969703141195,15.636376856073728,62.02796541070175,23.91783998226071,537.9468946178703,0
28.193503421730757,12.576545386888387,4.654454290830229,457.5979505556159,2200.1232380549854,640.3619729495873,21.579486455366077,64.38176473701934,24.101493068512543,532.496492396296,0
19.55501429817857,14.022046391267885,4.9588679082300215,458.77332691136746,2144.8386617555234,615.9966326187159,19.43399202045227,60.16209376067652,24.71794914362782,539.9154196088804,0
29.29875170200729,14.908704998765915,3.499348849440948,442.06657213082076,2157.698943585382,677.359250687034,16.37802492937745,63.938349364840015,23.507582396815994,545.3395923454677,0
15.242176479818673,4.879750744331142,9.415628864083013,383.27459737816844,2385.461118733336,645.1545735391301,46.80575615435246,44.62064804777814,30.196816801319454,572.5340339904773,1
23.619377896808082,13.101412003790053,4.28752318696956,437.47897108678666,2158.3075653746996,587.7747892400934,20.555958421628876,62.42857978204523,22.407633349762357,570.5240166671881,0
25.353311787651666,11.320091198648178,4.49169318604583,426.64783156456014,2215.505144424734,604.8857708163727,13.771224652058976,63.090856392717576,21.701610469088344,561.5642836850911,0
25.865093304880546,14.910660288062962,3.6956257757015134,420.45612194488444,2101.4783398098293,640.5320265900455,18.76223529486978,65.8424982695396,22.977594207305028,548.1781767506701,0
14.975622538618351,2.8209836571638247,10.648407086097974,403.35864975452375,2489.200058464836,612.308357575382,47.10648286514986,39.02185599791133,30.328162630494504,578.1211356751387,1
24.764340594379828,12.094561999637637,3.9361224903063556,421.7371500873704,2252.2703807662233,626.7592838734477,26.017534804358952,65.84947731906279,22.60858358494576,547.918274150889,0
23.756655813632392,14.326243933059029,4.384446459896414,479.04766407616466,2229.278938488645,618.1624145461441,18.1975773794713,64.23616295925538,21.910137827043503,533.028799054979,0
29.621894431026266,12.434043115390699,5.091312893186579,445.9980007730495,2258.503549519329,627.0862963878657,19.314883228829913,63.16955521860667,24.412184348743114,517.9834181186321,0
32.03538153947978,13.299613254238727,4.482389751662443,423.4826873442044,2130.130670146826,668.3089232362079,15.31769582729903,64.46149761613923,23.162250307574556,526.966793199392,0
27.77474562119134,18.490949868367373,4.389348752518418,473.8555913858349,2156.8361353895325,660.2595815826492,17.41042253290981,56.46231761578293,22.859724990291483,554.6710203225041,0
28.0735100152555,16.982613663601565,3.189082298694525,432.34484231274445,2203.6312926734613,636.7320240089317,15.753474379872813,64.51215826526244,23.294901375306253,544.149827864482,0
23.007594855622173,17.71844652774024,4.486968420438107,437.35968243467937,2210.2573354454207,663.5977861656393,18.544807556373293,61.67660259393907,23.363796844347693,563.1435752411788,0
23.626990007029264,15.078190015635219,4.995677442022011,468.76749954195196,2254.6028512563153,647.6554182283554,17.562572935456913,65.57914254118687,24.291181960693734,539.7204279972199,0
21.979639882823136,16.214915523490156,4.097583512268678,438.1995096679496,2247.9135202002662,627.6896866666024,21.100335488513853,63.474632777284825,22.9476482744331,543.1656828100084,0
25.49501854967699,13.908902194525755,4.363531573782881,461.9904580911735,2154.277621670572,623.3847063198268,13.562071884787459,59.0879589789445,24.43085629919928,530.2050990404807,0
27.6375593008688,12.057381721296933,4.631565142152193,450.7851696894961,2151.9627943421224,620.8285002010389,17.072863811338518,57.88021742503312,21.883549829896765,568.9942955613412,0
30.433387256188105,13.402836650281076,3.803305962831815,447.69915519013375,2185.971380597282,609.8946523257687,20.275474934530994,62.73130043057729,22.087030510370482,549.3284782329649,0
25.266496649043305,10.42148418379782,5.241013799864326,425.9899067000787,2281.0382334387514,606.4458048530788,21.98014187867088,60.089021305936384,24.377445895698084,526.8678415491493,0
28.577579644169937,11.512153704980987,3.210560201184481,449.68109873796874,2144.482798685119,621.9050479489492,23.80514049107414,67.57453285081463,23.18237489464459,514.0514459754128,0
29.748070744465164,16.252522943950307,5.163719496009895,412.945737527987,2148.684972495212,591.2110492659874,24.87847630627774,64.04309463069279,27.884204963857048,538.4551129700031,0
26.696496765287595,15.184820149790811,4.2383305353019995,442.4201661655062,2150.961855116085,608.326146450216,10.022338963343895,64.11991185783512,23.12473413848086,569.4294096442204,0
25.652417310248595,13.74599330783122,3.972058905534868,420.8584665023572,2132.4374127951824,593.0677725427628,21.003095354521847,56.5867927316604,22.650770715751243,539.4425454042847,0
22.091164840095665,6.2165906722046245,7.743675891177749,388.960132341474,2283.6144785237557,645.7296802858783,32.44797875255999,53.69343204462758,29.572463815594777,602.699474100808,1
27.32485884664316,11.738042982165293,5.234336296874317,455.17844791642705,2160.413159667014,591.6337981041287,18.236718250187323,59.583832037324655,20.179638065357068,544.7659993249548,0
28.790778602686416,15.383376935301143,5.307863910546864,461.52639945362847,2226.3109323976164,632.02431701983,21.02027812094796,63.48894318667034,24.989027253655795,560.5689715956722,0
27.527456442252188,15.88319576984101,4.212305138409801,459.68190140661363,2135.6348900759845,645.2462262525656,19.500435382708496,64.0484463149018,22.78120916437659,553.1161336702778,0
29.614087400429682,14.767077465009107,3.634728706889537,436.97746095841916,2174.9460265196235,625.6555948857676,19.210553286645336,61.325196868490664,23.811658098415183,536.2283389808568,0
25.750867339861585,15.204793435985566,3.9944874907803674,449.8953561092059,2199.686551320407,601.6536214456153,11.70037708464168,68.0931878818671,23.825847677696895,546.782218277744,0
16.16772390859835,3.448073368471294,8.2520199190191,387.1913677319302,2428.088271544478,619.0196259747486,42.131551867957555,40.94459272671669,31.299984891426295,626.033427196921,1
23.54630233017795,11.944050527778707,5.537877069116982,452.5303841439313,2198.978911009189,621.9630170911176,12.94878493219883,64.4463095038365,25.59366274745576,551.0818857788978,0
23.912304714898397,15.026949447847874,4.429707425319087,464.7950254732752,2250.704456235488,637.2157293969847,24.40517207103737,59.34254045714122,22.203911537599826,545.4494792079087,0
24.201369284995973,16.699530189812123,5.348271624041054,436.04620535260705,2217.9425768190486,625.1372408581425,21.52613356783039,60.770785161624566,21.985096331541428,547.3674462781418,0
26.400734294132555,13.291439974934722,3.913676022633081,447.153236190118,2199.0180518752477,602.0673483026904,21.104942419164484,61.83203423249527,23.480309103633576,557.9059315572339,0
14.89841835031922,6.915605345816675,7.822341260202399,374.4418854079874,2434.7213892051573,666.7928256815084,39.68545036615136,47.56223790474895,31.253935967059974,580.2206872204375,1
30.083036266515432,16.667270037372507,3.8803585961788354,455.3452426159333,2215.1865915419703,613.1273538081531,23.141478356812993,57.44305939327107,20.793435834495604,538.6547360071223,0
24.75946987105025,14.747470803135117,4.04113693745716,461.72589716865224,2179.0511748341555,613.0787059054587,19.568284714412698,62.711044388368244,22.904699357909475,520.9117253681087,0
26.570055467564693,14.911311657067875,4.142791296902367,422.63236292784376,2278.918153445175,609.1169617456281,16.433775550850097,61.677488002311115,23.262979395216497,531.3948881220524,0
21.729673966936833,15.036073905509555,3.0917462484478184,452.02313083130406,2171.6450513498603,630.736152585245,21.11982570278683,61.37706122051127,24.659329990432774,535.12965226169,0
26.824824635415183,13.65707615185773,3.8397705426501894,461.579021778182,2237.1750801214785,616.7755122059192,22.947359080462434,61.12786696548559,24.06062476310339,534.0317216916992,0
27.401479194142105,13.65218691114774,4.300590878836021,448.19445944131894,2085.3849312687407,635.4913036699495,18.604837417207015,57.170866657229986,20.203614110735103,535.9828871917309,0
25.83540302021155,14.27412403662852,4.893450622499051,468.5341632732726,2181.2684852461225,622.71058926406,15.251113874209308,63.20163144847084,22.213701416142506,525.9962089394743,0
28.6375483107432,16.965409410443502,4.0870517769878605,431.48083490588647,2254.4481513692494,602.1825171962721,21.94333667977142,61.42836747819775,22.349648029789833,537.6435176220579,0
22.16697724197754,12.025558182151062,4.044784212454886,440.45497089057056,2146.118592145021,617.8016136518047,20.436754431405856,61.96848626712825,21.041611942895617,524.7676232922266,0
27.943506443798125,13.03792611557619,4.115829727355641,459.9438619018838,2204.0684971976866,593.5721167229884,17.1270723262166,59.797697299309455,22.32805707729903,548.5825465088125,0
25.869064687538792,15.205327326893613,3.5509801693902476,470.78367627547834,2185.1684117876,631.8306009105745,9.74761251610015,58.568429208203405,22.893990972909382,534.4526671655229,0
26.73169861507251,9.257895043040719,4.590443656594337,483.6018739418386,2204.288322197392,624.2137142693811,14.037980320388145,65.82497743150797,24.473996668419296,541.9922758968212,0
21.85041148363593,14.664843136595008,4.592209625286792,486.79183251677193,2233.1608194852142,620.268568308641,19.424892239892127,55.886939701091826,23.300154752785364,522.2545506114717,0
26.16942835867207,15.072358320361063,3.6230607653269025,414.66216975605766,2187.06352287174,635.4276105310093,17.79210496653517,63.964673473933644,25.329434611308464,548.9631141862013,0
21.332918564207986,5.196447307572422,7.920731176611335,369.0951995439367,2344.5681894468876,676.5577484367943,41.09824316620308,48.35139541798615,28.01006760559895,576.5731017641777,1
27.44011092405653,14.530015985197156,3.88057329042046,418.6669442744593,2121.5941930432723,626.0925806803668,17.339302007056958,62.08814809104108,21.818260434499035,533.3378373868959,0
22.622451469129864,14.318769943452843,4.255359360085906,514.2146879772546,2174.904725204928,601.4549271079248,19.590736640175614,61.26462669155311,23.46299940023726,553.7012312396859,0
21.23201913167578,13.627550619147275,3.864458139963004,462.09852634163326,2292.1124878237247,606.8415639803342,14.59905817300309,65.00308557806417,23.127419224652837,541.3955521591646,0
29.164950576969108,14.66665702662047,4.201289448256611,446.49662178929987,2209.109485044177,605.9804982382484,20.575123354162166,61.98695120196796,21.550604421732668,524.3928354846405,0
27.740857585851828,17.441397931897914,4.794159898622966,466.5929685921355,2141.1464247174877,640.3131212509588,23.42378451901635,66.1019565132507,21.74677746804036,520.1068190105881,0
25.400030738675728,16.359513604619508,4.740388249713264,408.9789799188194,2225.3806382516527,637.8461697545908,17.560307356922657,64.84031695250223,22.28783970511703,545.5919966063261,0
28.880134132849726,14.35525690520501,4.038584501264009,464.04097180352585,2235.912806273704,619.8209532045556,15.633975633966699,60.97603486343251,22.72645879448702,555.5118263094575,0
27.183010057130307,16.243494516975737,4.463078174865996,500.3851590945693,2252.852696998612,594.0674785843009,18.005179969153964,60.24086870531239,23.711428558656106,554.8206478669914,0
30.774859885030178,11.04165166156613,3.9276840849874883,448.4179767770803,2222.053784008558,647.2856590740452,20.309888661220715,66.27744449204263,21.442623362554276,530.3250091776396,0
25.535925046192098,12.690059002877467,3.543691715221537,460.5672072827213,2168.6441057834145,581.5447806160123,18.877135966552057,64.43115811811397,23.916722623346892,562.7836947485307,0
23.968290371529594,13.62097448427027,3.6050698124551834,414.69901217801214,2224.9500448648473,589.3207597546275,23.628720746059884,65.23007219336134,22.04361805251482,561.876588262584,0
25.887348372023244,16.294292465751653,4.886756003296428,407.44023443272425,2152.0399549911963,601.8186937832443,13.179931541869493,60.56906607443696,22.89317771282265,535.0143503725176,0
28.948963352889933,13.190381636481112,3.52307357657655,471.0487083133156,2168.5392376177924,608.8272842189466,17.639070460234084,63.97462393415499,21.698082231566918,561.2697955386619,0
24.332486859191434,13.992397009346794,5.224417208202932,440.64972003149313,2213.736182422491,593.7592824553802,13.178725279984945,60.17659762818454,21.853910978657257,542.0680788224279,0
31.650745426310195,11.954269961541172,4.056171732881519,468.5975468428622,2158.7766975593627,593.6819643275198,16.265339407807573,64.56246999609914,22.838481526984857,521.5180590984347,0
26.673452837831945,10.117529713048071,3.764763445423056,440.1238971367432,2187.949337810727,604.0035285696761,22.517651113774665,70.98539109108825,24.00423143494097,543.6319504305051,0
17.776700885227463,4.285724606778819,9.944116974659554,363.0785753300782,2355.367698240217,661.8743567863561,44.63724038774397,43.76159110348144,30.805509026400994,609.505045479132,1
25.748088537883163,16.506400941636134,3.765999204280661,409.11682171127154,2175.863401137971,644.1783190454314,14.889267791175993,64.93452028102318,22.809442894201776,539.2790521891754,0
27.898850926540415,14.707758203502783,3.8022886667179767,457.9618353193598,2223.289246185901,641.5550955911349,16.950164034559556,62.579979919282884,22.826611108648503,527.108413520644,0
27.46237741526466,13.711522312722895,3.540322867931698,432.6371624232557,2189.3360202160115,599.765425414974,11.906797906851398,66.19708196556985,22.48927589307799,529.0860250084879,0
27.619534291806776,13.392020283495306,2.9054656954188274,461.3057687286478,2095.0739112546657,624.1224608156753,19.945082442940492,56.877510794417844,23.78242955138626,568.9723327944995,0
20.96453157239249,13.487841602573198,3.238199951082937,437.68578745095607,2200.391239712473,577.9003010832415,15.366589358027676,61.98076474136675,22.61434504413983,559.583293990183,0
27.830772963883373,14.073976854136959,4.127538853995596,438.50305460657444,2185.395181848927,615.1779618805971,15.915717383097956,59.44098280171973,25.198120015978645,540.898402145692,0
23.919007451112883,14.354798317009386,3.608773197558072,482.3867091753288,2218.5320448635102,599.746755012412,15.491125885211137,65.42411631420326,20.003054904668744,540.3593175480365,0
26.02903968183904,11.423527705957191,4.565037714875474,460.97122041588574,2160.289780920016,618.1847611305647,17.070452223222834,64.400152011571,21.88298842905464,551.7023178991926,0
26.802944873248656,16.093144834361365,5.168064576135215,500.2173410072455,2301.800910608558,612.5268944322653,20.496233472164537,59.186471483924805,22.258338970778663,555.0466383548286,0
24.595063854224357,12.315024231861335,3.7393226641611386,378.7418973699659,2202.6930483657916,609.745738877311,19.789665409136052,62.68156888442259,24.583834084600202,552.0910979797081,0
24.113020457172947,14.518688825517842,5.479896310801994,471.39574495264975,2147.0554903442357,622.8957577520848,12.225303653893022,62.5110093748589,23.748064459593202,534.0293184598742,0
26.616393683319654,15.233542738824255,3.5464451279170195,400.7193151488908,2195.415240885859,631.4394003849411,22.852084808136283,61.11288772851273,24.157374988110767,541.5070269089482,0
24.928788174658028,12.72934547239024,4.755936041530235,438.002439808126,2219.807179217039,542.2439131676067,25.765500625810894,57.557652616182395,22.970216669305433,523.5807304965938,0
26.999087544778785,15.299803527685468,3.5816906985674377,432.6559368613028,2157.8501314636433,603.135193508249,18.327075663403136,67.06770498595762,23.948585556911503,524.291610777323,0
27.857885670762986,14.933911065312468,3.705420475069438,440.1032901354307,2276.982953648496,637.3072591865379,13.206110191471229,61.086745279407886,25.456935429782874,535.9302614825831,0
29.11218203113607,18.56508107852375,5.130706279735357,430.47545122121073,2176.948802416894,657.0391804035664,26.743739207834054,63.259651541490264,22.429943324289884,526.1271834163557,0
20.639255265528305,16.018114654356868,4.505790457923768,436.074435123299,2184.963718390812,606.5973851734543,12.93641450452332,56.64421459332304,23.554761659150003,542.9352773044028,0
26.932517849130566,13.982148851596044,3.780650197555997,435.29400930857963,2312.0762444568168,655.639191626615,19.782303384106775,63.29016542201857,26.64610611726454,510.67353838817047,0
27.411336222583156,14.923148054775544,4.285980701188618,424.16692092653733,2089.8887275463167,607.654120971756,16.773546253464076,62.712580240494056,22.78162322075176,544.0909660062722,0
21.696238673628404,11.640890775332567,4.079872314226501,444.3269391614546,2213.384960025455,623.632649230567,17.06676132191601,63.92883018035514,23.459925206502565,520.8143289248496,0
27.845086099820627,12.481139347620848,4.481721820209496,429.38613394667743,2194.49916046221,633.7402191622476,22.55507408026827,65.51318456798555,24.44357870251589,537.2095757765658,0
24.785368309558393,13.02496667107757,4.735138545304258,431.2816821546049,2179.0974567971516,620.2723883662999,13.13766596976765,63.60188345544892,25.15058828493047,536.8875092673475,0
27.585024558625268,11.846199582907108,3.7684878624222358,419.4685349292407,2137.962202795124,625.358382487003,18.386567080008476,64.34157945473751,23.772921634515306,543.4964510803693,0
27.3216550057062,16.477287901878988,3.4020653865356514,463.2154180388646,2285.7628551331286,614.6309727154176,14.452674315672134,64.95871484905378,21.429213538652494,545.3789628897723,0
23.270294329420775,11.57236541462799,5.442239165346374,420.26243089153866,2152.4505440566936,627.4503599374046,21.907810501876654,60.29957435867878,24.06293705474181,531.3192157513665,0
23.430211123270393,14.13311058711901,3.8634425994725774,421.4322885034073,2294.1324511326357,578.4931547280563,15.458827770688618,63.12498546082315,23.244518918530183,520.0070363565787,0
27.63491394827174,18.502400879173248,3.873257560863053,414.7666688633671,2190.7260012047873,642.8837256694627,14.110610112054317,63.95227069602628,19.882138258412027,552.8997967207131,0
28.424642232638387,15.12267098817621,3.0797638914630214,443.2974076743902,2159.159836708482,638.099198971681,15.204630026738178,64.56692413516463,24.220700645504866,557.6618046244323,0
21.13177742565336,12.094354034582834,3.6704514399899546,476.960901910217,2209.765404252278,658.9992459741231,24.056847842916007,63.46079132328002,23.84422737330132,536.9022303258471,0
27.891333606878156,12.51836968453367,4.105187262751896,472.0549409985794,2227.2636582743608,621.0529164253828,17.906747096223782,61.89958958234393,20.98200767171911,532.4804718217418,0
24.074626200871467,11.994294760955604,4.6070417251779805,487.4742915610218,2207.6109074648207,603.5963672128232,15.334799598223771,65.98520698715616,20.225146777069064,541.7956130467397,0
24.950163604621387,6.8129492697194,9.333249311129057,383.1923937619283,2315.545252314462,587.398651846794,44.22496975783504,42.97897562575835,30.2482960276506,577.128065181188,1
23.53967917025432,19.32152991083375,4.140092775677139,457.0252313871703,2086.455455354988,576.9847626061487,17.332696435907813,62.18995041864587,23.86676220074251,545.549388999833,0
26.278008880718748,14.627208586828925,4.118115772872988,456.2685154977832,2306.6152277135693,599.1682606057317,19.797757345343292,61.37969999740651,24.61735644943476,537.7386844068711,0
26.25955265769167,16.768572581007643,4.2913802235283915,418.6542614386772,2239.575408597326,589.8821571270018,19.609208301555828,62.348792412113184,24.13696659316102,544.1723871578326,0
26.868305826216176,14.640597310837581,4.223536756657054,410.78730404906014,2110.2363438324087,633.8207480555665,16.55165872599627,66.25590593619187,23.637310986970476,527.8957218725996,0
28.027112291027137,12.592946650737684,3.7840174636797457,432.4602873111252,2158.3370487558914,601.5563217057983,21.54910096660248,62.952196647440935,23.953871541757323,556.0651281187297,0
24.335422210766893,16.78301112038008,4.243720942697094,438.05246150566416,2159.520270852221,628.5296480846057,14.351448379787465,67.54609317970274,21.11079785718752,538.2394382886324,0
32.87331988151751,12.994573429470034,5.111632605387308,444.748605675045,2127.1100810961116,632.3050904066591,13.833799505929576,59.71301244314192,25.864366097454834,550.3611452980676,0
28.636714325338904,15.21077407831536,4.707405221071993,467.39639390066947,2156.370198489317,634.791782728436,17.58005314649093,60.232921292026745,22.548835047913265,560.9041602598863,0
22.76973541131752,16.717446072602954,3.844106095597151,477.0795728711294,2147.3272711095124,622.5103924109524,20.386041794138343,63.825301652880825,24.53032624329333,552.2569124079706,0
31.053247127032773,15.887278540455366,4.760809237737798,467.2820524730729,2264.3731131924237,640.9096985102475,13.954258845220412,64.09385647744446,21.72982008744833,541.2834339644547,0
27.70257166190914,14.887703634032498,4.466636042146603,460.6128033607835,2172.737426566622,627.6826785168893,18.407675965291734,61.622443989532705,26.692114205801772,521.0804493296115,0
28.664921596042884,17.66502304312453,4.566636720044366,447.7806580155612,2299.1298517743153,631.5105770382662,16.48651969595763,64.26847353125905,23.420082182845235,536.9498674613744,0
18.61725763550534,4.489287096309159,10.858917830554692,482.589121515791,2305.8152733684233,649.1285251446726,46.448299530771315,45.70898462033611,26.854769631244555,598.8922193286331,1
22.60154191173598,16.397912550884964,4.344683815200013,395.2441045183043,2159.5865778283655,647.4403434606616,21.409119241114077,58.337137165220696,22.944645456596973,576.5240138724463,0
24.944481386763204,11.47175454127575,5.230859997743893,454.48905934432264,2235.4366775827966,614.8319908906375,17.609075317235497,61.22698248590284,25.21584275585895,559.6480893429928,0
24.6195978298312,14.963646647419338,5.373291926378274,428.4594872768952,2277.1893365591777,603.3590204718543,17.07450479452556,66.45986011782307,25.828100982111053,531.1670909327435,0
14.834404693718046,5.859825379881141,8.3898801989478,421.0980938391804,2344.4903655505345,634.4288598454937,52.87342306441532,44.95412327727421,27.696350205464995,594.5011978992833,1
26.474509710937383,12.781377623402499,3.9640212317867127,442.6796125253422,2067.241887772715,607.7864372490914,20.709824045315784,63.164829917922496,22.928563782988913,538.098715257389,0
27.476326490798794,12.217080706766328,2.5964474506683595,472.3506100772565,2276.4676727053406,627.2337543067772,19.00092642695285,63.52789040666925,21.174170017996705,528.7331623491576,0
27.480027343414392,11.728508812776443,4.849452870970169,467.33405024139154,2214.132939511495,639.4442500843998,17.596051963510977,57.71674957105225,26.35948959667525,545.8012472387206,0
27.774551769440293,13.861543645219685,3.844257591402436,460.3404971368653,2196.3482405102754,644.011079978146,20.951798621219645,63.426314034582106,23.335094535372562,529.9387633929844,0
24.22356279019638,15.063442955075555,4.807688223117224,421.9094432612504,2093.1993225280326,644.9850887618297,18.111013465352336,68.01580364416327,23.466321957254227,537.4271159899235,0
27.524571143321733,13.637917249708025,4.111970021922848,449.8170966826263,2156.37820112555,619.5148716091356,12.788395887152685,60.23551378046274,22.538336949684368,529.1685646919391,0
28.827095565876323,14.58241683466914,4.721083392900717,439.7082896880751,2201.8100985331316,642.8849251629124,22.24105182239203,59.71563036893788,24.51406468623399,556.0201121584519,0
25.933863538639653,10.67868849556847,3.3728615138387346,453.91895407201747,2242.0708191067183,617.6901210462933,23.33142795326176,59.16385812772066,25.761313981520793,524.217755729273,0
28.102476798487434,15.196977376501897,4.310553133442732,471.58863769327917,2316.295585835766,592.9201152801118,14.857476249574017,60.17845722332689,23.90163735637606,548.7607527656377,0
26.284748370447378,14.19633349547105,3.8280278016642897,419.33736017443624,2159.2184283176725,629.4916850587904,22.172620100321414,57.80527157370197,23.65308551664669,537.0369729127432,0
24.84518514733337,15.942397848196956,3.816854285773787,473.49764664614145,2189.0350019874654,642.9681549497468,10.317220774993505,65.80162245320648,24.214875704821885,523.8237081053318,0
26.534745523331278,17.145565382214997,3.312520467514943,470.9849179274978,2176.0204507475746,620.3181856993257,15.450520208480535,60.409892068114885,22.930786272077235,534.9141980830585,0
28.968512862616002,12.209496672126187,4.516811207816714,466.3838775362251,2256.3108115889177,618.0462143825462,17.14557958530849,61.84639129637613,25.936269928480638,553.9792228540877,0
14.448437634480554,6.533640593341785,7.920568329245053,306.35773048168863,2577.280354986679,619.2040715712616,51.05979734434906,49.40560037471204,25.471804733251986,622.4209558111252,1
28.8315971074778,13.082337022596592,4.166983220165823,435.7163485533036,2276.413318360449,646.6196288809537,21.419175424533048,63.851861967488205,24.069695042703408,535.8494165947162,0
26.10341290740328,12.296703859606097,5.176338684998143,374.95680395276656,2164.725967548482,618.9864808486749,18.496381112918623,61.18034950040917,22.74915558516361,549.0590764602092,0
26.530132951504562,10.749731430822862,5.723089937656772,478.27344490637563,2208.1978496721194,643.4913424149429,14.984620455775563,60.28611908639574,25.102815377923378,546.9160354133334,0
25.204300394084314,18.68906861031038,4.53527871128539,439.19901151223047,2191.533615161576,631.0388203551474,18.059992337906206,64.95694037983277,20.98331560667323,516.8975863460959,0
26.819601007918212,16.939060814926524,3.2090844028563854,404.05096292362566,2273.366690603874,610.2747256927719,19.42658969397572,60.45591572781336,24.59686077598761,550.7253357549982,0
29.500765645648304,13.268647384470787,2.53279821500037,456.5936745585165,2217.390434108629,642.9593510837645,22.591552761000845,60.91815161961845,22.739380499449293,549.2314262278315,0
27.444927494986747,15.104102798744735,3.833635562220222,436.27307996627957,2249.7587041600164,629.2611592084509,20.894160146053423,60.379217763930875,21.93118578896586,530.6051094511162,0
27.195359316136567,13.220510445086383,3.998325238424194,445.91056494944206,2289.8389761895714,630.9978505312405,21.069741841254263,59.297079890329066,24.65967995963837,538.6280826657702,0
23.80938699920308,13.89799024775049,5.02000750723097,447.8079269385523,2099.592609709989,636.4534812208396,22.293934564882868,61.262936216773724,25.055958400005412,537.7916733318602,0
29.264983424768246,17.856520296601303,4.423060584331718,429.49513883547814,2195.0450704065943,628.2909671395006,13.623560973229129,61.57174030905749,22.99262334447457,572.6677177900891,0
27.04845625340964,13.583961948540818,4.152092181536556,463.3058171566229,2194.8820133005124,612.5096605406105,22.171649454625957,63.09807805743224,24.00152113142025,531.0160312344987,0
28.59622300934086,13.439390230962255,3.656894965953855,436.4402122632928,2241.379763678171,614.2612312959292,16.228463622379905,58.5405715685863,24.985340488092483,535.3068678713715,0
27.37193973511574,15.168364002356697,3.67779178940554,491.10090788412214,2159.189038668973,611.6205536716454,23.90387404096581,61.47959990774686,20.734486008405845,541.207701868773,0
29.213217511114774,15.353312398365256,4.047299367956031,453.49585237537457,2221.1752882963924,626.5381925123064,16.127629657718785,65.03763274816113,23.379727043375684,543.1336014195623,0
24.959877436109686,16.424797268974107,4.057861464532024,445.09355481258626,2179.446526355659,622.8858829343604,12.639804961977019,63.44073000247016,22.677032543186392,564.8273391455618,0
25.142072922359716,13.034661629737087,4.1742353502259535,404.1191980888742,2284.788596531372,610.2101117748596,16.45484665861526,65.33520997654537,19.448254129771726,560.285746488445,0
32.43651637506608,11.249098170163775,3.9205511949567824,490.99847517163994,2199.8160772968877,628.0523735873818,18.241451246107754,63.608105573679715,24.491125528645618,546.0039698259046,0
25.82081404078177,12.822108458123951,4.071453273977454,437.4162492788212,2198.39934724183,570.8029284001159,19.110698628355312,57.20228966965249,24.33515354242136,546.148952467229,0
15.408064660920058,6.2547757926934215,10.243492613922482,442.3120893834161,2361.5866322827046,668.1045797522113,31.084640608917162,38.154638305965705,29.731437497199874,590.4130400931645,1
26.093002508418483,14.319307513908448,3.6764645345510614,491.1430653404552,2188.134096446672,580.9319094854125,24.136735474134387,59.64858982023986,23.787792881493015,534.8994596100997,0
23.06749245778615,14.85949078823923,4.18301199860864,393.9482819966082,2217.1953781245065,599.252279986956,21.323723517985652,60.22912717697417,25.114678256333228,525.8297595026847,0
26.217078975677758,13.960462404379719,3.7307532757989827,480.05068209926185,2203.5597809369747,630.3944899206782,19.36079533408432,66.20407722990899,20.216876357332065,524.3615980556025,0
21.230776530963993,12.678283297826647,4.122744854562199,469.934124729987,2176.3222339345807,612.5345907648926,22.331733033671316,57.24969109131457,24.812926697004663,563.6867343318208,0
24.212188351301247,15.56970194658601,4.401926534565588,483.37702088251797,2281.201371567368,611.5915856997483,15.247377026288147,61.14521167225007,21.850616254880453,515.2159999011312,0
28.15344547472927,14.81103226210612,4.96345329617043,434.71793657332597,2163.1357925229595,613.731060210778,23.233531342161577,64.80477944853095,22.388358565612652,555.7020067831319,0
25.964062225737216,12.470206584536223,4.001369681116752,499.35861941651626,2170.3890418042647,635.7474033288858,7.0315641444215835,63.07878936285106,25.899834381936962,536.017039338301,0
27.18460599577114,12.641743274412821,4.413416029268227,407.9303636140155,2184.302137508187,628.0433106890523,18.93209771948806,55.05943402832067,25.051807631442173,546.031360608157,0
26.332617067754498,17.49614246381157,3.711427468156031,445.2397060747489,2182.1032372901177,614.5883779972756,21.679504028110635,61.07855165360626,23.731412206296547,537.0894747616661,0
27.40480463482211,14.244007699455615,4.636671690186113,468.6407151730855,2113.732676287049,618.2555862900562,13.06875051296219,64.6049984519907,23.16572007838756,520.8324550943106,0
26.06540574976346,12.822360072783452,4.671794200974948,476.90434138211464,2226.2487114057094,611.2594648227977,13.997745074481163,63.157945082262344,24.895690104682348,549.1530445658427,0
19.33236261554314,16.73190796057116,3.6631476075791403,448.2130376584502,2225.1704027908227,631.5957090771237,17.740285333263813,64.12860314215874,22.24429661119882,524.3825311209602,0
23.680548087770717,10.805968772001751,4.3213909083350135,505.9487158746753,2153.7870294591676,638.6547621694925,13.392033629852719,64.62486276894275,23.422985933446558,560.8826556170478,0
21.519084368921796,3.994007881804028,9.662534410458957,349.7468533723001,2259.0939926303636,642.4461684729985,41.76594137629657,49.30078342275336,24.847036592750857,603.8721680738596,1
24.54205034571208,16.505699575804762,3.9753108663085093,516.9693993741516,2177.252137608803,608.0954465933106,15.965892422139797,58.34886889991017,22.30516862086591,543.2226446408374,0
23.549998053831853,14.681572515027796,4.540010344182652,436.94084101896766,2222.8096318707153,610.2651860666834,16.497282611544748,61.67360101422388,23.324964910095016,547.0431961572981,0
25.32649414949319,14.336392900034049,3.614496997658995,467.8931820268693,2269.01528638654,607.6943377447132,20.124998633196896,65.27970227556955,24.560168001266288,559.9628509234473,0
17.324910289641267,7.322053973324944,7.931882373455002,382.7582242549574,2253.182206851986,613.8409921217813,39.56223055206059,47.228313129944176,30.70747344733806,628.4952938103019,1
27.4924782612471,10.40208883561605,4.3023762501714495,442.14206426915916,2133.2366263661006,562.7912120501687,17.392253471895543,59.130998891016226,22.789436535148074,554.1854041358998,0
24.400178932009293,7.842294071566373,8.627530219441804,345.82408223224564,2284.646086447786,609.2561870324423,51.69272703035341,53.42386428354696,27.098664991308144,542.2984653145755,1
25.324068364268012,14.900267662780772,4.218707069198778,468.82780752194435,2250.1831244368896,636.411431960298,16.459958819153876,64.84812149059407,22.834938261414525,543.6146834931263,0
21.929011721396243,10.235153245956344,4.655854183810886,459.9323641398756,2277.0648324707013,663.7837215561217,16.11106481596984,67.99902137630558,23.59910302588974,540.7099142860477,0
26.441915722874086,14.27672054154167,3.626470447183245,492.16144041456243,2227.184369551651,625.4012762316524,18.81574602804361,65.02430858079244,20.03414856178703,543.6682166240902,0
26.42291871478954,15.468366097997166,4.139694697911481,453.0177588544491,2188.1257878767583,603.2568207373545,14.753264853917596,65.3275627272051,25.422691060185063,522.04078287959,0
27.60613651242428,16.173056259439612,4.830320189943901,426.4238701314768,2145.8910391884406,658.7940030205525,13.895670017566149,63.34955515449649,21.877332174621547,543.9430090980426,0
26.669966565127723,13.539978171429059,4.9532294765446565,396.5248819107017,2092.1552556596275,610.935967079545,16.205952043153378,67.95980921507372,23.50988554335111,543.8666861999039,0
22.884855364028862,13.49399317674349,4.677213248275846,436.878037296449,2163.8120662612228,618.2044150065759,12.595953292062454,57.27018998519762,21.808044003155985,532.4098770911027,0
15.644014293060561,5.881168404582196,11.180074143391703,349.9129494407461,2254.4707845721,670.7243594486226,25.12996627231663,37.80270718158825,32.89300057581486,556.2776669055349,1
27.327600387490488,14.677951568409648,3.9111359862656947,441.2465806506342,2199.867643437695,644.4822178383912,13.00326384036499,58.47283997475693,23.138925064963004,553.5041308985666,0
15.28870640910083,12.002617977279186,9.219726490257683,236.68320947772526,2382.1996577500763,618.2638094815015,44.98075481196697,57.58217071630275,28.152743290527898,584.4379511769073,1
25.846095247333995,14.98781194034759,4.229272263020778,438.11218754030534,2222.777517370239,594.7061540060005,16.710241448232257,60.289966833171924,22.329425646154093,525.6969566243682,0
27.447106508645987,12.334078781503719,4.446582665418007,442.0392418883514,2215.676979080283,634.5346215464901,15.976821778120382,62.44843979141102,22.08397718663632,568.4597350774811,0
30.21229696683463,12.2883167340762,3.7507906148827943,480.0631891911975,2179.8675920923233,625.7547094352864,16.015529944233897,63.217762654585954,24.457698426785566,563.1028408180863,0
30.527790371249054,15.94493762334677,3.6044803155016867,439.9392280524583,2203.0382548822204,631.9409811312404,17.896235538775194,63.7764052436694,25.07327768458684,555.8658491922384,0
23.30039760589995,13.63652388533283,4.137009176216472,441.4461916124895,2233.4404253759135,625.7247372912833,12.200012702352776,59.8050864354697,22.632748702135604,546.2587482574858,0
24.102793497927504,16.784789231981886,3.8937354906556325,445.69449654764753,2245.2044479946862,630.839683500112,19.77263504104714,63.3568912583363,21.659047515741335,539.7023722944002,0
28.246415863428762,13.922740030163439,3.393363118030017,443.48719614500703,2247.890462774929,587.2806529259128,15.747073428779306,66.05118988190398,23.4425378018035,532.4142053488953,0
28.80659930696963,16.10410258263203,4.2763448693839505,430.86969888529944,2171.8248860427575,631.1590216278587,19.037942014543226,63.55654782878947,23.485348080257488,544.2185955570977,0
25.32118798137513,14.370045985275349,4.427606609508368,503.75548036056824,2207.995561965876,591.7060140958135,16.79433661561144,62.79507072251085,23.937705556197084,534.072355177811,0
23.0445462115574,11.769241447500306,4.80383428657185,401.14321533113537,2231.03987195737,643.8009835719951,13.41681196715215,63.100543285478224,25.271838754580727,522.6958241408743,0
29.06726436580155,15.577616565045313,3.3464348409140285,441.85431956391733,2154.9875011049244,633.6607416624357,18.030252969655646,63.10029038903097,21.20466033761057,548.090086030963,0
25.55946974054134,12.131513277030454,4.684258269392978,421.3039692962403,2235.4076279061987,629.9483898951308,16.7140548881424,58.018616571495755,24.54422379061547,548.5680975475484,0
20.088139145448583,12.015914463615685,4.513727800150563,439.71120762606193,2255.201194289084,651.4547189958848,20.449855981074286,61.261679941532606,22.130231269322156,575.5656979285276,0
25.483962459038462,15.17595151430366,4.6923595769985935,433.67017734427117,2229.975849503288,626.636430935534,15.269732562497419,62.72300088924403,25.527563658058682,547.7982521248802,0
20.798155386570194,11.209291144470681,4.210050425443045,427.406711101342,2220.8053574141854,634.9077461768643,14.785707670849721,60.62527400293726,23.457778552987577,540.3792931896636,0
27.62942150235246,15.072843816196215,4.617226288716389,437.2618948681809,2188.1860682258407,605.0189325136713,23.946988050254852,65.1805627076534,20.881255321870142,514.4554661882178,0
23.870281817753966,12.99193216876479,3.9877019774595523,508.8041233362364,2167.1793540869558,641.8531751127603,17.92308528946916,64.42753307767681,24.88634727748482,553.6975483096089,0
25.680817264095097,13.94547519251432,4.522457862083447,431.9248114319199,2215.2762704105385,614.3768174518808,15.963274358166757,65.37766466123675,22.849601797396474,545.345193992273,0
29.038788041207326,14.944925294462028,3.8263074980863054,449.92737666006514,2156.740112758367,618.8279527277983,17.614820556951305,66.27570022189457,26.20775871906532,541.2057697055363,0
24.037104919222934,13.89608334663466,5.168547656624938,465.11874759849496,2123.366277157644,640.384316639512,19.796104764247165,62.21306209500928,25.501976907517005,524.6418334860423,0
22.5698993608669,17.31270498168037,5.413553642798941,466.8290401260367,2265.2455508922167,583.2653246235731,22.03166203742507,61.12973226019549,25.185952831551543,543.9803475869776,0
26.32329904586982,16.321211530572995,5.174871023939877,439.7972809580534,2171.5094787838602,602.627709182929,14.402029023390801,62.41253691838396,21.192198653067493,529.318175579328,0
23.004725850502872,12.318518308888866,4.666413037642718,464.99147185550896,2167.609872080844,608.2246834404566,20.389157200513303,58.69111850083081,23.726811828336263,531.5830221311267,0
28.368180127858636,17.50641130569222,4.058036685331003,436.26946203600073,2223.701716528716,647.8626019169907,18.86813370665464,67.34218511935373,25.22715941998276,547.2645491339831,0
27.19239004023377,16.172915619502923,4.434491936548879,390.34896319089825,2175.986248568779,629.8131919082798,16.669857278738732,54.238591307312475,21.598901635060415,520.9924459888897,0
26.148022783959036,13.275454730713161,3.7436322281937118,484.3617803997604,2330.9086711790205,621.4644242093399,15.776519125472014,63.307257330752236,22.36181283541654,552.4817293107649,0
25.031698093090554,10.530501088169665,5.264509334102261,422.06730343474834,2207.8132215769106,637.3587971605052,12.375819860581437,59.19136043282222,25.2739996571047,537.0207568954662,0
24.513501362187363,16.842547280797532,5.667587166862817,416.5211256315106,2193.9412264311973,639.0938501211258,17.592437924472172,62.294586010408416,22.09776067950333,552.3760364412308,0
24.73183867512134,15.049321447336757,4.541824728913618,428.9076663055078,2210.1451665536606,604.1668058723593,21.214267479604146,62.889712339921914,22.040174207700368,551.509151101305,0
25.86041982164794,16.652424839200382,3.7211125771281393,430.2910507281683,2188.0766281330557,608.450499581582,17.097527442754416,64.16378997503885,23.545283709265426,565.2234033126108,0
25.92676836611923,14.622666646393942,4.677275924922243,400.8090200827025,2184.4605258513902,581.8200182277789,22.312068962516136,59.995694721271235,20.33126493979328,529.1190409328649,0
30.919824783949707,13.031632229127116,3.6746227605019564,436.2628205609759,2251.7095047883386,615.4007133519322,21.13714992060031,60.648009669729944,22.83418818561231,532.2528268567376,0
25.669578675402487,12.917253208761856,4.705612322386358,440.99284708104756,2206.009192137988,626.6095215928652,21.783701845176736,63.965200585323856,24.31802080244351,537.153515075814,0
27.476137330134705,14.375667869533265,3.6108166166306095,416.82354894096227,2264.0064634485807,614.4191526487314,17.54441388931143,62.22581552935988,22.60973310689459,547.758566107795,0
25.463817335410354,15.344518008878676,4.718426175644538,431.16231701429365,2213.5407078440508,624.0968332367314,16.78115579561196,59.70465663096834,24.219233189836068,547.7630121797854,0
23.224258125586402,12.923341500974887,4.003354549999942,438.235687849727,2247.3426626757573,611.0272889428727,22.680694799315305,62.987790753229575,22.41274436435128,532.9999714566436,0
26.82968453280288,14.20945765000601,4.699098871257828,461.8607359960855,2172.2843644393415,622.3752759366723,24.226710727497338,55.71250713112141,23.578358777299563,550.5103394728114,0
25.53862472495521,14.932833645774897,2.362279126095416,443.0455844583481,2213.587692576657,634.7089362721011,12.19230439952683,63.82620307818324,24.540433344506624,538.0829889628185,0
25.414498916852786,15.193110884278804,4.2238990609338805,441.6232220009367,2153.369730986862,613.483200062472,19.21327803393609,61.443136397184574,23.878859275154866,551.6847542988767,0
17.31367270910876,9.574350601514304,5.863517853689203,337.438463624827,2265.4837427873763,677.9526977984572,52.036179821013036,50.920781303061865,27.57513260283945,594.2391080739582,1
26.244008233472258,12.545530815587718,4.084103593836823,480.0594529144439,2142.3108129739735,600.3462805127629,22.483253373476703,59.67429588099775,22.98025507941152,573.8804362963111,0
26.864845735361936,14.829589271887105,3.9277453591423526,438.5490284405088,2127.938333331799,608.9598869437197,13.576905560175671,58.181401321984,24.533465745918644,581.4151762091964,0
13.893948052633952,8.2326388155683,6.908953604538456,389.884929529191,2461.744092099097,672.2964297026016,40.905324218577015,46.08121463335764,25.84683152539501,580.9266781471504,1
27.655531222526562,12.298576365693775,4.193989862930221,467.78236711984124,2156.234680978014,606.2898641543594,16.85351692793613,59.62696952205909,23.263865784572115,520.3130603156393,0
19.130480061797723,6.4148185103345225,8.771911368309336,347.3791999501312,2355.5029990511844,698.1703221989375,36.62682986326502,47.68173177567349,33.97473587174462,586.8423422757872,1
19.32835222108278,10.351150054247777,9.704022419483408,400.1163947579231,2347.552291231368,725.9106907122546,43.09369942994847,37.457021622370874,27.91021932681845,610.263004947039,1
26.92656269634948,14.080941984833371,5.16577863421898,443.3817395276599,2245.9138060696164,646.9182249746428,25.073157001613424,59.42024580166529,25.011182443949558,547.3926226284611,0
23.01581878908457,13.28125201625531,4.452120304117953,419.97049692433535,2199.91276712899,628.1650765709398,27.301320071786304,60.92952161534637,22.624739597180184,534.9702546295285,0
28.85072366220897,13.239298930196702,4.34721296914345,474.42456826696576,2224.5874096100833,627.2692497292958,24.49322860153888,63.185623547047555,23.791439655129285,526.3508454029235,0
27.730742279845092,13.861601617269761,3.527045393008126,402.9656879403751,2188.517987810108,655.9539967558961,19.91768878523525,60.48962474276748,20.43801607604547,543.7613362774806,0
25.022241437022235,13.178100142145137,3.4881312130844657,464.41700585324776,2151.228873981133,623.2352479247182,14.886593272148858,60.75650752951092,22.982417945269912,544.8425315314888,0
29.05601806340118,13.668609927182809,4.720840739067507,464.31914071047396,2176.7489954414514,627.4180508955644,16.703110393457887,64.50430885618431,24.78295537498118,521.359000856491,0
14.536939141234962,5.570290226937201,9.86708384131973,354.0717565442861,2406.657730182971,622.4614224486912,39.923429475030844,51.01461289729868,30.6171789296391,590.8969343633858,1
28.92784751705728,14.59847545715721,5.334438105660723,444.6143285139382,2206.0063382955623,636.041717484373,15.63853489307656,58.138506878826,24.45779425638983,527.9723893077199,0
24.51465927493644,14.505471954795809,4.887594184987536,413.0955806672033,2166.2900490901006,602.743987856472,22.407684666741954,61.83891665839169,26.649798885212313,536.252815072293,0
29.474055013219107,16.193819211070767,3.030576858649246,431.5580455553876,2154.2980953713313,640.4257552787492,15.327842023012622,61.10877646024987,19.820763136167702,513.601959796639,0
24.488683424437966,14.600378826697893,4.1729175716922935,438.92453983150267,2204.4451418107715,587.8778862041902,21.941743352216886,61.18861477881722,25.21353214526321,514.6023791384565,0
22.832386886522524,10.98464700918463,4.693337589336214,460.9926847103659,2197.4330998731602,601.8789799946597,20.178912408921715,59.88401152187751,22.89388710399709,532.1311417454697,0
28.404636935106158,12.052237722893853,5.0513436292171825,433.8205362275125,2134.044427233799,626.2142640348582,23.47789671647432,68.49195069723311,25.691276256742004,516.4987651403454,0
23.622838727036083,12.771768782312348,3.5270603632334048,468.730522422773,2183.8169502503183,625.3766034099095,22.557574955660566,61.13080601470883,21.517177701130368,545.0405929647004,0
24.579110851130217,12.330509099968117,4.160672074930223,429.45482750213495,2253.3741608132304,637.272960025292,22.378377909797962,58.49816379453627,23.494102840585036,535.6934421685309,0
30.85983631541948,13.443084981813595,4.495158120813786,425.6117955246315,2187.024338775895,608.5805720962533,15.492315134578114,62.394854129710936,24.607066158568557,549.538518672673,0
17.38484414979679,4.648744762272514,9.208274812506723,301.79210322188067,2517.0785424611545,578.4137638265482,38.487565268700294,64.16058161708752,26.248448169827487,604.2026321772489,1
25.438843225545256,12.602697960395583,4.325807585454894,478.7786387023457,2254.249226754198,639.9363404004645,17.753755460883827,59.36360671269251,22.782494515418502,555.7145231565772,0
28.6913590102038,13.879913694480358,4.0509460752173805,420.91522239761935,2244.4993516283416,656.5984805786089,19.254919678495245,61.20123755151162,24.467998073285024,541.4225654623505,0
28.810894392968585,16.75793668852561,4.272622763798145,450.39409224379483,2167.12094993622,616.4864420135727,14.286055611552685,56.78773620568876,23.19898946481194,554.6233403556669,0
22.270093377075593,13.991413514158417,4.427326147212105,435.63832624111654,2212.01944112523,605.894889965621,21.157643747843974,59.580970761515424,23.4635785902427,542.2765846537204,0
27.973867215089005,15.14716363262301,3.5032138771664427,471.2653397392282,2112.639133133762,585.1891447195441,17.3866391320998,63.14603762211377,23.030052271027298,567.766299966133,0
26.528565138901648,10.794567868445375,4.650120674967791,476.5661841007951,2220.0151703249344,620.093377911521,20.87046780128947,62.29159025685144,21.872280915264945,525.8298823510268,0
26.100879231444956,14.661685561198372,5.004669367008772,460.6415953159191,2191.432267706093,657.4127851369185,14.936742851089269,65.55838952436261,23.42977361970957,560.9252780945757,0
23.493258535247424,13.71796976738467,4.572750966537034,464.9447721132396,2176.861730766663,599.0395623745275,19.93607801658567,61.81000934481551,24.31198144203469,548.331392004766,0
21.845387116893722,15.838182690891587,3.0657766513747453,435.87029929422783,2226.0210374650196,617.643693910187,19.620737863765786,59.07831973507587,23.535378150825125,531.4352456385374,0
27.073704288659016,15.929073493565848,4.076040443659502,454.8563038288443,2190.958194063019,626.4089152956967,20.254797735899984,63.77662332074823,25.565362229209665,546.7960725573887,0
27.72167131116827,14.900749703987938,3.2502267481666585,469.448329102761,2110.962390231402,642.7532390320671,14.749834142758028,64.71024289109722,24.289645408818217,537.014307910265,0
22.85715521770111,13.62932137168818,2.93667643307461,455.1851621350292,2214.0307438475866,645.5498452629497,21.137710182858594,61.86706269373374,23.583611519136387,556.6713031307306,0
25.589056767766895,14.506043765658227,4.783793662469525,415.6216690377851,2208.9164793631617,635.2860024306303,17.375554743739535,57.35811011141944,25.075172011735336,531.0651615055037,0
25.240105646473474,14.448802165853744,4.730039741359456,429.8258642994345,2307.931186345043,618.4642924904954,12.990989717785297,58.719003554200256,23.98963931938006,540.8297523903676,0
26.65096482106104,12.82063237069173,4.986257700498911,467.7990042835851,2224.6615087291384,641.373883059694,15.780461209663672,61.911756635145274,24.318582992885467,516.0963532515267,0
24.59872787982159,15.69408898277752,3.376934665325419,468.6962338548293,2109.9628463287568,646.8719080265485,22.31762998042209,67.59673409310794,25.272083302008767,562.5739247671945,0
19.62580995092356,14.371346255202095,4.651681093765063,454.6322879458622,2179.4080245875934,629.6750875553009,24.799170450868726,61.59239296730988,22.617314173088346,538.4901477102628,0
26.77411938643502,15.696133910611175,3.4817673867460583,442.36272780850254,2208.3010525448317,638.2374145768717,23.647230839069817,66.87700823529143,21.111379190731675,566.0725996719714,0
26.48220786217871,14.642705156913106,3.55518377898494,443.9825038974348,2341.460958110425,616.0766366616596,19.646413888680968,63.18237759766961,21.021724353384354,526.0936075445128,0
22.36226164203704,16.136301341489546,4.228185717779699,434.58407150188833,2171.12606568856,621.2544383212478,19.379210311769626,66.93310010529898,21.883973564059826,527.5112725500635,0
25.690038061258925,15.392547033606304,3.6255643643553648,411.83260961195083,2253.9211263211296,644.9548374372278,12.740616668151205,65.02857115957863,21.911004197607742,527.9573011356908,0
26.09011624993251,13.528856901890565,5.099896078337286,438.9300669617095,2181.6482447034723,616.3142836549474,20.527788042231766,62.295933744434,23.030740374572222,530.6642816872532,0
22.982714585995346,17.155891045474732,4.77669432823071,400.8276937280488,2092.2517389749946,627.8914178309232,19.077359045569448,63.151091297452105,23.56942533859021,526.6214874388872,0
25.085903129112403,10.894281635724868,4.559896065276391,466.8332291514371,2154.793929647895,597.5514692460544,19.61913068906815,64.60031886310102,22.834155939540857,538.141464389365,0
30.158257228048903,16.635532439575705,4.48790342214133,457.71283411533227,2170.422694062543,631.0484916349383,14.91170737607241,62.31383269134751,23.52946858460767,543.0265412899766,0
25.421651404401224,13.298887337220423,5.384934651214415,489.14426188636037,2114.4893921839157,650.049038365258,15.180114966098646,60.27312960455238,23.497301309430135,560.7476953584098,0
25.30479235561544,16.56009648890232,4.503963545807673,416.0153395376535,2173.612211104534,631.7875989933266,22.16562316167029,62.37748785149302,23.668361446408817,548.2901826069696,0
24.66928654649481,19.127484284401582,4.059042343051037,389.3172938801211,2182.8974507949747,613.9920113407776,20.036231551933675,60.2891499745629,23.147156151205053,541.2381775537815,0
25.562896342755977,15.005887054171122,3.3469627551307806,413.2639573820079,2177.2046289912673,613.5465092508189,16.53134581765848,61.84904951218187,23.24666808957778,537.8631468609312,0
27.08219505034292,17.035677968983972,4.720839899310704,431.44333407105887,2188.797464688276,644.8146065061906,15.240611458365848,66.14236011330073,23.58973322119484,546.9888973242472,0
28.084775944334357,12.05712924156096,4.564039906447036,413.79581196743356,2233.574976425012,623.2728569475618,17.74861563805296,62.64134129561955,23.782547037802214,521.1934517498601,0
29.629312521412988,12.918302500870665,3.9721584312902203,460.4545340396691,2200.329307804978,605.8101426180444,13.691400821878027,59.18701547195823,22.64227951514609,520.5730791130159,0
26.205972861437196,14.315446244280675,5.71701388512537,455.95098447790946,2157.5149595449907,606.8362654082491,18.23403677795671,58.82437341789983,22.329504033700353,516.1546383530908,0
26.443286811685883,12.338599948846522,3.9481293734899108,382.08158529011706,2218.690927938192,645.810628904392,18.51930717453826,58.91430455465405,23.394902275309597,548.4678997733464,0
27.43596612926566,15.773816371203496,2.7127460892594994,452.1195821600203,2149.9130628363987,645.883206478343,19.64160731544661,60.13229524623202,25.96009185755394,525.750402164767,0
26.716263854803653,13.52536886537785,5.284979456696234,446.34125690398827,2184.8741193092887,645.0381042367192,16.747537707831384,66.48523407134893,21.642216389514182,548.6969876469991,0
26.610542507250457,14.124547632085411,4.299573188941231,455.2877503358118,2210.817516148969,614.0463302891956,15.06379937594465,64.73212385390029,24.149018814870367,548.0077603953146,0
27.53602358318999,15.259552273127325,4.09075264239089,441.14827976576356,2246.8895769262526,614.7414551228877,14.143770396988133,62.842931620491285,24.277922757394116,540.2919104161867,0
29.84349526860686,14.491454861113121,4.917899086911774,478.02511017290755,2108.1395002336017,642.8004422408656,16.69185066163311,60.24521656929952,21.88754356958694,523.4819514326076,0
26.75564164911854,14.445981711256897,4.364330362955809,429.5457620524945,2249.4648497716735,623.0438576354381,18.602620255623993,58.7114982958802,21.961295214064084,545.4184817865322,0
25.908883950088715,12.795678224005306,4.4538215848382405,461.7713623603381,2162.08617985385,615.147516549373,21.708847230724512,57.683885607638025,22.760773915424082,546.0277162546503,0
24.87684270097466,14.71728527735839,4.148943017745051,461.49361748622056,2173.573887179758,640.5826988206678,19.500279254891463,61.2514458484118,21.312603942662612,547.2471150671946,0
23.68011744123583,12.743621319049165,3.7288154444185606,456.41896700094793,2170.187064148764,604.4239234304841,16.511501782016033,62.763562996971835,22.54211979524328,535.5253709524943,0
25.511889637491322,13.46608461111202,4.3990179472287565,471.56547579497305,2150.120879484509,606.0673895726753,17.244256236612106,57.3118099785824,23.24588659141548,537.5715424611537,0
29.556353346685075,13.815165648670078,3.9596226481379935,460.77957815098074,2199.5650814995583,597.7503310355257,19.80479616137382,63.21056873458799,28.834544178325196,536.5682283860474,0
28.254159120223918,13.85792172832408,2.3208571087534917,446.2080844226678,2173.83277908622,610.9193756894995,22.313500483875714,62.81050116507106,23.14770221091983,535.0042831094962,0
30.182383930473936,17.647782444831147,3.987331202414231,410.942412826896,2178.717575003507,582.5979805995144,12.975307339248172,59.55076376879536,24.898182736721004,541.8460871886471,0
24.901241522781312,14.147904881833423,4.0390600802800405,430.66760717485016,2105.3393848389596,606.5111004122581,18.985995585484417,58.626388032950494,23.636167389838622,523.9462442761034,0
23.98026762594114,11.434709834720358,5.668681652155745,438.21052600877044,2134.3487669122874,649.5011209446188,13.649758918071166,58.776472150012125,26.552013845707478,556.3044405524763,0
24.688472371205687,16.612457921713293,4.781938616193248,459.10102702783007,2257.9084982439986,630.2205116081574,12.390527859418928,61.74129633599418,20.86976956137397,539.7923190837097,0
28.698494937157072,13.11737053919379,4.668558946865513,474.2514647551901,2243.2903607466387,654.3084219559846,14.39877431431285,64.9549550813332,24.629545239886994,577.6137494428934,0
25.528417047332955,13.843700645226551,3.3789051398865686,431.3982696770379,2278.5125436805934,610.1690263816013,24.123420900744076,66.66446440372681,26.437560333589364,539.4052095352737,0
17.070403642893996,3.3376841955665837,9.993415409002997,293.8373533895724,2393.963331540379,661.5543011060855,40.839436648629864,41.55715584211019,26.14260030610277,578.6564283437233,1
17.00041354810019,5.023300886337548,10.191608946598683,363.55707481752165,2438.358603773264,721.1810996650505,42.46490539307098,45.69912234886912,24.767049687278302,655.1790408228816,1
31.09056459932505,12.882385720769713,5.369055932460688,438.77345936888526,2193.5086009576903,601.6098753552988,19.443338022071707,60.28116058446469,24.682569540256054,542.2669159798,0
30.962921005180327,13.533332902610006,3.6765689350237247,444.9439977638235,2283.0189409486484,627.0673317205408,13.62786441878565,61.259003778373355,21.879187549664206,550.6952229161628,0
25.47090419445948,14.12317042679054,4.44138923481397,481.2865177295156,2248.307401549934,622.9253383899973,18.799884166939947,61.1317686890055,23.587462056197328,539.6762577915235,0
26.68318828646424,12.996925570060839,5.298780192346441,421.250634182614,2132.0361726796996,641.6831204682173,18.949749369319044,58.55655509684167,20.904507380375186,562.9185320531712,0
22.932158994534397,12.814599350866283,5.7561288012415845,458.9871848678294,2145.0246506675753,606.0032267447615,22.729027169203444,62.741533187100465,22.942521660928517,547.7035527422523,0
24.183560146486187,14.123619141857604,4.248832701855047,442.4235953658578,2269.027109538642,605.3994622441388,16.449258072645943,59.920976755799856,26.15391515581031,537.4996721267818,0
26.26675337586627,15.17842183234485,4.487839509313507,435.34498308552566,2158.8847659771777,590.2935790398709,24.294089980256814,65.57122187949705,24.70882114319499,517.1312859240636,0
28.37717247182815,12.111038837116917,3.695708902602649,489.6857332035287,2258.1168283905577,592.394352116921,22.327974396918286,62.964648083078046,20.151627804473055,558.5635509917578,0
27.331330782744104,12.638336312926107,4.3271895298629675,438.39160809798415,2187.78211720191,656.8860834640959,8.94880291348073,58.9993741297946,22.641394855504092,526.8259805588999,0
25.733585946782355,14.021218456431447,3.92786905361663,439.56973326960633,2100.2384186441636,622.9871645539736,20.789654689143067,63.30165068015137,23.599104532060455,539.4138284142575,0
26.65117112029342,17.484782232052808,4.369097774651168,441.90936897878777,2191.249531781419,613.8844604285985,12.908190082406136,57.98849666002289,25.073974802293332,529.8111535794993,0
16.055898208597288,7.929321326514611,9.030511812251405,439.6275917758416,2419.431294319685,661.7415802555905,43.09349035124525,45.60272323688406,28.085527545639277,600.6586692492873,1
27.668773355630115,14.07504691178542,4.410942469777476,474.01137693679175,2159.3068397074126,615.8689582559085,23.476851141550814,63.055044249412354,24.189341257555142,550.3437998479474,0
28.151106416371093,9.35079528815352,4.542869535309807,475.6539070193053,2190.991647603533,635.864529631118,17.520962387216656,60.81852074376528,25.097444873709016,566.9344542419708,0
29.00689456326151,13.669513437248279,3.771602941659193,421.07178378515215,2175.9369459765394,602.8068837439196,26.520864340972054,64.4095484605431,25.30258715546702,553.6287742657792,0
26.981052794420453,15.54432425914173,3.7754860223976325,424.2540963412755,2253.321679393216,628.9903429130417,15.286598190848762,60.67827555160077,25.520602583413005,562.6348233571766,0
23.59516398404978,15.323395945571793,3.871341822991876,440.17577839706826,2243.6667656356144,622.1177416416435,23.49130222322281,60.7812976253211,24.310751967291687,526.4539602152691,0
24.499470758495374,14.446193411170057,3.0352115276415956,484.9167617987048,2216.499204608852,586.1551679694315,17.038690403173252,64.49917984283013,24.55826422192531,524.6431095563745,0
25.23349326007199,13.487347664060923,4.691643672518877,452.3951877788975,2137.69526650591,625.644942435343,18.971967697723475,65.05020292171751,24.84231096795417,527.9166894222211,0
26.849810780097783,16.11431607121275,3.155808260799347,481.93941303857997,2242.6588079142007,620.9038550904531,9.23533528123798,55.94299371223149,22.093098476183858,524.2041156982123,0
24.766234588569297,15.074240126542927,3.8354825754267505,455.9408466760422,2302.5153789489004,599.388851921537,18.982511967456126,62.25317152351603,24.062587007276285,547.3751164546027,0
28.170815045269993,13.064269125162165,4.244988730793902,464.6979486478406,2203.4927745056075,620.795219185526,17.52709397226128,62.459203923655316,19.675934844399055,553.0360370664706,0
28.531503219384113,13.018325007726297,3.7702685309332415,436.6349939933217,2192.334814233091,597.1078844590228,19.781921351464657,64.35994600995694,25.590764504009446,554.131898877468,0
24.263182452610433,15.917826992365054,4.762179925148605,473.7223870270876,2226.38739959997,622.5986225798999,18.0583841260827,63.22070231509973,21.479211532329813,556.3426329604331,0
30.550175772840127,15.027820479353986,5.1871996009187775,421.2123922156639,2239.6904244920684,632.7470948133808,16.696549058926294,60.21018101985404,24.244497971773818,553.0860627986742,0
25.769572035491112,13.161942719930495,4.7563503044075315,441.63367855795985,2184.5384638024757,623.1811499610818,11.878295518549432,61.4160836234029,21.72717818624398,506.6940467033382,0
22.191341481486454,11.353640593280211,2.836093421927325,476.64142223700105,2242.291416190829,663.3034166301276,17.697295076464716,61.33786469615072,23.999609060650783,523.3955055044913,0
19.27303179650191,5.968811072439537,10.464786188847869,373.94807992074556,2273.27915077441,669.489353135016,38.56369614482247,48.201131227124925,25.605957061824093,584.8036467416468,1
27.68782016837002,12.350984925962212,3.9482496944093994,424.3294965806623,2165.6976571420287,598.6215762618142,19.54716689517359,62.45592900154222,24.74101269463597,556.4670954952189,0
19.170607567667552,6.523459942035152,8.779139292049145,369.3836187292177,2321.6726849319757,656.7470300411233,45.477423824195434,42.12797451062776,29.79019651728523,606.7692435701839,1
27.625793195109534,14.790893131745854,5.399079524847559,475.96421993530987,2155.01600449512,607.8352250196072,11.683864649869871,64.7922307341963,22.951910745875146,532.1065380920667,0
27.353771713842008,13.911472702918564,5.092494346753497,462.30015434470874,2150.6540396127452,608.3185372182747,19.993639926686505,59.5739140537837,22.31037652886921,529.0094108252749,0
28.15666492596371,16.76240705007706,3.5969361666927737,475.07492251126814,2135.294621748873,635.4877357384686,12.52607834141142,59.509826361505745,22.40855178358306,545.5803636180354,0
26.825686303682215,14.682693005719567,3.8116332455476107,422.29898633884574,2263.5842598317367,633.5354558957196,18.893781411881957,62.2016677639535,22.847288394004078,556.184237916832,0
29.883964723923494,15.630349203981861,3.473535853484935,506.74031423212995,2289.7552232868416,603.4171272766766,22.11525108776339,60.10040940871525,21.717210509055285,539.1639405916718,0
26.79806465281848,16.115761935244926,5.82632806130783,455.8106903515379,2183.5648687432013,644.8680211008302,13.907570367584505,68.36442365416923,20.892531984213353,522.1039050489442,0
27.757621670942164,20.417283524039526,4.055597832818568,474.1032855872162,2296.8051400151257,627.746454419838,16.91363463737813,63.520424056749945,23.756712274073692,543.8265669858386,0
23.64515443464399,13.974920051452207,4.581245580610974,434.71010479052205,2283.0606921786157,612.9236830504067,18.262623417845283,63.014231568412086,25.148018432305776,518.9019290006504,0
29.89530273966815,15.596354140809837,3.3934157258846223,460.5120503184,2129.736427638732,585.1159974523196,17.124693415244213,60.06405859117077,24.527211280670464,561.5133176944663,0
16.342460003664584,9.825009125315873,8.366040798075156,284.66686395092705,2388.9108660432107,687.0431716173882,40.368286344060216,56.40323185438467,28.559821874743587,545.5371611139151,1
29.312609804270064,14.59492480555703,4.349502300772908,416.7316890784809,2284.6455022563855,652.0441952273195,13.170925123399151,66.60442797379547,21.27979820541191,539.9801290240995,0
31.587683256827667,14.038625541063858,3.82029392708873,463.88487268605786,2239.5041356222855,614.1117015888336,20.24985801308457,61.47366967345016,22.826671929226347,554.9856517126016,0
27.550566773686466,12.866166556397989,4.287100068238208,450.2302923158022,2149.4921163144345,646.6186751666296,14.550234319018482,63.173780465702386,23.580347923385347,568.8079810083727,0
20.72474140841839,12.576835171400882,5.162645997621213,449.8955301646835,2245.535375666258,622.2958506047312,21.515597116051794,58.87693063083459,26.43546596987268,522.8348561284414,0
25.868706664242588,11.555064959392155,3.6925363231644637,465.42834805183963,2192.1624355258377,647.9999157181356,23.790834131760395,68.98534489385874,22.498761994059343,523.3906476077723,0
17.979005920423685,5.102211207431889,8.012123613871085,364.706527045359,2319.680101605345,703.506143121942,53.14288106568945,58.1466328200345,30.863309026904336,549.6234662721608,1
14.824543763960033,6.294955211865437,11.246331483842951,411.0832424874655,2351.5804142353845,732.4349893265262,35.065918005143864,35.72739135241956,33.033187463093476,610.5711979224302,1
18.674104793732727,3.5479516489673824,8.94030759042579,348.25111840528507,2354.013242507255,702.6924112258066,48.747372306081914,43.07843596841947,33.68828525073038,578.9981624423456,1
25.29689719033647,11.308737727068312,3.970403843481479,467.422966561324,2211.983712179815,613.763073063314,18.06352684780913,60.930903481338134,23.575183803652827,567.13451353148,0
16.18753970504257,7.191850324594247,10.283642264163046,396.5721650491829,2359.838692883055,648.375036063833,41.89093947256154,41.14856269619739,26.923209113476638,550.4135421347216,1
28.175198105505473,13.873784137815937,3.59791235429755,442.7001934643331,2176.821968007216,605.7346654180868,19.42551562944063,60.20832449765889,23.2442141315526,548.2680781736012,0
26.07108872445913,12.891535073925716,5.288241642188831,449.25097379002193,2203.1635127420623,619.6622135527036,13.862472172159606,66.93293186367025,24.081978376583223,527.4083790819453,0
24.993201592424445,15.624698077752685,5.097326409121042,439.62404728041133,2176.995453992806,613.8462246912208,15.235590338239204,57.4542184762458,21.798848382605417,552.4304228856147,0
26.2960305757872,13.039251448052806,4.801219195986149,504.66770402329684,2170.687357136211,621.691004328289,18.953945701309017,62.68852122370523,24.02062273524701,534.3977547720649,0
16.127558184817495,6.889336570432851,11.021934331327635,386.14655934459284,2406.630215307032,730.6524715382328,41.45227093143869,41.91458458223558,29.383508799613566,599.2577698439426,1
21.169884298171727,12.358334410298832,3.909178780829075,416.6950571677247,2209.7500033583847,634.9569038980871,20.967481497716488,57.672894769414114,23.060580877229302,535.6913840313784,0
27.337605918843533,14.69585069974201,5.126434828800314,481.65521945236424,2147.3657913941734,618.5667188952635,12.875443151611988,65.94932783013194,26.611729620636986,514.7413520832903,0
28.184485984169395,13.40354870286998,4.903267756486017,491.93548400035667,2139.2455170553485,637.4200635316248,19.78407608287032,65.29256451693472,23.747128155857073,544.1228775598679,0
24.406504440431345,14.603720918950463,3.480294703465346,477.88506657742363,2168.2166495251377,559.4395487386357,14.52418150241936,64.70390778547619,25.068321200878927,530.0359600860663,0
26.59728301725365,14.472773432377478,4.446221221602923,439.006924962919,2256.370136353229,608.9961884961104,15.204665835625375,64.5995651625259,22.062742377786144,567.6348420217533,0
23.293413374348695,15.547864994768458,3.9655374347200074,438.29194066714604,2233.9498262871216,645.8524482067869,17.496063175622442,62.330292785643685,22.833466099238205,521.5138996961213,0
22.78736130218141,17.008631673774023,3.6480119333557823,445.6912381936605,2183.8844077873996,628.085769245296,17.890448838868707,59.97291331694138,24.842069259667106,522.9098570465613,0
26.94128105343112,15.416091939696061,5.07710451563616,420.08249706038714,2229.2020204627665,626.7887677063496,19.77075894676556,60.002944719244034,24.30126773915539,521.1893570350811,0
26.991940241642393,11.668298871377981,4.638896585882921,471.1496044939198,2146.754189088953,611.1710424596757,14.40885839333803,64.0294638745584,25.850842095531856,515.4544448345499,0
27.701866647264772,14.756943111567864,3.338256349012288,420.3731489174186,2112.1633073318585,635.3659897731686,15.32513149605233,61.19060918418538,23.264756885111126,516.5127448556317,0
28.34209132730013,14.85940654408131,3.4721786488807758,490.2408425577273,2279.464934726892,606.6110644694498,14.57760811136243,65.73747588205177,24.430844052446627,552.5354384709141,0
11.666888103941726,3.405646618420744,7.737065080205399,289.4619757740436,2299.3396106647037,649.8438144039524,51.95766132666187,62.7257592211155,35.10140737755669,577.9924795275806,1
23.058284631109228,12.251884881543532,4.20715771991794,403.8875751547241,2195.855523182099,657.3494794526923,21.728829195265913,64.45379198819661,21.673911114812974,568.0906273032496,0
26.46765307974103,16.74864569423908,3.511120023117324,476.4951106232842,2327.692538848766,626.9891377825968,15.658373650548741,60.9852626486524,25.7859971516435,546.1138660718532,0
24.458562231361064,13.02626577507497,4.476932350776767,460.71241197483096,2187.963022942315,645.9272759462204,18.81601448717408,61.47207752579157,21.817966873899167,535.7493968715647,0
24.309725189430107,15.223137144234673,3.9604253629500565,403.44307579968813,2216.730364586536,620.9061364696948,9.646188426047699,65.05371144554756,24.057680958382125,545.3364130307829,0
25.98982621237891,11.459834384905491,4.214446443890347,414.3371730281548,2194.2738806705443,634.4732842948383,14.95677254451566,62.67334391314103,23.433441460672274,545.9950764263409,0
29.39737395594225,12.960786188312413,4.513396525712759,517.5491983568471,2330.5538114204633,622.0054139807851,17.919648002929733,60.9052051565393,25.335833190475,536.502791750559,0
22.22693474022461,15.624514798434884,4.300291972550905,473.8301220872822,2211.76561131745,626.5548006657049,20.0692262329788,60.64387431091018,23.05337961383575,540.0997230227648,0
24.83530572219891,16.095000917731262,3.665635021795449,431.12246858021564,2203.0118086467505,594.7282287599814,20.590960076220426,59.93049577946828,23.445311900571756,554.3607422621881,0
24.192783895261833,14.659147678961965,4.290808160194045,472.6502606892652,2159.4341335213,646.0918501491994,16.17030780672763,62.71316622447148,21.759875383534595,544.5984474991798,0
27.913651047922734,15.834179706713236,5.256541431676565,493.97210203779383,2133.111753690176,642.3342110129078,24.335565229676984,60.958028377941304,22.943120101071806,546.0232841375303,0
28.605317397844082,14.795802857479769,4.1713933910316765,448.5271805125673,2231.6569199091423,590.8257880738485,20.209621010708776,60.294945584914906,24.012689444994603,542.9543512248194,0
26.500210982728536,15.585812766294575,3.748125363725425,448.5023515580709,2231.6422382212104,581.7551468896232,16.530824146669374,62.202826396334615,26.236514177650093,552.5198996411448,0
28.52298682963293,16.73520791964344,4.89293118643541,418.26988571593444,2266.6040362963936,654.8666025598249,17.00162348590732,59.95676860196152,22.670682844282467,535.4147624320956,0
26.41915720326196,14.522005081069324,2.901553877116158,419.7270541200089,2172.239495149921,631.6766861625733,17.963516711976197,66.59748191437704,23.20733378372945,523.8814592042555,0
27.51213771908927,13.317750973169117,3.929736817304488,403.07710059698167,2134.3037649881294,605.8142361836401,18.575989558847425,60.976623518568914,23.36434241670293,526.0514645520736,0
27.823533517814305,15.89994856337249,4.282652215366278,445.54497642842443,2261.037322116443,621.3950456844698,18.855629482347776,58.14612464115545,21.25644893572432,541.0468623165091,0
27.22054765772581,15.205787862527965,2.7000415655505625,463.6169349293028,2135.3180438680056,649.2980073815047,17.097992035143204,61.31349147048665,24.249562886062336,528.5683096488459,0
29.47603390823436,13.15012023911228,4.786178490257227,412.77681190161593,2318.755907313747,602.7008101183318,25.09324896062356,57.529140230264304,25.38584830029532,553.6027222562219,0
27.297737085058934,12.794352327801748,6.176312465020889,422.19617734809606,2189.4042570044544,633.2135642307646,25.563003062996955,63.3348264261971,21.843126991628246,533.2154259859944,0
24.525034115330993,14.29848813035145,4.928832884698669,440.76048932923925,2199.0299607150087,599.445895926069,24.745584774830697,58.2127728124901,23.84346423272387,540.7243052104548,0
24.676057014660884,12.041817547338072,4.928734113572366,405.33338682761206,2157.6251402144917,620.0831827756231,20.252450777503427,59.90016399474815,22.750478562098426,516.869969403214,0
20.409011430949228,2.0,6.201459084708165,377.00090375981495,2571.9997657388976,706.5764890141509,54.53847284903905,58.76823745642817,23.977775395534344,594.0758293692,1
32.319132750865215,10.156644497076929,4.738416875412015,467.80578265330115,2231.651047414348,600.8566930950169,20.062657840242892,56.31889776764289,21.246922115096588,539.795233201223,0
23.965706583899003,12.407757591684748,5.212542072483852,463.8150295088654,2241.883293343899,633.8261386018552,13.142394432095324,58.83771560783679,26.228241558178937,550.7151187914294,0
26.48023871156691,11.367053925035405,3.9747599016148603,454.99561741628975,2114.842676222628,594.3890684482526,19.065053761245675,61.051665696461924,25.919240520903376,576.2870628553691,0
21.970733663901722,3.611254088805485,9.498481470812587,319.0675487693643,2340.181518269834,657.4742661064527,53.39876496651832,47.93600064448561,26.601458944704127,587.7833145833943,1
27.38008617950731,14.826765428700673,3.910104866821616,451.42899590004566,2174.8002445818224,610.7594701372302,17.31596951984517,59.72875691813297,21.056773156090955,537.974074452985,0
23.02328642506186,12.691918134200229,4.943503237252818,478.06061023249555,2150.87197546178,597.0171642493115,17.860490934114047,64.45021152245097,22.67722583515186,534.2934949852581,0
24.62061038046625,9.997983763860997,5.174698707574054,469.7379019338703,2181.3193778993264,639.3018402425183,22.506854923990275,63.61267664661492,25.126759438891813,568.1018860257141,0
23.766321573845044,15.929968275016389,4.27005605272354,425.17719065256796,2175.4806195118244,609.5325650579751,15.02204993416433,63.02527304407293,23.544501712391522,549.8451039574344,0
23.22049208555697,12.846334743425874,5.088137921382785,469.42066096623296,2217.5170517225733,612.8074608043278,17.856961512457797,63.12713796173953,23.31711942436745,511.77910019191256,0
23.56998201851296,11.204158492005638,4.515934350296145,478.80547491631677,2162.2485231227583,652.9242040091675,13.787709280275498,66.31890059158074,22.656919856432012,513.4060626681387,0
27.597477573472236,14.73285953867671,4.573355248962124,435.6195432394804,2131.392397594001,578.2383366070501,17.614139745582268,64.49546223208404,24.30610462846202,555.4519868498212,0
28.455875856044152,11.426677906724652,4.616813113438324,450.4190614315487,2198.2332723853024,588.7732681299545,16.69236834287803,60.68459911493604,25.029916371795153,547.7893928378155,0
23.338645020130215,13.727719364721699,3.327213676285138,457.79061889186494,2201.4235395554715,618.7600438126192,16.93634252777527,62.95267704047933,22.708798329769103,554.4943766803918,0
26.66507674390304,14.210233381126574,3.353077647254289,457.524481860954,2220.0197200022862,602.7029203972404,23.789350362542645,60.853463850846396,23.32276826763354,495.84704883100414,0
24.344205101311143,13.73158846498638,5.204384697162628,462.46646024052507,2187.0300369748757,624.7826972466407,15.310044780642645,64.12571740601828,23.147084595334853,548.1519522099206,0
27.6151805037052,16.784760624643194,4.144774476827383,480.8460615216358,2197.0186183804794,672.0394815631687,14.673502294243747,67.54118069902283,24.31894464329368,538.0505570778907,0
25.904565640063336,12.949962564534363,4.513919668361851,453.33532703927057,2129.9948860891172,624.8962132624281,16.520871580393198,63.96632454940907,24.086023562533736,529.391165921465,0
18.279408609547406,6.638915631169259,6.7229797946193806,403.0470010035166,2234.0047327410566,708.969326965351,39.15201775590222,50.32949421653637,27.712328496331654,611.7166128345236,1
25.360206365717847,11.538849239363818,3.7921122400002423,455.0012632265984,2169.7513339065267,638.0396259035183,22.09459265101407,54.1348965022286,20.98960903271191,531.1088351818049,0
26.756382959315665,15.684888201305384,4.003265362421272,478.9774111023546,2244.4025467906636,587.031111044774,17.56638203464753,56.653858905122334,22.853143123922614,556.5799881576899,0
26.165442588709897,15.5502668738182,3.307517283971545,436.45864351502763,2240.108381572012,634.4164619337046,15.352836527572267,58.69698098447194,24.993398139253337,531.878782386874,0
26.82764456511536,10.998728622809704,5.063445050091732,404.47136037781223,2164.0119667524673,594.8227307473182,25.583966094263705,59.495866042947725,24.38313789618928,541.8359803758225,0
8.959438381844022,6.42818955351672,7.133793930780296,375.474317374856,2341.253215193026,698.2127961948216,40.41709037008267,56.36300657493552,28.90774464841033,564.2153124959625,1
31.491827229229465,15.395726143700143,3.851208910820877,439.744425145262,2205.9813507936406,580.8944333785901,15.368551343414028,61.14176796981067,24.90425810021708,532.3216987486737,0
23.554240942212836,15.717713758040803,4.352038750332721,484.82054623292424,2220.0875955002844,597.3270029695875,10.471834013736313,63.65577388026941,22.44697950751036,548.3296120683293,0
23.740648255544983,13.958751002543142,4.560662366412009,477.42965185390585,2186.9291350509866,620.376727570934,16.652796844639397,59.112761452733196,23.731517689699842,544.5329908330066,0
26.72700005902512,10.937340940176444,4.522517896916367,464.8284882635993,2289.949888842237,640.1139318233858,15.923627826664,63.98434771593718,23.67774219724567,527.3525272090712,0
26.92544235797983,14.089349733431497,4.348534190813277,468.3506636043045,2209.704581475159,615.3065561903628,20.590293487538638,65.02172693175427,24.004823447740176,536.0608798785898,0
23.38882053099731,12.99067406842983,3.8524830092850606,488.03898523755504,2209.327402792699,615.6035882153203,18.033278318203614,57.053281327054336,25.657109780140832,564.160966419054,0
33.784656165018326,13.146660791931378,4.481321761525131,455.99146741397396,2212.4059779589147,611.6951106188243,14.555155829819704,65.80027646569101,22.889958428188717,546.7725528018957,0
25.014625110758015,13.114639037379392,4.206345123317445,479.4991434864397,2192.4841275286803,604.1124772029231,19.174119192503742,64.9037753881679,26.160416344981414,542.1730525775938,0
24.147194760187602,15.229346528746078,4.566078302278266,457.59410188792975,2179.6411659786704,611.6885222444383,19.365767762044484,57.77693473918743,25.009657474382788,558.1416353990464,0
26.726224454069687,13.146318696448521,4.806468830403441,441.96725223655295,2183.610009999208,621.3092275111661,15.133232852479093,61.95278994043692,23.141081561448484,559.1976346551876,0
22.758403275241683,10.880583187898454,6.107918693294108,494.4079824510145,2151.737474063423,613.0994575183812,16.847751982183215,60.45210910858351,25.253117206309778,553.3549424324824,0
15.461509260312297,2.3757937564665133,9.922483239929754,317.0772269175074,2487.87864308667,650.2404407248802,52.30193426312035,38.63088305575234,29.181383915004485,628.6376741417638,1
27.122334775991646,8.54140065635546,3.737564909101075,430.441063299566,2205.400590226716,600.6819101674979,11.098337246521522,70.29446558556259,23.838766163797597,559.6394967358589,0
22.411341878855353,16.178531188813558,5.1230791884171145,441.78067788320766,2257.485189148391,633.3308978634201,19.441437458670723,65.51374119567518,24.977033788743668,538.2067413364969,0
28.32693672784661,13.715701415953149,5.176712381216438,449.79462548958776,2140.7264183176158,635.692624267668,22.750186224881926,66.55024029996785,22.47172016475532,552.0087283141511,0
22.592789136650374,13.820705837661826,3.8981984923687474,447.4894073045538,2288.4711453007303,649.7460134546238,19.047736866294567,63.196563054238645,26.094938552984352,533.2669471604358,0
24.495952898078873,11.75545411244828,4.145421063125203,455.37190434025996,2278.0287635094064,586.9031376998415,27.12095200925765,59.51644802750839,23.378218974190894,538.0236677779429,0
30.963295985561818,13.067898361121005,3.9747629598478618,445.49751747551886,2228.974704396777,610.7155992155599,14.033636250102234,61.052174992514594,22.43928250541835,544.6484670336049,0
23.956939147245897,11.69707761946493,4.062000482383331,449.78126508108517,2186.038287731349,605.1470932096142,18.076159442790644,58.71556883517213,23.4891971736478,541.8277760103747,0
26.363238907876823,12.213196479508047,4.743874872487418,449.91996239921724,2168.732710361424,650.9835848941595,20.95608501872282,64.13446648118128,26.412727330602173,559.2328803848593,0
25.97327496409211,16.03055868682814,3.294975967600892,417.77115861678715,2229.32317361819,651.584084200736,18.176244356184064,62.81319075286552,23.009371698933407,528.1569380861407,0
34.44713419841884,14.661941885946753,4.777298725887747,409.9172758283955,2125.8980260281905,643.9749187230893,13.504831895554851,63.73686329173821,23.334744683097224,522.0133781214043,0
30.153610730605507,13.193762098804815,4.542120542347255,468.54824799272325,2222.48825796839,594.3917397410607,23.479476870320084,61.62560642703681,21.598526153177747,543.6116233971153,0
23.519011673893917,15.020182724461723,3.612363499858339,500.45276391889456,2321.052351814341,577.3985471248296,24.893779240647152,61.67605795496506,25.520156003596,536.5257362164223,0
24.250763033780615,15.587257807770573,4.572718535671742,454.93325327365056,2207.081438690595,645.6154663228634,16.447762767628056,61.86409762043587,22.829259860597148,542.9088818479204,0
27.33960314233256,13.44159290563774,4.706006935154988,484.8943038203063,2202.073626817586,624.1241225361618,9.322021017027136,58.32553475004882,24.684240258361633,556.3636695097885,0
22.743741359897758,11.28528848801487,3.754518263745853,438.7260793369971,2186.106214642187,608.7333704603725,21.286124130532876,60.36364053041332,25.53697416767774,565.1674033708188,0
26.498592257192602,17.965004360911877,3.7446090816041404,446.15779828706246,2123.758600835804,637.8184342110472,17.222280661901898,59.01491461671329,24.808543137419964,541.7494269373439,0
16.234919274950496,5.352111025261706,7.818274117724129,409.32619705265347,2398.409718527763,621.4125332209132,31.275270015879336,50.217771401720476,27.87425255776048,593.7709375922127,1
26.144991963981198,14.335245679691697,3.0072745022391922,446.9563885722272,2269.122346593761,641.543068208645,25.349403284168513,64.16589161124026,20.370449983768047,547.7026095523142,0
28.851411790978034,15.072016190647158,4.457089757193501,448.6346279787485,2185.7350918806223,631.6065489189003,19.540387461429663,63.51228051975394,22.600136322306394,525.7224935492385,0
27.02666719431155,13.5051777929671,4.143114864366007,425.88381442833526,2193.244460183476,625.5727952062763,22.637246629767567,63.446497244748976,24.159252802801554,565.5554444808726,0
31.34307790607379,12.973093805445219,5.086085178718925,465.6302064899976,2214.5211945648016,630.9332665369982,17.39905339031449,60.23217950758598,24.13187314606724,523.8130231305386,0
32.27461105522519,9.998481324021451,4.913009952363209,477.5695561831893,2216.030736359251,638.6810058822434,12.859891419672785,66.71226383618631,24.127031617334488,538.1061229396691,0
23.244551232844206,15.854962617964574,3.2456101810383493,431.83825988677825,2203.2800074171296,607.4414889398636,18.971461573441907,62.093172471088884,25.055156180561507,534.5640866446124,0
25.26632947711531,14.722239988759759,5.208184263587001,411.4454473618407,2237.6360652430494,651.6881166594812,17.4607659962044,63.81356189180249,24.21719269853872,560.1299890040908,0
21.798003930064855,16.41110986300189,4.023508539092662,460.58261210522755,2248.2611314486553,610.2362387592725,17.590494569848126,64.26720994997886,21.237201598917487,544.4595636893919,0
23.97865989514223,14.915663109166532,4.7923938564161706,425.57978767312574,2236.5128480808426,615.1246575320831,22.254556601817217,56.30289972068549,25.40188525951003,553.8853264869038,0
24.36689162360295,17.109056475928202,4.420286626131723,466.2261532238921,2118.212835590299,619.6485647893667,24.05203630040223,62.83098042524104,24.189581053064156,555.3458497038586,0
29.33058643044812,13.89422592955647,4.499413560430646,455.3091631996986,2215.1777118095215,618.454812693353,18.490928365488777,61.60302546451889,25.803618206833992,566.4984479174317,0
27.119164752772356,12.498552318169397,4.561411703335512,468.91216787304097,2194.4515609334885,604.1175211850818,20.998005010034642,61.39246239397155,21.74093536770419,550.8299002302873,0
22.105679021608424,12.703259009200522,4.673166671559133,398.83925751129044,2194.0636344549816,648.0373125526645,17.137619616768635,64.0775595225781,25.276045824518633,520.6133060446292,0
27.697188846301152,10.855163208197435,4.460261473328671,421.40710555064277,2200.627636155514,580.2220010140962,18.02233229948092,56.06882474224213,22.14317360784118,526.0674948860247,0
29.247978888869532,12.601829353688357,4.1616086066228615,426.8709819388195,2244.93411912406,624.5610299405048,21.75208636810388,60.61547441481138,23.04356458888116,540.6810468427824,0
23.532323934064074,14.22679457537367,4.371956128376357,440.7965866526537,2193.5793708584347,619.7665897334166,18.280697257644025,65.60340684570873,25.09450078036831,553.1078518577468,0
23.706680994871814,16.8263752809528,4.752248699004367,453.8700772493665,2234.7678350488895,618.5915286107381,21.25034184776157,61.31660217901052,23.619550058162165,542.5648949921641,0
26.146511244640493,12.533961927071799,5.095980937275454,443.28555205611514,2293.992501247265,605.5548936836801,23.564054456496894,63.787638451990105,22.75780108671317,538.8197310433097,0
28.90183576898616,9.757919820391713,3.9658768235000816,417.37628652765903,2200.1707942004255,620.204185731255,21.615830466568458,62.30410017412672,25.70082310753436,513.227517915996,0
30.884227566752703,17.167984361071845,4.193225491823502,419.37039356672125,2274.2978277237926,627.651413761815,20.69611110004102,56.816756027042615,24.920932441746718,530.4643991169278,0
22.48682188216858,11.874609385745368,4.275768682342542,463.7445065245548,2254.137291264471,630.2441202825567,21.439531182883332,57.636761741278995,25.189807422673738,562.7019196889089,0
23.881782134040474,16.534702953684086,4.406890246733873,474.607566386939,2200.498519263061,640.0441482887572,14.757337651300553,62.79385702018548,21.92136732073739,551.8007249626745,0
28.778095111422367,13.43917062726581,4.900069897314143,469.51382973306943,2222.5526341021814,598.1631076614368,16.215179153176763,59.82005948210196,23.446851077909223,525.5350701904467,0
29.496299591291734,13.041116774849495,4.75164767504406,463.1289322507568,2262.8639450567202,669.5880690430964,16.529132866385837,62.9002573278401,21.00944913001743,534.8032967806404,0
24.59235697576308,15.200641656338997,4.273985642665475,513.790831832253,2289.174243509343,608.1208970450423,9.720630232120088,63.808093999626806,24.9378622803072,538.4647056474822,0
26.456092933806385,15.184000658709673,4.346545045938344,489.61500474508824,2135.725221893319,631.4508212223681,15.496062634435404,61.73373406656165,22.900702092339245,535.7409562538136,0
28.651324269903615,16.081116398388023,3.0124485139897335,467.6621938949284,2262.6345298520046,605.7371099790846,17.69499298474654,61.07159044443098,21.622572655057475,533.6257853377707,0
26.656745758091784,9.13777541168916,4.316643526164341,465.49634950816335,2114.326327907385,590.9388360730062,19.105073778990818,58.956546660225655,19.779390948248082,544.6609039575817,0
18.062438676827306,5.436564157330656,8.657328117067713,378.2551274151781,2414.8119598982075,705.1089107018176,37.11566249610218,46.396331741738244,32.50478250267846,567.5456212802072,1
27.483442175635243,13.106850157592532,5.543701727786242,459.68385119986044,2206.0482230351363,635.1866346253488,22.86990301209837,58.99489380688172,22.91361678767622,542.2476255634656,0
28.56997044199265,14.212972708677466,4.184142027155581,434.2663847358901,2149.755654584008,628.0369489412963,18.46552303695835,58.819496315396115,22.676243419608,529.7700656317414,0
23.284016662290757,12.409408385748439,4.603637627098648,441.61556370816334,2138.0257705948484,599.2507403630658,14.543483570799308,62.95735073794043,22.31185175641332,535.8704198863323,0
25.183211520134478,17.355153333873037,3.7173013082745534,470.0555598038785,2204.9941127143943,593.7974069055288,21.756804870457202,62.090290857829665,25.637508340449656,516.2451341844408,0
21.405678730663205,14.489577210094868,4.579389204280528,446.1362027203268,2178.5295128754733,650.6258035583319,23.556500273653146,57.74068685967726,24.486789987634147,558.1357045290873,0
25.885596249967747,12.720696466466402,3.9889685030870066,492.67144810418324,2169.383705534815,643.4260726423283,18.92583834037889,56.76622150452326,23.60472037226208,546.1571595236784,0
28.599806512831996,13.696174172870913,4.589926784095541,480.8305041377681,2250.474252674046,590.5837237431136,22.31722741886097,65.71889743445075,24.067581090115787,547.0271258086854,0
22.940663911502348,17.108768363491684,3.790154635674593,437.1063353843957,2266.9867522449304,647.9484030432513,16.48294439716423,62.38925483539095,23.280631629073966,523.9615624128118,0
24.27966536566587,12.982755944745492,4.6293228310223995,441.19245883224687,2144.31814221745,608.3479446620754,15.977899002324195,60.688055312667714,23.01149656483274,560.5570447110949,0
29.071952299363772,13.334350000886547,3.144113841878105,436.9613220067149,2179.4604743799728,591.73452830871,14.40432625323518,63.381653283902935,22.910073143090415,558.8017562184222,0
23.29732698288542,17.48717682443224,4.476687834815902,417.553425725196,2166.1973598597883,647.1826587030592,17.61749231466371,64.16212919001016,24.656106888183903,528.3710530480168,0
17.91673841796554,6.689278498604605,8.5626125334244,329.680799492918,2364.0577708110127,657.5699006804225,25.083047468321713,61.91431466079405,33.299371824619186,601.7269445504321,1
26.641028917923926,12.81644295106936,5.22593955355643,461.50752578040453,2159.1870094471487,622.6918345890476,17.049426985707754,57.904913340830284,23.415237711781,529.7201429362312,0
27.172283619196502,15.408584513510952,4.597558890255151,436.68517497696394,2254.311845241642,566.0421624411875,20.291899586052704,67.25785977361829,22.538243187457947,530.5163163198233,0
21.697710185262046,13.996051985491393,3.92853579629237,451.04997717860226,2200.4668358938234,600.3195239459236,22.044342018673284,59.942588879302534,22.09946604194021,552.8172960274501,0
23.820746682845638,12.957406757480003,4.174115793558334,485.64488683943136,2174.815336287078,599.7971289163015,12.338072802540855,65.97865928677304,21.932240057643675,527.1984274125972,0
24.24373373389177,15.663863821695351,5.302647378472054,437.6384360673493,2204.639493132052,615.4501764049298,15.956349742788488,61.39338737330269,24.104173860686767,558.6984961409694,0
31.192111528204176,13.8948087117392,4.0348144725827675,487.2409522697656,2137.002664947368,619.281207960774,18.90847374877015,62.18252315151029,22.22053106801177,524.7451405874478,0
21.448810499021697,9.72509328893537,9.5567116854172,326.19337891492324,2381.146902868365,659.0895895465711,38.61326616532577,55.86601803289225,31.186374154516347,583.7477687896658,1
25.591041774233002,14.446371977240892,5.449926575435421,450.9050659814957,2184.6167600408207,599.0179562143776,18.79619220394482,58.83758183272826,23.033726643050365,550.5981343926443,0
28.99138721124601,14.74128617527191,3.7079932784162986,466.0896344858282,2262.2947091135425,634.2087035796919,13.441699564270397,61.643813927950404,22.1463681530891,550.0871276845363,0
26.85354868335136,15.173097105304736,3.404964220304788,442.2671099486372,2145.006944309004,614.228106766279,16.511171989428473,57.453193874412555,23.704603995167474,521.755811055533,0
25.628187319378906,14.394318004218436,2.9285376358696005,433.7126229370181,2162.1945178936126,591.1733773098825,21.681027315684236,68.83131083723491,24.144641815010957,552.7238973768815,0
28.988725707363294,13.027666972551739,4.114510545368037,463.4447041718273,2158.1233962780257,651.253165728546,16.980422397086635,63.330686580820206,23.890301472359287,536.5707911324296,0
21.108115737404482,9.823323561422765,7.922508749865698,310.82396392061344,2301.376545897917,637.9849335127035,44.25067496625527,63.65433809816549,33.873366566937754,587.1558795425765,1
25.429180444592234,17.577281891007143,3.9442190471917193,436.876687131133,2262.4282890378704,614.5563201066209,20.302061027534346,63.04255051741672,24.083697293784144,536.5999374180547,0
24.518685423855214,13.396830524174927,4.0573898169568325,428.29422064963217,2184.865488402482,624.1285624597324,18.272142020555865,68.06671765520404,23.40870724407389,550.0723490304473,0
12.661466917440803,5.220630111713121,9.0645550521106,402.9971337834542,2621.5938946116703,640.1481918975853,42.54341460075815,40.17648232170155,23.821929284704428,601.2653131135431,1
24.467647261724185,16.804705652855983,3.1909165460233924,461.39224796387305,2205.388104433816,607.2841091077114,16.300550092731772,61.831202437204226,22.362001405991872,529.9538980179149,0
25.153071705955643,14.450401131570864,3.663430186870769,446.71816312284034,2155.484784205635,585.5051501413355,17.90800614860261,61.66307952089075,23.210750839348183,516.6770806332275,0
25.05526472980586,15.36570515899521,4.4798956900497044,453.0595580901204,2172.1676392854147,619.6705326390498,19.468300009563464,65.44141394473644,24.31576029375077,550.409572586632,0
28.786560134967118,15.261437508529504,4.605682430866115,450.1605059631088,2323.6507901961736,630.745520239123,20.17814627093175,60.28403754719002,22.842975776264225,574.0796622773527,0
23.62478626461909,13.75770260740804,4.7207879606089564,409.95026216984195,2194.153697911067,625.5147962581347,18.37735154188506,66.70938902187721,23.77264351946619,515.4142648210004,0
27.717431201963954,15.989830842623773,4.9828390198929124,438.5524676466103,2112.0964669998193,667.2027449931508,19.361802719321116,62.70550650197542,25.008926935861272,531.4589063670534,0
24.68652119498006,13.640557267793952,4.331663975171959,471.594950360311,2216.5192747310784,644.0392664230775,21.500855968458655,59.76058329087914,21.041923782921344,530.4225594817011,0
27.594139183835765,13.572543461281022,4.658882563035954,444.8282231726402,2191.43292335075,624.1749673562782,16.871529796053867,57.999354159309014,23.761968736420563,546.454473776862,0
14.606324501459591,6.929195954303012,7.312344942315517,284.44210291829336,2401.2407315578157,666.1766230563551,48.20904772406871,58.861740826684425,28.686333044395685,528.6840702683575,1
28.911376705598332,8.66854551252166,4.76156558478094,397.7229289215843,2122.743454744418,632.5880322412413,18.831648513277578,67.13172772697676,22.43936167457725,529.2068699767366,0
24.635430333047093,15.106570517543297,3.8499032997980818,473.0766175469162,2184.575103474857,599.0570726742144,19.35519424496278,53.690349144546296,21.970863552373704,519.0397723670793,0
26.35804201401827,11.821544671038515,4.684492340413769,458.9500608548532,2151.5732299754013,621.1744098448906,17.3880582361458,62.66292618074074,24.093563264902908,547.1980272201117,0
26.87730381701624,13.62123558762293,3.4423952927890067,446.0371902358382,2193.0298625230566,628.418840478104,18.664954780094998,61.349457544799684,20.337164049211157,539.0054260681495,0
12.004567524522518,6.476842534612773,9.714348734038014,337.10003296075183,2486.6085320962943,648.6235432739416,44.978826025014804,47.80832215762697,34.95099246270359,585.3011002943887,1
22.450320014020576,15.836487283984978,3.1309605005393397,460.2703897299864,2134.394523457094,651.2427539690566,15.435394784258524,58.627689196343695,24.071556050583194,535.6892075557887,0
25.371538872589014,11.890337117382034,4.510910929670701,448.1568280261333,2188.975079618432,641.2332634616218,20.214143947756398,57.36616070941747,26.107829100149594,552.6503807690968,0
31.527315281001286,13.738464421751127,3.656213104229697,442.4724101216115,2224.5720147432235,643.2982361085009,21.10527698470917,61.46637021597088,24.321330818491308,550.1195055649715,0
13.597863301760201,7.394167747849114,7.614903807124687,348.98510680971356,2308.764072913807,667.637113565523,44.21642670711995,63.291191258880275,30.740633701857387,585.9594177826715,1
27.766457885475635,11.999358888402575,3.7330954294332805,403.0280986969325,2207.1993679655784,615.915295994297,23.131761509077585,57.46228067696621,21.463247783791598,549.6503580488951,0
28.999560617275737,12.789878102986084,5.354176332253631,424.39436822254896,2157.288306951273,577.4389506140392,17.5307143995227,63.518013989766196,25.15835701471241,521.566063059737,0
24.267173446037845,14.534502239534048,4.122107896996468,454.6648536127007,2232.4623900564116,644.3940091411187,16.294044778270024,65.78911492737977,19.983763623862373,552.4150926383506,0
25.219846451702182,14.390557094910788,4.117531804264126,468.280760047006,2227.754212479803,606.750598027758,21.507958033295104,64.12258792399018,22.08586957971705,563.6944761721292,0
26.2020779066802,14.369776281485974,3.7282283270085106,439.58324553309836,2201.346295087402,623.2072733137961,12.484711186280752,62.53262359564112,22.48016930777135,517.0428950695947,0
21.049474838776316,14.26909207715282,4.253407352207414,448.67037120707306,2271.1909423472207,618.40176511787,26.234098891006,64.10838736686625,22.855429123894112,542.7848688448855,0
29.469085981802802,16.835294020830595,4.408008449246226,466.1577358346588,2153.925861415947,626.5780233856947,21.748417388870724,60.441827388969436,20.771110177933817,539.827175767326,0
25.573054576344845,13.952991936694739,3.3345198894926042,432.9550702156787,2212.3578552038853,618.6795658973252,16.09004957317809,58.19402771765103,21.451978502822275,555.9158676353179,0
31.14873701905828,14.707255387630394,3.0985807857437386,408.7452527008654,2117.850771990679,612.2837487781433,14.18308617253778,58.05932546544605,24.147440501318876,526.9104555438344,0
23.767761897253127,11.304181049761356,4.216076065871663,384.45865195239554,2186.6517892458255,587.8964370558189,26.332483345738165,60.84406620371173,24.850244901460876,548.4563464746847,0
25.833966164812058,12.064412068268929,4.144585075897273,428.43322639365425,2157.60490971126,631.9052702288346,20.44167532851407,61.67126839914996,22.692406212732624,550.8461850451072,0
22.235869459961208,14.737940789843123,4.142701156014214,476.9316975929172,2201.1465175283806,604.2343369843007,20.748520084596585,64.38660889450165,23.418366234577128,547.1766577679424,0
26.187477424201056,12.245067551297538,4.375026605456464,419.2852446022038,2139.0113766061772,659.7081272222305,15.279916937896939,58.00286912947066,25.943924553432698,560.0440403599238,0
21.02254352607455,6.3864890162124395,8.611642799825368,287.0154145181124,2487.880497735703,713.4256637199423,56.52923529096758,48.04334383509867,30.13096781229707,572.2567169948412,1
30.379700300306222,13.181245111827947,3.8815998661565443,463.83851262427737,2207.2373523583706,654.8028754168288,21.654100361126016,61.88600040798416,23.145157009677707,531.8294036588347,0
26.896349227691786,12.131062379906957,4.241975153646825,449.4393922932555,2276.3693014577875,614.561484995226,23.341422830711416,65.4862392139723,22.761083179955858,551.7979834199979,0
27.413610160910196,13.531448075052277,4.097928485321905,460.52197549180926,2120.425118204019,625.1120917010298,14.199075658409607,59.25791193095951,24.310768590811428,549.5163724753694,0
26.963314123538456,13.148747200200386,3.9681162763698548,466.46800717542726,2215.4425279151883,573.6944064622053,14.438556033435292,62.61804874682646,27.13083269651312,550.8668171649817,0
25.39366072026954,14.068841461285606,3.3540279059913334,465.36174668261106,2233.505534743605,596.5741171001994,21.549845497573987,61.76999358313716,20.40975676895277,520.996185040344,0
30.15294716680082,13.134438146086035,4.317169259093823,439.4788788498681,2178.2425959373536,607.3926470650568,13.838865912475175,64.45876237811814,22.543489263173935,554.6724709689256,0
24.902805379391644,13.482910494945799,4.189290817024565,454.0679683758201,2200.998395826801,642.4519636950914,20.330209931082486,62.35615926659914,21.992449402203604,532.882954056047,0
27.948902856191193,14.662431381001609,4.418332202292944,461.35758264349516,2242.387974478884,622.5275910877851,25.049495566075976,55.119828071095384,21.07483486920361,564.9061790155632,0
28.65957003424547,15.773699822054315,4.792970641861595,446.3469272146148,2132.197639563269,606.5078638602621,19.668011044931873,64.44946335303231,23.661397679909452,525.4221469377543,0
25.622619044455053,18.221367545435918,4.821824545535388,470.91890078052216,2153.596268593211,618.0507830806346,19.095821771361663,61.360710515377754,23.425113619226185,537.718484697758,0
25.095483641186025,13.033995935405793,4.895280516380407,445.26299672534776,2181.175510868112,662.2369187096114,21.04217667797358,61.71315545250707,23.84004248374477,561.6330487877053,0
27.677840733499824,14.63675968838295,3.9090600043326993,484.0179721885228,2126.6959118880177,636.0143966068222,13.319385204385016,64.12945586978378,22.36960137029361,551.1318402390526,0
25.709393519141045,14.845832951031257,4.454810671923453,429.97266769161405,2121.203832090654,590.5897905212576,19.663769042824708,62.06027207432142,23.30811481299175,539.392123993115,0
29.48404642964094,14.875194694757543,4.538039302597649,448.38228512725556,2187.207877142522,625.0561213059058,17.522319188838434,55.50774893123683,22.338651894939517,528.7286425928257,0
27.44820008591291,15.617330244532855,4.870700640329834,457.8648750507786,2171.8386461527302,634.9673476717494,23.39451665135659,61.01614373807608,22.559193378684835,543.6364163105684,0
27.593780621549676,15.223199750070302,4.105020495930165,495.5840493175095,2213.5969876693043,615.1622893672178,14.32976927701105,60.208300976257995,24.741259499447597,555.5701136408286,0
24.822149306508546,15.197794008338303,4.677432648528329,417.19999963555523,2164.5982358520755,609.249144628741,11.019512003874311,66.8087146785269,22.782137113379758,523.950720625814,0
27.30212411581152,15.190621182528798,4.058772004312206,443.39307264666127,2139.4707417430072,585.1311267926206,18.950786910474665,57.53281315332392,24.97224290507618,531.9213582230603,0
27.058988871936705,17.837151457796498,3.5704218984517158,444.36319913249406,2108.0702804125467,597.5177940869437,18.67688419526576,60.259985315106476,24.516952018558612,533.3043672998668,0
24.38313976778995,14.948975605180383,4.925529235610677,468.4468147658023,2193.6392104570064,616.5185006925068,20.193372588581813,61.671927485696514,23.86158471826969,563.3891983094204,0
24.124944862723545,12.412875745898909,4.734016294645911,445.81982907557494,2208.0835462028617,625.5196441483,17.949494104979447,60.86563738060304,24.239483027054646,543.0041160010798,0
30.189872620133773,15.247111439852599,4.182101351433271,464.76607699992184,2207.1685085039753,643.304063169218,27.096598506766938,63.89961919965837,25.671208550534722,530.4660479419438,0
30.0882503916136,11.79242135207279,3.3304551116092105,491.83584953177257,2254.33474067174,601.7102145972914,17.41180759812159,60.50679256432065,21.67146909351349,540.1106401737736,0
23.84396397035109,18.624838490325807,3.7582410659146834,449.3590167529207,2226.4945274799957,654.7469981356508,13.967319435934314,61.132003138815136,21.994185471808766,547.8574201597197,0
25.289576416666055,12.147627658027915,3.9377836154339994,432.4801847270265,2218.1404887037447,666.2413310240593,17.8788790016429,60.23039391347804,22.42049938446889,534.8771277360225,0
26.536319704843923,13.242829491071925,4.771982130985669,462.48298920884474,2173.457319626138,612.7186081499309,24.63985332113469,59.651433085159624,25.42276372305359,557.2544416064354,0
17.233633957133094,3.612197822284909,7.973687664809063,420.3230873817638,2359.157864895575,637.348836125379,45.80060589974951,51.78987777586544,32.537758202384154,576.9566543267596,1
24.55598518062933,16.214356752731845,3.9673135887754363,451.0430903317645,2160.1353658537805,645.3442521315474,13.548823700121087,59.646247291453406,23.102001825150232,526.1100589146682,0
27.478161649833087,15.197116310791582,4.874959701422786,454.46529602236956,2203.2106535980656,641.5913756980049,19.57679974595748,57.902950798120465,22.621695676302668,508.696125749754,0
30.44796375745408,13.430401933606863,4.7946400144989,450.56018102472717,2211.1618968087414,611.9644092457912,16.63966939463417,65.459711114577,24.3912220696089,557.939283391217,0
25.359609509711607,14.8332961217068,4.973943316057002,458.89886700629523,2187.911425210062,633.6723503310187,21.266398688805907,67.10005414322572,22.95595093669228,531.3468508653215,0
26.778376073495277,15.120688320327698,3.5976824498294913,454.3162821214189,2212.4435538383227,607.1514102147746,22.327249213270562,65.99798510552144,24.30851732411053,502.39522575933574,0
26.714983701869063,13.944964475868808,4.54613118635919,398.7739717452451,2206.4233097895385,637.2179679259342,21.63511613334485,60.621178233588736,24.25676069276037,550.1352807876665,0
21.341904307988145,12.21594527359687,3.799049655327258,474.8757694596002,2165.0011157780386,616.4742408069101,21.025817198858753,67.6632826556509,22.813507171361614,538.0757769278802,0
26.02164003326235,12.828047324132951,4.709319553581263,437.6665571350007,2146.6833214060425,665.7594874946939,16.113029746124745,64.1457721605354,23.965291816076423,509.29344350177684,0
27.28901250897585,17.30935291593058,3.8750544829234337,426.1872107976623,2240.6648676960103,590.1922724763187,17.001079914391582,59.520761171340794,21.522955846183358,529.4901079969453,0
25.656687094828733,13.483999754907625,4.877748512536476,417.82207108580565,2214.352675748637,601.2909370807071,17.677759393483203,59.36536078354435,24.611594929067515,539.83269324511,0
29.063370085644387,14.760536825411215,3.9497470637148298,444.77018699734924,2195.7234799025964,608.4566197235373,19.054586017498586,59.411146949228595,24.960077973985534,538.1053597293326,0
24.372950944043268,9.59067270581448,4.1148654008573144,421.776891100175,2244.422721548521,601.9681305560937,14.80587832762273,62.76394969206155,26.28687426461292,536.8984036535043,0
28.136648821119465,11.618400026576314,4.945283171176548,442.6341040701572,2174.305493552952,617.1171168238199,18.16307958487112,64.33367788681451,20.84292338220297,541.4567121933231,0
27.630834876607846,14.842831617288377,4.299869306368937,455.09998652776784,2093.7920666240584,638.7113205131226,11.389533797955998,64.28705198285591,23.486746919802286,526.5149388538006,0
23.80604188099072,13.39697390496481,4.1514681277829215,407.5130863303389,2116.868572152546,600.1785142795069,16.48489564360316,69.38665623512739,22.643899742672914,554.8219728784001,0
24.9310311589077,15.86217852308109,4.427080163575791,483.43419107256034,2181.826249801934,620.571635390989,22.325814286269207,59.24811410026523,23.105911209616153,567.605578866418,0
26.94685240821582,12.565487621807529,3.7385218693536872,422.5733740282861,2225.1322174376505,610.9569776852969,14.627340273371214,61.70846319179888,22.103778707882213,500.60512355629106,0
29.109358494301237,13.24830975699179,5.1891448337843205,418.83015225225296,2205.861466583436,640.1571486097904,22.9899053222176,60.13847836941605,24.625066578791706,537.3503731718657,0
28.56106765596245,15.622135989050015,4.77880763649817,449.9654729942915,2155.944220839978,626.0045531048801,18.367370671331514,62.25691312296853,25.05373160290265,523.7782896198181,0
24.217805033202932,13.104938507372767,4.24769763785487,403.426461304192,2215.3288768832285,610.6594820984047,18.999489454015208,58.469239663855895,23.960332331039588,544.6310308516377,0
29.306695636409348,17.082828480211766,4.62422443505814,473.33547010457914,2162.110971634252,639.8993838832093,18.446411033542223,62.69612781422972,22.967163203653282,510.2635535878184,0
22.29282557096049,14.846121593172647,3.570943414479285,460.34771026847665,2217.1801131179855,611.4853985890177,14.809989529977916,62.53035316203747,23.653659573593732,543.9379427572214,0
23.313453994961236,14.799656557735197,3.7015813580389363,447.5077617528133,2237.5478152494593,602.0018658157849,18.174479929980553,61.37023701540873,22.97401827664558,570.3871878485475,0
25.441754219889617,15.045684861768938,3.395874968981371,452.96050803591305,2210.366948480641,648.5394832732873,15.543222870786977,62.126475672729605,25.20678492342477,548.5882293518374,0
22.460854151698307,12.622931378438805,4.390556934499006,449.21153044755584,2160.511883829332,614.786136157551,20.001615861621527,58.56423160498584,22.87673893323972,533.8110244231095,0
29.118288215184396,17.121352207532883,5.109615074729715,439.7658267581041,2139.424805444605,588.010155988182,18.35110579755548,66.21707486841883,22.472583113100743,533.8148856042276,0
22.544582459682704,15.555781716690156,3.412536688679686,409.12029653673846,2178.7428932008115,665.5974315149915,17.448970948020154,60.50165941125236,22.820803248925348,533.0352690817268,0
27.700358508479027,16.90811209346061,3.284485810360397,456.6904377257779,2182.9014051319928,637.9041165777248,15.73746503618599,59.574375434184,21.84871869769,534.5293737152641,0
23.15404397169039,13.450281201340875,4.172187778451541,437.40747257215463,2213.9323534215387,651.9714123562281,20.541164266515732,60.39187154314332,23.928620420186878,545.830588622412,0
26.7440099812386,14.633375760740508,2.8095430498755,430.7331794268101,2071.5985426346965,668.7278927606958,23.20460330020478,62.32566109352158,22.47200226413369,530.9247247014517,0
26.131178299399117,12.598377412665045,4.1197020853469795,475.69010903502937,2281.1420623682097,619.0049170481034,13.91911297692037,61.162922739534984,21.99036769254733,537.7890663851874,0
25.270631450674664,13.070822333349618,4.190717542297919,482.43259401201254,2209.6439344512614,625.1164038011848,16.074038091415222,59.38636985649985,23.696082149238944,568.0101775189667,0
26.23760460999957,11.601795765513689,4.832424957698203,437.18637805805673,2260.8307729399307,603.8691288996511,18.109812871548122,58.316397572391736,24.24200457681133,536.9468161578914,0
26.043750393374346,17.377544505391224,3.439746958122015,482.4994588219393,2175.4738748453665,616.8599537445583,20.4607292282802,66.8577846845728,22.333440809753544,524.1824788892086,0
25.475877679079996,12.860616438147,4.566947619012484,448.34970354386917,2185.1781996625987,584.1444532210312,22.688743430598056,63.68765558572204,24.775156145345704,527.2643111601685,0
28.628213937111973,14.519664010462465,5.067662465965883,457.1707717536669,2215.350181181275,619.4920519349783,7.978800306008264,62.4854569694456,24.946607343040792,541.0762114960183,0
24.719157338968227,13.878570457791062,5.046457712587323,444.59955111726657,2128.5921678108025,605.3148868644709,18.011565519293207,60.27332598515138,24.83452153182813,553.052984914748,0
17.07305305167769,5.850230684264915,11.106300853125326,352.1999033803849,2382.1651932756863,654.8460708001941,52.821312757243355,42.00885153052437,24.65601978211842,618.7328818264049,1
29.624163167609442,14.157180016538499,5.646746423783811,411.1480294744845,2227.6733950694074,597.3615109870856,22.362276483166696,62.620991062669006,24.474920366535603,535.9055024944065,0
27.586059108864642,11.197537720199625,4.087203037150068,447.9653698879446,2315.2018841938175,621.9880505596353,9.122091243551779,64.82510672639913,23.486918987180452,542.9265578282005,0
24.836225731778264,13.623027318992413,4.4256441190174804,439.9352599311348,2225.2154250923304,619.5325371600821,12.493048713063061,63.449941467297506,25.179648022378444,539.0933130523522,0
27.392177647873773,13.920760363874932,5.089041356725277,450.1126266377338,2132.9524309782096,621.7997693821767,15.649876838136564,57.24292763244631,24.19452227193952,524.4888810353042,0
21.37456974742244,14.579556283758556,3.2092933445666816,452.2772491696257,2288.2678078246813,603.4347920881169,11.31262455961205,62.64414619116594,24.85971415026501,544.5295683791387,0
20.84896310665537,17.26142696517097,3.5977863578201354,420.7857125035785,2191.6212581127893,612.4695228930981,19.63597373573701,61.27532856514817,24.49349508577528,525.7748434812419,0
22.857110450360835,13.419470526722462,4.857092448787558,453.3483685939664,2140.9604983589998,630.5948564811964,18.97897592934737,66.65469070126903,25.59261304418255,546.0657212997377,0
26.10203782154985,13.527674805074476,5.202168252472649,459.11289148182124,2149.9897900007113,604.3314622391847,14.7990694253364,66.4093515650975,22.0107519582916,524.585952634162,0
28.644939703142885,10.942689455948987,3.7938057914327015,481.648589603715,2207.658595362979,625.1080622254284,16.51036589765401,60.94575651446623,21.315680516996018,519.8093581134381,0
24.514891145752866,13.558099342193248,4.090253525887375,470.25815041921305,2169.508978088069,623.8887614010706,11.044182246592758,64.59934103320931,22.755877003832726,550.52629553047,0
27.11342752248833,13.416052416061314,5.310512180574761,442.81159448039216,2226.673575630696,607.0763727817946,23.39553043449576,64.7936404735731,23.6749277534558,551.0824211906488,0
26.53518020718376,14.030994712266942,4.087114388917143,473.92003174787175,2178.4085340154497,621.1727260421403,19.048572470577227,59.50679700605525,21.158679464929747,542.2419967191465,0
25.32540872875318,14.100143170738596,4.231710785921369,487.95672281913625,2187.973941286445,620.7100433094661,17.18793692610526,64.84230690966223,21.98298508473589,570.1306305682413,0
26.95328554465355,14.222524766958754,4.170608107163429,420.7875021630168,2213.266808267758,618.7970129843688,17.37262975000336,63.54995924844196,24.020020126653304,554.1155660448732,0
29.26572177514972,12.957792025926496,5.997743457238886,403.39067005611537,2216.609248339771,620.5545735877619,19.543042712568116,59.46333004371942,23.739304510481613,525.0375607613108,0
28.59531641973595,13.814884341050538,4.4768100671914235,466.55533454765964,2196.734663391726,615.5342585118345,17.447648130988064,63.55761160245483,24.983902950130442,524.2195495634907,0
22.6608948251847,13.31018808967115,4.472719123121287,469.26255534639483,2161.293352907531,600.1392259371056,18.543897538279865,59.10131859521963,24.383614878774516,525.6233494513236,0
28.989253464749808,14.995999711665878,5.563595394535999,448.17857361432635,2180.9230341774937,607.7683987222364,14.773454809728035,61.019979061745005,22.254409645889023,538.7064326294956,0
28.08787736703601,13.914151163764762,4.207832355405264,440.4623495074072,2239.7312906156994,602.2541657567836,21.85615741465247,63.67813351155196,24.425612852674025,533.7572361984909,0
27.64193809389353,12.416008631942768,3.609570886188489,477.13840332953,2122.420499875121,616.0674460325488,14.894229598506772,62.91197002177952,20.67098785080364,520.1122267209854,0
20.639141728952815,12.727113929946775,4.7067425158298875,435.5779258380925,2113.167894378338,622.6604584105532,15.506801331560844,65.16378331294572,24.933871949143587,528.6824286216772,0
24.47636567725668,14.150855974276528,4.3508919186106905,471.21229622691504,2163.403249206087,614.8122297106252,21.760372379615653,65.43728686517267,24.87941653905597,567.5023467470736,0
28.099066023744754,12.380150821450501,4.393074821429097,454.84273665337895,2152.253577372148,646.0765354771269,22.420324950197436,59.9421655590581,24.767807068467683,531.7881709049241,0
24.43442633409012,13.985748688119774,4.422592934963732,453.1813007574304,2135.2289199500447,645.7738173478783,11.857848279730392,66.84326645291743,23.032206190503633,533.7648928239345,0
28.049254913706196,15.247457056232538,4.100880504521738,460.1053784004743,2258.5904340357515,651.170554990703,21.348162918637094,63.806466314270246,23.36998241149585,505.5185532483136,0
23.458203954033984,12.761194364215047,5.323340805381872,399.2709070292935,2193.0912063795763,594.7652181890462,14.740856171856816,61.93579270070631,25.138582851236194,553.5255385220488,0
28.338957731070934,16.55807144716051,4.622647001133659,478.4992996515731,2151.794098049084,598.862860018335,19.109375405196467,65.70823972498331,20.782492153029253,561.1904717124003,0
23.806096677831686,13.674807305524457,4.837520109785951,452.1752713531437,2249.6229138003246,627.6138193703332,13.185257597939506,61.871106314137414,22.223961718442755,543.8688988617192,0
24.242682054782435,14.413833771825223,3.780820551202528,476.87100439256517,2151.854305626709,664.6946647457199,16.12134665050003,63.94227883373141,26.217485779803926,550.8457351463628,0
33.76266792310102,13.59542314816366,4.394926574644096,417.53973802595146,2131.4249429277925,612.9723388176915,23.043805306327652,61.02675687371885,23.73615536552895,535.6589261723794,0
23.813084965455715,18.058204284598563,4.2988125718918315,447.0601379037117,2119.6864050527206,615.7223860443584,19.82215156934846,62.44793555642571,23.07006797687939,540.556249790673,0
29.168056041429956,17.080085106375293,3.2386351635894037,464.9793539194997,2189.7526278513474,643.2365804114135,14.123719884009173,61.53086486666477,23.352203327368187,523.3919423308075,0
23.132993628051086,15.57913114033051,3.737923150415588,445.4906936867923,2226.4592495723487,622.7358351216459,19.237247509560248,63.50101334845842,22.591475402219203,540.976012887936,0
21.65758266823646,12.151229222424764,4.882121180070338,502.0899561024917,2143.04378903808,623.7141607509527,22.13518662873838,59.567348842648514,23.891329775975038,522.7185125869607,0
25.474150066637225,12.9249790782548,4.888111053090028,439.2210188798618,2139.1261573568945,632.290039610574,25.403092049650816,65.74203463135701,24.405513223233413,560.7354481867656,0
23.788473443909403,14.553106203313185,3.423019812915341,435.7820035219161,2219.5918874965246,605.5184087625036,22.57083915541502,66.16927764532346,24.869215569740856,557.8330331762606,0
24.006882930996294,14.716404012926688,5.587098675385698,422.93149215260104,2182.140296095964,603.6798361307983,17.16427426212969,64.76283932921463,22.253714286001955,535.4431157128994,0
17.50675355540212,4.663601446348213,6.182367643737498,395.79710765796995,2396.6186986867774,696.2618511177882,45.66667706912649,51.26612171901511,34.14047466729195,592.0472510935812,1
29.24994912585521,14.971128994080079,3.9736585955422363,462.979235960661,2136.777732785537,624.6428757728718,21.575962641020396,59.024525428900084,26.808824688321142,539.7509549710487,0
28.517520704861177,15.534307180573037,4.596765065329827,455.7984377157147,2126.771024497492,589.8890005989979,17.347410011553556,60.790290388496594,23.31121316372946,532.2093264772403,0
27.141646826780654,15.536688926623524,4.943495999052261,448.94117654607214,2199.2183942718348,619.8096962903305,18.64581909242922,66.74719865807438,22.99983195547876,524.377366760822,0
27.166840419941604,13.515221030232379,4.2974436305056365,467.9660558827671,2254.2761634393237,618.1950882902082,17.393241795125025,61.80211135031062,21.041168984833128,541.2273227410514,0
25.37012255036623,11.521497860922665,3.32356481641683,399.48150340396455,2184.5106218100696,601.5323625167631,19.64630100014447,58.866198902215075,23.45066417037651,535.8649818505398,0
25.609340072346434,13.97660707837376,4.825413190217811,471.2872031728467,2189.4529636722846,631.1147660319881,20.65288700139579,63.2616412135941,24.23595323167447,537.9117717976779,0
28.82074247892121,12.840605045049362,3.6368732716144603,477.25415084226654,2108.956699276902,579.9171223297279,16.95878133130284,61.31401885048006,23.012106506060046,548.1801808793749,0
26.856064340176413,13.741126573436476,4.943309930804076,449.6466185197343,2143.8829814623723,614.9347134897461,23.270804433926436,63.06696017982845,21.647355632955524,502.827931564327,0
29.61987496264858,10.844793893189237,3.915305262343758,485.3381087950244,2226.132740543221,614.1418722856904,22.495684351968947,65.70041556764411,23.010189709763562,541.7664811056021,0
26.581738063133177,12.481685884127012,4.020495912486246,430.8040871859197,2144.56253667987,597.8254773141542,21.095527069429377,63.982022966353846,22.96136889535391,526.2547295531967,0
21.530395091880653,6.030651297749545,8.90549376642119,292.2096600157923,2489.8344421024244,616.8329603777673,44.32737518657535,47.780936330991686,24.429250637461976,543.5358635872982,1
25.126118447174793,12.11441669634079,4.206172036402485,466.65835989353087,2157.9539716569884,621.7053413048683,27.612297212086347,64.42540921167004,24.465439403741325,573.5116331517224,0
29.908571780214245,14.356950616249842,4.471153370036189,475.5852444362072,2155.6133224800037,668.6060620546656,20.889334931730197,63.858156926257465,25.091716187087158,539.5159316007758,0
27.23233455874323,15.737631749038298,4.127040845792075,455.10419668631306,2183.119812466176,602.8447445774317,15.045723684181773,68.64785281783008,20.755597454496794,589.9120842964492,0
17.947915865646273,2.0,9.488314498942222,377.6242368286276,2381.449456582354,651.2624418855173,35.61694177153255,43.61833864406816,25.77526230496982,645.3616900411131,1
20.0319625981472,3.224970762196502,7.324240941544189,369.31527114064903,2314.558631727046,747.4157874096826,45.050658520996215,56.26306164528141,32.17106378140198,609.7697128157149,1
24.948703448378346,14.654408766266306,4.480006078848459,472.5426270330589,2261.5964162103937,631.0314792575346,14.328576001897318,59.98972792212487,22.78751524491906,523.0378602905091,0
28.35003559076084,14.212974013168553,3.8425780347519565,448.8559483764215,2218.055037965491,609.0707877094275,25.819611382891175,64.02882928236527,24.25304219160861,551.4151277062366,0
25.85197685171229,17.18601490170036,4.131152576399946,498.6368113966141,2161.3891647111536,611.217128109164,13.392007899253557,64.37811539521702,23.30900977150378,556.6790758345396,0
25.29302460318839,13.355978154419429,3.9025048477127835,404.5728242719962,2150.957097148149,616.8708939414951,24.169543512052464,62.82302697568295,22.539151959011544,539.2360140012834,0
27.190685448321386,13.485050242149267,3.641637867186293,415.4316276392931,2208.100637599406,648.3345371197618,18.02973868848378,63.98034911853906,24.35369735352853,527.6182036860358,0
24.86463389983051,13.474990706008768,4.056789766161914,425.5659845076762,2159.2754256069297,588.7719555417488,19.093550297273232,61.773782515988245,22.35261714128886,539.0943623083414,0
20.052290939013456,6.928022341761925,8.560819516648252,334.91616265162384,2326.9432089761012,650.319339855521,44.723480118905215,41.24643492812703,31.234479004605575,584.7407937444094,1
27.379391020998007,17.35476559819169,2.997978522359883,413.8880164711777,2222.0870107290452,663.4541324723984,19.46452924768196,62.183759750768836,22.82921434688948,507.74503761586607,0
28.355072257448725,12.042542903781058,4.343750186487314,467.1234501425505,2167.0855304686947,618.630249307464,21.320547775352388,61.20438917740983,23.56532935814103,564.519459680267,0
16.408961684085973,8.920174413423604,7.657694893410203,284.8685983054672,2524.486903868768,686.9259760341182,36.25217895871317,61.20692373306322,26.610550259833985,602.6655955548349,1
26.554630363808606,15.72499194111083,4.080087562739325,470.8033040364279,2175.597206788481,606.0835890467488,21.496882026103766,66.84875520779828,25.10826125168491,541.5997806340378,0
23.825618971775775,16.758928560547975,4.154280636768118,458.62079273692615,2168.400646410041,631.8371463945991,19.82472867358115,67.0870610272246,25.030303062184128,560.0003369500664,0
23.207924472354396,14.027340095870898,4.017639194087915,447.44382267785784,2235.2496893003067,603.5195381620409,22.43423422972836,59.960362205075555,23.813915226306314,524.5076445331621,0
23.571083427936646,15.54957799658462,3.674445351550959,420.7583900976621,2233.5883608293734,583.622172092183,15.442345449666023,60.63722973105572,22.788123289577698,540.2514814544411,0
27.5557225478134,12.891582785879256,3.7374932241253163,480.062244478814,2202.128174822696,581.9070242899211,20.515623597675926,61.39941966944046,22.213551902861184,512.5248159041237,0
22.866001800170924,11.884963002043623,3.92503339900963,435.590618811239,2185.8070340341874,601.046517233933,21.266000606404013,65.27198265599742,24.254834806639636,535.8127891495924,0
16.26769672245659,5.179546847944404,9.378051284908997,357.47280687334273,2339.694880411454,669.7832556921522,45.99616052198177,42.315168488500476,32.77671706794746,579.3847900034605,1
22.281663915104925,11.305265539819224,4.505548790647851,448.87927789174483,2238.852329824344,616.7334743636916,18.714570553633394,61.39943984678547,24.30793219266154,535.3504459231166,0
27.63254689078043,13.364058725383874,3.4778398710627285,425.94077512939845,2203.4844689530546,622.7298398801145,17.673972214337013,58.40720522673526,23.327489269445902,551.8622097636053,0
24.465568179380305,14.46192664960407,4.168367174397518,488.80917516656183,2304.385701814758,621.8594508564496,15.840238011076861,65.56253562246046,22.95104553440169,517.6518065899348,0
24.502985637767544,14.76382574927449,3.989158039196711,463.2353910806938,2192.7242535261394,631.424145403009,16.270260416470617,64.71732772616575,22.69851537832205,547.3909092032544,0
18.431101269326042,5.385732459574049,7.3198968234363315,435.42766663142356,2189.816459729182,704.3356974400903,52.57004479869565,45.70791148274556,27.0754146717921,591.0775819029811,1
29.286481111443443,15.506852259470454,4.977571612970559,439.6596036912323,2235.8366503852712,590.3142042492699,14.532618767384562,56.911761406902855,25.07340274387766,517.270897804589,0
22.080944717651548,12.242914869131502,5.0743625179671366,421.7594651064917,2154.0459719178075,568.7818636413639,20.94587347635956,61.00076602561653,23.390839999171057,523.8249833833678,0
25.685754724815677,15.011957110666879,5.352540493251613,458.73818169024287,2238.8351116854888,604.0586969630064,17.116642253029113,62.4579784625474,21.656355361708382,557.7632513005842,0
22.59130513032828,11.743435127928212,4.195253405925165,422.50823229977976,2226.218408180542,641.2203325311797,20.860997395324834,61.01559341648024,24.58452997279871,534.0200980684024,0
26.737067149325938,10.17953095469442,2.986148848180165,414.17388075078304,2226.1982405137023,641.9190454739517,21.356196523593113,60.33628925275135,24.16631654370487,548.4867996361185,0
26.629245803571536,16.57763800480577,5.031626592231648,436.1388422873322,2213.050575649905,586.4255117064274,12.967907186847661,65.92047885438882,23.76955796696404,547.8098758860269,0
27.261792699386078,15.070556268864529,4.045228744055362,473.40282812324267,2208.8138517864095,637.981870132451,21.249819477809115,60.42439024521408,21.012699027101384,561.5736991039633,0
29.190600393665964,15.156201811466646,3.0863875860679264,446.5097525383555,2246.2491623661044,642.6348962121199,19.488952446141624,69.07439559600142,25.185977719206665,545.3938905831626,0
28.03524794278156,18.380115766149707,3.774893107908649,470.6530885913191,2192.5632704616396,642.0159035260242,21.719341988598945,65.48845619635621,23.23376869254015,545.2731491235106,0
29.758912669520218,15.026219815700637,4.983006293307855,441.3658847198816,2239.343111992113,651.3144112772377,25.895103366966573,59.63571040016329,21.115739134341435,544.8272132020139,0
25.35797504815334,15.054669381153564,4.677138131186228,456.8339435999426,2257.579585316182,605.1999578005357,16.34741740208535,60.53536500621327,25.266396745238374,546.2706998069935,0
25.59236538358732,13.93786029410335,4.259826225794455,466.6761386895913,2289.619593920195,644.0434766286179,21.05611749805811,63.89258454254238,24.396371538146706,551.7281639030593,0
27.90828268379106,13.739848530913967,3.802965841087113,454.8534066486876,2145.9139007646636,645.5852398996624,18.620752662811572,64.7835157138643,22.626205385438702,537.0169900148572,0
21.767072096904737,14.6638522982978,4.536274664975283,417.4158347520996,2192.785414844798,630.6198655636914,18.83611870327252,60.78019630326966,21.95326000578047,514.8496981135139,0
32.45650570671018,15.753557532481638,3.212519296746592,432.94390509667375,2205.039179590503,622.2771923630105,19.456058206343165,64.0129608424862,23.059971719440764,551.0619229702396,0
31.291112191838526,10.864963932883096,2.9086517612258183,450.01645520557514,2215.853522623442,630.2509020820027,16.751233762261613,64.1865107663504,22.390913417347527,542.5765043221697,0
32.016313267851004,13.22838105457667,3.9650805397467437,381.92114217812355,2287.1629187434846,607.8166357691656,17.455535866152808,64.03674037288587,23.191284163628065,541.3754576611849,0
25.155843557742443,17.089870089029134,4.726098537638432,437.91029226442106,2199.7728321603277,627.2178372611816,16.647041340934017,60.85356082698325,23.978053164831465,580.1874406679125,0
28.90740143312362,16.21538044028247,4.973299435386593,444.7957017822808,2138.820804446911,636.081927843309,23.417657054434514,62.19806704152943,23.154518558161765,571.8855605262326,0
30.822488352214258,16.146610845331356,4.922269291815268,462.02314669319776,2232.106414809226,625.4146371792092,13.149864573708065,58.29897002302789,22.179702577488975,550.1695283305476,0
27.204889668485393,14.030582083777926,4.132458055819206,478.3190576526663,2253.698477071887,644.6250575871203,14.545640328556164,65.64215102191426,20.5262195354585,534.4842515518035,0
23.166314203164497,16.070656497341307,4.225112685469487,444.224210290635,2222.9494949637015,617.827156519097,14.896460285085748,56.52268345449999,24.530576245648362,562.9502198311637,0
25.909674770555036,13.0894368932414,4.473348262401946,493.5066606840214,2182.498364023811,633.8050026915176,15.748304044312949,62.16204632346427,22.705987194633327,554.4972323088206,0
24.779069294423103,16.102940686434458,5.055324823422612,478.73007844176357,2214.901985743346,605.3852723073438,15.051043327815709,65.14469874617005,24.881847891158305,553.9014736463689,0
23.59480121816428,14.497927831630172,4.287742234179305,403.6161622861939,2199.4767602844768,624.4023669235473,18.041397016972414,64.5139649848345,24.57394146275772,510.3584447473529,0
27.80291813933028,13.44673113187227,4.341762462353408,431.4269808022741,2179.6567742722646,651.4855971800253,20.172505057519086,62.19388375870776,23.974662437318845,548.6260638363696,0
22.496805157202864,13.975256476588653,5.1165192388543534,421.1483068436448,2177.4381535874727,629.2593199909226,22.21290403395048,56.09795033910715,25.45378838687527,536.9756805266358,0
27.86330815491765,12.310918146860429,4.402024315053784,449.6429846900767,2143.7022447157915,653.1906519951712,22.628132861366566,61.832341841309734,23.03193277778819,526.131378216121,0
16.95233310816153,2.0,9.99913579598017,394.8381006900594,2396.2045424262137,738.444629349869,56.5180343515905,41.992615273433714,30.870533988884276,564.792594748796,1
24.165955799975308,16.322118241464967,4.221935798640525,436.4453682897665,2214.7281421913904,613.2420582659082,15.134898700093922,62.609294958765744,22.306815749898377,553.5918425781945,0
26.457405276656342,14.071631079173317,3.3983629469667567,465.92388407717397,2208.848888204274,650.5023821976454,16.22603180807636,65.37232035187861,22.209745205738677,541.9497006977602,0
19.614574536883122,6.392366116006848,9.732599613336118,378.93359563332086,2341.0240414665723,605.7651370897361,50.344871383060465,50.840591276750004,29.881023437392535,562.98611682417,1
25.35289876712675,13.556850891519732,4.560447097730855,466.51930516039835,2139.5862880286973,613.1076058788484,10.416427349067343,63.6333317405267,26.309298544889796,543.132131843852,0
28.47598369241543,14.967605349156894,4.019930944208992,407.92137555129443,2108.7073117083423,623.0900649825554,17.85753477172105,56.07429597069745,25.30898126336068,555.2711076234455,0
26.577293195081747,15.25344555644594,4.779205267345666,444.52997324343175,2252.958086587093,633.4468369764325,16.149319849088144,63.65832844586262,23.369052536395365,554.4693609632254,0
29.69245208049511,11.342512917283656,4.881497909310078,460.80459061650606,2184.993800660188,607.574519724549,18.729932369655568,61.37129491077999,25.767757514315214,566.1100377500223,0
26.906882662762513,16.590681917612432,3.614168875340245,429.8044403672127,2089.462028900897,641.8058551020022,14.8236215604303,63.32511442495345,23.83279650756577,544.0460283620471,0
20.298228725038648,9.474735968625755,5.4585063684267405,491.60290271924015,2223.2435652923355,614.5951584920325,16.50697864557103,65.76241961042074,24.128795378495635,541.661341616855,0
28.77150339973028,15.686207715946587,4.589139502779622,470.9547276356342,2196.306361622945,597.0512616849655,17.6883820880633,59.45198851354523,22.2010957625887,555.5273457311469,0
18.824208330008044,5.430076230542754,5.258232332307591,342.39681312998005,2347.3446519429863,617.8933634098012,40.8082322083382,51.465785254196085,26.604593962483403,570.3015620211933,1
30.447728141026086,17.018403156165856,5.469377898037503,444.8764433409591,2189.7142420495256,640.5111671143541,15.967803752567677,68.79152080780895,23.576591148256682,545.0388520836075,0
28.489445024360585,14.74548690927889,4.006786422817119,477.2801272646541,2211.2878671542376,614.6407638449001,15.204283235029425,56.05226289239652,22.386674908120312,530.8745373640065,0
23.789029819416584,14.523364025404096,4.435237269950245,398.34637987447127,2197.463843295559,633.7761576909894,13.018099633752957,60.76753653197076,27.20435019509078,554.7456078091176,0
25.461606849550787,13.918441337542061,4.267614720249324,480.6439112180905,2170.189479166254,613.4933212986291,17.86459106521899,58.927359634368344,23.13855650743132,580.3736206957233,0
28.133112208203066,12.525884155612532,5.287220334647271,467.6258499352501,2261.0509630189968,604.4258794058906,22.347324842517082,64.68908427655215,20.68952082793718,528.4777759590703,0
28.604550167225156,10.788917470093814,3.825575136072474,435.9304398829572,2169.4819184247885,625.4847730539516,16.34931715501825,65.87491104059977,21.616336536395565,542.5419998964524,0
24.300893931581236,12.520194008759196,4.363856463378931,504.2531035732711,2186.1101347040862,636.3806018011811,17.576546383438203,58.797730427070675,22.78767513236636,531.2003954652272,0
27.02846618762067,13.422198831184577,4.53676831584073,445.7576708358438,2303.874991595614,609.4131260725338,18.478394474405054,65.82915067722378,23.192590240466302,548.9570479015858,0
21.496135638903304,14.037425781540765,5.377203398305348,435.404914443597,2221.468125419664,616.5199633782888,17.480687564434085,60.45835045629804,21.699950754660815,544.6974619260864,0
12.213044474688832,4.385237197014564,7.364700193936784,334.9998381520211,2310.5349802617943,653.9053298823775,38.00275041532035,51.94095216924259,28.065264719093623,565.147720576152,1
28.08355385256837,12.949613163918052,4.4026062112228175,436.93722602979847,2173.7290169718835,601.0614868788623,9.373566868322797,59.92799765125589,23.325298515450108,518.5033586466009,0
24.94099827685447,16.00534712675552,4.126394267331168,408.0144066252679,2193.9476178668847,607.4878136287662,21.57502457293897,67.25070104840665,20.492383545682248,547.2739583042771,0
26.211252801752664,16.30554312577393,3.5118223630401424,456.84068186336526,2241.3893474346573,630.8505318102968,17.273514223062847,66.62501254042758,23.23156413615107,559.9764775550605,0
30.457073616933336,10.059376701545121,3.793338179562708,451.0402587174004,2153.5937419221095,653.0535643243686,21.073556286585763,59.04072546811743,26.117163913235725,561.5585614696804,0
24.321959819935465,16.720658650386394,5.029512385444936,429.36774559406666,2167.5861312961447,648.2281161295884,17.178213170949785,61.22185831595463,26.264502440450165,522.9883813242764,0
24.36739018106605,13.647171268445586,4.381224693060195,430.672662621123,2238.4843258311357,622.9199751712831,15.234134989195166,64.26877384715016,21.89718310463254,498.04754764031367,0
27.458442782956176,16.30468619632631,4.296565281969631,481.9441590897915,2247.8195133170984,629.4626330598551,13.497090039768302,60.01627664432533,21.334989335907917,549.3658388595569,0
30.19569733929015,13.786675863169808,5.029881083917272,439.75910427710767,2131.7804313145343,623.9953866931158,24.655953655397166,62.35274303286946,24.91742165722874,535.1764474767959,0
25.946159710672998,15.819638715415595,4.300041101780016,427.09412497303185,2227.3927088903497,587.5018536660286,22.17950362388857,60.56056734392451,20.504580609742497,560.8063550093548,0
28.44334394015436,12.044341079738516,3.446603876222657,442.9240704782254,2219.03884673222,607.7989726160476,18.741122905539857,60.85732660496196,21.31874008839021,557.7453852715518,0
23.722237747706103,17.578003990233043,4.169414480816849,486.41722127290654,2235.7182658387014,627.6254399586751,20.030784473545896,61.31573029004447,24.278349263499223,523.354118913051,0
22.05753340168481,15.954383843260365,4.180565233931137,370.11783288597996,2214.77334206787,618.0893578199272,16.421202836597587,62.273601445334826,21.255148832586475,545.4439460843529,0
22.968085290269084,13.559987586436797,4.039492486850845,465.5387690114969,2239.4778127098457,658.2873455411418,20.416158517516152,64.05631790528508,25.105559326353564,536.1011392686801,0
26.8982444595741,15.91833002857415,3.803052669345863,379.2623674437741,2193.7145270140636,640.8782199283296,12.75682449770088,64.0668035902614,22.691155062355875,543.952702362169,0
14.088514285545712,6.061641477278995,7.817642190335325,438.4580729505459,2299.071077738876,720.7137150157561,42.48750055896695,57.647945410851555,27.076095517165047,581.1183622914181,1
26.117435309484467,15.724795780632157,3.931921556316678,443.22488037779016,2221.929471276982,600.2623607757994,20.243157595743767,58.20729743600708,24.602225600093064,529.3275464866854,0
26.674798952487063,14.905982268206843,4.629978639883893,475.21983848105333,2191.7438718330354,618.95825469387,21.82195310523807,61.92406080525488,24.72135760056985,526.251875788734,0
26.08460539512567,19.26600541587909,3.444317277374365,448.644613533417,2288.7689647051657,636.1146827893183,17.52977781458931,58.33935897369644,21.873186031921048,524.59057155134,0
25.751838240286858,14.119480718461837,4.39480899193731,445.8301133476781,2106.4439868587797,597.2245821196918,15.703590744849187,60.17067235603807,22.623099268511794,553.2987834182624,0
27.857145561193988,17.074650147731766,4.796443902003538,448.32480158829793,2305.279401842075,617.2138979568851,13.090606231365538,69.08785267336062,23.074921860225924,545.9828212929556,0
27.284770528643882,11.915638693252337,4.534870207169793,395.18650396988954,2222.949038443332,606.6482659830765,15.817135577125907,62.00018661383109,22.8211833366649,527.4958054299303,0
27.284547550267803,14.871415817992016,4.596403747801351,446.0200941352905,2118.7365424194445,628.5443080091677,22.30047822390982,60.544504064911344,21.67829120634096,539.2884112878589,0
24.22724277849161,14.234789362601301,4.655600262875081,435.89070890435863,2200.1257658229547,657.9191059969661,19.58202728990909,64.19920062335542,23.16306475398278,570.34132219311,0
24.247757511738563,14.018599751297224,4.214318652713749,473.9031978693764,2308.375723828108,619.5539619983236,16.11319307039864,61.30486935063944,22.444747656323322,554.3377535300931,0
25.470626455788377,11.078105627591977,4.159926792702714,439.73858522402463,2202.7985126789376,652.5298465416424,16.50974327304594,62.926126346153076,22.11021724807073,542.0754473704316,0
26.495200367059134,13.776529211723014,3.3309852972177714,422.09730018289156,2204.9490611301367,621.8260044531714,20.13492806230568,65.04817859405465,24.83040592209987,538.2670567920271,0
28.737962454929214,15.289092173955058,2.8647820877412107,480.9085790652735,2187.3330461373916,622.5011238222378,21.48753759256949,66.73878250660258,22.948256728897423,551.1150653930222,0
25.176819233250267,17.710250171515032,4.071847525270056,429.5672074385526,2195.485501232501,645.8076612154607,14.793606388863852,66.41807295644212,22.711355335580492,540.4942083492141,0
20.88182861164786,12.127131639865677,4.880719469218332,454.95897918297084,2140.126370118481,591.9487035236356,16.142641268061126,64.27372532609886,25.163853700061168,557.8773797702414,0
28.358135428008605,14.96398201499241,4.203318683177563,425.6304397787837,2262.632745277851,628.2571303599511,21.00452059528769,60.342082009452355,23.164451375175037,550.6854257162729,0
25.037814662667497,14.745583392910595,4.476445206071078,457.3330217921377,2233.430497474123,647.6892576963968,16.333276554989773,64.14541821196978,25.42573084424933,542.5151257490103,0
26.645685827338617,16.917767229616565,4.219389282712545,447.5635218621639,2044.0262538065995,627.7093068947752,18.658427852620378,59.22580190086703,24.406315520847766,544.7125276999275,0
24.53358556223958,13.988189684498279,3.4726739857519404,491.04825439634243,2165.811617892386,665.2234705721625,20.82212849110102,62.53848008122321,24.511296640849096,533.9237224830919,0
25.28451467325238,12.368935308451512,3.701180580721617,419.6549578477197,2178.539127386398,592.4280468641075,22.263116731388216,65.43784850418051,24.923900883591195,534.7732567165209,0
25.965488604773775,13.894744529504877,4.218147938913573,463.14537997887123,2213.919923293641,609.2778002934929,15.366391385464569,67.6036882346722,23.77563607268605,552.8837236464361,0
24.09090388907799,13.828397634861028,3.9617815202527655,417.67290979960524,2205.8218465291766,604.7444666210042,18.313729762155905,59.67960262154213,23.788989475366364,555.8189940875081,0
20.298903109915944,6.1450865317671965,8.631905565422706,332.1640845139984,2206.485122983729,660.9169099992928,42.641728317511706,53.903875976968195,24.653035149384785,604.1094667735317,1
25.330059216689268,16.68773608049808,3.818859581326602,448.51390087612776,2180.595583244949,608.7431785442428,22.151472902380682,66.14813075798484,25.909603017867294,547.9090702264514,0
26.413812837413417,12.127800419910221,4.553610300983005,466.05630375220744,2270.344878549294,626.4590479809367,24.557676239442117,58.564778124922924,23.69383082602609,542.2736746148219,0
28.57280267766513,12.278298995494204,5.472222149425515,486.56293331549944,2153.2921568879005,623.4397749985241,20.74183787098447,62.92976952379804,23.429081215598863,526.9164184139895,0
28.225261061910032,11.540846042228802,3.929261466656144,441.7204901486963,2162.119485855586,604.1192962664986,9.843334152083756,63.35831184069138,22.57525332061369,544.1299800339174,0
27.006937620630918,13.863835357352164,5.171661094843976,468.28504109295534,2229.087915151048,639.422496769051,18.09334147533162,63.41077341780363,21.916929585871436,564.5272739102578,0
28.641984956416316,12.26749168755238,4.160621590868049,449.39512779421614,2131.474896747281,651.1527348803347,17.421002051083953,60.32169852611388,22.373148520790455,521.660830811287,0
27.705167088813813,12.620310610993647,4.088297362401529,421.6482840144168,2177.412203846359,622.8986450415341,24.643320195811327,61.42433725768275,24.497212939445212,546.8604293153472,0
24.17752708217355,14.998732978844298,4.3182619505227215,414.5471316604995,2216.7488045114437,635.2249749269372,25.607202179126812,62.84174683518992,24.007054533236012,511.59024628254843,0
23.994060635584457,13.081489911615186,4.35135855840206,478.61350348269735,2185.7563083481264,629.5728732932357,17.78009240257541,62.04389991699614,21.89631934301395,542.2049537593305,0
27.175858098204316,14.427097353575753,4.165458142556758,450.335046455451,2195.4159202476735,611.1410903938031,16.065851147975664,56.55371291195674,23.512900706593772,527.832231123808,0
24.644519765006407,10.369717464284461,4.149006119437951,420.7933907670487,2149.5992531698153,622.6011910943968,24.175091772526223,63.53938897577608,24.37187202311519,549.2169387368166,0
28.735533321283523,16.359930313431036,3.889319998381218,445.50356889266806,2118.5128726855455,628.8879572495885,21.88194341376957,62.23266443973926,23.386227632792384,541.6295097194572,0
26.895297712262774,15.182428767729915,3.084907237355412,442.59636019522765,2151.0884293938516,604.1849643588702,17.643622239487094,60.51127664471976,23.513956746078097,550.7456037922918,0
27.381568009792932,13.572935146178668,3.852228019394265,436.8673249092896,2254.020923404449,614.5082081386647,15.074637161597604,66.75262096213349,22.30677275875861,573.830100197797,0
26.496518371391627,11.795703083251775,3.8185184660714215,435.6001524441557,2271.6271638496914,640.0502144408949,18.067390587867877,61.67088430491343,22.978397255810897,543.3488462834002,0
25.793010627131075,11.418460098048236,4.4625106280202695,460.12937850481376,2165.390130674002,622.5491100967814,14.182310765625738,59.13027695169066,23.557190223231164,551.0059843115283,0
27.36927113112739,15.631943084364153,4.021713157661915,451.8932089517103,2214.7121922329284,617.9320920965235,24.185533333543745,65.33012747755008,22.96090547947584,547.5176483756863,0
27.298500659478073,12.802346065332944,4.09648680840961,424.5346535400148,2269.85051925223,633.2415427339165,18.475700408076474,60.19670557111348,25.946985129341734,521.8659893688052,0
17.4261135307433,2.0,9.545330758385461,382.5412884278966,2407.6347616341086,694.6499057139827,49.050806499035076,43.82148251839208,29.093876910838294,632.5816072263466,1
27.588645839893545,11.105369969679417,5.596683201855955,411.75491273762503,2187.1853195465387,618.7863936658143,20.38909873187962,58.34279930763475,24.458196229341837,538.4631253578252,0
14.692167972769512,4.035327779221131,8.245942211016743,346.1162727153926,2442.3944660132966,707.9525984714433,37.01778754702561,52.54359572165417,29.25485367588686,539.9509399897266,1
28.006631115766247,11.555100742545228,4.900802031195955,472.2511125752535,2223.1324948122815,618.8551065792213,21.822781341988204,65.61071013806048,23.342805602320798,529.5478263566705,0
28.373057318002136,18.1579261362682,3.4971328883842387,414.0757675632696,2204.869463758509,591.0131085630795,13.21173929285799,68.51728509357366,22.275456212668963,511.41481281515433,0
25.86984296149161,14.18366047651326,3.466797367824124,453.251268804841,2205.022963541645,601.9173242345956,24.29237314173167,64.41737478892657,24.228660662332643,541.1922176519755,0
27.086077791205245,14.38162276326472,4.402863552903798,447.7329788848035,2126.278593599897,641.7326763093267,16.889824526723512,63.08442634426566,21.670433533136425,542.8697915539572,0
27.48877276590627,14.309826739745569,3.6258333906065383,431.6200890459421,2236.5979364656055,627.3485169173563,19.27548534108746,62.40025000863072,23.43520187740236,513.3186182116555,0
26.190476764175852,14.623521476505765,4.809199094629112,405.44314806481896,2204.1092176033876,600.7744802808667,18.076939557001943,62.64302455852251,24.278704088367927,563.059385054627,0
28.43623675966343,13.509762418344476,3.5038277124240884,451.38098148222167,2110.943049988691,628.8035325147682,23.32340696293555,63.86513918996768,24.909975731000245,539.5137840464365,0
24.140116188194995,13.334416890273422,4.332711891204701,453.2935965084399,2206.6993650928985,617.3797913089322,22.200898733570423,62.71413870413474,22.988382616731727,538.029054933521,0
24.221390942156773,15.79904354470237,5.091623336109088,467.25850403422953,2224.389232287611,630.230706448672,15.103890505528026,63.01674607423269,23.068430562594617,529.0041623186218,0
28.971383106163287,13.768952082790618,4.246776838476024,497.1389225891028,2110.8442156553224,628.4858984912472,15.369271207608616,60.70560001140976,21.425300554379202,542.2662278606958,0
24.929072229701305,14.87631453570224,4.238681355661604,438.4207948868761,2134.1590691686247,621.955177626486,19.893875098993398,62.64236203600438,25.547053656683236,504.9440755457982,0
28.002398211749743,14.049119461296465,4.710292321921146,391.6401084276557,2263.6033943338603,617.6247555026519,15.665456188060979,62.39326564156172,25.442609856077148,535.4710820938897,0
28.91824808960693,13.097780066803312,4.039423761062353,404.40322862449,2180.563674122601,625.8026899684605,25.94567647174788,60.32182722348373,22.73334265091113,541.3708842255253,0
27.0090829467745,14.772924164775606,4.769807941689815,423.54507244144827,2187.566655394632,629.7521144729777,17.85572141731287,57.45034972478734,21.81599589206507,510.2944222764602,0
24.507722526758275,13.879676399657763,4.804379440414867,499.26224913709945,2226.580910040169,647.5888434596407,19.215607848446314,63.251525246789676,22.665299017108175,530.9262210038722,0
20.98161136118522,8.185001963366199,6.808621692929896,390.3341693417761,2395.3109455442163,724.4943467421745,46.723737639474336,50.03872987755978,32.437408616136366,606.3180199387632,1
24.950035987832585,7.836133531433822,6.675589885685093,349.0643912500013,2293.7231446896385,709.8545281079379,38.83173969404847,61.511580214704686,31.656957073388202,592.2256448697052,1
26.566463353315246,13.199285410030871,4.097380727029361,469.76075536710584,2172.445909608951,595.0189249559918,21.222787671576462,68.4552769255401,24.265826672784993,544.9347489910903,0
27.222291667921766,14.967023104274967,5.132138801096538,458.2934746263885,2188.2445425795927,630.958880667826,18.673795542458876,60.017522272732066,25.16778413428692,530.3064091291748,0
25.726633650699405,16.670216217159734,3.7886810322881694,449.5084953228728,2206.7557551542104,637.5630382384765,15.951231933889474,68.05980580639847,21.50812346407812,571.9086648450406,0
26.20779953397869,15.220907272635449,4.011944500389844,487.69798543087165,2216.342587390366,600.4797442950528,18.770570409801294,67.02671480575096,25.117624442296428,521.3583917082004,0
24.929834790686566,16.157418316267236,4.662621730055883,434.8208228463997,2306.0216629301067,623.5212932743168,16.303279110780043,64.30845321064,22.191294936010813,573.6926674535994,0
25.751655230620695,14.325718807520438,4.1894830510306935,440.4321941844261,2154.9664509974014,636.2399702557035,20.343651660802742,66.63094795215088,23.95982645190824,539.1787935777303,0
25.910414390464545,14.48361392951054,4.3255214954919845,466.341418639641,2211.601853784035,631.2148480012484,22.526657890326064,59.492081168949746,22.379787417992752,540.8382882406709,0
27.1809243881856,15.439501061761998,4.431688140595314,432.0113272760467,2176.5216744513814,625.79960996987,15.289640125110342,61.037741732078054,24.73094477081199,537.8809726955476,0
26.195486939866665,11.890333955313412,3.828517825514635,458.0738823225011,2214.9732761927,610.6321067314352,16.015391072735078,65.35584587858953,23.358875470642857,529.6851630857001,0
19.325267031436685,5.735904170312576,7.79516365794731,327.63977900353444,2423.682955979099,634.0094435552644,36.68693121235288,51.639000214503724,28.143604436105477,605.726669879788,1
30.23735327808599,15.674140859802241,3.966116693147549,488.25994503634774,2137.6230769701333,622.0933073110116,20.37081703591412,67.85619761014132,21.18740893960694,544.417303212099,0
25.944443257253067,14.20958114881306,3.3797316695794604,437.9561338158853,2142.7749691284143,662.3685702238796,14.086366166206233,62.69719688724263,24.121748827143684,545.114057153989,0
30.79698750762465,11.399489059003116,5.204810800044838,472.0076738023141,2181.61383562622,606.3715538823751,17.066837624853715,55.814671092670814,24.034185191096814,550.844554628541,0
30.618484994008323,14.392879131110782,4.187943270974522,445.6757113433762,2126.6701517256497,637.9634364931331,15.655575886734326,62.550494973817806,25.268930468104166,517.429911723187,0
25.919326675189414,17.578845655596957,4.554751765228963,493.0852689234575,2201.893581479499,654.197570637733,16.5107248203083,63.5593086441394,20.69532535377085,534.3925194876028,0
21.208363877573674,15.357569718195725,4.077438307315621,466.868051531256,2235.312436087866,640.720905026292,22.443237726221316,56.31256483434153,24.445248560854793,541.4549353117104,0
24.32951642339805,14.832357416778251,4.078338386601709,425.16285162983957,2179.3946663653196,639.8032240021064,17.746167428742908,63.94381544324067,22.37188319544157,520.1192774614085,0
25.143605449720436,9.907596467553397,4.4311895708840945,419.05685479256806,2169.586621264375,632.5593082878676,20.808569241732886,62.69429999211308,23.802850132385107,543.2056966112831,0
27.27347892539236,13.369044034742299,4.0165257206089615,510.1831430368698,2171.992917740606,613.0126178896058,15.041941234520626,64.55863993856057,23.120510853377354,560.9032423419605,0
19.870729162701995,12.441515065260626,4.6566903298837925,431.50363724380213,2147.7154249555224,604.7697868271761,23.51262521219382,62.17180147366186,24.39544530238914,559.4889516298285,0
19.088677905395873,13.617480600594185,4.244499705963613,454.85043623734975,2233.368812191671,637.7075510579825,21.048712044401558,61.373399702382166,24.968050702691823,547.2489149712445,0
16.285839978613744,6.977560557662409,11.356238439565177,401.4853975470114,2441.1418760529687,655.8045935674097,42.35583951173477,37.60250944145035,29.49455252083477,614.423323838863,1
27.977265806983386,13.08252150577494,5.060410970843714,459.88646621997856,2175.660464162081,635.2912334405837,18.947567985473057,61.48805906773875,24.779254697257365,545.1427723801711,0
27.599091515042485,15.120724663454544,3.4488886726920533,434.5945688506108,2117.981897972011,607.2817155721739,19.8616084172063,65.6867633457111,21.709099359757936,540.7835727452562,0
21.230116645556393,12.54317963875126,3.3981539472888116,488.7767851163924,2242.8154488477758,610.8756429577357,15.39577232085376,64.21814265211704,23.473920420539937,538.9822956366195,0
25.78408466033706,13.147925992823238,3.767791177584391,441.27918263678356,2343.113178864226,592.6725590403005,20.157086631879743,65.76589331840256,23.226110971663005,531.7400707675723,0
22.119753568182574,12.808666082025278,4.507137547229546,462.3320808348531,2131.2753012679486,624.133814009595,20.311698284093744,64.96481700775145,23.51624809071887,536.7168232638527,0
25.720634172943882,15.250815781527306,4.2154046721948,462.0877924052524,2200.443738570848,620.7345005652896,14.659241035584968,66.45968976195947,22.924155664186205,557.2019124316485,0
29.535474572321256,12.98706696127499,3.9652814980076037,430.6250904647689,2266.993989322209,613.2879974002418,19.971389777866186,63.67910585091101,22.310457776002377,560.2547709538131,0
17.023619048319123,6.086434016253508,6.623255027079093,369.40454799218475,2432.0702432905764,643.7656052333627,36.03304557062086,57.433378509196274,29.008864901703735,581.2524276089564,1
25.651853790289962,14.772397649945285,3.5632846863987475,446.7178515594196,2183.657300170051,643.7806721768037,13.701312510599365,62.47466145886038,21.4758934926278,519.6687745506757,0
29.57105203070038,18.44047812687667,3.9606211348038505,489.2549430147418,2203.1143104245307,626.8637425379155,19.589978088490813,59.38545899109536,22.580656343244783,510.3676017232959,0
26.26258672351832,16.902230210718677,3.3720116004577827,450.2847953125119,2229.5185772027735,655.2848215380233,20.329142120378517,65.19703136349673,23.016389893717275,567.5186863306714,0
20.703799139011938,5.895405531899348,10.256557577545038,354.9960511667287,2553.5499650020397,651.3894221298966,40.889391211792116,33.655655883678875,34.60854398393753,579.6328358076595,1
26.982953949532995,14.275567199540777,4.509848569652643,473.3755047683146,2204.144528070981,639.6730719042179,26.238258267618097,63.84318686751824,22.185366654309227,545.7785083746029,0
27.669549457274144,13.374865105804316,4.174711911772386,462.7316248231227,2119.811392237165,655.8942738282917,15.33090139741132,59.5113741378368,23.562002427703455,526.135377510771,0
30.6697190277988,14.834660182254359,4.666277075565317,431.60674800387187,2181.262805684683,605.3026298634696,21.18638151936332,64.34410612847711,22.47738244519656,528.0273881136862,0
25.36254129914805,13.301061177847325,3.9408243746076503,475.90194876436976,2177.6484521186435,626.372531356105,20.630541162008665,57.83812512681665,25.350172230904224,495.4042895657517,0
26.023098849163627,12.892074117021446,3.1566076636800537,422.04790044183216,2225.462768189947,627.9695964428004,21.049168199400878,61.33912129994574,22.378924598425197,531.9716819424851,0
29.07548850788183,14.292973086005167,4.972255355968147,443.2787007164082,2176.81086875891,626.9295886727047,12.97055477441577,68.28588853379209,24.65183846722205,539.8374298966755,0
24.438796960771903,14.99725387526638,3.2091589005462384,417.44196487249917,2151.2836531691546,630.0634375501825,23.087383459400723,62.24085962302213,21.651757440552366,557.0207586684994,0
23.06021602849612,15.229772302477267,3.805388334724519,461.30054089460566,2167.517122479593,629.6094352105154,19.820772561376035,63.87993306066932,25.150399613944153,546.9643331617,0
15.542083585233867,6.239259768579417,8.094124305943787,297.4807659344367,2433.991039058461,706.578829656751,35.283176008978494,51.74616518150939,28.434244839365007,543.2436322691187,1
26.46978837302933,11.754580080365388,5.742193188566759,424.87631401999266,2217.159590087732,624.1422686022966,26.00097369635095,64.96616840216589,23.139530320951444,525.4209325478572,0
28.163462772431966,12.578418471075096,4.382801699473096,426.07542332904717,2136.1230991320936,613.5992449091658,21.21708864157859,61.98426523246955,23.788242750893087,543.2892748945076,0
28.82893253218561,13.480811905140827,3.066361447275648,446.68008867648354,2176.425448924912,609.7743375275851,14.495212845800971,65.65496165859169,24.505921128682644,551.1134474287066,0
24.814468845688726,13.424895881779728,3.2216054266503598,438.08266487588907,2215.330025489291,662.0926519722594,23.572778753286286,62.50882388278989,24.400549356417987,553.4700055038222,0
21.603521399007423,13.105153695041588,4.866337644175661,472.9951085047998,2182.026015524218,581.6688424259646,15.824801048486632,58.996572726587445,24.84108478882351,546.5854391444109,0
25.643034622839053,13.962217816936374,4.89704087400882,446.4335471683926,2160.4276870635917,606.7910363878497,12.646616234165805,66.98549539742956,24.4172919234731,544.3060743361017,0
28.328731019852338,15.777628735896485,4.566812652154925,490.4808700848284,2163.113711927189,603.6862741967326,22.077810755645864,66.04631853220104,23.727766688633864,557.2465888517776,0
20.554586826409913,2.0,8.275787517293422,389.43936419462364,2451.168895590815,686.5744388929082,35.24219054141266,45.02053742755129,30.27016485273661,592.3208488088118,1
16.844197555832025,10.373135364970537,5.582281262237278,360.01326501025414,2408.1647202840963,709.3686309207044,41.17999171441094,45.65374161292312,29.553014198612754,579.8039093916079,1
26.950909857565996,15.00665586032807,3.8886928120312936,444.9293009085,2121.318095204898,659.7244313452647,17.912441470135192,62.46889781580865,24.83363114781448,527.1200126872496,0
30.397040619497716,15.049617223080531,2.665392157299596,458.91355945738627,2174.793159348135,605.9739955163622,13.859478291876524,55.723922382514985,22.5585997358587,517.7675423823586,0
26.776532806446696,14.826282058928879,5.45626731049363,453.48074804149,2206.575347722642,619.5461694012254,12.438460722267317,60.90607581260347,20.34604150928142,528.3530788245866,0
27.071925072322344,13.60770339031321,4.3678921590114745,469.03666037972476,2210.108624849404,572.3573565599855,19.72996484249077,62.428655600907355,24.01099267263958,553.2506803800114,0
27.845288592509814,14.406881040845823,3.730359653041623,482.65713466298257,2201.0128899673473,602.0308228084513,17.159939968641297,62.5686118043581,22.699727410021108,530.2383614131452,0
25.867796384205423,15.263991725975002,4.42980789027101,480.8447601953392,2185.6347308829945,597.4095381513608,13.94422932717503,64.51323471213843,22.434158855965038,538.3694104731335,0
22.597604117513892,18.4475894817933,4.441419209051894,460.1218071679769,2172.690377442639,623.9672452872042,16.838753005400072,59.77335385932304,22.484287271304744,540.3999683183442,0
22.748326493045404,16.36811359289108,4.547960305037571,408.3066901104254,2210.3304563861393,597.4926921646185,19.169394215442384,60.59420865810358,25.739507630437238,517.4359637961574,0
22.76234792443199,13.555784196553514,3.738872526125154,456.20985162616347,2108.2975531447782,630.9255447312795,20.427984833619302,62.39354736354986,20.50446716506854,538.7840596085304,0
15.623848599721665,2.1142936846588984,7.5123694117610444,458.459056560966,2437.1990114118007,629.6670438398316,39.231850530447666,52.31737968329105,32.70392560914637,562.2306144270285,1
26.07837061649887,15.7190903276048,3.5957770654289347,441.9980637390438,2249.299466502926,627.9859294587118,17.29156363994522,62.24978517192654,21.203813315813182,574.2851423062489,0
27.341002346724682,13.728212399059666,3.8779571637940187,493.9603903623257,2248.7838256951104,637.4012430965294,9.7664299001128,63.48158172150718,22.916656868635986,550.1653312101382,0
21.663673160717206,13.965975735548158,4.331363308242982,435.6545199176761,2264.2611808460897,620.034875001156,22.433598720380765,63.46126674001257,23.72446989766893,540.7491345976109,0
22.504869061808215,15.292696182586992,4.508870542177446,446.51856719523755,2240.731425680816,629.4408016617683,16.742490442402843,61.78991983215919,24.16305540755236,538.2154274081435,0
29.38828009026674,16.353411073666443,4.388980372291074,456.849711821825,2195.87411320922,608.6543965217797,9.433806519676267,58.515980849261865,22.554854938862942,547.6220308720435,0
12.046945851869124,2.4387421942003895,12.101211102276126,393.79520104932556,2407.6344692528487,664.9312622696624,39.71916957850995,46.277441849214405,31.622720788487882,586.2451343869118,1
28.032413451186496,18.927672836266417,5.228628192213962,440.6813324923045,2161.3920955545545,639.5558592709205,15.037740463982473,65.59270899338571,26.77790764317307,548.4266157074258,0
27.531831528989972,16.148233473625123,4.694845647928781,464.86590562510196,2164.318706157705,629.1504908656179,16.628646161133293,61.87213518017823,22.208215219878507,552.9512996422458,0
25.847750442497876,14.365918793548298,3.2649496321698743,464.0348111015417,2291.249245810841,610.1053570535494,14.595685808068549,70.06881817879238,26.54860925291129,540.9512052349511,0
20.87554055512098,14.739060501669883,3.8030253645217087,485.49888948706166,2288.439362934933,632.3931645469676,22.618352109104347,65.1090256621039,26.159429581224234,557.4313868224667,0
29.770616517199777,15.799055577956793,4.091729983723701,455.8179577269812,2245.0679291373444,637.8789664361198,20.364006649468713,62.696220234977424,22.124741354411682,541.6339930565657,0
22.033231221579804,13.150611009404678,3.6040037239651883,465.1648289389857,2293.116048662437,657.6105945213548,18.766193825444827,66.2050818520579,21.9907870928994,547.7059199069251,0
25.610754211072415,13.60794423339992,3.1060097138863263,469.1862302186108,2249.843578511316,638.3014150833618,17.98078758903778,61.54004282383002,22.716931659601247,537.7337508399248,0
32.07318402638993,13.6305422383094,5.016203843427872,464.25431260271273,2101.7250813997325,601.1434856343499,16.229704354766714,65.74094374411605,24.2356210527702,564.3588225541837,0
26.398093684661415,12.526351527474146,5.539071687295435,503.56871349871864,2182.817336178848,615.0183147832597,24.933102401476877,63.972141574794314,24.618130424071307,537.2225486663259,0
26.736481332394252,15.562813063614,4.398232653393589,439.817152067393,2219.4243466399585,624.4001661146017,16.647034025966725,63.08829447811972,24.072300446854737,565.6433581213159,0
28.971329657128656,14.93788405296502,4.117588207848287,448.45469522742377,2202.3359622392104,610.267457257095,17.263635406382257,60.424145951565684,24.05503897667232,533.8375729693076,0
24.183667222107125,13.901829143768762,4.532496891049304,441.72437047222,2170.231378576754,618.8772370918065,9.948561597972223,58.31798270658214,24.176162658582488,543.9207738877047,0
27.092388471798117,14.143561538782295,4.607641454835961,421.16058420795093,2265.965432429357,629.6890686090989,16.90773113675935,62.84632202908991,24.901453616547965,534.9383720938721,0
27.254926856298177,15.563998169685137,3.8571302574430417,432.53389510317294,2256.5019973144736,644.9852450754379,18.77058308499257,57.663685043208346,21.562444457053154,547.0674915435387,0
25.00062637720284,12.568424093301106,4.64616420005981,465.44926893884855,2284.6914063811028,577.9592032802034,18.617000360168824,58.88040348266137,21.90339095311253,538.138136533303,0
27.888955221625313,14.432937166412563,4.5446125699675415,430.66758797471647,2287.267250940123,582.9550142815901,17.99778276093482,63.385414718117545,23.938667500118537,514.0055581745665,0
27.416328518093074,17.129322411036433,2.787269631424864,433.9021446909055,2202.2505387745673,650.2964656312198,16.757752095949286,58.85029438342719,23.179336659182766,530.6329905849059,0
23.593928049650174,15.498205671039624,4.456061353330503,462.6203357601021,2256.644758594568,617.4828611459885,15.49351061593035,55.294471104718006,26.77907929989042,545.8086289001706,0
27.736391638307133,12.89753756428773,3.6943126366694337,463.5032741739556,2257.8996526289793,628.7994312430236,22.74417789864743,60.113543390193826,22.415392740013512,511.8634610488813,0
25.24909730650775,16.55259919612723,5.063965883460397,457.23718163528133,2239.1095351980666,618.2876712217106,19.281059222690036,55.18586873479854,22.394301331785265,542.9971631237574,0
24.406341489787017,12.381839875234563,4.66988192116347,465.35669920063117,2148.9888046614706,636.2674537894666,21.885027419381377,67.55125060417434,23.644202460618622,543.6403276276892,0
26.528628229176636,16.17977309960065,4.432882153984908,433.2635696697363,2183.104607595588,638.1774176656893,20.891052141234244,60.29505729684473,22.54625090950553,540.7640472983562,0
26.94349028659235,13.725740949677736,4.000642706227755,406.41750805731596,2296.403641510891,610.2505577039688,13.906390077610077,60.97398964481515,24.74572136443748,545.234562893071,0
25.97741935993145,14.866132549758305,3.848573082606489,468.98256556738585,2251.6196445755345,614.2777363626692,21.408249206031762,58.081060298598835,22.011680621863782,551.5454483739137,0
24.677290405640978,14.153849691374186,3.824351721856565,487.669214802964,2213.3395922897334,641.6867401383889,18.532048457905713,63.02130596511076,21.6359725848664,541.1634258722383,0
27.871847047160315,12.264480915601524,5.022446704484987,456.2003377678557,2193.4109088522537,636.9680211240759,17.10081087864298,57.902466439634296,24.320856394507658,542.714348846586,0
19.95505693170363,5.999126460845396,6.779444120156501,338.85867175399613,2424.5746599626946,690.8105978058294,33.167367183944414,51.71110536644093,29.048371118978995,591.8965972273354,1
25.70950573854703,12.017106161723337,4.337509700870504,417.2445901570842,2227.581403104517,624.9788602852132,11.83377481994605,64.99841500402451,23.370327016878967,518.4878800601089,0
26.50334961688622,13.780868710991946,3.2034798745187505,421.7642999827255,2139.8419847069626,599.2031179922855,13.215067636209639,60.012148540023226,23.692309504136887,540.634882793341,0
14.857605103985382,3.7192072812981927,6.429907171763829,400.87004350606844,2558.622591156197,650.9242062029131,29.546804366088388,51.731940825958844,26.544482907041942,565.810780957442,1
25.46962655385758,11.199835720617571,3.6881460016589056,485.2007682476404,2234.1383756153946,644.8142527403497,16.771622774508582,62.30082363740765,23.91392064790001,536.6145331550024,0
19.60404627935302,6.227681551941216,10.254730345745473,406.7692489989906,2400.334842468015,650.5927189496524,42.19200490372384,47.703949892411494,31.407155464791515,579.3903754587096,1
27.20496388575399,11.89734285008452,3.364614061708431,457.73494468871536,2204.214042563675,628.1638093884035,17.393999608467787,54.23237423312305,26.71981718848536,537.5582111781741,0
27.243777677963887,13.699143216777088,3.8271740351714936,436.66457605208745,2248.7344569139314,640.3144037395848,16.44770212708875,60.18499834733796,21.901947568863964,524.7059029304986,0
26.34937038399678,17.217870636842253,4.412250287023497,427.6129772380325,2220.389450297895,641.3026274527089,18.27787537632283,61.71026161126744,22.276231369608155,554.8127694109673,0
25.040799107984547,16.377137264397195,3.9374560158095226,414.4185293911621,2167.3686336466076,613.4784562848355,19.71152784239125,62.1601733462486,23.022017916394645,498.9310801368905,0
28.60077034364349,15.643504437962399,4.043954076327001,496.1952427862401,2180.9353296309955,599.373412918277,20.454066013558002,63.972094478625905,23.194809083435644,547.5054631178069,0
25.358822139438193,11.93910137283753,4.293278546621487,438.7589477331965,2351.491919443607,627.4009936653089,18.909148553450628,59.739575374748085,25.118646446367965,537.2000007093349,0
27.871069802074498,17.938080386546243,4.12540030749066,465.8515589019758,2141.5468559992773,597.1119292771313,15.811277042037519,61.81746185188388,20.997857275492258,542.5151705321247,0
31.004354869367866,12.217982494670407,2.5998495131802617,462.94760470445334,2212.863795754544,581.5044729213821,20.009999058753202,63.18822493330835,26.17956652750846,527.5910042503214,0
26.287873670844977,11.750169529766554,5.226660936217723,447.03589617571413,2125.838939555191,662.6582212257066,19.127011282384863,67.9127993911155,21.918536165411442,516.8094630191857,0
24.037512680688895,13.40563391098777,3.811790026829124,407.39073655668443,2269.467256040253,644.0781852411326,19.41635674223477,58.65676579432245,24.07448653802436,542.0156778528413,0
26.39216602589773,14.593186263068578,4.264611791696982,434.1263403634614,2239.422427514619,635.2995674220964,24.522678320050574,64.5033563528464,24.19205247387553,533.3143986475278,0
24.943649618336117,13.651140092309507,3.5431821677814774,438.7910884981844,2208.6248049516166,612.2766365593508,18.840157381107694,64.3194767817606,22.509568694321946,533.7325615223369,0
24.417408193009972,12.267335657107957,4.697226843677385,440.9997910672522,2180.9427756469413,616.959098388783,19.543636861597392,63.058669763100056,25.334676364396405,558.7653749597293,0
19.17351406036806,15.961467154596935,3.6668492251458225,468.2017131357931,2196.9266294405857,628.6506109953784,17.313964864898036,59.517257258934016,24.446351046021487,536.1357384222229,0
24.110937081496505,12.73721774455098,4.698374128523899,452.4065312442243,2255.4915381120018,608.1619499223306,20.932257143623005,62.49485175823195,26.070332182345126,544.4100428730704,0
21.97446669728296,15.032294185930574,3.8553935349136688,446.4759534627371,2190.883649371601,657.4180559089444,8.356547865593873,55.06302352107564,21.642801920809564,561.3835923161661,0
23.766690355281543,14.067738409137279,4.669510908403439,444.67902973935827,2186.6464730808457,643.2999054785904,17.987697063001107,63.72332914059005,24.749944533145207,556.955882055755,0
27.16927865585959,12.220398462471065,4.847393184085427,429.40760058571664,2177.89923597653,615.6246742442122,22.572954543455705,62.18405485850886,21.9355954910531,567.9489808057729,0
19.45281202027142,6.873036801878218,8.847345371571905,391.81957032818144,2363.7327872696596,657.484118008458,34.64341576094158,54.12437042192989,29.574469383104642,581.2548758929835,1
25.595418657289144,14.316897557591336,4.805467143753034,455.9588773319643,2252.0704503863467,639.0535117012056,18.342226500440464,62.414293059936185,22.904006216886252,524.0063871590138,0
28.214372588186656,16.1285967406095,3.922450311566054,422.4997461562636,2222.928584409048,611.7625678261261,22.462763452553993,62.729552992674,22.669878208534545,555.97138775961,0
16.737525692566976,7.791267879409078,9.02660622088798,369.24896837178085,2296.421069626991,699.0165072757661,30.8743633598514,51.6724668411549,28.154805547959544,588.7554334209295,1
27.678846306362846,13.224392973653252,3.6092084490045746,485.4333345858588,2221.4293082855793,609.5866607078161,19.677621293408507,61.42870539910694,19.827357525565496,527.6826743734667,0
28.22621338516942,14.886288502145755,4.223427051338736,445.18280934782933,2074.4535567476432,628.1968595653253,18.85039387293297,61.41962491111526,22.42206610117802,545.8573199491009,0
26.845603580146705,12.02128228999098,4.5724528923844545,431.61235730892406,2174.638396090772,618.0593951528956,16.11106475157078,60.5209565128484,24.821740765244723,541.5180384738286,0
26.768835450134087,12.395071578132542,3.51323985732791,455.7202647984657,2182.774138065008,647.0163733408382,15.331793393625421,61.03470357348953,22.715335145425232,540.8468334981341,0
17.306681049275358,5.06555629499143,10.676983398492919,303.95793023771165,2258.3052348654032,718.697088929527,38.92733437117765,46.508499454783475,24.450832128528894,559.4825919650818,1
28.400332713439635,15.961914414226959,4.46246906091692,416.9466525479175,2222.9729257983468,628.2646564600784,17.456727243539262,62.620090097119274,21.57668565558472,533.3086431973217,0
27.442369464238432,12.233402313309856,3.9921382486889403,449.38870453133484,2188.3055903948016,597.0411743509078,17.914658266971166,66.12421989520993,24.898294525040633,552.0219963812181,0
26.634381407476255,9.621635903053516,3.999669104403868,488.53525095210256,2209.3961296957577,608.1128544326504,21.893567521431624,66.09796350640474,20.409497130942444,535.8190458182024,0
26.174934846253777,16.984761075036896,4.479735073590888,466.3502410037334,2215.9415442185436,627.842069946435,17.309385076012166,61.24551312617466,24.324069529234556,528.1189401486039,0
25.440983483847905,11.98927186143116,4.392175010404335,434.06296376707115,2160.2798301299754,630.7780788222973,21.699402928133274,63.88000571480985,22.721296671337825,541.2369397119382,0
22.560951682073462,11.212725691012471,3.449231619886388,480.28312986900346,2187.808537473921,639.9413577386252,16.310569188362766,59.212654212850886,23.95412755494542,544.0870061383679,0
28.42309052009282,14.380257242428137,3.5966688354630474,403.1496056267415,2190.5331868710987,634.1436804654805,17.250611421679643,62.644766177312626,22.122844800936114,544.9173131826675,0
28.31070669364057,11.541025665770142,4.306512735310231,453.18418261620576,2189.21942525253,638.240526665277,16.262180664875082,60.653120327597364,23.58061384241144,536.7254749671823,0
27.877979321754236,13.477713615186255,2.4994531304200693,460.483017713147,2162.92009967368,580.2112315055215,24.036619298761572,62.02649379550363,23.44702396571943,565.2240319106941,0
26.215131355862813,12.596276991165231,4.62782853912272,527.917606033098,2147.4723501964236,609.0159073714926,20.461059110514654,58.51100427887472,23.925133771823887,522.3811500587334,0
20.08656306778499,8.286028485847588,9.386095413631523,380.8510372181635,2494.553872335618,632.5571120067656,35.872619380905874,48.10782796144016,27.414228626508937,604.5152376938237,1
26.669178145156774,15.72302544263009,4.410878916949189,461.79333972125335,2226.475587954335,634.2855847538692,17.4554241763,64.51820118793985,23.481576545041023,558.5915557881041,0
25.469157819488174,13.689468796451614,3.8612957006317883,501.09892428031526,2202.6467037026773,604.6983460728038,21.09451287185404,56.97314525039764,24.454318827354676,552.2837489984189,0
25.95016051183416,13.91682790087276,4.951263254705156,383.7158880029651,2222.500672522975,626.1702364250162,17.117951898459268,60.120646926918376,23.82830730776241,526.8972109598513,0
24.625466654288708,12.609834719042254,4.766593411270959,445.30729846520506,2184.6285854541716,623.9141225504543,19.61755236898124,66.66797734163127,22.28034587070067,571.6400319495968,0
23.657693546473915,12.264244438086127,3.3710212056389537,411.5237173073043,2255.365182955196,596.2330784776477,14.350712461961502,60.9339640170039,22.900462079826937,529.25125155383,0
27.373376556401073,10.968626496719217,3.895127404550588,419.05509451343926,2101.6766764552726,599.8022912785561,20.61052574924201,58.11268136357834,22.358785162945818,549.9765104283185,0
23.649597702184423,15.308053518150318,4.888426609079886,433.1838462202627,2143.8133967184544,594.4287953376801,17.07641185747309,62.552508473057344,24.47128593228825,529.2994946372992,0
24.80433889961206,14.197984500403797,3.8789823274149757,445.946239475618,2236.4713166966085,633.9840938310206,15.135598292449009,60.07427660326788,24.149066352773335,554.7303860910134,0
24.712808595256227,16.91569532198064,3.511640105123122,439.88332825834914,2155.7400525498024,636.6309390014969,18.926646388741187,57.66491642877002,23.230546831129615,539.2130855381055,0
24.764653597135837,11.080058119633458,3.203404866595787,456.194626471172,2182.26954920913,600.4906352325946,14.658681770891215,66.32762152727362,25.99624237434459,546.5738702964613,0
26.572774866441673,14.711030802115852,4.5045970613332305,463.5982923545835,2170.5891324152026,582.5216696632983,18.621309830424813,64.0097842286296,23.426425874008995,560.7571762328341,0
28.284550341206,12.99984846962766,4.135673298628658,463.55136626371745,2137.734224547493,640.3807865056057,14.8143592718266,68.42836131860581,22.642862239087897,521.7522502379985,0
26.680323769284673,10.80450618015262,5.1878958452903,411.3755035297099,2156.5064838719604,637.7230190596655,20.53235096355082,61.67729923461714,24.466945491645866,537.8766369516009,0
29.81921533066923,17.495717719761817,4.775106752268064,452.9459018879408,2183.6793694941557,643.3427473522313,14.250346405972046,63.15509942096105,24.204994728608888,560.1338358903995,0
29.330130721035445,14.04115818947242,4.131326993809015,460.2314187153215,2147.7905486565073,612.7011907253404,16.07405349142394,63.75686595769679,22.422298228696512,500.47929145176795,0
15.408884909202898,8.96173388503809,6.1273040150238405,353.3809378628963,2301.451828739773,694.1169885940834,39.11203942587779,47.457375555648625,24.42355956222065,601.2635101899191,1
27.61632794007486,15.323531690445158,5.4182237944554625,499.40971842078,2153.7867158964227,646.8077466605343,18.31416306326902,64.38478096317505,22.526326796446046,558.4844992496769,0
23.6158127090006,14.35104217549901,4.118932181456023,468.8186642874585,2179.1463098922964,625.5892822334068,21.166685411574804,69.02865067422819,23.87428885094629,543.2566907304279,0
31.621889127158216,15.604820238520675,4.8890971791482105,482.79174942042084,2137.5589334106958,629.4957963736874,23.342131872867142,62.498649183614404,26.032397251661006,540.4971858026007,0
23.16849431465759,16.030919225716367,4.8730710116090075,452.31231028301517,2166.470367404383,608.1389541551389,18.912101060693065,51.868707519571075,24.93975700810136,545.2601623190119,0
28.44447983857237,17.084681000075246,3.437428297556665,419.6599305465214,2190.3374996584084,630.5664064655775,21.87500752678903,65.51007290620082,21.58338636151841,541.0953633842252,0
23.723923288963803,14.892583379568986,4.379058741705039,422.1016535352157,2264.859654534687,587.855987366014,16.282280350351314,67.28532914171068,22.137916861634178,531.0399811054931,0
23.820093619274452,15.491227223695619,4.5863956071187415,453.1041308033345,2174.1462406705323,626.0297186066807,19.800573108043707,64.13588583931937,25.801801141140047,543.300585709301,0
29.018776927466398,14.045906864065934,4.712975851898813,442.5506029297651,2169.816091316916,611.0295721428557,18.25647675431508,61.50387637807005,22.87648859958113,531.7452105152437,0
24.83843499984217,14.407325589675022,4.565209447748273,386.9635432350889,2223.5955002245605,627.7575891378648,19.46421563033518,65.3308901228639,23.922506305044337,538.5094576626713,0
19.71151255834436,3.6239528700104926,7.837408741577516,344.7225313966473,2363.4329907327415,656.1728785270847,47.38270810077376,46.567008964037534,24.18446079552932,606.2977408151095,1
16.08571240713792,7.794037727420318,8.089104854947383,350.21011304786913,2363.5884228227824,703.3404254622222,25.06788598029828,55.495755505586324,26.764296050829604,577.3386449408608,1
18.58938607875438,8.248510155336655,6.9367154163756295,429.50169731948375,2411.4078901002154,674.0609939050405,40.45697632087926,57.037982694077044,28.348600723542468,600.7372124153536,1
28.32428918445927,14.030802206388186,3.9771680152875444,408.28910019428645,2210.5849379734905,585.8768046925167,18.776929050873516,58.21517937583513,20.83950006213627,549.5778605391314,0
27.485594123605075,14.040934039724899,4.745436904683059,462.62640865499066,2238.6635121161635,655.4504586240428,21.24897280849548,62.1661830429731,22.82887257164727,508.64108181818034,0
27.11986890212969,13.007160106764076,3.548207665271113,434.4241526270572,2214.349759654381,607.4884726923041,25.31168054147589,59.5289338725706,24.705742142745425,511.3147308982993,0
25.27562454274698,14.956581093597032,4.843805571576994,441.6550153671992,2319.8558357265906,605.2813670121903,13.708533691348096,59.719521457051925,24.484379762343263,547.2270534360533,0
29.123349026358518,15.281965307345729,4.0699840475664475,440.3530471811189,2254.6972676791756,598.6840283192522,14.04464300092935,61.21835143762477,23.848256930269894,534.5698671147733,0
21.92148478946219,12.021904870559737,3.839582023338398,501.01233535811343,2183.757840231407,607.8056015330673,18.764999372458973,63.02245996447225,23.716766637123254,519.7177479944828,0
20.332017400298728,15.241863752576446,3.635916374619452,463.1864327286747,2232.3917336547784,604.7280468474413,23.942828079262387,54.14396176018928,22.72718762540221,557.3910672292207,0
23.45859962654718,14.006439260321084,3.56390766144104,420.32006502581584,2171.351426723031,618.9393511117607,15.230189591021043,60.47497665637537,25.52860007707263,541.2519390412685,0
27.36161306559013,13.179916554441728,3.958022812247625,478.8683025636291,2098.861218931272,611.4416340418114,12.286162022892544,58.176062683068125,21.432771344140534,575.6550405855836,0
28.789825755698995,15.75945922297307,4.58485979084023,459.77132553046397,2226.8597072990815,609.0298041276485,18.90696232840778,61.8809556851402,20.103985386256625,538.8443750516789,0
23.947387098304194,13.53759379750263,3.6123731974864253,402.4274609476672,2191.775206796354,575.1350946779548,21.1434614855362,60.64413708222202,23.282847424361265,525.9555425013369,0
21.08825942577223,3.8413640716590933,9.4214211941508,385.7905987829196,2364.0177937178446,727.0281310480922,47.44881802000195,59.814458507812276,27.727709808498446,625.7720655880406,1
26.73859759621934,9.629425748507805,4.181049150472122,416.25095364988056,2117.68828460826,633.1669457170443,18.920384999685073,62.59550329948463,23.061629434446644,527.7415871155047,0
29.532209229307888,17.246167281012063,3.536877095509489,453.9929096098885,2216.384184351397,613.6913870555425,14.918447459472171,63.80655235661126,24.089555107516425,557.2231092029774,0
25.64461777316988,14.015345296824556,4.3341689438638245,473.06270598745164,2165.748961568028,647.8246567279747,16.245286640996635,62.92041480531245,23.313264720740374,545.59200384994,0
27.08600223174674,13.70275367048718,3.0383993225495223,454.3126797096269,2086.3908099782075,634.4282474711858,23.874150976616832,60.798448704960144,22.557160549061617,561.0078643592128,0
17.07975057821367,5.598290189319389,7.611946110884236,324.1037942852123,2456.383870654626,695.5369097171484,64.37612808129391,45.48145888903197,27.18121385255644,613.6124689894256,1
24.812215119641348,13.251664247223081,4.246937288614102,460.5523816386293,2168.3198875607472,631.4043368808871,14.319529519115465,61.211640500714715,24.60722337449955,552.7865081358186,0
29.211287902324916,13.103614341118021,4.091265936724855,445.54833508399486,2242.1058073082636,620.2920046709443,16.271382200916623,63.16402966949232,24.280030046057995,517.5197148682794,0
27.462594844140252,15.992545703870249,4.631172975234632,459.3579556842525,2152.4037792003087,586.7294405193205,15.802821369806564,62.690436332163124,22.353777164618023,551.6611060266378,0
25.058381769415767,15.020431270645044,4.736291012134551,433.4413052830026,2189.74469974,623.0852589428342,23.17845875973392,60.27787194977204,21.377264590771123,543.0003368327198,0
27.712704417660323,13.919085698520574,3.9969265522548514,429.05296013658347,2179.488274923018,627.4630494690482,18.843606746326955,60.56296366446033,25.29880940111262,542.3667917008064,0
32.10730078100746,12.502312136135098,4.6683246656979005,435.8389528000801,2202.4872625393914,631.5515463683532,19.009686340630132,57.3187111397467,21.473159227165738,540.4079603141447,0
30.765229395319096,17.519409544109685,4.041597304639322,460.8164038144923,2171.2391946174575,572.9449538743685,18.72994570216735,65.29274736426315,25.989290760204035,536.557252519869,0
28.390620409074515,15.18258190793046,4.086915953775862,449.0669155237566,2157.877802253465,595.2532970984,19.02795974951439,63.564226174740604,25.72367884337808,568.6176780144672,0
28.48733063228907,17.188107592701126,3.9989765863588094,451.9580172934733,2196.750950950476,604.2973705449066,22.536754885386017,61.996622301810106,25.23775086910769,525.7301324839225,0
23.750854135389147,14.375930593535022,3.727729418875737,436.5728470095378,2193.842679745319,614.9157156548437,22.688540231597354,58.304157933471444,24.854268986172894,561.2549770843999,0
28.41705717946061,15.697348782520951,4.334335624240834,474.61603720833153,2282.1408833924233,630.5436508126385,23.08908541058844,60.137205145540065,23.45390081033369,529.9913135065351,0
25.79849888290484,12.785781349118494,5.263673953854626,475.1856902654331,2246.829689942772,630.3702330429337,19.06648149005128,63.02926452575639,22.274897613623825,534.0736191201141,0
25.284230227316673,12.699840653596832,5.012580279303373,448.3525490547779,2238.367627732754,631.5867654084177,20.119029566956357,62.25659768568327,25.536473699364123,545.3644188962325,0
20.475195085500314,13.360450289186618,4.432497508688677,431.6782654192853,2229.0452682764885,665.4293188361127,16.843353357201416,60.61612234578573,23.01995096718125,547.4355160174223,0
26.43576864716886,11.226716195420028,5.189931346575481,458.06691091342424,2176.8659355807713,599.8273643485165,21.58614591202304,51.24505831723489,23.216208370236615,551.1281466293876,0
26.35761364696618,16.175760614175722,4.2121848039362435,429.5142755850426,2249.7213984868276,613.089975546753,20.123304311943006,57.481098304367855,24.915369035107993,545.943536040021,0
26.03510830703488,13.567497876232396,4.796330762086755,479.4365438233833,2309.251292228916,626.0472795250397,23.67769824652115,66.14266344820894,23.088380978264375,541.2139998871029,0
24.80995673579658,12.573017278754424,4.545641702136835,433.2052775005631,2170.09099139744,575.3446932284606,17.345595537678122,65.05954609178019,22.323636191458323,547.4912179987724,0
27.575753397393882,17.054806895727758,3.7776723953701214,448.2855632735329,2256.2633873093823,623.5398281013597,10.974701517733044,59.94803208663915,23.53091306017818,520.1833508559093,0
24.278006716922704,13.631578924920989,3.3940293287338785,484.4978200174268,2122.5037580442313,627.4136868598231,13.472544550648568,61.74477586200433,21.626893275904294,538.5182546933889,0
20.700973183121953,17.185546836932375,4.413225726402058,493.2914148581349,2192.155868274038,623.6878747517725,20.110500688145116,60.40571394178195,23.464704064694185,543.6126676648997,0
24.028432126413485,13.722027145667374,3.937922663935302,450.44516553716613,2212.16427326527,644.0948616679889,12.554529596122297,57.70412216603851,21.91368292854604,553.2097027687496,0
26.748693682539347,13.44192463121712,3.2753562020991636,453.7071151697897,2224.9600329569284,593.4096867369703,15.549103141837453,67.12404088176862,23.617905929255034,547.6292668489217,0
21.657904898449537,12.618706461273701,4.7627993670320485,425.9576500311601,2356.3086471396246,621.7172283832648,24.588090213934517,58.709201645414424,22.557920105207774,547.6601421398587,0
26.341228313904328,12.499669720255119,3.933333285724141,490.4227299688503,2172.157535408843,630.2648298253627,16.20677424036383,62.6726943230952,27.320618716551984,580.4456964383272,0
29.478474100728537,13.793979362076511,3.768631780878262,491.5240763515208,2132.5581839791594,617.2243969486507,19.798276943348313,60.065470077026816,24.09725708298715,550.4134684508591,0
25.24813814060771,13.049604442489684,4.6580033085189605,441.9761749820914,2157.1188825919685,609.6612673568563,20.242721659878008,60.86990483626352,22.555974857688597,538.326015179995,0
25.491019703701664,11.220329492823067,4.687821442132574,425.73691955839365,2165.6876515990275,617.4312156219793,18.51009839663663,65.14676384162792,23.84832775874679,543.2492482416434,0
26.960144578178912,16.77315755422319,3.8150205365171903,447.49701207658535,2154.5658279444824,647.6018538975925,14.308861670926811,61.57679741960644,25.173573552697558,534.3928520681102,0
21.719520185495462,7.234290443267133,7.681997738809392,350.6161396115588,2314.016837674253,669.97879175788,36.59391668295175,45.94712583520493,25.83124501419697,555.1606184176237,1
27.08169052838676,14.186378866063928,4.68198853417456,483.1693650113698,2241.203323781847,652.4546166127129,19.334302545023178,60.92501116158233,22.751431980911928,548.5224319787931,0
29.004363494128768,16.204587472134335,4.659417315535266,420.5350737499735,2188.725065777908,613.0712032248731,16.03139590348434,63.437683909386735,23.193966918846378,550.0167121899635,0
18.77866054981041,4.540091547275553,8.085099565899187,373.9324039416352,2392.015289998606,655.9932375905962,49.89844555263684,52.74127509745239,32.09461626046115,596.5627349657617,1
23.14910947994699,12.97897021808594,5.066550237841428,433.1995767858466,2202.8207431012925,644.3728717803791,16.933338421076527,57.63764151409011,23.448644774135325,562.9539517936937,0
26.12188088313406,17.603903110235123,2.8782903704942226,457.4602400407739,2237.3454308858404,647.3878899375603,22.942780600822722,63.311852823801225,24.27235416273059,549.935692018671,0
21.61796117487938,14.787338098176809,4.409734769179236,451.8691353973718,2327.6354527075077,615.8102134407544,17.348543687396685,57.055169753389784,21.58199623311226,546.0320891791285,0
27.48983468607706,14.234184135952194,3.5343473817364552,420.2905240135582,2176.101613973195,621.4553572784272,17.652734326652595,61.85292045660347,22.430696670408153,535.1330680634876,0
25.90161093131744,17.183277016418494,4.592391739341069,484.3313785410119,2220.798962794737,612.9140914179198,12.845112155356102,63.98685621942327,19.9503499627776,536.670566038302,0
24.327381880338045,19.009174083562034,3.0301192946081814,445.1578114587594,2226.724397741379,642.0152366731577,16.97513575480344,64.2783896033266,23.070468700173475,531.5444667360866,0
15.17663636938988,6.056845634451696,6.197545278751236,277.4254396063167,2444.98640732869,653.0314392125579,56.577905813836665,50.70562554802717,30.32007893491815,572.2812891835139,1
25.73756695321725,13.937805272358437,4.026201270104742,474.2258969838414,2226.8131306710593,576.8150317317352,21.76236414362188,61.526403166329764,26.71630401582801,535.6836914527618,0
19.867265755027887,6.8568206990837615,8.59300983441036,371.3332951742768,2260.201268286474,632.20721330649,33.04597495436556,48.837420493741064,33.80463645315662,595.7442206087323,1
25.784442625398327,12.175127160816121,2.7900172708532303,466.23372785560395,2162.9014702832173,612.5015066372846,12.160279109243882,60.056230444465164,24.256580427194034,523.085424702397,0
28.6109629762133,15.230036356337093,5.269137735518956,448.51248679283157,2199.1976187958326,589.9878976635753,17.154577888005083,58.805219957772465,22.93503497041764,536.839002363256,0
26.63288836894467,15.392392661258286,4.644385625905844,456.13808952487585,2169.586798922808,625.5638005872474,22.93891893307271,63.5673645836285,26.757074590202848,528.7790452915382,0
28.678571944870473,13.638595637940279,4.742280077640861,457.47120111095984,2252.6589033944083,603.534395583354,16.009332505095397,65.15254218268618,23.421032153742534,533.0502969802405,0
30.198186276685576,12.26263605948236,4.753348764703163,501.3500072117961,2287.98245858071,619.4845840874896,22.178032246419857,62.424141716676786,21.28745957284153,553.6125014238098,0
26.469201767676722,15.325381475043038,3.898724922635713,405.1991786029043,2174.3315615591973,635.9122132544564,15.801397797717428,63.250513077262276,25.193587254286452,514.9706624675217,0
29.876562802381642,13.521052825379671,4.866234583414478,465.3533881029176,2198.2974650268616,670.7701112996854,15.354372213127167,61.70561378349213,25.21301665411713,531.3498054204863,0
29.812389198454078,14.705537827705939,3.7839520012995886,451.4002906593667,2163.6339593660723,603.072882703304,17.777497974256953,55.175807848728084,23.848986109072154,543.8489192445459,0
30.92835310566921,14.283357936629452,4.66904413682869,435.6881050216356,2157.5735542865036,586.0741097478564,17.01994969197779,63.66632260372823,23.902030057239152,536.2349512286628,0
21.62241202836541,16.391905337412044,4.340787712622856,455.7622410857464,2241.457664768956,618.8091738733956,19.444892075047537,56.22160449065142,23.123773732359414,555.8488008068309,0
27.63134604744898,11.023691105708316,3.8854902562469986,415.8277322662413,2144.9396331451535,585.4537092459591,17.916184315077235,61.695971810494875,22.623289399929003,554.233459571148,0
33.523027153073755,14.534895118573939,3.6634367975078668,450.7932299633885,2209.1531178486143,627.0228795409162,11.673803352189042,65.37683307862913,24.419212271238887,538.6673964517897,0
30.06871320921126,14.760746460420453,3.7375924441967,447.5955875430968,2239.5005549305915,583.836168433469,23.17638007027803,62.34607614488956,24.113349175718565,549.7186471971269,0
28.062713003120383,11.503528404296116,5.337230175286001,409.66025470101437,2299.3132340244765,609.0698999539194,16.976804143773705,62.68204994017333,23.362041365448718,531.6466859855549,0
26.816491775694235,16.6836981935579,3.512219456562799,502.33716634427014,2172.968725571739,615.3467301389068,12.12002531414341,58.760367310019525,22.12495845418384,548.7715798669145,0
29.047609233104406,16.66132274992916,2.963682631725413,438.59018925436004,2129.7156315091042,589.7372129690049,17.072561780136425,55.286898943446,24.128184113603556,522.2183533786016,0
26.974608482093608,16.481722409447027,4.874877579102743,503.49204360144284,2125.9257516403736,608.1848048670807,16.5800987834071,63.085969038595515,23.240387712502336,554.3590824791964,0
27.22279849672496,11.177601230277308,4.451520364974363,456.8922683185512,2194.880925997561,605.2598107223062,17.746337933530995,64.57042518166487,23.56551312312726,532.9179891364579,0
26.577713969427883,12.749707300096974,3.3272234417783384,418.3098682817823,2186.9735218101896,585.6934954708244,18.646469232526968,61.68505536747222,23.161875899623965,573.1955124494539,0
26.577618001221385,14.975898086679372,3.931794324052887,448.9341651085892,2136.7399982490265,605.1248205129006,17.287667294099997,63.918208491157976,24.663522461523172,539.8312622671831,0
28.11139602995995,14.40964314709256,4.835471196124911,437.14335421841935,2267.1563610866947,610.0528653924913,13.115901564467077,63.74999889007297,24.245307366088635,563.6823734667068,0
25.55048372052526,13.484529997127023,3.7132221991279506,490.81748963666274,2178.661783883573,651.7237901557033,15.429821288277918,67.16913629291263,24.729392887652743,510.4273212633757,0
26.697471790850024,15.75116528956606,5.0712528792235885,441.7889555273872,2212.8537599337465,636.282611308665,19.38227674490307,65.78215184893733,22.02012578222218,533.3841620107024,0
32.64356023018973,14.217194115262323,4.601894052549863,443.98752603794014,2132.610512490972,612.3377277224988,13.798874702822474,61.34180417085853,20.869259733117026,521.2033340910853,0
26.580925251817575,13.240146071171145,3.5843507994412107,444.2753755261738,2183.1426881056395,629.5064574575758,12.092786212422357,63.01170643557244,26.231574992271522,545.366081388688,0
26.23454517344356,13.654237089921104,4.3057755726578755,437.19600389096723,2082.220232280697,611.180662165134,16.047442945754053,65.84650364583908,22.439807787057735,539.4876327816506,0
24.738316842825295,15.655385949283632,4.913001923015362,500.9693422204471,2239.726985907968,616.2909102985539,11.039297848047724,63.30117375669923,23.35028555020957,576.0255041392967,0
26.375185222534366,11.119348312485172,4.730047304454354,412.426472818819,2190.102618403249,634.340008694312,18.734098516751235,60.48958938231271,23.076472016657714,541.4994017973454,0
25.411481317640096,15.442164547315711,3.6037890480944013,446.87179929388157,2173.023017831187,619.8174801305474,15.230071419131091,59.90497910428301,21.952226733662847,567.5572722948307,0
29.32243073180223,16.082152216376677,3.317253579055857,461.3265276473576,2119.0288128282605,628.5743934581229,13.848592663949075,58.05559501082845,23.399233298957917,567.480049275836,0
15.523067346416553,7.875767180502777,9.161046286162478,363.24326737646294,2161.399872181597,671.0655373286961,40.23436112774826,42.22572731395348,33.87631166510868,651.1597073148354,1
29.862968571044068,13.893262616977031,4.348082200303384,426.7424964340171,2222.9140606645074,617.810423533388,17.982969986225473,53.37127878752972,23.955182626284305,551.8563500820986,0
25.705233628428843,14.18170044650413,4.05450192475318,457.19937484285373,2236.6658932300165,619.9438829501645,20.326888066837338,58.578703686527824,20.830236489278953,527.9861949615484,0
26.527463783818813,16.07338514669047,3.725766807790666,454.1058034828116,2253.701854399381,610.2334115185731,21.45826325081788,56.97584340321533,23.60838632728972,547.6108862901472,0
29.061281688566723,14.398169991281843,3.569294431639746,442.2936022163731,2182.400594374647,613.2331701989725,21.301305952211322,55.52136770706815,24.83890907838681,520.9019921395192,0
29.36953165183391,14.027409515381251,2.8740333242302745,415.40383765386036,2192.0399532186484,603.6409984945639,14.712894387663608,61.57227128610198,24.199828173231023,547.475248027316,0
31.25726865568542,13.736827806521788,4.199392060478031,442.84906344407216,2121.0493351214877,633.5190392189808,17.013134389343396,65.62418450026418,24.426734215383892,532.9485179603255,0
19.31739834922406,4.791534361067519,7.879706064890966,319.11026663429607,2441.696973382554,676.5511040215324,41.18954906125845,45.55980358114121,29.660072014835784,615.5006907155094,1
23.281443546814923,16.28816712395839,4.284324596950825,444.3288318325386,2082.6413135830917,601.8840812687804,10.805018749278805,58.737088396750586,25.495482578239567,529.3332292410169,0
26.528613597728665,12.867071523097984,4.166437803563746,468.1118862541303,2251.116249760824,618.2131853267497,14.433987315266506,62.45346478947369,24.47441795520907,530.6341214701204,0
27.78299952769295,11.506011141898814,3.810984951825045,403.15130482141853,2204.1942173922293,622.1172030634228,15.592539192414975,60.244592028351754,22.207491961394645,544.7778986233794,0
26.3655436229542,14.162728544608779,4.5968870367872885,465.83001086773277,2210.744562337673,631.4427651979302,15.0652851535735,60.76516081366446,23.75074097573027,538.0005041750129,0
25.15420949284605,14.919144560881241,4.691604552104664,464.1861607592615,2171.84511467604,636.269898745392,9.506779527091135,65.34026196061237,23.983389933023812,551.8252835555062,0
25.16636913208819,15.201909998219596,4.9372890016299635,411.92603090013824,2281.7141921835946,622.9595198244824,18.835681485987447,66.80258688875527,20.13063119252768,540.4024178128436,0
16.380421487317705,7.005177458503236,8.496009462454643,354.9502248226088,2244.7995325078687,680.9509087658814,47.85575042468591,54.939261577474596,32.774296996157624,600.9251907662909,1
27.317108675970058,14.03082622098768,4.412772696465014,446.16815523844417,2154.820758475492,636.1001496731255,13.138899101981124,64.42407203843584,24.23111651353635,541.3162306259939,0
26.96993396871526,12.678423163040376,4.317559238666382,484.47216749015524,2233.5496647723544,638.3763813357009,14.078332255792338,64.02492124684626,22.44935742806418,531.4409348663769,0
23.92320742016915,16.298976765482454,5.241044377508565,409.7047933099643,2191.083622160201,652.4361385661763,26.2106905396399,63.04651629070773,25.19266946008895,559.7898385859489,0
28.160884185599826,15.303479577587414,3.8759078675565166,436.72144479106026,2150.6539052624676,617.4730879427088,17.05569608184587,62.60308068864838,21.38471145422617,541.0373733752466,0
26.06782229389141,14.412586237011627,4.463200900450206,443.5475281755119,2256.217508069935,643.6105583025782,19.38958666365459,59.62070063820598,22.38537783750113,524.0221401945545,0
23.528092364192872,16.83916507532623,5.023904950733189,407.8258440347865,2234.1473396569163,646.6904980618392,16.41133154821582,56.26001542380096,26.79286736343916,543.2896547118312,0
16.504898236915754,4.0314534239186965,7.776075398669781,318.42897483073745,2334.2678399290517,616.7605802215239,49.724963420417666,50.567976032606126,30.182187720154193,562.0525811650164,1
26.264513561622916,15.549190970067063,3.2369200791249497,442.8742271862354,2127.374414149654,629.2842118963875,19.311012088972635,59.66357827766291,23.015053449101675,520.5626980475844,0
27.60494197304035,13.301912410068496,3.8389123850730567,444.34161417419665,2231.0786386209707,616.0709943436962,19.264589461057493,54.405749532873706,22.803530893690844,555.7894460945485,0
30.80916430195824,11.896905767354983,4.263891716761609,456.1713482282804,2180.7108470039616,620.4878613972568,13.426984466989023,64.25055459564388,25.017731764353364,541.134869455498,0
26.509490629053648,11.714459325780732,5.0686277899644425,431.52038655445455,2220.4065041487856,606.223406156324,20.626302840982884,59.224651177085775,24.06755804238227,552.9616462936929,0
30.985925136500896,13.692373932516622,4.345810536808916,461.45588693214654,2123.5384610027654,630.9015730896281,15.126958460458845,61.58199654446078,20.88771556439746,520.6746272234149,0
25.997238363702923,13.447116897345143,3.0918022936856238,451.28466676090466,2291.996904499593,600.7744315539068,19.535668692324624,61.89209133904245,22.88221312595264,532.9719015764671,0
28.407316205842342,15.565035458759317,4.070296666006821,467.8107529623259,2248.656293652562,623.7130707089054,16.090065727548886,66.1376637572714,22.73305729054063,553.110191295233,0
29.765004354267063,16.28725695697967,3.798572925495707,442.8225797951108,2175.0107329378197,647.0209461126863,21.318977809765457,61.65112854497813,23.399594653017413,545.4609628419461,0
22.665346487709655,15.911111645197135,3.7142895257216404,474.2540368351495,2262.948874778605,646.8036513378242,20.345364321080055,62.59878020828057,22.900399014416656,563.7943089827218,0
26.115787239094956,15.491906095750114,3.88756092516103,475.23855384673504,2146.236794926957,608.5333229806566,12.397083487648057,66.0684871516581,23.242705529141954,558.0723480800777,0
12.970973837988737,6.580970257932015,9.768240736973668,379.9031309877678,2338.3787855769024,669.6566212368098,34.26208428631237,43.48404995213502,29.25093380666788,612.8819094311388,1
16.682751774796166,9.210362835666515,9.773608090898463,358.3481073863775,2340.9127062921725,633.2885732795754,39.254698394134024,49.10337728181554,31.13356338702167,547.0862633907499,1
26.306609550447863,15.731549626946546,3.622000757718274,432.1006518818606,2253.3406013133376,656.7177799506044,15.213788313612097,65.50549392629812,25.516203047378095,540.6923922181959,0
25.764130691181876,14.841801309903841,3.7110184160003876,456.5316096882298,2264.4058608915516,588.5667217645382,23.93823887349782,60.76877916975388,22.926089157029512,566.1124738887227,0
25.172558738610714,15.33724845858147,4.935920847363957,417.4600662222352,2185.2524902463647,617.5894211984455,14.11076525199131,63.66780042681711,21.961244857420528,545.1343433092296,0
27.421876960206248,14.065317269942776,3.639635728412242,469.778274179939,2209.4863089599316,615.5876732661122,21.544519367055457,62.2081689038406,21.908447092200507,529.3746819314459,0
17.605474229642063,2.162854554609858,9.425387035813195,321.2136954652939,2450.205250251732,671.9482891228314,47.42912757505373,45.107387785240284,31.774912158212864,604.6331995427324,1
27.00847060154986,15.073545909513653,5.22858880799059,377.5751318585681,2251.509269930075,649.8540921455195,17.602954948203273,64.07097469134145,24.373083737267894,518.1445409608269,0
29.531297092079,11.577426242593717,4.204430984478195,450.8842653586861,2225.1344567028636,621.6961674569962,19.05571456536937,61.30668220591693,24.565243717398626,550.5361824000527,0
15.899604284289243,7.0489469939507785,9.947529552431053,420.7633470693153,2301.3424695418835,647.8931908020318,39.76731921749194,36.889643390288406,26.258277050369117,602.1364288988615,1
17.492952989051485,9.631951597411527,7.846071866786174,351.5502688155488,2410.1927231974864,637.5600972353672,34.453598105370766,51.11350106790809,34.12338332252604,638.1191320429609,1
25.970665493639014,16.42633337842021,4.297842124759621,479.67176122264124,2218.898278776176,619.8685550405728,23.472840360265444,62.94391127171936,22.91050509243681,538.1189333814821,0
27.520090442203166,15.589980659234508,4.944982357739244,459.64546169679943,2203.465787547056,599.5594627270407,16.54970096824076,62.49049083825334,23.553941380494635,527.2509278877067,0
29.148059347240803,14.090338501525716,4.323213409350875,443.3353778844216,2153.582210458819,580.9006291148439,14.585844600563721,57.15609746623719,24.638790262807962,545.5657047788967,0
27.070570825347264,13.53272130794841,4.432297067469817,490.4573972389346,2221.73539343852,657.3766634630211,19.109338978670415,64.87571308460572,23.78009561455094,543.1283892278208,0
26.641241729983083,16.080085409291023,4.908736058648995,473.8962145653301,2239.2042273291804,641.0887161521066,14.915463821361527,60.912106868390765,25.160576368508163,542.813573665467,0
25.39246961689633,13.861254657308054,5.112063673450122,464.3666960120336,2221.7492301065895,626.2155991365983,18.479237797577024,61.89673366686205,19.75666974752298,535.9407831341682,0
18.89251847479403,4.206116204154886,9.688273268463528,346.4007159641285,2446.0320758262733,654.2505945929787,55.95501114740558,43.60317987351527,26.432787718876753,595.2853085490807,1
28.442682397477245,15.041706687821838,4.1475772377041,452.53282984303314,2188.3445835010793,602.7182405204363,12.87619371017739,62.113943039208,24.974864322997096,534.1476875833239,0
25.170306265143108,12.394028697348967,4.574205795887469,450.24888964300703,2292.8563676471554,620.7013902700278,19.868443558012274,64.20910858629406,24.029794627601852,555.5545995074671,0
24.351984953561075,13.031692444525696,4.164152292623734,430.72834569761557,2192.576396579652,618.7217995471769,16.12631379796098,61.06855135342124,24.79150593538521,562.4693454536787,0
24.094772209145933,14.14154621694858,4.754745213957112,489.80537839397635,2187.0604225206216,587.8608270289088,17.137901967462188,60.883570341398375,24.316899323082474,566.4367244691887,0
24.719744895302654,16.831238501585148,4.075936701868864,443.0434990408105,2167.9452308629575,590.3916165972255,16.361433926707708,59.44140006093007,21.37870328592254,559.2538652169778,0
20.02068443741993,9.134608179827683,5.315123963837263,359.1704057813759,2455.7845602005364,681.9533538656297,37.3159791752049,52.575631812801504,27.71035903260547,632.2802319543041,1
27.811268438215215,17.749952713498864,4.550896582235768,487.7471563644276,2270.3719556958613,629.9386303135973,18.059780000711125,58.5202926866674,26.670539081803007,556.8142056623544,0
16.87748653399258,10.228591695931666,6.341695842836719,384.10507259519005,2376.521303944802,684.3188569695513,42.212485487848184,56.72683732829128,28.69484036868512,539.0009832062001,1
23.511602564254744,15.019537189149837,4.742438969580156,485.09017444750253,2153.7700129032883,633.6050800860547,17.743328378499196,64.25585471211298,25.001066572952332,558.0361105494931,0
20.372819678649783,12.316413474807876,3.579385337943781,465.8883997733503,2310.560128712811,616.9603147041041,22.510999520195032,58.52395114400347,24.83628467052721,550.7261157579201,0
24.369602985086015,13.715861729574733,3.591504184715873,446.0257972942696,2249.996473565934,607.8785682021175,20.44742577085483,60.56815170238969,25.5465775220014,531.1393558985177,0
9.522196190838395,5.544420257714327,9.00479014330597,401.2805239071768,2428.039864647266,710.8289070453035,53.3184046894751,47.55028627082593,31.904882927881207,544.0799098731391,1
26.074028941609722,15.080895634719168,4.425657220532395,431.9254663349735,2218.831149233975,635.2614076030752,22.615835210428386,59.45339596954126,24.365220962494185,522.9728398205489,0
13.312737677120241,5.649672228929704,8.982996412805678,360.28873826900707,2347.3483974599503,627.0883865740038,34.5729394357493,49.92066100644297,28.901494039426375,596.2863161388375,1
26.63370406705475,13.625609667004644,5.142326160431409,469.17812080043893,2239.931963052432,576.0572273752831,17.8694624146522,59.963711381121186,22.715968472932655,521.2324572291136,0
11.159288623212163,7.7653625258066,6.927260183614469,360.5277462392576,2214.5822824711668,759.2972133767386,39.09314615538852,50.93327264794074,30.364140882389513,589.8243360883379,1
22.94559087663857,17.530742180275045,4.333739497802303,453.97288214589315,2166.4634546991297,624.832512843681,15.90353483870769,69.01715898674789,26.4697045834025,560.4478633668505,0
24.08720809441907,12.206419721198886,4.168055520816553,430.27088251818986,2154.7937346720128,649.9513227217427,21.786242835074432,65.39957293652567,23.32137424359821,547.652538868196,0
27.09206529197007,16.70120846544411,3.590093626855984,438.3327863068379,2226.2114142865225,590.5379885472869,14.415578013439653,65.84875620262059,22.323420271247315,531.9604967175354,0
25.28992467106831,14.607545446554523,3.652988234203058,468.5851710319566,2202.2647482162542,609.0644833249218,20.178382610962377,61.25146543898573,19.72823616389772,567.2225628043564,0
11.949487002886205,7.97371636137043,8.569136193015105,298.48666192891426,2301.9165217806603,732.3968360764128,39.619039705369836,44.11694092776415,26.665130944189606,576.8598032187907,1
25.947581705534116,13.672615747637142,3.811771416354764,438.24092465898514,2279.052434193594,641.2874032483885,20.247865977818268,58.98380850140824,22.758320223900085,526.4231821182957,0
22.834535043826143,16.571117355662388,3.4174606406440544,461.5588115167765,2200.5408259711267,600.676348675237,20.736141091265754,56.21214581306533,22.015713435382647,552.2294321771631,0
21.480267372988322,15.500093464920404,4.065160947472007,472.43476563312447,2264.049383958631,578.5795298240278,18.86875544077311,59.03920249005912,26.01163741379007,531.8542771537864,0
25.15116204519715,15.627124813331823,4.708041746514639,436.7296011149506,2199.973524324707,594.7207191487047,16.334670020626636,61.39244861329433,25.723331448689894,542.9725100948998,0
27.499435566808593,10.755196477307933,3.631762303743629,440.1139051421504,2352.2662796005575,615.6446462406653,16.44449158860409,62.550827493171035,24.53538334191651,552.0395656324544,0
22.38805905507841,4.005191647025976,7.850089980453013,366.04628926716146,2396.557233997045,663.4231452907038,31.43298317800968,50.15626558979755,23.854101244685758,633.0851099633204,1
24.032857303929408,14.404975349455622,5.086997460264138,449.66941060378605,2250.4986824769526,613.4511874487658,18.401996134001752,64.95069169605146,23.33576154635064,554.4024016338695,0
28.343788921167715,14.210683219521004,4.118683309323811,449.82250595227146,2114.0231954567107,635.9786217411847,23.577888153159492,65.04770060834124,22.375561550107076,526.8460957723734,0
27.225100991208837,14.108942677419826,5.232946150378149,493.7994776165741,2244.1230575032905,617.8379982296022,16.386940010970942,59.65836688882611,23.14176424877655,560.8426169734224,0
30.096763705898077,15.465445826281739,4.145462315950717,489.78154924500507,2269.2052923252963,597.4605365524241,15.51002503717563,62.053126885544025,25.140485211844346,528.774689693403,0
26.053362077465273,13.990841288152442,3.6207259932528815,452.0244519837497,2129.0141308411785,563.3795880131855,19.34906070463881,63.785390488696436,22.57598994694485,523.7648646478997,0
23.558463201426747,12.108879953918176,3.861412057343255,475.899736834648,2157.8520067077056,604.0898364558118,14.686819062781463,66.5415139739892,22.87022770765607,564.1620284370991,0
29.906606599508354,14.943204511400321,1.5665312490810983,483.01261768705956,2192.3762375329206,612.7001262656258,18.186710252047025,58.859255270486464,23.080913758644687,545.6098880921548,0
25.335579587854806,14.709916236671162,4.02639900704821,415.1975870939002,2233.440545023866,621.1652145653306,12.95224133261983,58.50801288700997,24.281605621871858,557.2159918821849,0
22.213785261259694,14.279450013998067,3.4023289112025554,466.4220877810098,2198.1002198456167,633.3213638062211,16.402759255920728,62.246791663668496,24.11913051481038,552.6319731294309,0
24.46652396913331,14.214380756034297,4.699770724573611,492.97112198610114,2124.6382719984276,635.7655736164257,14.645464504265536,62.38986187000266,23.694352061252552,545.6898142442025,0
25.515647069438568,13.233225418780997,4.202974018205443,436.9666041949499,2127.836830616334,584.5852794204711,13.023485878137897,64.73946657312813,24.69857854429998,536.0003806132805,0
28.244542097500013,14.94807702142283,5.258095386335846,420.10303797147213,2119.795399915572,600.3155624626231,23.738468978307164,60.03254560440109,24.732460276082744,539.1295838136698,0
14.016158168939402,4.673278155842709,7.4327878522838295,427.9747159018161,2373.57015304051,625.9109092672257,45.4813493705204,55.080860073550596,31.88023189511412,579.8029946691039,1
25.15547163410715,11.54425097713023,3.369525943794882,476.22676045943115,2136.4427311720465,625.4155122053066,21.05132979284394,62.17314324763843,24.66035015215217,545.1790569714083,0
25.267850577761102,14.847480698027391,5.766661607032705,432.9445820261285,2246.6059762627674,608.6544040102348,15.10060519718311,62.17644444862671,24.033168794267763,519.9425959925253,0
22.58357685058024,2.49408586056963,7.271560459648941,340.48148574609195,2323.3562920950476,635.54841137497,54.879923151488455,51.51397961541395,29.77805910336791,586.0020381028846,1
31.37753140031575,13.6697762416091,5.254659880008494,449.44316803413835,2213.5139783617697,604.6317079702194,17.5937652226401,67.95054714000068,21.955540835277617,538.6890346155674,0
22.527756089553186,14.454540867865722,3.9387566235435663,467.48774516146864,2174.4689205530312,639.5214536394428,21.61277091194203,55.423344291737415,23.516301768160066,535.4784977203424,0
23.692607377232175,12.725665604799918,4.798430750223821,438.39989032716517,2207.523796100431,659.0045659969466,19.865035227909114,57.58447933838763,22.47514499606051,526.0168866505483,0
27.063899598775453,13.826308148799644,4.879230820326407,401.0011979185027,2176.43528104848,623.9269792812412,27.802395565701506,61.29693353521026,24.086177935413776,562.004527469657,0
13.841366175595345,10.456292519065412,10.70007722732876,349.58353145710356,2456.9151875557986,641.4424450559444,36.79707858102509,47.22195421279301,27.742998470686814,596.2252676856149,1
24.950835164678466,15.183001295606404,3.1881139762859148,430.1223674380064,2246.715723986715,613.9833675734432,14.599948391478351,63.660791439737906,24.648016257871753,559.2440071279291,0
18.59209229179945,5.213310851508984,9.924172085750588,299.9448589809279,2414.092864482215,647.5154605137897,44.746534992656215,53.872436880133876,24.193290776485387,533.3069056281403,1
22.51996749439636,12.975875522748861,3.8124209208637354,424.1308514862354,2273.13211713882,616.2346524806809,18.726105591295383,63.94771746671148,23.36035859475145,556.0932970546875,0
27.08042472406564,13.239664853770817,4.498281744231656,435.54143437846136,2197.2065435060777,612.9644526790416,12.343890046428907,62.72603424295766,20.86889462236493,550.187082274878,0
27.207671470024973,12.304990486399006,4.246584345916302,424.4686604129348,2258.142815165817,626.3295142838841,17.816154209468895,65.15768326176803,21.47174092851367,560.2235266024221,0
23.38170632576458,14.322581734187892,4.67016305657838,483.7355054245921,2239.3834654807147,649.025734089407,15.985697425535491,63.23600965878516,24.969759672171985,508.20022051351896,0
25.962127085572178,16.142422802783575,3.5927825994500786,448.46062809873763,2204.2676108809173,640.8883327775147,17.118074833903176,65.408171678803,24.65492372405712,544.368495668977,0
28.491360076299994,12.729384428664256,4.85226611909326,408.7298184319104,2207.959506844336,658.9094389622919,13.070646403889956,64.11995295061915,24.376205651582822,540.5804507632593,0
25.738933092858332,12.899751354038706,4.126091822544657,459.63269176782296,2167.366100670637,635.8455899090229,18.221043788151178,58.554103966909615,22.413426128851118,567.4044773648775,0
22.763985950451733,13.859357746176894,3.952994332596563,464.22841104668805,2212.409264204608,594.7109730343415,15.839855591368654,64.34724246878099,24.934186074903327,526.8237578023136,0
10.10436972150185,7.871058244583482,10.027814749100244,328.70695876902863,2376.279256328041,668.2721687047813,39.07611840228282,34.1357078853272,25.065326416445863,575.7227909768925,1
25.034870900061104,14.133188453877338,4.085336274132054,490.75690126820905,2207.7912534820102,622.5423551472896,24.48616208158863,65.66541502142236,25.236683648245965,543.0831058926933,0
24.37115702703558,14.280844836588543,3.6084750150044727,447.7497435269095,2269.2453468822628,612.5442857757363,23.187241632287456,59.745346614460765,25.27563538199084,570.2052370454606,0
22.75656707476366,12.812191358745899,4.164198911663683,433.4853283705778,2272.5793685922995,628.1684337247714,25.15167922150073,62.11522425310556,23.425100655476115,552.5345318533695,0
25.20872314459792,16.412784876367745,4.55744874402703,461.7335241553547,2265.4072046753026,603.6203294389853,14.895956288566184,57.91925293728043,22.013641738069282,558.5834380766443,0
24.96975800235048,17.152637369016958,5.151156728511173,394.95078509652,2190.1785538996915,627.102149466317,17.63534356309494,61.33549554083346,22.76359487854319,558.628858760237,0
31.521888465462848,12.564372921798537,3.3298923778738425,469.10715480925035,2155.3888522339,630.841858886911,23.313941874632285,58.445960599425376,25.677904450942787,513.2786082939474,0
26.9959529015661,17.248779233372485,3.532600851131187,426.16381274848976,2215.276550437821,636.352068120435,13.532351319506212,68.16467876333938,20.905151045808882,546.7037394656351,0
28.898976314375183,14.879255072222197,5.166540561848627,437.1764721252555,2140.48169318812,612.3155429990604,23.338891841061063,59.922723345740096,21.786526912190087,556.9710138896309,0
15.869842927248314,6.222816325952895,10.070737116544546,344.65376227789324,2394.211712036789,630.9521099594076,50.21589479537563,49.841163250959134,26.922887540418635,592.312999345562,1
25.6905207392835,12.943201372481369,4.301248557136914,445.0405014350351,2215.1106731789996,644.9677715199614,17.23478444243622,64.73230895387624,24.312503726605197,531.9182397034854,0
21.869595361496998,14.33459822044392,4.239101439818539,421.995347867473,2133.744480643812,622.7734256650152,13.26277949984443,63.54560754081171,19.9780330925067,553.536979761376,0
26.958086093054764,10.774712415864611,4.569904645480682,456.1015056495442,2244.3025676330344,634.7192640744555,22.636294867920213,64.7857283496893,22.837610061128387,544.4320253890777,0
25.539385217798575,13.492504712345147,3.7934945298716185,463.9044438932753,2205.15480162549,642.264311676675,19.339449139467614,63.440744582250765,24.156941531504394,530.5770551316451,0
22.28600670653798,11.871691253190923,4.337673884666797,389.3522898766333,2221.2795125184134,583.6384123279705,16.3570904392815,61.70241163973731,21.235502714908073,545.5430345013053,0
24.17231628014474,14.727537975880448,3.5567689365757933,476.0589016431319,2221.106929450912,615.8348233378443,10.76676258001075,62.78349830863709,24.24541687069115,536.8920770780634,0
22.202097165309883,14.104318321474432,3.3591293113654923,428.1392897730594,2234.29486799217,636.2298748394664,15.940623194824779,67.40151795032726,23.021332510171955,532.218062633936,0
25.513487192851027,14.462134565818992,3.4969449888700335,479.48405781732697,2170.601798162695,613.3985287394437,19.399505904169402,59.869869065484934,24.471131750843906,550.2727921083261,0
20.083353897671756,13.270664325649284,5.656483226602566,439.82480864201426,2186.9230744312126,618.052401649258,18.732468452726945,57.06880156756433,23.2470409239555,528.6731088627514,0
26.70905269352639,9.2510163051306,3.907730513761424,483.433580641904,2217.472561164207,592.1148170755484,17.466242908247263,63.35412307670805,22.27005460014835,538.18277788058,0
26.050971465421355,12.909989460372241,4.012742807972225,436.8448590301466,2121.4800464319655,613.6487313054772,22.81202681997887,60.144397087524624,23.442841063226783,557.2596630204109,0
27.04999170992941,16.94007193522043,4.003158225944642,445.85225362247303,2159.9076504980007,658.5479550798751,20.271716581956124,62.561083051353286,21.470729124280062,540.0195880185637,0
26.726462267254362,15.703678589024015,3.6385600804893894,389.4705535652703,2172.2999527058178,618.2615612594572,12.256355469475107,58.99330059194827,23.149659591984555,547.7594135528633,0
24.26413488480618,13.598822481588764,3.0128005998663863,447.88629104415895,2188.33338294122,579.0825153948356,20.947115329809726,62.1177562218501,24.764394887158115,556.4011445268754,0
20.590618998159503,8.906128107565623,8.333190474339165,356.95765018794225,2390.8410056570165,665.2262877974875,39.90530428406153,44.586630817305505,29.2609343304288,588.5918549221111,1
29.302101628507916,16.86481546107523,5.051678083688972,420.64979184943394,2239.7029232263562,617.4880068938622,17.060277909737817,60.13666041738853,20.48106908256531,540.5827452838578,0
22.89505316089997,16.733965849457554,3.3780939208727134,394.7386746570021,2195.9216939784706,611.5306379156307,19.38385129713733,64.04088822823941,23.839456658169066,556.484890764731,0
27.525530039198877,12.103118800938258,3.547658807046988,442.570989567567,2160.1447782934247,636.459504526891,25.792424146405928,60.80896696311255,23.306710912839133,506.4159415059905,0
27.149519642013775,15.797871262211043,3.9937627970772875,478.6547344416216,2166.8654719525066,593.212668474149,19.73455889471521,62.807698670276366,24.629075168158206,543.8335821017903,0
17.49752513488506,9.561042964037954,8.01441094610042,360.0189994546609,2487.7421880274437,687.5240888019126,40.79941150440106,52.237807231466924,27.094018602405768,580.2050368982954,1
25.09629243304279,15.270023832086451,4.077384338078231,419.108160479626,2219.846516400281,638.4846297190118,22.243436508725537,59.3730133007424,23.02194509740379,545.1537773070716,0
23.749661115689236,11.809721474811806,5.666460181395822,477.7237643239107,2163.480993663437,638.5329184829001,14.71808241256593,64.2976389872394,24.39138014900172,527.8873672885616,0
26.67604781831822,13.487660597574115,5.127966846458145,431.97755330863987,2254.864724163506,603.5119325922747,20.47319794343137,63.329254433958354,23.183332427871235,546.5606421472552,0
27.196439786279516,13.504763655555074,3.695123908143212,431.0671338631544,2134.988682743332,591.2179837771607,20.739539834077092,61.62150785585295,23.339986593921985,561.6276604539853,0
25.361180387491423,15.558358510910695,4.2226337380093435,410.7158438047227,2407.56206985198,657.5306774828898,18.24284297148224,61.555865993742046,23.12418661325938,539.3262535887388,0
16.90668349407203,8.75784290825021,8.88520107416716,258.54537979195413,2298.5679924635147,651.4054386316632,39.67639674468083,52.692925669403536,24.03217725703536,539.951225773793,1
28.24799182923722,19.657172347199143,3.083166146867387,476.46452634335947,2262.7009617666395,655.8159217722209,15.601092095749461,63.04299916864318,23.735279542441525,545.131777850378,0
23.90003973439876,14.511569120805387,4.020308465525031,395.6950465036103,2244.9561741999555,621.1485154955938,21.364753568096646,66.91984067847365,24.836810488819275,526.4402396344866,0
25.19615338803404,11.279018805520254,4.1459566825148375,449.0161484922452,2135.0784015451736,628.9851874805205,19.230942187704827,61.70227276781908,22.462046086152544,524.9154797360777,0
24.212109710385185,16.04456212075139,3.8329170699241226,424.1679693165812,2237.5157794658467,631.753464412047,18.6218681271677,59.570608992508035,21.825808865636205,508.1006802843475,0
22.086949211742876,16.68917003027332,4.0070109908148215,440.3528975409631,2193.665717342064,601.3455005262194,17.05318724014768,58.39066640857996,25.750781663291818,555.3014297706807,0
25.402365224737657,16.929700859808126,5.091690387516297,487.99712687775207,2121.376229310328,626.2191290429914,20.580051454250246,59.88516215918901,23.207539723764242,544.0939924134165,0
11.993762251151917,3.703701152011161,9.396493818752237,334.46283170925784,2395.0956250944378,698.6961769965155,54.76826878673172,44.988109576450896,31.651686728734507,611.12840859695,1
23.32996520789001,13.992283173447497,4.839167623019519,460.29700293834685,2199.498707400661,627.2661775933731,25.594024752423408,60.15988044989462,24.348266682481707,487.04386348655186,0
28.18028578774109,11.56384173703554,3.4244191188012656,453.64651077061774,2211.6813175622156,610.0030400494429,17.733115711629644,64.61873628289759,23.36365150401609,533.493997146208,0
26.65426158512592,13.72553772971516,3.5648176392277824,455.4170707164854,2131.070080615566,633.28755785893,18.99130422035177,63.700659837184006,27.12346288962106,503.8308986496282,0
20.341642103884684,5.404908369660525,9.214114545360545,320.927609455395,2224.9495190691096,648.566119434577,53.099433313380814,34.650028206248905,24.719044775584287,616.9958894749919,1
24.42307529598666,12.820263195438033,3.985167432473589,429.6497426280314,2182.1798829874406,616.3405303247908,11.057019752986214,61.22176490457267,25.470237780770436,543.0902465126261,0
25.17294542967588,14.632758437430562,4.2456566873535095,476.7828211093152,2153.3288731099665,588.6186651232323,17.136833943785252,60.04187400359416,25.031874603811286,524.1251620671339,0
25.644147653340294,15.043609247519857,4.37171696553259,467.6598237920584,2077.726698999236,624.1174821316521,23.74296945677888,62.962157182177386,21.802610700817414,547.7912036874841,0
25.19669270340679,14.73836716647212,3.6749342146831827,463.6415930685995,2235.978091579897,646.5544078636186,24.78483939819121,64.52253320248114,25.24083899208468,560.367874678135,0
26.40365434539147,11.910660667898407,4.207407274455684,480.3670962223233,2184.1237503066723,624.2423438613994,17.164692516567385,65.55013965410866,22.63607846598821,539.40046366273,0
24.75644044174931,15.603765302540996,4.997923949051059,424.0934677982808,2203.788741400943,606.9260565243497,18.240290905618078,62.08281469051612,22.967919622763873,549.4351537144647,0
26.910976757443255,17.398095724811718,3.2442147292319143,461.09716575791816,2203.203691946019,607.7359012020133,17.152633092400627,61.726809128817635,23.257848012247027,532.9099754957472,0
27.092371528864874,14.913676271339652,4.404373217094726,490.343771205975,2197.8009635114527,617.4357972699395,15.365374684153577,63.53090432952166,24.94569820383919,581.815050837886,0
30.76463170136141,15.595412536331285,4.051432180125345,435.0749560369738,2338.323304220948,584.5602094750286,18.337081785625536,62.447906049954064,27.87677626287671,556.4597042696727,0
28.118711726773686,13.212978031842965,3.7218254080312767,481.72362853582814,2196.6638430508583,602.8823215932733,11.916539944655014,58.907705216594806,23.021983549928795,535.3201767650796,0
21.464743512836776,12.498538206627922,4.573464628055679,453.95758842726315,2193.5488939693096,614.6701057556083,16.78108782914333,60.538571070308315,21.386687297197653,538.5548608321359,0
24.205616156456216,16.284344294617988,5.261055197108307,421.6385267938498,2160.7473568099463,631.6686549887575,19.238415584440652,68.32195369934605,24.788680251731247,542.1426291379796,0
27.057805046015414,16.171940340692455,4.080072247741016,457.4456110621651,2251.50827542427,615.1489567196339,18.968866337922805,65.39113847713115,23.581389419949748,539.696848712384,0
24.008953434994027,12.702829886326942,3.1429098234382815,431.2651054771309,2181.514148738199,606.1209847317175,14.340198906458143,57.88698318115648,22.996199597731856,534.6249782320862,0
29.456326854381643,15.274828115782011,4.850238468364425,502.74963535208406,2148.5205548496483,646.2073779914612,20.813427479188775,70.78344555869936,23.868126849801033,547.4216860530747,0
26.47801327628607,12.326918461285292,3.522122761022369,437.51137594547157,2252.885435193231,658.1064639490967,14.789978927589999,59.85242037361884,22.613509612858362,543.8732275573498,0
26.274518966556528,15.819686497830908,4.224819698208524,437.61657077453265,2207.2753276315807,618.3556641176009,16.04956939065091,63.06225164608521,25.942443080427694,536.8654021548502,0
27.306993660233122,16.020988744671964,4.175552185309685,408.9550416612228,2196.844215433511,624.807526711069,18.594224619495847,65.00857092432496,24.52815697264469,525.1708830328052,0
23.808009892145293,12.208151511181818,5.205131309793481,508.8078474328097,2098.323671051602,658.4058981046437,17.31031353088772,52.69171761012778,21.85383925758843,547.8815529408038,0
28.043203951230645,14.553510289018337,2.7925270544979623,467.21286495287103,2205.459386315268,623.7045866187283,16.964960561043984,61.113286380430615,23.488123397636013,544.314160247721,0
30.99571925230766,11.402129001756911,4.141498062649946,442.6737199149529,2303.2597619044163,625.7725152313291,23.760230219638785,64.58783965702662,21.19654563547433,548.0531648525264,0
31.28238701932938,14.36474759062995,5.133609796169987,498.34535996864184,2142.2659668247534,627.9535593009143,15.680605923166032,58.78304085644313,20.42103249280728,530.4725332093013,0
20.985725850120584,6.031436396270122,6.905763035014245,352.04429852459737,2328.9684740426596,638.9037367693157,59.3787748197089,65.63465070811512,29.57384869177242,617.0720545241436,1
16.486291238351953,9.22047177083311,7.40796889369566,249.0978555978519,2296.01316409389,698.3109741613149,36.380426607147704,57.77233109954982,28.645459084670797,602.7084779604716,1
28.120985028096783,13.514875275280543,3.573650615206538,459.2231540231554,2056.2592033438978,616.8445847247139,19.46613099666319,66.22086673334543,23.524324334343177,530.7609294109283,0
25.989828538902877,12.067567641407816,3.9594009127185696,456.1545070581359,2171.8839464005655,663.610591220864,19.20833852895866,63.55278648084554,22.492128450669732,525.084132910414,0
26.19328840626218,15.155340501233196,4.435218238834514,428.151028746928,2138.212958450109,616.7152843522624,21.61329807843246,60.15680019590071,21.10220391135112,526.3211504661443,0
27.096501977321108,15.258637452540698,4.1138564120171015,476.89423734267876,2136.3235337280753,646.1357949925078,24.132434387325436,55.83064019007007,25.268037661999614,515.5865118829644,0
25.84792885398854,19.642806614720303,3.830185768040933,390.08160576381897,2221.3560458424063,673.7622446572584,12.649417021136802,60.97139687989496,25.0762875953731,546.9922109244253,0
24.84324647911184,20.08784701998626,3.8488895540840007,455.21044654659454,2168.095276616299,569.7568418773725,15.427367579035309,62.64847041380382,26.213932665327388,542.6747992225653,0
28.082144786518267,13.086332580377281,3.9713068153785427,449.3432642582008,2185.1441213150956,629.1735051084783,23.06745827063098,62.1163139910681,24.265291307948804,534.7699465792482,0
27.61181704548808,12.712582281707965,4.86071552002752,437.66536328666973,2221.494078658074,615.2594830611806,15.504607972435716,67.07946526780141,23.650153755976536,532.6000238336353,0
22.283829621914744,16.46747053518473,4.279541825937391,438.14788045132576,2212.231132055714,655.9600494020442,15.350759523612549,63.924914862583705,23.642047220574394,546.0677653235214,0
24.684962255747557,10.001400245651224,4.5288526224492855,440.8696616290291,2157.6325942826093,638.8286158761973,24.187761800435545,62.12439387435449,23.868363135407748,531.8522269943543,0
18.36939116141834,7.0729893081382045,6.13239910770856,357.66523018926506,2377.95704230565,731.1993856995398,50.756386201867656,50.98938880271673,30.783380427767103,594.918931377836,1
32.16911050974814,15.98230011265682,3.4745272171914268,470.19269006753586,2140.1780193026502,610.6309252849521,22.293334418228596,58.6276991561701,22.89528954663161,531.8149848061579,0
29.322477752405042,12.660137843423769,4.827498355056419,468.72398745496406,2213.072632754023,619.1442885274946,22.87639741446199,59.87488894505521,26.27722577134435,520.9328321835102,0
22.88221881894228,12.719136358457618,4.048345385679345,417.4726375867172,2203.940112023622,577.1749462353763,16.06076362775012,64.9986652184256,21.847854925717364,540.2413986198183,0
27.34968840298176,12.890738066813562,4.142499300214286,436.52566229302266,2255.6604050294422,616.7155239212993,19.020349917026177,62.766561978228516,20.666084837729215,535.1963901187333,0
24.586161806425718,14.506914734835368,3.405604743161934,463.5976800647853,2240.725191072575,610.3267287572421,18.812973109390303,61.218779279376555,23.165582745581325,543.7141628122214,0
26.709952508286136,12.52901656457975,4.489581299673466,437.1402745044488,2259.46623242767,623.4800997808192,19.629161579685295,62.726830966595635,22.23908631251922,540.2057582532741,0
28.44402382569634,12.749347998488155,4.597287168894362,459.16397008874225,2222.3125382029925,667.3525835836774,11.956017321778813,64.17589283251222,25.372217577174467,533.9935813263297,0
30.055265874808892,14.762571845168642,4.061516480707191,463.4971246812308,2117.893237518352,597.331913999343,19.021514212460715,62.00480738074411,21.845876212134428,526.79578544988,0
28.514196598106253,15.753566416499634,3.7156537167243506,480.2670477240889,2194.0006415082858,611.5111946530466,16.037805855996776,62.81815783581149,22.652640833278,549.7341835629832,0
24.391924324267823,14.780408945253203,3.3182007347578173,493.9047017021285,2187.6813478125987,661.3552501302781,21.401488897042064,64.00169642356983,24.068473387855104,528.2381378453452,0
25.32055991590416,13.9101729849383,3.228680824031886,440.3259350673642,2227.801393737979,608.003178500134,21.205997017084204,58.39981486614262,25.59367143803081,535.3893152926787,0
27.197160711618096,13.74070448496138,4.306338087160867,461.2932336405879,2173.7516326050372,603.1553317439456,18.421315465091652,60.923293185137126,25.101301375161768,545.8196028856144,0
27.07302843528767,14.341511805157216,4.9054112419386104,469.9012654371582,2218.9250662642685,611.8937411441926,17.24921333172453,63.29230123784068,23.487457216242465,545.9972382959353,0
15.11785452573169,2.0,10.112182139493957,307.02587868951275,2491.5750667919656,702.619838766847,57.424020424476154,41.05862818666622,26.5057410497809,621.480822671762,1
26.488417569439136,11.063459767383414,4.712803851894783,445.13099433173284,2270.5351701594327,630.6993661188084,23.63902356089447,61.71846423380241,23.8562740795403,538.4325911072547,0
24.476284202768085,13.08038645697696,3.8638195338611103,482.0940499549675,2131.2406291445864,594.9238296750973,16.14668337201268,60.08077116965533,22.969759284905077,544.472247215397,0
30.54218599624652,14.383277103585936,3.9544498160338906,436.66530361807565,2068.4933321670746,649.4201582697943,17.796744572312612,63.16704408414048,22.93533726191758,569.2703275295345,0
26.56282177804008,13.296893332772754,3.7768852746424044,470.57852423418257,2197.907039796748,661.5236237952149,25.078374865614776,63.21800807496921,22.402939150792,552.3427364755438,0
25.046015164295987,14.508552309184589,3.6898802198364824,453.27988723358493,2186.9257693381287,598.6870653108703,21.419835016121212,57.596519493046245,20.598732138413165,537.35611469074,0
24.143300213671647,14.094191227154619,5.16549898129655,417.80788325560957,2197.1316690176395,614.8653214715829,17.34109150500457,59.44331719786836,25.285680961227854,547.85813612387,0
29.718327779012665,19.75932195074851,4.0134559967564565,415.0754971056206,2176.3098411296155,599.4347120135726,14.39748879294867,62.44074429177765,23.037417445668144,521.9718618311385,0
24.952633618521592,13.419831427393284,4.113616734467322,435.8668553527561,2206.9217259674933,649.2162712152641,16.56344813149666,68.79226568394184,23.96556377355391,564.1411450167955,0
24.701299416788025,17.73902944847606,3.545604015378429,480.3957339936772,2167.967254574878,637.5341315475173,19.496635814950974,59.99362639955856,22.57334480870474,519.945291743783,0
23.24336970791384,13.480503898678425,3.840481358980247,460.1706963707294,2189.6988157692026,635.7321070754963,19.35570286688666,66.18102266736885,23.208293033006647,545.8031789843607,0
29.060247099602563,13.126530998253799,4.245784086509428,433.4346212456497,2244.644866349171,608.8502255791291,19.55362412453963,65.63937478380703,23.860996132085564,533.3610443974355,0
27.343936371997334,15.7429786364019,4.3514074988048685,437.22718345583314,2142.7798093975052,640.4717329325001,14.29832861881051,58.95027349401522,25.387707346021063,505.81635570188496,0
21.843788118438013,13.078187469796957,3.9353053518327332,450.5946164858464,2229.672853565934,624.950257116102,15.122219355702889,62.30949345492263,24.02262092381396,542.9242125209264,0
24.92663878916374,11.1280528485983,4.702712009320883,451.4012236573882,2136.6270379080743,616.270598467631,15.623176500280819,63.95681635269855,24.77003094786474,541.9481256208566,0
14.640494710084972,5.25832746089532,9.262764995220628,294.3525907910233,2498.249787337159,688.0623988186145,50.916371927047095,39.32684053084199,27.06338286092123,578.1160940754946,1
25.68173642436244,13.700916590716313,3.9909083531838623,449.9185419548467,2263.839859484724,609.422591248597,20.28525236372219,59.93584551441729,24.454783070062355,539.4177705918954,0
30.510635903792853,12.544971367858313,4.049530479493336,429.6813259738565,2245.562540049192,652.6344087221752,21.587141274297487,63.02588345618314,24.03624884792193,547.8377537753493,0
25.003135895773177,2.0,12.590461682562374,333.9159051282757,2402.257260018681,655.5910596904023,54.06688614627787,36.63712268077714,31.972315522727875,616.5665827573539,1
26.327155163184653,12.364431666313365,4.0447641681675375,464.58670316579537,2083.1049249426014,616.5805742193413,16.88711514555367,65.89009529633358,23.005025523367976,564.2116255973494,0
22.15571351215717,10.526454068834465,4.004904358197748,504.1285648691418,2211.017691640348,631.8837510818456,10.572344749209776,62.190545530295005,23.2584971626192,539.5038545248635,0
26.635883963475955,14.80224689583188,3.34643961073019,438.00797558239356,2190.1289041167684,614.6356282591443,21.566633980058135,66.11953125178755,24.606835526824984,550.7072648919246,0
25.91468615679272,11.730577300992794,4.843141773709595,503.2901326639646,2239.4647188972017,626.0282441627223,20.275429673167995,61.22676079121634,23.091729209055117,525.828785873834,0
25.863479575584925,13.426949237389897,4.243543848354611,454.7030411048875,2154.2412654813343,657.0851081335925,17.801276030014396,61.947090049903174,25.920203034358412,532.4493462120048,0
23.740028411570847,12.810742953047711,3.016377465483699,472.4079204044106,2251.243961641332,630.1592715785838,21.674383340363672,57.33937814772942,25.761841631467416,534.0607251768866,0
19.99527921237078,14.51795001828047,4.31818758275556,437.3943395469086,2341.1558705633574,629.089172458869,20.21729715859722,68.12461635295084,22.967151199025775,547.9241247956227,0
27.181613158580323,15.623501005168515,3.492016991032395,450.75174010283956,2174.58018063166,609.4224794170821,21.1231778799582,59.84675157332037,22.18752743999749,530.2142878501293,0
29.82157766712359,17.19561985269575,3.597459284321878,472.340838615236,2196.1009749052787,587.3170750498446,19.929720055501463,59.43233023282319,21.14442994236564,538.0921151676482,0
28.278066449482136,16.16625765101918,4.022831716367969,437.6945786706098,2155.1146300512373,596.0968563844255,20.741660141569447,65.92289812254384,22.77941815891858,527.9792729393486,0
27.18215629506443,14.773260520233844,4.575446725853753,481.7807762564225,2259.4344325804686,584.000690673711,16.782972177738085,66.21238513882427,23.246400975530875,570.6363846493266,0
23.198777539607406,13.06014243590753,4.221866235495786,453.82176777800004,2184.176447867506,643.9947477128546,11.963139667557183,62.42937825137275,25.051623454890773,541.5181333152381,0
25.78437816611077,14.0937240088509,4.075543057981914,516.42023728675,2142.139309849156,622.8993874061565,19.120294485715142,64.2594981847448,23.710675730999863,524.9457871072524,0
25.355751422607938,14.913535303972722,4.795485968149832,468.9762641380552,2132.1153362843106,623.9178566993517,18.40390030118606,63.002667761419836,24.16793291559847,528.3018103710577,0
23.890139821328393,14.193359753832894,4.902298256056053,412.7626524417228,2175.3705021355713,604.0477268326629,15.148742987066832,66.45260816526087,23.16027537096546,531.1430222752341,0
28.092265708430524,17.04028102771896,5.356421853138137,453.2491573028999,2133.5185303220424,623.1975344260467,20.611578317225177,64.64026357056193,21.949663384149012,519.0122162751597,0
18.847373324492086,8.99259503381617,9.267718681968246,396.98041073256337,2302.83242982836,682.0116764526975,40.39318571086935,49.65576654744912,33.192630855843156,581.0756543505736,1
23.374211152692133,14.699219523496385,4.216889946134522,489.1447137309746,2114.1763242969673,595.3130885900508,14.191983959267974,56.89675971342646,26.448838937446553,548.3243378975882,0
29.79753299435349,14.81135518008403,5.433286115171171,404.93166124863245,2321.046925782942,608.8875708077952,16.42923879344205,62.07654719915995,23.02708018249317,531.9573717353192,0
26.241449716063418,12.050254834847893,4.968738338257543,450.6922155269018,2221.588050392514,606.8259966764853,24.12722260548987,57.39952415564441,24.379239356612256,534.0621984571709,0
27.28002367887811,14.615210144285125,4.735424024706871,481.4104728464409,2220.511742221081,620.0631544547701,16.771059917612266,57.28568835867797,24.60636779924981,544.4815092745624,0
16.830800923222768,3.3098066755842757,8.4723786730915,381.5893806902541,2252.16455291015,750.2726863164053,47.97965565793735,50.93640609824442,32.45396689933431,602.8433702681357,1
26.630433296643833,15.003629838241336,4.815559278948137,400.3550252322257,2201.5065514625817,629.1540807478555,17.287420956095207,58.78551815671205,21.604653913552237,522.0566111336009,0
26.558388290286388,12.51462170491847,4.1285249797702015,406.8320461919894,2272.1849651473826,666.6142137890054,9.087134719349963,68.59336268070768,23.14522202224851,513.4772025088066,0
26.90047648329269,12.260008030890608,4.542020517650414,408.3231771869167,2174.3799890699083,598.063306278188,21.073802683757563,67.71647905729492,23.030212461939016,531.0134721803922,0
27.2786320857586,15.75367132966745,3.9521340283219715,461.36552558918726,2147.295490493513,582.4789825792435,14.86406701481251,65.91489369848819,22.508479993004148,525.6553457598188,0
17.295943420558967,6.574588607920822,10.596219556685913,359.52356596456724,2363.272656805823,714.0290703551283,36.16105933656607,30.074806304474965,27.763317191787,570.4361279208862,1
27.38180040756586,14.124764989824076,3.318085490335719,443.8916652181582,2226.380325744463,579.4834648167723,17.17717134340851,62.68127148013658,23.80553353150355,566.8440839368961,0
25.09887632799231,13.87837259016356,3.8643175541106585,434.7077990954571,2276.0061408425663,608.1427454144066,22.461719296002478,58.2684656861045,22.962172519923776,513.8581921599432,0
30.018704653284292,11.918624859661792,3.913000343100363,444.40044590635574,2251.83977162501,634.1036065194016,22.796954824916444,68.166683131279,23.889634580406188,525.8344831596335,0
24.686934838660616,12.939848746637399,3.311872403325115,472.536167508384,2164.1019859692337,623.2650325307641,14.338455300301868,66.49004748862745,23.304083378153102,514.2081270026848,0
27.36431644950395,12.891880537587175,4.493775686323442,432.92896813836194,2199.783763732839,588.0468521554233,23.90160545011163,58.97529352254185,24.843723471242942,530.6075135915438,0
23.922965699322116,13.648836257851213,4.559300503593642,462.4321842000166,2149.104272717233,612.3033336499137,16.809063151844185,66.04423350016208,22.64089362563804,543.9164860794481,0
25.084262711047483,14.655768118531629,4.950665689387308,452.5818590552286,2203.7842935182985,616.3669774275286,17.661870063094792,66.91363965934634,24.001183316083786,533.6625067128402,0
21.256372605974647,15.335440295462835,4.073502171986299,485.01181117994446,2161.8954908341616,625.7201846630555,13.251510767412501,64.728900210156,25.651539786203344,535.5813596657736,0
27.290119676610715,14.272605529998442,3.1751473767520055,427.0519048726917,2201.3283805678775,645.9898589344098,16.050646614393198,58.08314728426916,23.90598735077834,550.4159545989644,0
22.44771620422962,14.164435852295467,3.980545968571482,458.60375540479646,2231.956117882669,614.0286557535786,14.62884239361,60.05276206236706,22.703180842345287,524.5338872544303,0
23.938677717717482,18.64455286604707,4.175197631421654,466.78392437370314,2125.6105034845823,656.2065875952949,14.879700368854524,61.21788992031695,26.78906974592067,529.5969919668973,0
10.179944511609854,2.7922058577633666,7.678543730380898,385.7889901625683,2411.6463399121017,651.922625373191,47.05847841673349,57.06609038878845,29.27898427903609,588.4011917030418,1
28.039948556438738,13.66599737691395,4.808338100461653,460.5352726762135,2162.6070586276546,641.5488072450585,22.19060157000528,66.23678561794146,26.38209513444545,547.3093120033719,0
27.006993192244447,12.162424407861469,4.390446269279653,442.32319852868727,2246.6033404488057,614.2318309808032,7.139164173720676,62.40726761403195,22.831088573582125,569.1770887010606,0
25.52330599350201,14.81804200656064,3.8734069246363507,399.71550347296693,2206.129428279962,617.5776810582124,27.21758453188776,59.850392063511386,25.835131280002134,515.61865625833,0
24.820219940800808,11.968981657039295,4.1578308467913905,445.54269945027187,2207.0718659609574,613.9755561254738,20.431131970384527,61.536439151936875,23.196844166230637,531.4132008554396,0
29.64778712333684,13.110190921830462,4.452607981476332,463.20942737163114,2099.581078155534,648.5686229347966,18.5962259097365,65.87360783194832,24.44269732329137,530.9868291464159,0
28.655000126030334,17.156921743487732,4.220823640285274,421.3556291025121,2204.8474290461863,637.8266513252609,15.978187149716609,58.42406952214114,21.407212234088334,531.5177472069727,0
28.150093729475838,14.69020012203099,4.890134255098472,434.3107849316041,2228.606007579065,606.3785931046608,17.991657015850045,65.60185239892968,23.63720340298296,559.7517099535714,0
26.264343614368606,15.365633385511034,3.7807419487111105,464.1976078373633,2189.882312012726,645.6755779613094,18.813550829020894,62.90635197540686,24.48603996665866,524.4749296732645,0
30.80589985498912,12.504344286972941,3.786912653480524,445.4409760174302,2142.5765012812494,595.0682501191429,23.74323470368708,61.30463753856165,23.053818710474975,554.7815381144117,0
19.337069746820415,6.8738205556214735,9.282574316956977,380.58130101497824,2438.187317127354,668.0273614573377,46.93767626916217,65.43307908915997,31.091768324736965,600.4246737061922,1
27.788526007252027,12.294271023592216,5.21389357226461,481.17917293423085,2254.594526444733,623.500368106992,20.768992234729826,67.57575984924868,22.83782491235016,548.5500322683561,0
13.707105751623574,4.725052931021252,6.8885433154685005,367.23746306655084,2318.9786987331568,663.1705044562841,43.715800578376225,43.58603193186121,30.51890481730616,586.2960716333032,1
24.84645776923296,12.300219194279732,4.267175544866627,478.951117416403,2160.3686282677418,673.5965639283115,14.825129218040335,63.00697447846171,23.63950519626971,544.730975894923,0
24.333959653351403,13.149657918176127,3.628478000222589,466.2011260370258,2160.6165898788136,646.9884339370391,18.488845287967475,65.31282643314856,22.08471243863651,542.2082833584075,0
27.826734845061832,15.355875314138672,4.148656392126825,465.88764920382494,2171.416246735742,602.1357998960456,16.144128456472885,63.78763230694665,23.953329614040463,541.9623379484483,0
28.038141917421402,15.684233581445982,3.29106335567344,449.0254307943118,2215.9421520070227,597.9646043587229,20.198732887492575,61.65308277961452,22.97369203095201,530.8491817542111,0
21.16326583130786,13.895927518615471,4.962643122516085,459.88633158241396,2175.6751808701115,597.4502919365998,10.874953769850116,66.76401808763104,25.03319240578941,527.7811152470007,0
28.155203836454383,14.784011470180438,4.878832057174986,453.29073278572935,2119.299028352803,643.1456261498713,22.190423374653754,58.979516072029085,24.382728930175347,531.4846303644894,0
23.81066010338692,11.847438149574648,3.3239198820889317,449.56215657121,2159.7986239435954,623.5732396539357,20.726885649098346,67.9964834529617,21.571083376444157,546.04664909777,0
26.627855146380405,18.649256336899846,4.468452426721427,481.9243415187541,2164.1862716665073,615.8760195568478,17.480233217636208,56.85450199151414,23.339190255536035,514.9605662750929,0
30.627319830578124,10.762426769656694,3.5731146634160478,430.31489016751533,2199.543977373686,603.6143578779937,17.173116373305703,63.067357133733324,22.3072543455022,544.4292932040173,0
27.692587818066144,14.30058481791295,4.855143861457111,446.7617403515652,2210.5184689993557,651.4637081351855,23.667156083128347,64.65572014267325,23.77837049111518,523.0449104013404,0
23.89603091844682,15.299335880433148,4.2022232104784845,409.1713016045345,2251.9174002124664,603.0245981890405,19.164527378811893,62.745528330521324,24.686094007884016,547.5656675300388,0
27.744807335673446,15.951994190291533,4.635677433669333,408.8276879487834,2224.7655020853717,624.121190303722,24.851005006712974,68.54633195586024,23.54347578480449,510.65480878234087,0
27.58148612931538,14.081030540118771,4.417274985565618,425.2757175904886,2178.8138266317537,597.856648045069,22.60179695281469,60.72855247090325,23.126506085530654,571.6172336749544,0
28.047927792438482,14.414423072859298,4.361511473296595,489.46981849624655,2176.8555412287387,589.1833546324951,12.263553246506225,61.734412994192986,24.404012945669244,533.6469029222887,0
27.790743930253626,11.77023865786771,3.2993643398270915,421.5794644371643,2132.775148787141,610.7418054154282,19.957054678847904,63.85912150641312,25.433175269226343,554.6614209354124,0
15.970837112940703,4.5530519453066205,8.43074360111661,359.57021718365223,2391.9841821714745,684.776707755051,67.2620494706013,52.106088811830915,29.866613817267716,573.9328393916891,1
24.79767613899015,17.40812882686848,4.85612075292976,459.4386713391463,2220.897955252138,652.083642402922,17.630137906793767,61.6817996979834,23.714699856436777,556.9682875879536,0
26.43534288011536,17.711698268836045,4.739538643086666,445.04917003902744,2266.816307273906,633.8492824055334,13.237255666265595,62.88451808364605,23.875649284591315,539.1124947939945,0
26.473403308454518,12.30969018457472,4.805811443111294,507.0104077980799,2186.298386858714,616.4181807826526,17.452825998582302,64.51702944590218,23.444316176641397,532.9838674792859,0
8.373156150536442,7.86021634660913,12.382847203098278,355.2877564983631,2430.1938678667316,644.5044105750521,42.31751625965062,32.98137069696561,29.756799933980098,593.6135071908319,1
29.92635247153533,12.677016154880803,4.277869393477106,458.24988384997397,2279.7556929398697,616.2336451282698,14.071372413073597,62.726267265639024,24.24520985378586,530.0922223772758,0
23.054976807880333,12.650770522303853,4.02686833184616,480.90359931822337,2123.297005838927,610.1277403177785,16.490648934425014,57.70086203820848,23.300136524510563,513.645994570062,0
17.344287206851188,6.046206654009717,10.009381937968772,378.591154484021,2269.6313044632457,664.3159993032997,55.800263536276546,46.293062579123166,29.880082832081634,581.9565503346963,1
27.025728227715366,13.996527332431507,3.3266658472127464,445.01032697090403,2202.923971152915,639.2083629222125,13.940853246761165,57.409901812317095,24.79281645953476,537.3624389678431,0
19.35847725794935,4.259285809098387,8.837964879951132,371.32569038018835,2444.31651006306,674.4507946449762,31.59506004579403,47.21526742792375,32.70026995511082,597.7275460867921,1
30.70454154825206,12.726704315661307,4.289690460443706,466.6654657240709,2217.4359862744736,622.1107511441006,19.35402590555211,67.43106164485268,23.16931567257835,541.4111207631277,0
28.1005341483219,14.842864705267035,3.1668292382720398,427.7544590945338,2170.9175327983885,651.8263096596407,20.489364214971,61.361090590224016,22.29809809813308,518.6740839675994,0
25.52547549211058,14.333896729356972,3.638041309433851,475.70170049900804,2226.4900759973766,632.001791105252,20.283855604446586,58.3306358004412,21.73006910782522,534.690753850617,0
25.621188162141767,12.041076713516736,5.70463487130416,449.92014292772336,2160.474264673686,625.995354408679,18.059227886490767,62.02802572747912,24.143997890779566,537.0738838899277,0
26.786461092559694,13.556445804601836,3.99509171137116,396.14925446615734,2218.5111093094583,625.1725931379534,14.797315355096197,57.9788516369548,22.015886121968915,545.1767422295217,0
30.278071083191804,12.324622981305206,4.432575462908849,501.7342787907222,2241.5564217624365,582.5908570187543,22.2797072061881,62.43469491128822,26.762268936142114,534.5329916983035,0
28.04547678666325,12.811668720912316,3.577963891944789,436.08329102724787,2108.898407486454,641.2460400226997,21.769834471782474,64.49678791230654,22.226763420156924,548.0522594120787,0
25.767021033378096,16.73783119109505,4.684067898328861,445.43860225680334,2234.884401950704,637.1094518491029,15.62184649985076,59.92158549702555,22.316472286748976,542.2558858953548,0
24.959562289563692,12.783396429749423,5.2744336432087024,477.485411024246,2195.4532798781293,623.1286933670699,17.047150215021123,56.07230934462518,23.418451466659803,547.0129526894091,0
26.520704774894817,12.383529385539683,4.648801357641539,424.7679367687656,2235.7851170329523,607.7679020011117,12.927100553669808,61.213216582941534,21.208909656800472,544.0460802604213,0
29.565732389122374,18.68692995994933,4.810213083850915,445.63201174734655,2211.518400956986,622.2716996483616,10.868972230083415,65.91761847863081,24.573243452974697,509.2560505907942,0
24.264481620051306,15.508371154653561,4.114932512279762,454.5251384182712,2117.112157978805,605.2488970955837,17.49836565402909,60.23816330511244,25.757147352996412,557.4910729924695,0
27.1441010523029,11.541142662797629,3.5128632174679666,454.15237153150525,2265.386034598493,631.0234876318825,8.860092469862693,65.09768650798036,23.309696835771962,543.6208519199668,0
24.04495145042425,14.099298222318517,4.919502281206324,429.4042808523372,2210.259980897697,664.4398457836905,13.845734252547114,59.69318838236203,24.241544475792107,568.7801504686064,0
