yarn_tensile_strength,yarn_elongation_at_break,yarn_hairiness_index,twist_per_meter,yarn_linear_density_dtex,loom_rpm,loom_tension_variation,ambient_relative_humidity,ambient_temperature_c,weft_insertion_rate,defect_class,defect_name
14.74,9.64,6.32,443.3,2329.9,470.4,55.19,55.2,27.2,515.9,0,YARN_BREAKAGE
25.46,25.56,9.82,515.1,2116.8,679.1,12.05,32.1,39.6,527.0,1,OIL_STAIN
19.57,10.03,9.06,412.0,2059.8,628.2,30.89,35.4,39.2,479.8,1,OIL_STAIN
29.96,14.65,10.28,438.9,2145.1,607.1,21.98,34.0,36.8,510.1,1,OIL_STAIN
10.91,10.95,4.76,477.9,2095.1,604.0,46.91,57.8,21.3,449.3,0,YARN_BREAKAGE
15.16,8.02,4.66,401.3,2477.9,683.8,44.28,47.3,19.9,552.6,0,YARN_BREAKAGE
28.07,16.6,4.75,306.5,1835.8,562.2,41.29,71.4,24.2,579.0,3,BORDER_SEWING_DEFECT
27.07,11.07,4.35,273.7,1749.7,635.1,37.14,52.2,32.1,464.3,3,BORDER_SEWING_DEFECT
15.2,5.91,3.91,527.0,2486.1,556.6,43.44,55.6,21.5,488.6,0,YARN_BREAKAGE
15.3,4.81,4.75,442.6,2074.8,579.1,36.08,47.5,24.7,507.8,0,YARN_BREAKAGE
20.38,24.09,4.05,493.7,2550.5,684.7,19.77,64.6,28.0,605.7,2,JACQUARD_PATTERN_SHIFT
24.71,16.3,4.73,368.9,2846.2,765.3,41.03,58.6,23.4,657.5,2,JACQUARD_PATTERN_SHIFT
11.11,7.71,3.58,500.3,1993.3,614.3,48.42,60.5,21.1,619.4,0,YARN_BREAKAGE
15.92,10.99,6.09,425.7,2156.6,676.2,49.92,46.4,32.3,655.2,0,YARN_BREAKAGE
25.77,13.86,6.48,273.5,2025.1,629.6,38.15,68.8,27.9,533.9,3,BORDER_SEWING_DEFECT
26.27,15.95,2.29,395.7,2689.2,743.0,27.12,46.3,19.8,661.9,2,JACQUARD_PATTERN_SHIFT
21.61,13.37,9.4,427.2,2202.4,560.0,28.82,41.8,32.5,536.6,1,OIL_STAIN
15.79,6.03,5.57,455.8,2088.3,585.8,42.82,49.8,20.4,601.4,0,YARN_BREAKAGE
20.39,12.66,5.88,539.0,2563.4,680.5,43.31,56.9,22.7,633.6,2,JACQUARD_PATTERN_SHIFT
23.54,17.98,3.93,482.6,2390.8,660.5,17.67,54.5,24.4,607.0,2,JACQUARD_PATTERN_SHIFT
13.64,5.84,7.7,495.0,2163.3,496.4,54.13,59.5,26.5,462.5,0,YARN_BREAKAGE
24.73,16.63,11.24,525.8,2207.5,598.7,37.49,41.8,30.3,529.8,1,OIL_STAIN
11.09,7.46,3.14,429.8,2257.4,555.6,40.7,50.6,25.9,450.4,0,YARN_BREAKAGE
15.68,8.44,7.45,469.1,2193.1,595.7,41.8,62.5,24.2,548.7,0,YARN_BREAKAGE
20.55,10.86,6.05,299.5,1891.4,606.2,35.37,55.2,25.1,540.7,3,BORDER_SEWING_DEFECT
13.33,12.2,6.21,290.5,1675.3,629.7,43.66,51.6,21.7,428.7,3,BORDER_SEWING_DEFECT
10.0,9.54,4.37,509.4,2500.6,654.7,24.3,71.6,20.3,697.5,2,JACQUARD_PATTERN_SHIFT
14.58,6.18,6.2,405.4,2372.5,590.0,44.26,52.2,27.1,567.6,0,YARN_BREAKAGE
22.44,15.83,5.59,364.1,2771.5,767.7,22.59,56.0,21.8,650.9,2,JACQUARD_PATTERN_SHIFT
26.08,12.77,9.22,391.5,2139.8,595.3,37.19,35.8,34.5,524.2,1,OIL_STAIN
10.71,10.89,4.81,462.9,2067.3,581.8,52.41,55.0,26.1,648.6,0,YARN_BREAKAGE
11.89,6.73,4.53,333.0,2324.6,610.3,35.8,66.1,20.6,551.1,0,YARN_BREAKAGE
29.54,13.31,5.93,303.9,1667.6,718.6,33.61,57.4,22.6,549.3,3,BORDER_SEWING_DEFECT
11.77,9.69,1.5,423.1,2151.3,613.0,41.81,53.6,23.2,487.8,0,YARN_BREAKAGE
13.4,9.23,3.97,391.6,2155.5,641.1,41.73,57.2,20.9,491.9,0,YARN_BREAKAGE
22.78,16.89,5.54,560.6,2813.2,709.4,20.73,60.9,26.4,674.2,2,JACQUARD_PATTERN_SHIFT
21.14,21.69,5.89,273.6,2033.7,566.6,44.1,54.1,22.1,520.9,3,BORDER_SEWING_DEFECT
15.58,5.45,4.61,453.3,2384.6,628.7,43.6,60.6,20.5,467.1,0,YARN_BREAKAGE
13.81,4.54,4.45,438.5,2233.6,634.9,45.25,62.5,25.0,532.4,0,YARN_BREAKAGE
11.82,9.53,5.24,414.2,2053.9,685.9,40.31,55.0,26.9,464.7,0,YARN_BREAKAGE
16.36,10.61,5.18,423.5,2249.1,630.8,40.11,54.7,25.0,547.5,0,YARN_BREAKAGE
12.96,6.53,2.59,343.3,2224.2,591.1,46.17,55.8,26.1,522.3,0,YARN_BREAKAGE
11.21,5.44,3.91,362.9,2259.7,613.1,53.29,58.1,30.8,479.1,0,YARN_BREAKAGE
21.98,20.81,4.31,315.9,1848.5,560.5,39.62,61.3,23.5,512.5,3,BORDER_SEWING_DEFECT
15.89,5.46,5.97,330.6,2182.4,574.7,37.99,52.4,24.2,531.1,0,YARN_BREAKAGE
25.64,18.8,3.92,454.1,2690.8,739.0,32.94,48.0,20.3,649.6,2,JACQUARD_PATTERN_SHIFT
17.22,7.18,7.0,319.0,2216.7,525.0,47.23,53.7,18.7,476.9,0,YARN_BREAKAGE
21.17,21.68,6.94,379.1,2122.1,634.3,25.94,46.2,37.2,559.8,1,OIL_STAIN
20.41,14.11,5.7,410.9,2432.8,768.6,35.37,70.3,25.4,653.0,2,JACQUARD_PATTERN_SHIFT
15.85,20.23,10.1,431.1,2391.0,568.3,26.4,37.0,36.9,604.8,1,OIL_STAIN
14.71,8.01,6.5,428.4,2004.3,556.9,41.1,54.5,25.2,631.8,0,YARN_BREAKAGE
23.59,18.73,2.95,542.0,2610.1,669.0,30.81,68.8,26.9,697.5,2,JACQUARD_PATTERN_SHIFT
15.01,9.91,7.74,432.3,2505.0,627.5,43.73,60.9,27.2,533.2,0,YARN_BREAKAGE
29.82,17.88,3.78,349.3,2739.2,710.3,24.17,63.6,25.8,591.8,2,JACQUARD_PATTERN_SHIFT
12.65,9.43,4.4,545.1,2113.7,719.6,37.67,57.1,26.4,472.3,0,YARN_BREAKAGE
12.59,8.23,7.35,495.3,2052.5,662.6,42.17,54.1,27.5,519.7,0,YARN_BREAKAGE
16.0,12.49,9.09,379.2,2109.8,589.7,23.59,38.0,38.3,514.6,1,OIL_STAIN
20.95,14.07,9.58,457.8,2001.8,523.4,22.39,36.8,29.7,442.6,1,OIL_STAIN
26.13,16.33,10.91,419.2,2001.7,525.7,27.33,35.7,35.8,500.3,1,OIL_STAIN
27.13,20.45,10.84,409.4,1963.1,685.6,23.67,45.4,39.8,536.8,1,OIL_STAIN
19.06,5.91,4.1,401.7,2316.7,646.6,58.2,70.1,29.3,562.3,0,YARN_BREAKAGE
29.08,11.4,2.46,375.8,2392.7,683.4,37.96,57.3,18.1,638.6,2,JACQUARD_PATTERN_SHIFT
23.53,12.62,7.11,458.4,2318.1,611.4,25.43,35.8,32.7,591.6,1,OIL_STAIN
13.17,5.89,4.62,398.5,2085.5,562.8,41.71,49.6,23.9,548.6,0,YARN_BREAKAGE
20.84,20.51,8.39,514.4,2243.9,655.4,32.54,40.8,38.5,544.6,1,OIL_STAIN
15.76,5.26,6.19,415.5,2059.6,606.8,45.0,62.2,22.8,524.4,0,YARN_BREAKAGE
30.31,13.57,10.84,486.5,2357.5,622.8,20.69,40.9,31.3,506.5,1,OIL_STAIN
26.45,14.14,5.01,281.4,2036.8,598.7,46.94,58.7,22.5,461.0,3,BORDER_SEWING_DEFECT
25.3,12.95,3.08,542.8,2844.9,721.2,22.55,67.4,22.8,619.5,2,JACQUARD_PATTERN_SHIFT
22.94,18.31,6.89,280.2,2026.8,616.4,43.24,51.9,22.3,590.7,3,BORDER_SEWING_DEFECT
22.9,15.81,4.52,262.7,1910.5,580.3,43.08,55.6,24.3,528.3,3,BORDER_SEWING_DEFECT
31.2,18.95,1.68,333.1,2041.2,603.0,45.93,51.8,27.7,459.6,3,BORDER_SEWING_DEFECT
21.1,16.64,11.13,380.6,2056.9,578.8,17.85,41.5,35.2,569.1,1,OIL_STAIN
26.76,13.47,9.64,355.4,2578.9,542.1,17.39,41.2,35.5,555.2,1,OIL_STAIN
15.8,14.3,5.41,272.8,1683.1,531.4,40.71,71.6,28.8,542.6,3,BORDER_SEWING_DEFECT
27.64,14.78,5.17,363.6,2489.8,684.2,31.32,55.4,21.2,627.5,2,JACQUARD_PATTERN_SHIFT
25.33,12.07,7.1,430.1,2805.5,666.9,19.7,55.2,26.5,605.5,2,JACQUARD_PATTERN_SHIFT
12.03,8.56,4.39,405.9,2063.8,596.5,49.16,61.6,31.3,472.8,0,YARN_BREAKAGE
24.18,17.88,9.93,447.1,2326.6,601.1,19.74,46.9,34.4,591.7,1,OIL_STAIN
12.96,4.9,3.19,345.4,2260.3,603.0,51.06,56.7,21.7,514.4,0,YARN_BREAKAGE
28.45,19.45,10.67,573.2,2193.6,576.2,30.92,34.6,35.8,471.7,1,OIL_STAIN
20.84,12.59,5.8,300.4,1973.1,621.0,38.25,60.8,24.4,564.6,3,BORDER_SEWING_DEFECT
23.22,17.25,3.91,452.4,2481.7,772.2,41.25,67.1,24.7,689.5,2,JACQUARD_PATTERN_SHIFT
16.11,8.02,6.84,339.2,2322.3,598.9,49.12,57.5,24.6,533.0,0,YARN_BREAKAGE
28.04,12.65,5.77,277.5,1784.5,570.9,45.56,52.9,32.8,547.9,3,BORDER_SEWING_DEFECT
13.28,21.17,6.64,492.2,2793.1,767.2,25.18,58.2,25.7,604.2,2,JACQUARD_PATTERN_SHIFT
34.52,16.04,4.51,345.5,2462.1,725.6,16.87,62.8,25.6,595.9,2,JACQUARD_PATTERN_SHIFT
22.36,17.63,7.44,300.4,1883.5,633.6,43.56,57.8,23.8,485.7,3,BORDER_SEWING_DEFECT
15.18,9.87,5.19,549.4,2300.4,607.9,39.86,60.4,22.6,546.7,0,YARN_BREAKAGE
26.97,19.16,1.5,429.8,2747.7,672.1,25.61,47.8,20.5,603.2,2,JACQUARD_PATTERN_SHIFT
23.45,13.9,6.18,269.5,1906.0,632.5,39.32,53.3,19.5,514.0,3,BORDER_SEWING_DEFECT
24.11,14.65,7.39,505.5,2148.1,495.4,26.22,42.8,30.7,498.6,1,OIL_STAIN
23.34,11.6,11.42,344.8,2157.3,614.9,23.11,45.0,39.1,566.6,1,OIL_STAIN
23.03,18.37,4.05,304.8,1896.7,639.6,40.37,55.8,18.0,560.4,3,BORDER_SEWING_DEFECT
21.78,18.87,5.23,462.0,2473.4,694.4,36.14,66.5,24.8,640.8,2,JACQUARD_PATTERN_SHIFT
11.23,5.31,4.21,457.4,2272.7,645.2,47.15,63.8,27.4,664.3,0,YARN_BREAKAGE
22.22,17.42,7.71,417.2,2177.3,600.3,30.55,36.5,34.4,518.7,1,OIL_STAIN
18.32,17.27,8.9,405.0,2180.5,643.0,21.2,46.7,34.2,539.7,1,OIL_STAIN
18.68,14.25,8.91,329.1,2286.7,545.1,32.15,32.7,36.3,575.6,1,OIL_STAIN
25.46,11.22,3.45,357.5,2394.8,690.1,29.11,61.6,19.8,603.5,2,JACQUARD_PATTERN_SHIFT
21.16,17.05,3.99,449.9,2636.2,740.3,19.58,62.8,26.6,706.0,2,JACQUARD_PATTERN_SHIFT
18.49,16.52,6.04,399.1,2673.6,706.9,24.03,54.5,22.1,674.1,2,JACQUARD_PATTERN_SHIFT
22.65,14.49,4.34,448.0,2619.1,689.1,35.25,53.5,26.7,700.5,2,JACQUARD_PATTERN_SHIFT
10.89,10.47,4.77,502.0,2032.0,668.1,44.56,51.8,26.8,515.5,0,YARN_BREAKAGE
24.43,20.3,4.53,457.5,2793.6,721.7,29.34,58.1,28.6,649.5,2,JACQUARD_PATTERN_SHIFT
25.97,12.5,4.91,471.8,2627.1,729.2,23.79,72.8,17.5,703.8,2,JACQUARD_PATTERN_SHIFT
26.9,13.95,7.02,468.8,2717.4,683.8,23.53,66.7,27.4,639.4,2,JACQUARD_PATTERN_SHIFT
30.66,22.98,4.78,417.1,2731.8,737.8,17.63,45.9,26.4,642.4,2,JACQUARD_PATTERN_SHIFT
24.54,20.57,3.23,274.4,1771.8,606.0,35.75,54.3,20.0,485.1,3,BORDER_SEWING_DEFECT
23.56,14.93,10.87,467.6,2134.3,666.0,35.38,34.0,29.8,539.1,1,OIL_STAIN
16.38,8.77,6.72,301.6,2158.6,616.1,46.15,55.1,23.5,476.3,0,YARN_BREAKAGE
31.89,21.78,4.98,265.4,2031.5,612.8,36.53,54.0,23.2,441.9,3,BORDER_SEWING_DEFECT
30.46,14.22,8.61,437.4,2230.3,602.4,18.44,44.1,33.2,506.5,1,OIL_STAIN
26.39,13.63,5.69,545.7,2787.7,776.0,15.08,59.2,27.5,708.0,2,JACQUARD_PATTERN_SHIFT
27.33,15.81,5.17,283.8,1927.5,605.4,34.49,62.3,20.6,445.1,3,BORDER_SEWING_DEFECT
24.27,14.56,9.84,501.3,2183.9,544.5,34.2,46.1,31.0,507.4,1,OIL_STAIN
15.51,6.76,4.01,357.2,2184.3,663.8,42.93,56.8,24.5,522.3,0,YARN_BREAKAGE
11.24,7.66,6.09,383.9,2148.8,635.0,52.08,65.1,25.0,531.5,0,YARN_BREAKAGE
21.72,14.73,10.93,425.0,1982.4,625.2,21.35,40.6,35.0,541.9,1,OIL_STAIN
26.07,19.77,4.09,459.0,2751.1,759.4,37.46,62.3,24.5,675.2,2,JACQUARD_PATTERN_SHIFT
12.14,5.02,7.2,415.2,2288.5,671.3,42.3,73.3,24.2,455.1,0,YARN_BREAKAGE
35.86,17.11,2.38,307.1,1678.7,524.4,44.8,45.6,25.8,571.2,3,BORDER_SEWING_DEFECT
35.35,12.02,8.11,404.1,2153.1,527.8,34.23,38.8,38.8,455.5,1,OIL_STAIN
13.99,10.68,6.51,385.9,2268.2,626.9,50.97,69.8,28.4,507.0,0,YARN_BREAKAGE
20.34,15.23,4.87,435.3,2676.9,666.3,29.55,54.7,22.3,613.4,2,JACQUARD_PATTERN_SHIFT
17.08,8.37,6.6,452.2,2134.7,581.9,50.67,56.4,26.5,489.4,0,YARN_BREAKAGE
16.2,9.51,2.5,589.4,2283.6,667.0,43.17,59.1,23.5,511.8,0,YARN_BREAKAGE
16.8,14.21,9.63,314.3,2018.2,626.0,25.97,46.0,39.0,522.5,1,OIL_STAIN
13.8,6.39,3.51,465.0,2027.4,547.4,48.15,64.3,22.9,502.4,0,YARN_BREAKAGE
26.75,14.62,3.52,472.0,2416.2,748.8,10.94,67.7,22.9,633.4,2,JACQUARD_PATTERN_SHIFT
15.58,6.41,4.47,430.4,2111.3,624.1,44.93,57.6,31.8,438.0,0,YARN_BREAKAGE
16.94,6.13,4.02,414.3,2112.5,664.8,37.12,56.3,20.4,536.3,0,YARN_BREAKAGE
17.9,7.53,11.5,438.9,2233.4,632.4,8.0,37.2,34.7,525.2,1,OIL_STAIN
14.1,10.16,7.33,308.4,2032.9,594.1,57.79,49.3,28.0,605.1,0,YARN_BREAKAGE
14.26,5.96,6.3,455.5,1999.8,582.1,52.94,56.1,23.2,497.6,0,YARN_BREAKAGE
17.35,5.18,4.51,414.3,2098.6,606.8,54.37,53.8,23.7,529.3,0,YARN_BREAKAGE
19.42,17.13,3.71,407.3,2645.4,744.1,30.26,59.2,16.9,682.5,2,JACQUARD_PATTERN_SHIFT
24.81,27.13,4.35,311.3,1923.5,591.5,44.32,55.9,23.4,627.0,3,BORDER_SEWING_DEFECT
12.89,9.46,5.51,280.2,2299.4,620.3,54.63,58.3,24.8,518.7,0,YARN_BREAKAGE
26.8,17.04,4.33,534.7,2646.7,741.0,21.85,61.4,27.0,691.1,2,JACQUARD_PATTERN_SHIFT
15.07,9.53,6.1,360.7,2187.1,619.5,47.5,55.5,24.3,609.0,0,YARN_BREAKAGE
30.61,13.15,5.13,401.9,2543.2,670.8,27.16,46.9,27.5,625.2,2,JACQUARD_PATTERN_SHIFT
26.6,12.13,8.95,398.1,2090.5,598.8,35.35,47.2,29.8,600.3,1,OIL_STAIN
20.26,20.48,4.15,313.7,1850.5,625.4,40.93,52.7,25.3,541.9,3,BORDER_SEWING_DEFECT
24.67,11.02,9.27,369.0,2423.8,649.3,32.84,39.3,32.0,534.8,1,OIL_STAIN
23.08,15.65,10.09,419.5,2209.5,625.5,22.7,36.0,36.3,587.5,1,OIL_STAIN
22.75,18.64,7.64,379.2,2307.5,587.8,24.89,43.6,31.5,542.1,1,OIL_STAIN
14.93,10.24,4.73,368.5,2210.8,653.3,36.08,52.7,27.6,581.6,0,YARN_BREAKAGE
11.3,6.22,7.3,585.4,2551.0,590.5,45.14,47.6,21.1,529.6,0,YARN_BREAKAGE
26.63,14.65,6.9,324.5,1833.1,611.5,40.85,58.8,26.9,586.4,3,BORDER_SEWING_DEFECT
14.49,8.01,4.71,362.4,2032.5,553.8,52.53,55.9,24.1,438.1,0,YARN_BREAKAGE
15.48,7.2,7.7,469.5,2308.0,666.7,38.11,57.2,24.8,597.4,0,YARN_BREAKAGE
22.61,14.97,5.26,382.5,2803.4,696.5,22.4,57.7,23.4,668.4,2,JACQUARD_PATTERN_SHIFT
15.57,9.08,6.37,384.8,1996.9,633.5,48.37,62.8,23.6,459.7,0,YARN_BREAKAGE
18.47,15.07,5.84,417.2,2730.5,708.7,26.04,49.1,22.6,655.8,2,JACQUARD_PATTERN_SHIFT
23.48,18.0,5.26,268.3,1928.6,629.3,34.43,53.4,23.7,515.8,3,BORDER_SEWING_DEFECT
20.58,18.07,10.83,446.0,2416.9,630.8,30.46,44.5,37.2,507.6,1,OIL_STAIN
16.59,5.12,4.36,428.2,2392.1,626.2,50.11,59.7,24.3,550.8,0,YARN_BREAKAGE
17.35,5.78,3.38,374.9,1889.9,644.9,34.57,67.6,25.8,512.5,0,YARN_BREAKAGE
24.49,17.04,9.36,446.2,2222.9,656.1,19.73,45.4,34.3,530.4,1,OIL_STAIN
15.55,5.66,2.47,460.1,2222.6,560.9,53.04,69.6,30.5,521.5,0,YARN_BREAKAGE
26.5,16.41,5.67,266.7,1728.1,637.1,41.28,57.1,20.6,505.3,3,BORDER_SEWING_DEFECT
30.35,4.0,3.14,336.2,2013.1,540.2,37.08,52.4,25.2,531.2,3,BORDER_SEWING_DEFECT
15.82,4.97,6.7,419.2,2138.0,675.8,48.8,61.4,29.8,456.7,0,YARN_BREAKAGE
26.65,14.56,6.03,331.7,1780.4,622.6,36.47,63.1,21.4,525.2,3,BORDER_SEWING_DEFECT
25.82,20.65,1.5,343.8,2659.1,686.7,23.34,62.7,27.2,625.7,2,JACQUARD_PATTERN_SHIFT
21.37,19.04,6.63,458.8,2530.7,721.4,19.22,53.4,23.7,678.6,2,JACQUARD_PATTERN_SHIFT
15.54,7.84,4.85,468.3,2406.0,663.4,42.42,57.3,22.5,426.5,0,YARN_BREAKAGE
25.63,17.33,5.98,368.5,2433.7,723.7,28.19,59.3,24.0,629.8,2,JACQUARD_PATTERN_SHIFT
11.23,10.92,4.37,345.2,2259.7,627.6,48.81,56.2,28.8,490.4,0,YARN_BREAKAGE
23.54,23.42,8.13,297.3,2137.8,667.6,23.36,36.1,29.6,574.3,1,OIL_STAIN
28.42,22.28,7.52,524.9,2184.6,599.2,33.34,39.7,31.2,521.7,1,OIL_STAIN
15.2,7.48,4.07,479.1,2299.4,569.0,39.51,56.8,25.3,464.4,0,YARN_BREAKAGE
15.39,17.01,5.01,272.3,1779.2,618.3,37.78,57.1,19.6,580.6,3,BORDER_SEWING_DEFECT
12.97,6.85,4.19,440.0,2171.3,602.1,56.56,62.4,24.0,607.8,0,YARN_BREAKAGE
16.84,16.04,5.64,531.2,2539.4,692.9,25.95,66.7,21.8,655.8,2,JACQUARD_PATTERN_SHIFT
22.65,23.13,7.77,425.9,2501.1,703.2,29.13,72.4,28.7,625.2,2,JACQUARD_PATTERN_SHIFT
25.36,16.58,4.13,288.9,1695.4,575.0,44.29,62.9,26.6,483.2,3,BORDER_SEWING_DEFECT
18.29,12.3,8.92,438.4,2170.4,707.6,23.93,44.0,39.4,504.8,1,OIL_STAIN
25.39,17.02,8.82,407.6,2374.8,572.0,30.53,46.4,38.8,469.0,1,OIL_STAIN
26.85,16.62,5.79,494.1,2796.0,718.4,23.47,61.6,26.5,682.6,2,JACQUARD_PATTERN_SHIFT
11.76,7.94,4.67,455.4,2232.1,662.9,54.81,56.9,27.1,569.9,0,YARN_BREAKAGE
20.48,10.86,4.13,424.3,2625.7,712.8,25.16,63.0,21.2,681.6,2,JACQUARD_PATTERN_SHIFT
15.46,10.61,1.78,420.5,2534.1,598.0,57.83,42.8,22.8,482.6,0,YARN_BREAKAGE
31.01,15.14,4.53,383.3,2626.9,670.8,10.63,56.6,27.7,639.3,2,JACQUARD_PATTERN_SHIFT
24.78,20.94,6.35,405.7,2658.1,753.5,25.26,48.3,22.4,692.1,2,JACQUARD_PATTERN_SHIFT
29.44,14.5,7.72,363.0,2784.4,692.9,29.46,49.9,25.3,636.8,2,JACQUARD_PATTERN_SHIFT
23.03,13.9,3.35,407.9,2717.9,750.7,33.44,43.1,16.0,647.1,2,JACQUARD_PATTERN_SHIFT
17.18,10.56,8.96,452.0,2048.4,583.5,29.29,44.1,38.8,512.0,1,OIL_STAIN
25.96,15.67,1.5,319.6,2799.9,748.6,34.03,54.0,16.0,682.9,2,JACQUARD_PATTERN_SHIFT
16.25,10.21,6.98,373.5,2116.8,575.8,54.43,43.6,28.0,542.2,0,YARN_BREAKAGE
32.52,15.44,6.97,339.2,1697.9,625.6,40.38,57.5,21.2,544.4,3,BORDER_SEWING_DEFECT
15.47,5.55,4.19,449.6,2547.1,657.3,36.3,58.1,19.8,517.7,0,YARN_BREAKAGE
17.84,16.48,4.38,458.9,2745.1,681.5,8.0,66.4,29.1,594.1,2,JACQUARD_PATTERN_SHIFT
34.25,13.32,5.87,459.9,2492.5,715.3,17.5,62.9,25.2,661.6,2,JACQUARD_PATTERN_SHIFT
11.84,7.69,4.32,427.7,2340.4,698.1,46.5,51.1,24.5,556.7,0,YARN_BREAKAGE
22.31,18.95,9.02,305.0,2157.0,593.5,26.62,47.8,34.9,556.9,1,OIL_STAIN
13.97,9.92,4.27,417.8,2209.3,590.4,49.31,40.9,25.5,461.9,0,YARN_BREAKAGE
11.78,9.4,6.15,388.2,2009.3,621.0,38.4,65.3,21.9,504.2,0,YARN_BREAKAGE
28.12,17.19,9.23,385.9,1893.2,648.8,36.42,35.6,34.6,579.6,1,OIL_STAIN
11.61,5.67,2.99,326.1,2010.6,672.5,36.02,64.4,16.7,552.6,0,YARN_BREAKAGE
26.55,19.17,8.53,444.5,2164.8,578.9,14.61,33.7,29.8,513.1,1,OIL_STAIN
11.73,4.62,6.79,433.0,2546.9,639.5,44.6,68.2,23.1,426.1,0,YARN_BREAKAGE
16.29,6.3,4.98,406.8,1996.0,614.3,44.93,55.1,35.0,515.6,0,YARN_BREAKAGE
16.8,20.27,6.21,307.5,1851.8,626.4,36.46,64.7,22.3,567.7,3,BORDER_SEWING_DEFECT
11.99,4.74,7.27,470.4,2051.9,616.0,54.04,55.4,23.7,486.2,0,YARN_BREAKAGE
26.98,16.09,5.63,500.6,2445.7,775.1,36.44,53.6,26.3,645.9,2,JACQUARD_PATTERN_SHIFT
13.99,6.23,3.2,476.2,2045.3,630.6,39.32,51.6,23.4,540.3,0,YARN_BREAKAGE
15.43,10.22,3.34,457.8,2160.6,682.1,45.67,58.1,16.5,579.6,0,YARN_BREAKAGE
33.0,18.95,6.59,434.1,2474.1,664.5,28.34,62.4,20.4,616.2,2,JACQUARD_PATTERN_SHIFT
12.84,7.97,4.72,419.7,2189.7,659.2,49.58,64.0,25.8,591.9,0,YARN_BREAKAGE
18.52,12.54,5.58,449.2,2584.9,738.4,20.73,51.1,20.9,666.8,2,JACQUARD_PATTERN_SHIFT
31.12,23.16,4.91,413.4,2803.5,668.1,33.61,52.0,24.6,632.8,2,JACQUARD_PATTERN_SHIFT
15.01,7.37,3.28,451.9,2223.4,578.1,52.61,57.1,26.4,501.1,0,YARN_BREAKAGE
18.76,10.75,8.21,313.2,2672.8,636.7,14.27,41.8,35.0,493.7,1,OIL_STAIN
14.85,10.92,5.49,503.4,2358.1,644.5,55.25,64.3,19.2,579.2,0,YARN_BREAKAGE
19.18,6.14,6.13,524.5,2133.3,625.3,43.02,50.1,25.6,520.8,0,YARN_BREAKAGE
16.83,5.07,4.5,475.7,1988.1,666.4,45.77,61.9,23.3,524.6,0,YARN_BREAKAGE
16.92,17.03,4.14,396.3,2526.0,729.1,27.96,59.8,23.8,700.5,2,JACQUARD_PATTERN_SHIFT
30.77,15.03,4.71,310.7,1726.8,573.6,33.03,52.7,27.0,466.1,3,BORDER_SEWING_DEFECT
21.61,13.4,5.84,513.4,2726.2,701.3,33.09,59.7,24.6,613.6,2,JACQUARD_PATTERN_SHIFT
26.93,14.02,5.13,414.2,2490.3,660.4,29.9,50.5,25.1,615.2,2,JACQUARD_PATTERN_SHIFT
23.02,12.01,10.16,453.4,2481.8,651.7,30.1,47.2,38.9,561.3,1,OIL_STAIN
29.53,18.97,3.15,413.5,2713.4,721.9,27.17,62.7,23.2,647.5,2,JACQUARD_PATTERN_SHIFT
26.01,17.68,4.53,534.6,2728.1,703.8,27.35,64.9,24.5,702.6,2,JACQUARD_PATTERN_SHIFT
17.05,8.16,4.74,450.3,2339.2,668.8,47.42,39.1,22.5,599.4,0,YARN_BREAKAGE
14.88,8.19,6.53,427.6,2069.1,663.6,42.11,52.6,23.5,488.3,0,YARN_BREAKAGE
11.11,6.14,5.35,494.7,2321.6,582.2,51.18,68.9,26.1,489.4,0,YARN_BREAKAGE
18.03,13.5,10.92,500.6,2215.6,648.7,28.24,39.5,30.5,466.5,1,OIL_STAIN
10.88,5.82,5.36,490.9,2226.3,598.2,52.0,64.7,24.2,539.5,0,YARN_BREAKAGE
27.04,21.98,4.06,459.2,2671.4,682.9,26.84,47.7,23.5,623.8,2,JACQUARD_PATTERN_SHIFT
25.49,15.34,6.5,280.2,2013.7,602.9,37.11,57.7,27.4,560.5,3,BORDER_SEWING_DEFECT
22.08,24.88,2.45,290.0,1666.1,621.0,35.5,61.4,32.2,617.5,3,BORDER_SEWING_DEFECT
21.97,15.1,5.27,434.6,2743.9,686.8,13.56,61.3,24.1,693.5,2,JACQUARD_PATTERN_SHIFT
11.38,4.53,5.44,489.1,1922.6,614.4,36.32,54.3,25.9,571.8,0,YARN_BREAKAGE
16.49,19.22,7.86,287.9,1817.4,652.4,42.45,57.7,19.2,501.8,3,BORDER_SEWING_DEFECT
19.77,17.75,7.54,301.8,2177.7,599.7,16.08,41.2,33.5,560.7,1,OIL_STAIN
19.16,11.83,9.52,459.7,2391.7,633.4,34.61,35.9,33.1,525.2,1,OIL_STAIN
16.81,14.44,6.53,404.2,2821.5,772.9,44.47,57.1,21.9,631.4,2,JACQUARD_PATTERN_SHIFT
28.34,13.63,2.83,455.5,2492.4,768.2,20.48,64.0,30.4,662.9,2,JACQUARD_PATTERN_SHIFT
28.93,15.02,3.35,271.8,1843.5,493.6,36.69,53.6,27.0,490.7,3,BORDER_SEWING_DEFECT
10.87,7.11,4.56,474.9,2345.7,687.9,51.02,61.6,24.4,551.6,0,YARN_BREAKAGE
29.29,18.96,7.45,481.4,2362.6,633.1,32.3,40.2,30.6,653.8,1,OIL_STAIN
23.75,11.05,4.31,527.6,2737.7,746.6,19.56,67.6,23.4,703.7,2,JACQUARD_PATTERN_SHIFT
14.52,14.35,4.82,443.2,2661.1,768.8,29.71,61.6,17.3,644.1,2,JACQUARD_PATTERN_SHIFT
12.84,16.0,6.95,473.7,2241.8,590.8,20.86,42.2,30.9,567.2,1,OIL_STAIN
27.92,19.76,4.5,442.3,2685.9,755.9,31.48,59.2,20.8,620.7,2,JACQUARD_PATTERN_SHIFT
23.36,10.72,3.76,266.2,1903.4,660.7,33.71,67.1,21.7,480.8,3,BORDER_SEWING_DEFECT
15.16,4.7,3.72,493.0,2169.2,610.0,46.17,46.0,25.3,558.5,0,YARN_BREAKAGE
19.54,17.36,2.27,272.5,1695.8,623.7,45.93,70.2,22.9,556.5,3,BORDER_SEWING_DEFECT
28.71,6.39,2.97,473.5,2832.2,715.0,35.56,66.7,26.1,680.3,2,JACQUARD_PATTERN_SHIFT
20.12,22.06,6.06,387.0,2768.2,744.7,25.17,60.1,28.7,628.7,2,JACQUARD_PATTERN_SHIFT
27.37,15.9,2.8,418.4,2627.9,729.9,36.86,58.1,29.0,699.9,2,JACQUARD_PATTERN_SHIFT
22.57,16.98,5.62,381.2,2598.3,683.5,18.53,69.3,23.2,642.3,2,JACQUARD_PATTERN_SHIFT
14.56,12.58,8.81,505.9,2196.9,548.9,29.93,42.0,37.3,492.9,1,OIL_STAIN
24.34,11.01,5.54,266.5,1704.5,621.0,34.56,64.0,28.4,518.9,3,BORDER_SEWING_DEFECT
20.45,19.83,2.75,431.5,2508.8,775.2,27.07,53.2,25.2,666.7,2,JACQUARD_PATTERN_SHIFT
24.46,19.57,4.56,339.7,2038.4,687.6,36.83,47.5,30.2,586.8,3,BORDER_SEWING_DEFECT
24.05,13.06,5.74,527.3,2829.9,684.9,9.26,58.7,21.5,653.2,2,JACQUARD_PATTERN_SHIFT
17.6,17.95,8.45,410.0,2375.4,583.0,16.19,39.5,30.2,534.9,1,OIL_STAIN
23.15,16.26,8.93,371.4,2487.9,598.0,27.66,44.7,30.6,518.6,1,OIL_STAIN
15.29,10.67,4.84,403.9,2562.1,594.5,54.71,38.8,23.0,508.6,0,YARN_BREAKAGE
11.6,6.05,4.84,446.8,2433.3,561.2,53.55,59.3,24.9,430.2,0,YARN_BREAKAGE
19.91,17.24,4.86,426.6,2525.9,668.6,27.97,60.7,23.7,644.4,2,JACQUARD_PATTERN_SHIFT
25.38,15.28,1.78,261.6,1662.6,544.9,33.18,60.4,31.6,601.2,3,BORDER_SEWING_DEFECT
23.6,13.37,5.45,312.5,1656.9,549.2,42.63,61.0,30.7,464.0,3,BORDER_SEWING_DEFECT
13.62,4.75,4.29,435.6,2624.8,584.3,38.77,54.3,23.3,580.8,0,YARN_BREAKAGE
14.18,8.23,3.69,416.1,2288.3,674.7,39.43,58.5,20.2,477.6,0,YARN_BREAKAGE
15.48,5.91,4.97,512.9,2235.3,513.7,43.38,45.7,22.8,474.1,0,YARN_BREAKAGE
27.21,17.38,4.52,306.0,1708.3,512.9,40.91,52.0,27.0,573.8,3,BORDER_SEWING_DEFECT
27.8,17.58,8.77,462.1,2170.4,579.6,27.14,39.0,32.9,560.1,1,OIL_STAIN
10.62,5.34,3.09,430.0,2166.7,624.3,39.16,61.4,23.2,442.4,0,YARN_BREAKAGE
16.43,10.28,4.75,384.5,1816.6,698.8,41.86,59.3,24.0,515.7,0,YARN_BREAKAGE
13.24,9.16,6.88,441.0,2342.3,592.5,57.29,56.6,32.2,552.6,0,YARN_BREAKAGE
12.96,6.59,5.75,348.1,1918.9,605.4,44.11,54.9,22.6,679.3,0,YARN_BREAKAGE
30.51,19.95,5.5,280.4,1717.9,607.5,38.34,66.1,21.1,515.2,3,BORDER_SEWING_DEFECT
17.17,10.7,2.3,404.1,2298.5,547.5,48.84,50.8,19.5,573.6,0,YARN_BREAKAGE
26.76,16.6,10.85,373.6,1815.7,657.8,40.79,34.1,30.8,495.8,1,OIL_STAIN
30.95,12.42,7.29,513.2,2763.8,764.9,48.27,51.9,27.7,666.9,2,JACQUARD_PATTERN_SHIFT
27.56,15.63,1.93,443.9,2537.1,672.7,22.43,49.0,32.3,701.9,2,JACQUARD_PATTERN_SHIFT
10.94,5.36,4.71,492.3,2058.6,640.5,36.66,51.5,23.3,463.2,0,YARN_BREAKAGE
30.46,17.35,4.91,284.3,1983.2,693.1,42.9,55.7,22.2,410.9,3,BORDER_SEWING_DEFECT
21.95,14.4,11.15,433.3,2053.1,613.1,19.78,42.0,38.0,539.5,1,OIL_STAIN
16.88,7.66,5.45,399.8,2269.9,619.2,36.56,44.0,22.5,517.0,0,YARN_BREAKAGE
20.79,15.53,9.2,450.0,2237.3,586.6,36.51,42.2,35.5,550.6,1,OIL_STAIN
10.92,4.93,3.11,427.7,2127.0,575.4,56.95,57.2,19.0,548.8,0,YARN_BREAKAGE
33.71,16.6,3.65,273.9,1863.5,632.8,37.79,43.9,22.8,596.1,3,BORDER_SEWING_DEFECT
19.57,17.1,4.47,340.4,2441.0,718.3,29.26,54.1,25.7,645.3,2,JACQUARD_PATTERN_SHIFT
22.31,17.38,8.17,400.7,2233.1,559.2,24.06,43.8,29.6,546.5,1,OIL_STAIN
24.8,14.88,10.61,407.4,2171.8,566.6,28.36,44.0,35.3,520.1,1,OIL_STAIN
15.14,4.59,3.36,508.9,2071.5,573.7,42.8,60.1,27.6,535.8,0,YARN_BREAKAGE
30.92,11.55,8.43,402.6,2248.7,700.8,14.42,46.9,36.0,500.6,1,OIL_STAIN
17.01,17.4,7.94,341.7,2745.6,676.3,32.02,57.5,24.5,652.0,2,JACQUARD_PATTERN_SHIFT
20.09,17.85,6.95,486.1,2095.3,606.7,39.7,46.1,33.6,563.4,1,OIL_STAIN
21.37,16.53,6.14,327.5,1845.8,609.3,45.42,64.7,23.4,550.3,3,BORDER_SEWING_DEFECT
17.12,10.56,5.34,393.6,2142.4,545.0,38.8,55.9,21.0,514.2,0,YARN_BREAKAGE
23.17,18.61,11.22,339.9,2344.1,584.1,22.7,33.0,29.9,528.1,1,OIL_STAIN
28.91,18.74,4.22,292.9,1941.1,625.3,41.45,66.1,25.1,526.3,3,BORDER_SEWING_DEFECT
25.78,20.05,3.68,262.2,1847.1,625.0,34.35,50.9,30.1,475.9,3,BORDER_SEWING_DEFECT
30.52,12.21,10.99,406.2,2088.6,623.5,25.38,34.0,31.2,475.3,1,OIL_STAIN
21.21,21.06,1.5,292.1,1995.0,602.3,41.3,58.6,23.0,498.8,3,BORDER_SEWING_DEFECT
36.86,13.44,5.58,491.8,2424.1,693.7,37.04,65.0,18.4,600.2,2,JACQUARD_PATTERN_SHIFT
16.1,21.36,2.97,329.5,1725.7,651.8,38.56,48.0,26.2,515.8,3,BORDER_SEWING_DEFECT
21.77,17.39,4.18,492.3,2523.6,729.9,43.39,70.9,25.1,679.4,2,JACQUARD_PATTERN_SHIFT
23.14,13.63,8.57,404.5,2429.1,649.2,15.09,44.4,31.0,627.3,1,OIL_STAIN
25.44,14.74,9.45,446.5,2127.7,622.2,12.75,36.4,39.7,540.9,1,OIL_STAIN
10.76,9.65,4.16,385.8,2453.6,570.4,40.7,48.4,25.7,535.5,0,YARN_BREAKAGE
13.3,10.15,2.53,477.8,2337.4,696.3,39.24,59.2,26.7,629.0,0,YARN_BREAKAGE
32.78,20.35,3.0,263.3,1894.6,623.3,34.24,57.2,17.6,548.0,3,BORDER_SEWING_DEFECT
28.62,18.9,6.36,445.1,2760.9,762.8,23.43,53.4,24.0,696.2,2,JACQUARD_PATTERN_SHIFT
30.41,17.83,3.66,453.7,2606.6,679.2,23.3,61.7,25.1,602.6,2,JACQUARD_PATTERN_SHIFT
24.89,18.78,3.64,382.8,2669.7,709.8,17.54,55.7,26.8,603.7,2,JACQUARD_PATTERN_SHIFT
26.78,21.01,9.25,375.0,2107.2,596.7,26.94,36.1,30.5,604.3,1,OIL_STAIN
17.49,12.33,4.23,370.9,2449.9,770.8,26.77,53.0,27.9,684.3,2,JACQUARD_PATTERN_SHIFT
14.03,7.74,4.74,484.2,2146.4,568.8,54.41,66.8,26.3,584.5,0,YARN_BREAKAGE
25.7,19.39,9.48,522.5,2217.1,608.9,20.14,43.4,35.8,538.0,1,OIL_STAIN
30.82,18.42,7.23,392.4,2383.3,544.0,16.67,35.2,39.9,424.1,1,OIL_STAIN
22.08,24.5,5.05,395.9,2831.9,759.6,24.74,43.4,30.0,594.1,2,JACQUARD_PATTERN_SHIFT
13.49,7.16,2.77,381.1,2310.9,581.4,52.22,61.2,20.0,547.8,0,YARN_BREAKAGE
27.05,14.84,3.7,271.7,2552.5,670.5,12.85,63.0,28.2,691.8,2,JACQUARD_PATTERN_SHIFT
27.43,16.24,8.12,489.7,2235.2,680.4,32.09,45.0,35.4,469.9,1,OIL_STAIN
23.81,12.47,10.09,490.1,2141.9,693.9,24.52,42.2,35.7,551.1,1,OIL_STAIN
28.34,8.58,5.4,401.6,2747.2,680.3,29.22,67.8,29.4,679.9,2,JACQUARD_PATTERN_SHIFT
14.44,10.77,3.79,399.9,2148.4,622.3,48.16,60.8,22.5,521.3,0,YARN_BREAKAGE
13.4,5.83,6.01,436.6,2378.6,571.9,42.44,57.8,20.7,387.9,0,YARN_BREAKAGE
22.82,15.03,5.08,514.8,2477.4,702.7,27.08,59.4,20.8,699.2,2,JACQUARD_PATTERN_SHIFT
30.63,11.36,8.29,355.3,2673.3,670.6,35.79,34.3,38.7,506.6,1,OIL_STAIN
12.27,6.27,6.87,441.8,2036.9,628.3,54.02,57.1,25.7,595.1,0,YARN_BREAKAGE
16.12,18.53,9.9,405.2,2409.7,639.7,18.6,39.4,38.4,521.8,1,OIL_STAIN
23.08,13.6,6.84,415.1,2276.7,570.9,25.3,32.3,39.1,491.1,1,OIL_STAIN
23.52,9.07,2.49,316.1,1986.1,587.1,44.22,51.9,23.3,498.3,3,BORDER_SEWING_DEFECT
23.57,15.36,5.6,409.8,2720.1,661.3,29.89,51.9,24.8,596.1,2,JACQUARD_PATTERN_SHIFT
18.74,8.04,6.62,327.6,1679.9,694.3,39.52,52.0,23.4,406.4,3,BORDER_SEWING_DEFECT
13.68,8.35,5.77,415.6,2095.4,647.2,43.27,67.9,31.2,658.2,0,YARN_BREAKAGE
30.62,17.32,8.27,431.1,2085.2,622.3,27.61,42.1,32.1,444.4,1,OIL_STAIN
13.0,5.48,2.41,543.2,2145.4,736.0,56.72,62.0,24.6,493.1,0,YARN_BREAKAGE
20.62,18.14,3.16,264.9,1833.6,701.0,43.2,58.3,21.2,535.0,3,BORDER_SEWING_DEFECT
27.87,14.42,5.74,488.3,2476.6,669.9,24.36,59.9,24.3,672.7,2,JACQUARD_PATTERN_SHIFT
15.38,19.15,5.34,310.8,1792.5,666.0,35.39,52.1,22.6,575.5,3,BORDER_SEWING_DEFECT
13.66,22.61,2.78,484.8,2514.9,742.8,25.06,61.6,18.4,622.9,2,JACQUARD_PATTERN_SHIFT
26.1,13.37,8.85,417.7,2027.0,556.4,37.01,33.2,33.4,550.5,1,OIL_STAIN
23.6,18.21,4.02,322.6,1870.7,628.9,43.14,66.3,26.1,571.3,3,BORDER_SEWING_DEFECT
28.99,20.76,5.72,289.3,1977.0,619.9,41.27,64.5,29.2,574.4,3,BORDER_SEWING_DEFECT
10.65,10.22,4.02,388.2,1964.0,644.1,49.28,63.6,23.6,573.2,0,YARN_BREAKAGE
17.45,8.84,3.39,483.3,2134.3,586.1,51.11,61.8,23.6,565.2,0,YARN_BREAKAGE
11.39,7.88,8.72,362.8,2396.3,629.2,39.51,56.3,25.2,579.3,0,YARN_BREAKAGE
24.13,12.86,7.61,500.2,2100.0,628.9,17.41,36.3,34.3,564.2,1,OIL_STAIN
26.45,13.94,10.47,388.7,2465.5,635.5,23.37,34.1,31.9,519.2,1,OIL_STAIN
11.4,10.33,7.67,402.9,2039.5,540.8,36.46,56.8,28.7,456.7,0,YARN_BREAKAGE
24.07,20.97,11.24,435.9,2031.6,695.4,30.56,46.8,38.7,549.9,1,OIL_STAIN
13.86,8.61,4.56,400.1,2434.9,551.2,57.24,35.7,25.1,583.8,0,YARN_BREAKAGE
11.51,8.54,4.39,442.8,2453.4,631.7,49.45,39.1,24.8,484.9,0,YARN_BREAKAGE
12.14,4.72,6.5,453.0,2302.2,584.9,54.57,59.6,26.5,510.2,0,YARN_BREAKAGE
27.56,17.33,4.8,446.5,2671.0,716.3,16.29,57.0,24.4,703.3,2,JACQUARD_PATTERN_SHIFT
17.35,10.72,3.7,359.2,2263.9,638.3,41.36,53.2,26.2,597.0,0,YARN_BREAKAGE
27.62,16.13,8.03,394.0,2197.0,564.1,36.23,35.0,34.1,493.6,1,OIL_STAIN
23.95,21.86,3.08,398.2,2675.9,663.9,46.11,56.6,26.3,673.3,2,JACQUARD_PATTERN_SHIFT
11.57,19.46,5.59,451.8,2648.6,676.7,26.81,60.3,24.2,707.2,2,JACQUARD_PATTERN_SHIFT
20.85,16.85,5.21,292.4,1746.2,677.4,35.65,50.4,20.2,522.4,3,BORDER_SEWING_DEFECT
13.62,5.53,4.66,460.7,2159.8,599.5,50.32,63.2,25.0,546.6,0,YARN_BREAKAGE
26.62,15.94,4.96,527.6,2386.4,668.3,18.46,51.6,23.3,612.7,2,JACQUARD_PATTERN_SHIFT
16.5,9.01,5.15,460.8,2272.3,588.2,37.04,60.4,26.4,481.1,0,YARN_BREAKAGE
18.78,18.17,4.26,435.1,2686.5,749.9,32.61,55.5,21.4,623.7,2,JACQUARD_PATTERN_SHIFT
25.9,16.92,6.0,455.7,2389.8,710.7,33.67,55.8,25.6,653.7,2,JACQUARD_PATTERN_SHIFT
31.16,18.75,8.74,421.6,2158.3,608.1,21.08,39.4,37.9,496.3,1,OIL_STAIN
15.7,16.62,6.82,300.7,1740.1,614.4,32.99,59.7,26.0,559.7,3,BORDER_SEWING_DEFECT
28.48,17.09,8.02,412.0,2212.6,596.9,19.53,46.8,31.8,511.3,1,OIL_STAIN
25.12,17.45,3.33,354.2,2439.3,747.2,31.28,57.5,27.9,605.2,2,JACQUARD_PATTERN_SHIFT
12.07,15.58,11.07,446.8,2484.3,680.9,34.08,41.4,33.2,551.6,1,OIL_STAIN
24.52,17.51,6.98,423.5,2257.7,568.8,30.8,44.8,35.7,522.5,1,OIL_STAIN
24.56,14.57,6.1,290.3,1754.7,625.8,45.34,58.6,27.7,606.7,3,BORDER_SEWING_DEFECT
23.99,18.74,5.49,296.9,1881.2,521.5,35.18,56.5,33.1,568.2,3,BORDER_SEWING_DEFECT
25.48,17.5,6.9,506.2,2258.8,660.0,34.93,35.3,36.8,431.0,1,OIL_STAIN
12.41,8.41,4.03,473.3,2306.5,606.4,56.24,61.8,20.3,538.6,0,YARN_BREAKAGE
20.01,17.01,5.48,442.4,2708.8,760.5,36.99,66.0,24.6,662.9,2,JACQUARD_PATTERN_SHIFT
14.26,7.47,5.18,388.5,2179.9,647.7,53.13,50.8,21.5,569.1,0,YARN_BREAKAGE
30.34,13.21,4.33,268.0,1685.6,578.8,43.31,56.1,23.9,596.1,3,BORDER_SEWING_DEFECT
25.13,21.92,9.1,438.8,2324.5,578.9,30.52,34.7,39.4,458.5,1,OIL_STAIN
27.18,5.04,4.0,261.3,2048.1,652.3,35.04,66.0,29.6,535.6,3,BORDER_SEWING_DEFECT
13.68,5.25,4.87,466.0,1722.1,512.4,40.32,50.5,22.2,556.5,0,YARN_BREAKAGE
30.18,19.59,7.14,298.6,2043.4,700.9,43.18,58.1,25.2,568.5,3,BORDER_SEWING_DEFECT
25.16,16.26,10.48,439.6,2538.5,492.5,29.86,45.5,34.9,584.3,1,OIL_STAIN
16.81,7.55,4.25,477.8,2163.2,602.6,48.61,64.0,19.9,524.6,0,YARN_BREAKAGE
24.42,19.24,3.04,412.2,2830.8,769.0,31.93,59.9,24.9,599.2,2,JACQUARD_PATTERN_SHIFT
16.05,13.14,10.93,415.8,1937.0,647.9,31.3,36.1,32.7,548.8,1,OIL_STAIN
24.01,18.78,3.83,405.2,2705.3,734.5,22.61,52.9,27.7,593.9,2,JACQUARD_PATTERN_SHIFT
17.37,9.91,4.79,482.7,2150.7,638.4,39.89,56.9,24.9,603.5,0,YARN_BREAKAGE
22.22,12.97,9.54,484.8,2134.4,632.7,8.65,35.2,38.2,629.9,1,OIL_STAIN
33.14,16.42,5.3,294.5,1774.0,603.6,45.91,61.6,17.7,531.5,3,BORDER_SEWING_DEFECT
15.55,5.42,6.19,395.4,2224.0,609.7,48.15,50.3,21.8,487.9,0,YARN_BREAKAGE
14.87,5.45,3.62,439.0,1948.9,592.9,40.59,62.5,26.1,569.0,0,YARN_BREAKAGE
27.01,15.08,6.99,385.7,2735.4,762.4,10.77,67.7,26.3,688.0,2,JACQUARD_PATTERN_SHIFT
26.96,14.35,7.27,452.6,1874.5,679.8,47.67,40.2,39.1,556.1,1,OIL_STAIN
22.5,11.16,4.94,269.4,1885.5,615.9,38.62,63.2,25.3,492.5,3,BORDER_SEWING_DEFECT
15.21,16.24,5.46,443.2,2815.6,773.1,18.34,58.9,24.8,623.0,2,JACQUARD_PATTERN_SHIFT
14.62,19.84,6.85,499.2,2066.9,654.5,29.37,37.2,31.9,507.8,1,OIL_STAIN
12.68,17.49,6.01,266.4,1779.1,703.9,36.04,56.9,27.1,565.7,3,BORDER_SEWING_DEFECT
23.3,9.04,4.34,312.4,1658.0,563.9,33.59,59.9,25.8,508.1,3,BORDER_SEWING_DEFECT
10.58,7.84,3.68,420.1,2067.2,626.1,52.89,51.6,23.6,600.4,0,YARN_BREAKAGE
12.15,7.61,3.36,390.2,2129.0,628.9,56.1,45.8,27.3,522.8,0,YARN_BREAKAGE
13.85,7.24,5.89,399.4,2513.8,570.3,51.62,59.9,25.1,552.9,0,YARN_BREAKAGE
22.74,16.13,4.73,462.2,2583.1,683.5,20.03,64.5,22.8,611.2,2,JACQUARD_PATTERN_SHIFT
10.62,5.0,6.07,519.7,2038.7,548.8,48.43,62.5,25.2,470.3,0,YARN_BREAKAGE
21.53,18.53,6.88,338.1,1966.2,604.8,43.32,63.6,18.9,534.6,3,BORDER_SEWING_DEFECT
21.45,10.79,10.02,457.6,2137.4,605.7,18.17,36.7,35.1,581.4,1,OIL_STAIN
19.93,10.01,6.64,298.4,1989.4,630.8,40.9,59.7,21.3,485.8,3,BORDER_SEWING_DEFECT
22.31,10.39,6.75,273.6,1777.2,637.4,35.45,65.6,24.4,590.0,3,BORDER_SEWING_DEFECT
29.14,12.86,6.99,343.5,2395.1,698.3,28.74,61.9,23.1,616.4,2,JACQUARD_PATTERN_SHIFT
24.04,12.93,5.06,385.5,2428.8,652.9,19.76,63.8,23.4,615.7,2,JACQUARD_PATTERN_SHIFT
24.42,14.38,2.89,403.9,2835.5,733.5,31.08,64.0,24.1,664.3,2,JACQUARD_PATTERN_SHIFT
26.5,18.84,4.93,304.3,1656.3,599.4,34.65,59.2,30.2,513.2,3,BORDER_SEWING_DEFECT
21.2,13.43,7.75,366.4,2298.1,620.8,29.31,38.8,39.3,486.1,1,OIL_STAIN
14.29,8.89,2.88,473.9,2134.7,607.4,34.35,66.3,24.4,434.7,0,YARN_BREAKAGE
11.39,9.51,3.62,376.3,1773.8,512.5,52.71,61.3,28.0,643.3,0,YARN_BREAKAGE
15.19,10.66,4.11,449.6,2572.2,611.4,45.61,56.4,22.7,525.9,0,YARN_BREAKAGE
24.64,9.66,1.5,374.0,2505.1,705.4,30.96,61.6,28.7,605.0,2,JACQUARD_PATTERN_SHIFT
21.78,14.29,4.49,377.2,2469.3,746.3,31.24,51.4,27.9,689.3,2,JACQUARD_PATTERN_SHIFT
26.52,13.66,7.75,340.0,1969.9,596.5,17.39,34.1,36.5,524.9,1,OIL_STAIN
21.94,13.8,4.89,469.3,2660.8,767.9,22.77,51.9,19.3,706.8,2,JACQUARD_PATTERN_SHIFT
13.99,8.81,4.91,398.3,2341.1,677.8,50.34,60.1,23.6,545.9,0,YARN_BREAKAGE
24.05,12.49,1.5,417.1,2657.9,752.9,15.07,49.1,26.7,645.0,2,JACQUARD_PATTERN_SHIFT
18.55,15.24,6.58,310.2,1905.6,587.8,35.27,59.1,26.1,551.3,3,BORDER_SEWING_DEFECT
30.46,13.97,4.62,316.4,1723.7,693.2,32.16,51.2,25.7,514.8,3,BORDER_SEWING_DEFECT
21.59,19.88,5.15,498.8,2766.1,733.3,22.46,58.5,22.9,669.4,2,JACQUARD_PATTERN_SHIFT
29.81,20.73,4.09,369.3,2666.8,707.7,38.59,51.0,28.3,591.0,2,JACQUARD_PATTERN_SHIFT
21.95,13.72,8.03,308.4,2162.9,621.7,24.68,40.1,31.3,514.3,1,OIL_STAIN
22.67,9.67,2.91,288.5,2028.1,699.3,41.6,53.9,25.4,521.3,3,BORDER_SEWING_DEFECT
20.03,16.02,5.21,402.4,2500.7,687.3,24.63,59.2,25.7,602.1,2,JACQUARD_PATTERN_SHIFT
28.36,11.12,5.94,317.3,1825.7,619.0,38.21,67.7,27.1,502.0,3,BORDER_SEWING_DEFECT
29.61,13.55,6.31,416.6,2699.2,723.5,39.59,61.3,26.8,636.9,2,JACQUARD_PATTERN_SHIFT
16.89,22.2,5.46,340.4,2761.9,752.8,23.83,60.6,27.9,607.5,2,JACQUARD_PATTERN_SHIFT
29.94,6.86,7.97,525.1,2011.1,589.8,20.48,37.6,31.8,512.4,1,OIL_STAIN
16.24,8.48,4.6,435.1,2160.8,639.4,43.5,68.5,25.6,706.8,0,YARN_BREAKAGE
17.55,16.54,2.85,450.5,2413.3,681.9,21.13,52.6,23.9,605.9,2,JACQUARD_PATTERN_SHIFT
17.15,10.72,4.91,296.4,1775.2,596.6,37.62,57.9,29.9,507.9,3,BORDER_SEWING_DEFECT
15.06,4.61,6.09,405.3,2065.4,586.9,45.16,58.6,25.9,520.0,0,YARN_BREAKAGE
19.42,16.45,2.46,299.5,1676.2,695.7,43.69,51.2,24.1,443.2,3,BORDER_SEWING_DEFECT
22.32,13.67,7.37,418.1,2583.3,672.6,37.29,54.5,26.2,672.2,2,JACQUARD_PATTERN_SHIFT
18.47,16.99,8.64,477.9,1900.0,613.9,17.27,45.2,36.8,488.3,1,OIL_STAIN
29.75,11.42,10.02,394.8,2236.9,672.2,33.36,34.0,37.5,495.6,1,OIL_STAIN
11.24,7.21,2.99,440.1,2213.1,607.7,54.88,52.0,26.1,457.6,0,YARN_BREAKAGE
29.37,20.93,11.06,411.2,2102.1,603.9,20.89,37.0,34.9,543.8,1,OIL_STAIN
20.46,10.96,5.3,374.9,2507.0,688.2,32.7,61.4,27.3,606.6,2,JACQUARD_PATTERN_SHIFT
12.4,9.06,2.32,392.8,2370.6,592.4,51.49,50.1,21.0,523.8,0,YARN_BREAKAGE
16.85,7.75,3.07,339.7,2321.7,581.5,53.79,51.8,23.0,537.2,0,YARN_BREAKAGE
24.64,9.93,5.13,283.2,1738.9,643.4,44.02,62.5,23.6,510.3,3,BORDER_SEWING_DEFECT
17.38,21.32,10.47,443.7,2077.3,600.4,33.99,34.4,31.9,494.2,1,OIL_STAIN
14.91,8.27,6.86,492.0,2431.1,597.1,38.1,57.4,26.6,537.5,0,YARN_BREAKAGE
14.62,7.06,3.89,352.4,2170.3,611.1,55.44,58.6,24.0,480.9,0,YARN_BREAKAGE
13.83,10.96,3.32,408.8,2219.4,679.9,44.76,74.9,27.8,477.3,0,YARN_BREAKAGE
30.89,19.51,8.45,408.8,1971.2,580.0,40.95,42.2,32.9,483.3,1,OIL_STAIN
13.81,15.4,2.86,392.7,2721.2,680.0,39.56,52.2,24.8,684.9,2,JACQUARD_PATTERN_SHIFT
25.87,19.05,5.47,467.1,2782.0,680.2,33.75,62.7,24.3,655.9,2,JACQUARD_PATTERN_SHIFT
17.51,19.25,3.52,268.0,1718.4,538.0,40.04,48.2,28.1,490.5,3,BORDER_SEWING_DEFECT
13.29,7.35,1.85,408.6,2173.8,613.4,49.86,58.4,27.3,570.0,0,YARN_BREAKAGE
22.4,16.11,2.47,312.4,1687.1,549.7,32.4,50.1,25.6,542.2,3,BORDER_SEWING_DEFECT
22.7,17.47,5.0,531.1,2579.9,662.0,18.66,58.0,29.3,623.3,2,JACQUARD_PATTERN_SHIFT
23.86,14.98,4.62,258.4,2662.4,662.5,25.68,70.3,27.5,596.6,2,JACQUARD_PATTERN_SHIFT
21.56,14.67,8.13,405.7,2148.2,590.1,36.55,38.5,30.1,501.6,1,OIL_STAIN
29.06,13.37,7.8,458.7,2120.6,547.9,19.35,38.1,33.1,662.7,1,OIL_STAIN
22.89,16.47,5.59,331.7,1827.9,673.0,34.23,61.8,22.5,457.6,3,BORDER_SEWING_DEFECT
15.67,19.99,6.44,532.4,2630.8,732.9,22.34,64.6,20.9,649.0,2,JACQUARD_PATTERN_SHIFT
16.38,7.93,2.84,474.6,2324.0,595.2,45.35,55.5,26.7,516.2,0,YARN_BREAKAGE
15.73,10.12,5.12,461.2,2253.9,669.6,51.09,57.4,27.0,530.9,0,YARN_BREAKAGE
22.58,17.4,7.04,478.7,2219.3,530.7,34.35,33.2,37.1,554.6,1,OIL_STAIN
22.05,11.32,6.58,483.6,2543.4,769.8,29.3,55.8,25.9,615.5,2,JACQUARD_PATTERN_SHIFT
23.67,19.94,2.19,290.2,1965.4,626.0,43.81,60.2,26.4,546.0,3,BORDER_SEWING_DEFECT
16.8,6.31,6.27,356.2,2441.2,526.4,37.22,50.4,28.6,575.9,0,YARN_BREAKAGE
17.38,9.46,4.9,497.8,2094.9,669.6,56.05,69.3,24.4,600.5,0,YARN_BREAKAGE
21.62,14.75,6.37,455.2,2750.2,711.2,32.0,50.3,24.7,638.2,2,JACQUARD_PATTERN_SHIFT
15.98,4.92,4.94,352.2,2202.3,593.7,45.84,72.5,28.8,575.2,0,YARN_BREAKAGE
10.99,8.11,3.67,375.5,1834.0,675.4,49.94,54.0,24.0,540.5,0,YARN_BREAKAGE
23.68,16.17,5.61,455.0,2771.1,704.2,16.63,66.8,20.7,632.2,2,JACQUARD_PATTERN_SHIFT
14.28,5.56,5.09,417.3,2151.0,607.2,50.16,54.7,30.0,556.0,0,YARN_BREAKAGE
10.98,7.04,5.09,437.0,2311.1,545.5,54.14,43.2,24.5,547.0,0,YARN_BREAKAGE
12.43,4.75,1.5,495.3,2232.8,628.6,56.18,60.8,24.1,486.6,0,YARN_BREAKAGE
27.71,13.58,4.1,335.5,1713.1,632.0,45.46,60.9,21.8,545.6,3,BORDER_SEWING_DEFECT
24.38,12.29,4.68,339.6,2673.2,769.1,36.14,65.7,27.8,693.2,2,JACQUARD_PATTERN_SHIFT
17.43,5.64,4.24,470.0,1898.3,651.3,40.85,68.2,25.7,586.7,0,YARN_BREAKAGE
28.48,13.3,2.86,361.7,2758.4,700.7,34.45,61.5,19.3,651.7,2,JACQUARD_PATTERN_SHIFT
10.52,4.71,3.87,366.8,2032.0,687.8,36.87,54.9,29.4,560.9,0,YARN_BREAKAGE
17.74,15.87,9.24,335.1,2204.1,608.2,28.81,47.0,31.8,530.6,1,OIL_STAIN
15.33,9.6,1.79,457.7,2057.1,581.0,40.93,52.8,30.5,506.9,0,YARN_BREAKAGE
21.21,16.88,5.06,327.1,2763.9,753.8,14.1,48.4,25.5,599.0,2,JACQUARD_PATTERN_SHIFT
25.54,17.09,9.78,409.5,1856.4,635.6,26.19,34.3,33.0,564.1,1,OIL_STAIN
16.88,4.85,3.57,372.7,2046.5,581.7,46.73,59.2,27.8,592.1,0,YARN_BREAKAGE
26.15,12.55,4.85,422.6,2494.3,747.8,8.0,66.2,27.2,686.8,2,JACQUARD_PATTERN_SHIFT
25.06,16.33,4.72,327.1,2552.8,702.0,23.87,56.5,23.0,605.8,2,JACQUARD_PATTERN_SHIFT
24.11,18.32,6.37,264.8,1929.1,649.1,37.15,55.3,24.4,559.3,3,BORDER_SEWING_DEFECT
15.2,5.51,3.2,368.4,2221.7,586.4,53.58,57.1,27.4,599.4,0,YARN_BREAKAGE
13.9,4.89,5.49,428.2,2225.6,589.6,36.19,48.6,23.7,515.8,0,YARN_BREAKAGE
17.25,7.39,4.75,463.8,2445.5,620.5,52.14,61.8,20.8,555.1,0,YARN_BREAKAGE
15.21,4.78,3.3,436.5,2214.3,545.6,52.09,46.4,19.3,612.8,0,YARN_BREAKAGE
22.95,15.52,8.74,450.4,2195.6,639.3,23.82,40.1,29.5,448.8,1,OIL_STAIN
14.22,6.3,5.17,462.9,2314.4,583.8,46.84,51.0,26.3,615.1,0,YARN_BREAKAGE
10.52,7.52,3.97,402.8,2512.7,577.0,47.99,59.8,28.5,553.1,0,YARN_BREAKAGE
29.14,16.18,6.2,283.6,2046.0,529.9,43.01,65.9,25.8,534.6,3,BORDER_SEWING_DEFECT
12.94,9.04,2.41,440.2,2196.5,605.2,49.77,59.9,24.2,627.9,0,YARN_BREAKAGE
30.85,14.2,4.39,275.4,1982.7,586.8,37.05,61.9,24.7,524.9,3,BORDER_SEWING_DEFECT
27.69,16.71,6.81,276.8,1793.8,533.0,36.94,44.2,19.7,548.3,3,BORDER_SEWING_DEFECT
15.62,15.79,5.39,448.1,2625.8,689.9,23.37,48.9,21.6,599.6,2,JACQUARD_PATTERN_SHIFT
17.46,19.66,10.74,348.5,2115.9,652.0,23.28,45.4,37.0,559.1,1,OIL_STAIN
26.72,12.83,7.86,345.7,2483.0,763.1,33.43,55.4,28.3,603.5,2,JACQUARD_PATTERN_SHIFT
22.58,14.99,10.21,365.0,2353.7,565.6,16.12,35.0,31.3,512.1,1,OIL_STAIN
26.18,18.03,5.45,488.1,2732.1,681.7,40.48,70.9,30.4,625.2,2,JACQUARD_PATTERN_SHIFT
15.67,10.31,6.52,449.2,2147.2,614.4,36.77,64.7,23.8,533.2,0,YARN_BREAKAGE
27.03,13.72,4.79,397.6,2774.0,771.5,23.55,63.6,26.3,591.4,2,JACQUARD_PATTERN_SHIFT
13.64,10.85,5.45,499.9,2396.3,603.3,55.83,50.2,31.0,550.3,0,YARN_BREAKAGE
23.9,10.77,6.95,475.7,2239.6,614.9,36.34,45.9,32.7,428.7,1,OIL_STAIN
18.41,19.11,9.41,424.4,1900.6,598.0,28.85,47.8,36.7,516.8,1,OIL_STAIN
20.51,19.03,3.84,411.4,2634.3,698.5,33.36,67.8,21.2,598.8,2,JACQUARD_PATTERN_SHIFT
23.15,12.17,3.75,426.0,2608.8,691.2,13.09,61.7,29.0,678.6,2,JACQUARD_PATTERN_SHIFT
13.57,5.1,7.54,312.7,2409.1,498.4,47.39,68.9,29.1,528.2,0,YARN_BREAKAGE
12.96,5.84,4.83,400.6,1908.0,617.6,46.09,57.7,19.2,521.2,0,YARN_BREAKAGE
15.96,5.66,9.14,453.8,2429.1,557.8,39.32,54.5,23.8,531.9,0,YARN_BREAKAGE
27.4,18.43,6.14,323.7,2034.0,602.2,42.08,64.8,28.7,529.8,3,BORDER_SEWING_DEFECT
17.39,20.2,6.94,311.3,1781.9,528.0,36.68,56.6,27.5,478.9,3,BORDER_SEWING_DEFECT
19.95,17.41,4.48,391.1,2726.1,712.6,30.51,48.0,20.9,653.3,2,JACQUARD_PATTERN_SHIFT
13.51,7.34,5.11,379.1,2042.8,611.7,52.47,46.5,24.6,506.4,0,YARN_BREAKAGE
21.89,10.75,5.31,297.8,1806.3,597.1,35.85,52.2,25.5,448.2,3,BORDER_SEWING_DEFECT
19.24,17.11,8.41,380.8,2027.0,655.9,14.63,33.5,36.9,492.0,1,OIL_STAIN
11.56,7.74,3.48,392.5,2003.5,592.4,41.28,59.5,27.9,568.0,0,YARN_BREAKAGE
31.69,16.59,5.54,467.5,2721.3,671.5,29.28,55.7,23.2,593.7,2,JACQUARD_PATTERN_SHIFT
20.33,17.11,9.37,390.6,2266.6,620.5,36.53,42.4,30.9,565.7,1,OIL_STAIN
22.86,22.97,8.73,334.6,1757.2,503.9,36.25,47.2,37.0,554.7,1,OIL_STAIN
29.24,16.36,5.65,501.9,2553.3,726.5,20.37,61.6,19.5,625.6,2,JACQUARD_PATTERN_SHIFT
13.27,16.08,4.01,441.1,2419.4,733.2,33.11,54.0,28.8,620.0,2,JACQUARD_PATTERN_SHIFT
35.72,13.52,5.87,317.3,1858.3,590.9,34.82,56.9,30.1,599.4,3,BORDER_SEWING_DEFECT
23.53,11.3,7.25,444.9,2407.9,531.6,25.49,46.7,37.3,541.9,1,OIL_STAIN
17.41,5.16,3.72,366.9,2093.1,571.7,52.9,53.8,19.1,495.1,0,YARN_BREAKAGE
20.54,9.08,3.93,497.3,2665.7,714.2,18.41,51.0,23.5,591.2,2,JACQUARD_PATTERN_SHIFT
15.18,10.43,1.5,414.9,2150.4,637.7,37.81,49.9,18.1,554.8,0,YARN_BREAKAGE
12.15,6.91,2.69,391.8,2271.7,671.9,41.09,70.4,21.1,515.6,0,YARN_BREAKAGE
11.77,9.36,6.66,371.8,2359.9,537.2,46.35,61.7,24.3,517.4,0,YARN_BREAKAGE
15.35,6.1,6.74,494.3,1932.8,659.1,42.74,70.9,23.1,524.0,0,YARN_BREAKAGE
16.64,10.43,5.31,414.4,2124.9,649.3,57.82,56.3,21.6,586.6,0,YARN_BREAKAGE
21.36,11.27,4.77,418.1,2473.8,800.0,14.57,49.4,23.4,704.6,2,JACQUARD_PATTERN_SHIFT
11.88,10.03,2.78,452.6,2191.0,588.6,54.46,48.4,20.7,631.6,0,YARN_BREAKAGE
26.11,20.8,4.01,319.2,1726.0,708.9,47.88,68.1,25.7,627.1,3,BORDER_SEWING_DEFECT
12.39,7.25,5.74,381.8,2201.6,564.9,44.28,45.7,21.7,612.7,0,YARN_BREAKAGE
12.57,4.74,5.98,489.0,2089.2,567.4,47.89,64.7,28.9,638.6,0,YARN_BREAKAGE
18.82,8.47,9.33,420.5,2132.7,614.9,26.62,37.8,32.8,526.8,1,OIL_STAIN
27.72,12.56,2.99,455.1,2700.5,748.9,25.62,56.5,23.1,643.5,2,JACQUARD_PATTERN_SHIFT
10.99,5.99,4.45,437.2,2038.1,585.7,54.05,59.0,23.9,594.2,0,YARN_BREAKAGE
11.97,9.07,4.07,331.7,2115.9,556.0,48.02,64.2,19.6,546.3,0,YARN_BREAKAGE
16.43,9.28,6.89,413.4,2366.5,512.5,48.28,54.5,26.7,488.5,0,YARN_BREAKAGE
27.72,16.8,4.32,317.4,1774.4,639.6,42.65,60.3,22.5,525.7,3,BORDER_SEWING_DEFECT
21.05,17.77,1.96,426.5,2766.9,747.2,36.32,69.6,24.3,599.1,2,JACQUARD_PATTERN_SHIFT
21.4,13.45,2.89,262.2,1848.1,601.2,45.79,72.4,22.1,569.9,3,BORDER_SEWING_DEFECT
23.04,20.03,5.73,273.1,2045.3,633.4,37.55,58.6,19.3,525.1,3,BORDER_SEWING_DEFECT
15.2,9.52,3.81,455.2,2193.2,698.4,56.9,56.8,24.4,603.5,0,YARN_BREAKAGE
12.01,9.59,3.38,363.4,2213.5,561.9,38.26,64.7,21.1,510.1,0,YARN_BREAKAGE
12.5,5.7,4.05,451.2,2523.0,610.4,55.62,55.3,25.0,565.8,0,YARN_BREAKAGE
16.62,9.84,4.21,429.2,2078.9,594.0,50.7,57.5,21.5,520.1,0,YARN_BREAKAGE
23.9,10.01,4.81,420.1,2410.5,714.3,22.58,57.4,25.1,705.2,2,JACQUARD_PATTERN_SHIFT
17.67,15.83,5.79,408.4,2568.6,668.6,39.91,62.3,25.7,622.6,2,JACQUARD_PATTERN_SHIFT
24.97,13.52,2.91,402.3,2820.6,692.9,15.04,55.1,20.1,592.1,2,JACQUARD_PATTERN_SHIFT
16.99,9.65,5.95,518.9,2190.9,570.7,46.05,64.3,33.1,579.0,0,YARN_BREAKAGE
24.95,18.22,7.66,329.2,2029.2,684.1,34.26,63.7,33.4,485.9,3,BORDER_SEWING_DEFECT
20.1,17.88,3.0,372.5,2699.5,729.6,22.75,52.5,26.6,600.2,2,JACQUARD_PATTERN_SHIFT
14.66,9.38,2.88,432.3,1889.9,568.8,53.64,59.6,29.1,530.1,0,YARN_BREAKAGE
18.31,11.33,3.14,272.8,1756.2,638.1,35.68,52.8,20.5,505.3,3,BORDER_SEWING_DEFECT
29.52,22.81,7.82,343.8,2235.3,643.0,36.01,46.4,35.7,553.7,1,OIL_STAIN
27.76,18.1,4.81,266.2,2027.2,564.9,34.24,71.4,24.2,546.0,3,BORDER_SEWING_DEFECT
22.44,15.07,5.06,270.8,1988.0,671.6,45.49,54.5,25.5,539.2,3,BORDER_SEWING_DEFECT
12.08,9.21,7.1,376.9,2033.9,628.5,49.92,61.5,30.0,630.5,0,YARN_BREAKAGE
26.05,15.74,9.72,375.7,2188.6,598.1,32.57,39.8,35.8,472.5,1,OIL_STAIN
25.18,18.5,4.81,482.1,2742.7,716.4,42.99,53.5,32.0,611.8,2,JACQUARD_PATTERN_SHIFT
13.31,10.23,2.87,408.7,2299.3,630.9,44.3,68.6,20.8,577.6,0,YARN_BREAKAGE
10.66,10.7,6.82,458.7,2354.0,598.4,47.74,64.5,20.9,535.2,0,YARN_BREAKAGE
27.35,10.77,10.48,495.6,2313.9,659.4,14.03,43.5,33.6,578.3,1,OIL_STAIN
28.88,11.8,7.28,389.2,2547.1,587.8,26.07,37.9,38.0,536.1,1,OIL_STAIN
15.15,7.15,6.06,380.8,2243.6,602.2,48.22,52.3,23.0,483.7,0,YARN_BREAKAGE
22.43,14.33,2.42,406.4,2570.6,661.5,28.72,55.7,25.6,649.2,2,JACQUARD_PATTERN_SHIFT
28.81,16.28,3.84,388.1,2521.7,694.2,39.27,46.6,21.8,673.3,2,JACQUARD_PATTERN_SHIFT
11.8,10.88,6.32,519.1,2395.2,599.4,50.75,71.3,28.3,483.3,0,YARN_BREAKAGE
14.48,4.87,4.35,544.5,2167.5,604.8,57.21,60.8,25.4,482.7,0,YARN_BREAKAGE
10.98,6.33,5.89,435.4,2009.4,627.9,36.48,57.9,24.2,565.7,0,YARN_BREAKAGE
21.92,18.5,4.62,431.0,2386.2,719.2,28.13,47.1,25.0,669.5,2,JACQUARD_PATTERN_SHIFT
19.68,17.28,8.87,508.6,2380.5,551.8,35.34,33.0,35.4,527.3,1,OIL_STAIN
12.74,7.22,4.48,478.2,1970.4,599.4,42.92,48.6,26.8,486.5,0,YARN_BREAKAGE
13.56,4.88,4.5,415.4,2279.2,616.7,40.48,57.1,26.1,562.0,0,YARN_BREAKAGE
15.62,9.16,4.08,407.1,2189.7,605.3,36.25,44.9,19.6,587.1,0,YARN_BREAKAGE
13.62,9.85,3.73,426.6,2101.9,583.9,46.58,63.1,23.2,463.4,0,YARN_BREAKAGE
15.11,9.22,2.94,462.6,2184.4,594.7,57.28,59.0,21.8,529.7,0,YARN_BREAKAGE
37.77,17.69,3.2,294.7,2027.0,693.7,42.94,54.0,23.5,581.6,3,BORDER_SEWING_DEFECT
12.53,5.55,3.1,505.5,2112.6,689.3,55.83,61.6,20.9,595.7,0,YARN_BREAKAGE
28.59,15.59,8.58,440.0,2089.6,598.1,30.46,41.5,31.3,506.0,1,OIL_STAIN
15.88,8.49,4.56,367.9,2054.6,608.4,36.66,53.3,23.8,567.9,0,YARN_BREAKAGE
12.0,9.69,7.34,336.3,1971.9,575.6,40.19,44.9,24.9,587.4,0,YARN_BREAKAGE
25.85,17.26,6.13,484.7,2801.1,720.0,34.58,65.6,20.4,602.8,2,JACQUARD_PATTERN_SHIFT
23.14,16.7,4.76,428.4,2619.8,719.3,16.49,63.0,27.9,698.8,2,JACQUARD_PATTERN_SHIFT
11.34,10.41,7.11,455.1,2120.3,565.4,40.29,63.3,21.1,559.2,0,YARN_BREAKAGE
15.5,6.8,3.95,419.4,2254.1,590.8,56.23,44.9,23.6,506.4,0,YARN_BREAKAGE
26.45,15.77,3.9,526.8,2405.8,704.1,25.63,53.6,25.8,623.1,2,JACQUARD_PATTERN_SHIFT
16.7,8.27,7.64,324.6,2023.6,597.0,43.9,58.2,25.1,485.7,3,BORDER_SEWING_DEFECT
26.03,16.53,3.95,468.8,2825.4,761.6,30.3,64.3,20.2,642.7,2,JACQUARD_PATTERN_SHIFT
27.58,15.41,11.22,457.2,2115.4,586.2,23.76,34.0,33.9,452.8,1,OIL_STAIN
24.82,18.17,3.38,306.2,1712.3,599.2,40.77,48.4,23.9,552.5,3,BORDER_SEWING_DEFECT
22.77,20.29,2.06,382.9,2414.2,703.7,33.1,68.3,28.2,625.8,2,JACQUARD_PATTERN_SHIFT
13.66,5.23,1.5,385.0,2139.4,537.3,47.34,57.8,25.7,532.6,0,YARN_BREAKAGE
28.02,14.73,4.7,265.4,1922.7,559.8,38.32,50.7,23.9,611.6,3,BORDER_SEWING_DEFECT
17.37,16.62,2.17,324.5,1774.0,579.9,37.92,51.5,32.8,520.3,3,BORDER_SEWING_DEFECT
26.11,16.53,10.55,391.1,1985.1,597.3,27.79,37.3,36.2,539.2,1,OIL_STAIN
26.29,15.14,7.23,385.1,2065.2,602.4,32.98,33.5,35.4,592.0,1,OIL_STAIN
13.04,13.02,4.54,508.7,2506.4,724.1,42.55,58.1,18.4,691.7,2,JACQUARD_PATTERN_SHIFT
25.23,18.57,4.58,434.0,2508.7,714.1,26.05,66.3,24.9,669.1,2,JACQUARD_PATTERN_SHIFT
17.4,19.4,7.98,483.1,2481.9,669.0,36.76,57.6,18.7,595.3,2,JACQUARD_PATTERN_SHIFT
15.39,10.68,7.26,372.9,2413.1,617.7,48.31,57.1,24.5,502.3,0,YARN_BREAKAGE
21.79,13.32,6.36,473.9,2458.9,697.0,16.37,51.6,25.3,689.5,2,JACQUARD_PATTERN_SHIFT
15.53,9.41,5.81,482.6,2139.2,572.1,48.24,48.8,26.0,494.0,0,YARN_BREAKAGE
25.03,12.73,11.34,489.6,2178.8,632.2,17.99,41.7,30.9,527.9,1,OIL_STAIN
30.36,18.33,3.37,392.4,2571.9,661.3,19.81,49.4,22.2,662.8,2,JACQUARD_PATTERN_SHIFT
23.51,16.1,6.93,295.7,1869.3,649.6,34.03,59.9,28.0,435.1,3,BORDER_SEWING_DEFECT
20.41,15.09,1.5,473.3,2753.1,672.8,24.47,60.6,28.5,677.3,2,JACQUARD_PATTERN_SHIFT
17.05,8.49,4.12,326.7,2199.7,598.9,37.85,56.9,26.6,532.7,0,YARN_BREAKAGE
17.8,20.83,9.6,403.5,2387.7,590.6,17.9,36.4,35.8,480.0,1,OIL_STAIN
17.13,10.36,4.07,425.4,1814.6,657.6,49.06,53.9,22.3,492.2,0,YARN_BREAKAGE
25.82,16.86,10.32,492.0,2186.2,621.9,28.96,43.0,37.1,530.6,1,OIL_STAIN
26.14,15.18,4.26,358.5,2529.3,703.2,21.16,60.0,27.1,636.2,2,JACQUARD_PATTERN_SHIFT
28.37,19.25,3.89,508.6,2723.5,673.0,17.14,59.6,23.9,703.6,2,JACQUARD_PATTERN_SHIFT
20.88,16.39,4.63,388.3,2665.4,764.3,24.19,61.6,21.0,667.1,2,JACQUARD_PATTERN_SHIFT
15.49,8.81,5.83,361.4,2269.6,585.1,53.41,56.5,23.9,477.6,0,YARN_BREAKAGE
25.83,12.56,3.77,455.6,2686.4,689.9,11.85,61.5,23.6,650.2,2,JACQUARD_PATTERN_SHIFT
20.19,16.16,3.77,402.0,2432.7,714.2,12.81,52.4,25.4,598.4,2,JACQUARD_PATTERN_SHIFT
31.46,17.65,4.82,285.1,1781.0,639.8,42.46,64.2,20.6,539.6,3,BORDER_SEWING_DEFECT
21.99,14.91,4.13,285.5,1734.5,696.8,42.16,56.6,23.0,529.5,3,BORDER_SEWING_DEFECT
24.58,14.6,5.84,382.0,2761.5,717.1,52.67,54.8,23.1,630.5,2,JACQUARD_PATTERN_SHIFT
11.98,10.8,6.16,444.4,2057.5,674.4,40.78,45.7,26.4,526.5,0,YARN_BREAKAGE
15.97,7.71,6.16,481.3,2087.0,730.4,46.15,64.3,18.2,514.8,0,YARN_BREAKAGE
16.65,8.09,7.16,500.5,2359.5,579.3,38.83,54.4,23.5,445.9,0,YARN_BREAKAGE
16.41,17.05,7.35,421.2,2074.0,567.4,25.11,45.4,31.8,526.1,1,OIL_STAIN
22.27,13.42,2.7,441.2,2504.8,682.0,25.93,54.5,25.8,635.1,2,JACQUARD_PATTERN_SHIFT
19.98,19.56,9.02,459.1,2209.4,603.6,8.0,41.4,32.6,472.4,1,OIL_STAIN
24.67,19.03,11.01,384.3,2240.6,516.7,30.5,44.1,31.7,655.0,1,OIL_STAIN
12.73,7.33,6.04,486.8,2244.1,666.1,57.33,56.0,18.6,517.0,0,YARN_BREAKAGE
13.9,8.91,2.38,558.5,2095.2,614.7,46.46,47.8,25.5,555.2,0,YARN_BREAKAGE
22.82,13.32,7.28,425.4,2310.7,589.8,24.05,44.7,35.1,592.1,1,OIL_STAIN
19.83,10.26,9.4,397.7,2062.7,506.5,30.02,44.8,39.0,569.2,1,OIL_STAIN
11.22,7.32,5.7,404.5,2211.4,640.0,46.07,68.2,17.0,516.9,0,YARN_BREAKAGE
14.84,9.85,3.2,465.4,2232.6,567.7,40.22,63.8,26.7,562.2,0,YARN_BREAKAGE
19.57,15.21,9.17,475.5,2215.2,633.1,21.16,41.3,33.9,580.7,1,OIL_STAIN
25.07,18.54,4.93,492.1,2597.5,684.9,36.38,60.1,19.2,698.9,2,JACQUARD_PATTERN_SHIFT
13.2,6.15,3.4,397.7,2014.6,573.2,45.3,59.4,21.3,460.4,0,YARN_BREAKAGE
25.45,14.33,8.64,412.1,2294.9,617.6,27.76,39.3,38.7,469.5,1,OIL_STAIN
16.04,7.26,4.76,363.2,2174.9,571.1,40.4,61.2,29.7,500.5,0,YARN_BREAKAGE
20.84,7.76,7.68,271.1,1805.4,563.3,32.1,64.4,22.2,545.6,3,BORDER_SEWING_DEFECT
13.39,4.92,3.27,469.0,2304.3,592.7,42.13,59.9,30.2,561.4,0,YARN_BREAKAGE
25.62,21.69,6.21,300.0,1997.3,618.0,38.76,66.4,27.1,549.1,3,BORDER_SEWING_DEFECT
17.04,6.32,4.28,454.5,1872.6,588.1,41.6,62.6,28.6,550.4,0,YARN_BREAKAGE
22.27,14.49,9.56,423.9,2235.7,625.1,35.57,32.6,30.0,478.7,1,OIL_STAIN
28.61,13.18,4.01,460.1,2704.4,724.3,28.38,48.8,24.7,592.7,2,JACQUARD_PATTERN_SHIFT
10.5,10.1,5.45,449.9,1881.3,639.0,53.69,61.8,23.2,556.3,0,YARN_BREAKAGE
16.23,9.83,5.14,607.8,2062.2,577.1,50.25,55.4,29.5,533.9,0,YARN_BREAKAGE
32.62,17.32,5.86,482.7,2403.2,710.5,34.4,63.1,20.6,663.6,2,JACQUARD_PATTERN_SHIFT
24.76,14.45,9.1,460.9,1823.9,593.2,29.36,41.5,35.7,452.9,1,OIL_STAIN
23.12,17.86,4.98,493.7,2740.5,728.8,29.43,48.2,21.2,670.1,2,JACQUARD_PATTERN_SHIFT
12.9,8.12,2.81,395.1,2373.8,631.4,36.07,56.8,23.1,491.6,0,YARN_BREAKAGE
15.24,10.64,5.67,459.0,2210.3,595.2,53.59,48.1,28.2,481.1,0,YARN_BREAKAGE
25.53,12.31,3.13,328.6,1719.6,669.2,41.28,54.9,22.7,551.0,3,BORDER_SEWING_DEFECT
26.26,13.85,10.43,499.0,2233.2,596.0,30.91,34.3,34.2,569.6,1,OIL_STAIN
10.76,9.79,4.69,367.6,2382.6,673.5,48.24,48.1,25.0,519.0,0,YARN_BREAKAGE
20.57,14.09,5.76,338.9,1745.7,594.4,44.8,47.9,21.7,483.6,3,BORDER_SEWING_DEFECT
27.85,16.28,8.24,424.4,2101.6,604.6,36.29,42.4,35.5,532.5,1,OIL_STAIN
23.26,19.89,2.7,328.3,1897.6,616.0,44.63,63.0,22.6,517.1,3,BORDER_SEWING_DEFECT
25.02,9.62,7.25,323.8,2000.7,561.3,37.08,67.7,22.2,621.3,3,BORDER_SEWING_DEFECT
24.43,14.17,5.54,555.1,2691.1,661.7,29.9,60.5,26.1,678.8,2,JACQUARD_PATTERN_SHIFT
24.23,15.34,3.07,388.8,2717.1,726.5,17.75,62.7,29.9,696.7,2,JACQUARD_PATTERN_SHIFT
24.06,11.9,2.99,397.3,2500.6,761.4,30.86,65.4,22.0,654.4,2,JACQUARD_PATTERN_SHIFT
17.44,14.19,10.87,521.4,2062.3,650.3,15.48,36.7,30.2,519.8,1,OIL_STAIN
16.55,5.69,3.9,435.3,2099.8,616.4,57.35,65.8,21.9,509.9,0,YARN_BREAKAGE
19.75,17.58,5.91,307.5,1943.9,631.9,45.52,60.3,30.7,585.7,3,BORDER_SEWING_DEFECT
19.52,16.91,8.88,401.0,2338.8,562.9,32.64,43.7,31.3,550.7,1,OIL_STAIN
16.65,9.87,6.5,393.6,2086.7,600.3,57.25,63.1,23.7,564.1,0,YARN_BREAKAGE
17.43,5.9,4.02,459.2,2159.7,643.2,47.95,55.5,20.1,581.7,0,YARN_BREAKAGE
17.22,9.56,1.88,424.3,2305.2,602.9,37.5,55.8,25.2,532.6,0,YARN_BREAKAGE
17.82,12.32,8.79,491.9,2420.3,652.7,36.1,35.8,31.2,517.6,1,OIL_STAIN
16.44,9.95,4.44,578.6,2295.4,587.7,54.25,59.8,23.8,537.6,0,YARN_BREAKAGE
24.45,18.5,4.72,328.0,2049.3,691.7,45.31,50.8,26.0,494.0,3,BORDER_SEWING_DEFECT
32.56,18.01,4.23,400.5,2531.5,679.8,22.92,50.6,26.0,666.2,2,JACQUARD_PATTERN_SHIFT
10.89,9.39,7.56,428.9,2036.4,596.3,51.63,59.2,29.9,523.1,0,YARN_BREAKAGE
14.02,10.57,5.08,401.7,2159.8,589.2,43.91,57.8,21.7,600.4,0,YARN_BREAKAGE
26.88,8.57,5.83,329.4,1977.6,655.6,33.58,44.5,22.8,593.4,3,BORDER_SEWING_DEFECT
11.54,5.8,4.64,465.9,2170.1,626.7,48.01,44.1,26.3,545.4,0,YARN_BREAKAGE
12.19,8.87,4.21,387.4,2108.0,635.7,44.09,67.3,27.9,476.9,0,YARN_BREAKAGE
15.8,10.86,4.97,416.6,2052.4,622.8,53.44,70.1,21.4,509.2,0,YARN_BREAKAGE
14.51,9.96,2.99,461.0,2291.4,618.3,51.98,57.4,30.0,501.5,0,YARN_BREAKAGE
22.3,16.05,2.99,407.0,2536.2,761.6,30.63,41.9,23.1,680.3,2,JACQUARD_PATTERN_SHIFT
22.2,17.11,4.46,308.9,1695.2,664.8,34.39,49.2,23.8,561.3,3,BORDER_SEWING_DEFECT
17.71,12.83,5.04,493.5,2782.4,755.0,17.25,53.7,19.8,640.3,2,JACQUARD_PATTERN_SHIFT
17.84,13.27,6.31,438.2,2530.7,693.5,20.49,56.6,22.2,658.6,2,JACQUARD_PATTERN_SHIFT
15.54,9.23,4.24,452.0,1960.7,638.8,54.48,55.5,24.4,559.5,0,YARN_BREAKAGE
18.87,25.0,4.93,284.0,1871.9,583.5,39.46,65.7,21.4,567.6,3,BORDER_SEWING_DEFECT
25.31,14.35,8.11,480.1,2081.4,573.1,31.89,36.2,38.1,506.1,1,OIL_STAIN
23.62,18.97,8.09,393.1,1886.7,661.4,19.48,42.7,36.0,619.7,1,OIL_STAIN
10.29,16.36,4.13,363.5,2549.3,719.7,11.7,58.2,23.7,630.4,2,JACQUARD_PATTERN_SHIFT
24.4,13.43,3.14,417.2,2802.8,722.3,24.4,58.6,18.7,669.2,2,JACQUARD_PATTERN_SHIFT
27.38,12.49,9.38,454.7,2191.4,538.5,31.52,37.6,34.8,586.0,1,OIL_STAIN
20.15,14.91,6.39,260.4,2026.4,560.7,45.97,61.8,26.9,536.4,3,BORDER_SEWING_DEFECT
28.86,12.95,6.01,311.4,1805.9,639.2,35.92,53.5,24.3,484.9,3,BORDER_SEWING_DEFECT
13.28,8.89,6.39,389.1,2092.6,666.8,49.51,68.6,24.4,489.3,0,YARN_BREAKAGE
16.51,14.63,2.3,303.0,1763.0,674.8,37.08,68.8,21.9,570.6,3,BORDER_SEWING_DEFECT
16.95,5.78,7.07,562.4,2335.5,574.9,51.01,50.6,29.0,565.8,0,YARN_BREAKAGE
14.13,18.06,7.61,289.6,2011.2,607.8,37.12,65.0,22.7,567.9,3,BORDER_SEWING_DEFECT
30.22,15.75,11.32,367.1,2215.5,544.6,34.43,41.2,31.2,473.4,1,OIL_STAIN
14.08,5.1,4.38,502.4,2229.1,552.2,56.95,55.5,26.9,486.9,0,YARN_BREAKAGE
14.71,6.4,7.73,441.0,2429.0,650.3,50.23,43.3,28.5,564.2,0,YARN_BREAKAGE
13.53,11.76,5.39,333.8,1869.4,614.4,37.47,60.1,21.7,567.3,3,BORDER_SEWING_DEFECT
25.68,22.45,11.21,492.2,2656.9,615.3,34.23,33.1,39.3,547.0,1,OIL_STAIN
16.16,7.92,4.24,351.7,2496.3,635.3,55.59,60.6,27.5,518.2,0,YARN_BREAKAGE
12.09,5.48,4.15,482.6,2140.6,614.0,36.26,62.6,25.0,558.4,0,YARN_BREAKAGE
10.92,7.37,5.01,500.2,2272.6,665.9,57.31,53.4,27.1,520.0,0,YARN_BREAKAGE
24.28,14.7,9.86,437.2,2542.9,579.1,37.64,43.2,30.7,521.5,1,OIL_STAIN
33.55,13.66,5.13,412.6,2426.4,770.4,25.5,51.6,24.8,607.9,2,JACQUARD_PATTERN_SHIFT
11.4,9.98,7.27,455.9,1865.8,572.3,49.21,63.8,25.8,426.7,0,YARN_BREAKAGE
34.03,20.33,10.22,335.5,2010.2,587.2,29.6,44.8,38.5,454.4,1,OIL_STAIN
10.81,6.84,5.36,480.3,1950.1,595.4,40.28,57.6,19.4,504.3,0,YARN_BREAKAGE
15.95,5.8,5.89,442.5,2351.3,569.7,50.87,55.2,22.8,545.8,0,YARN_BREAKAGE
28.36,17.72,5.22,315.7,1993.8,667.0,39.88,62.6,18.4,486.7,3,BORDER_SEWING_DEFECT
22.83,19.7,8.64,443.5,2226.1,566.2,29.89,32.6,30.7,498.0,1,OIL_STAIN
10.18,5.59,4.55,356.9,2220.1,637.6,39.3,53.6,23.7,462.3,0,YARN_BREAKAGE
28.41,18.56,6.42,319.1,2038.4,660.1,43.8,65.7,17.4,602.9,3,BORDER_SEWING_DEFECT
17.31,10.03,5.87,405.2,2285.2,650.4,47.04,59.1,22.4,576.5,0,YARN_BREAKAGE
15.65,10.21,3.68,469.8,2162.4,543.8,44.37,65.3,23.2,478.2,0,YARN_BREAKAGE
11.64,10.81,2.61,462.0,1921.8,633.6,39.62,55.1,22.3,430.7,0,YARN_BREAKAGE
13.26,9.79,4.16,482.6,2154.4,591.7,36.6,61.5,25.1,532.8,0,YARN_BREAKAGE
26.53,15.85,9.02,446.7,2305.5,618.0,16.67,37.5,38.3,540.9,1,OIL_STAIN
18.55,16.78,2.5,289.1,1748.7,625.3,39.33,51.1,20.1,539.1,3,BORDER_SEWING_DEFECT
10.64,6.43,3.55,401.3,2233.8,678.7,46.68,62.3,28.5,506.3,0,YARN_BREAKAGE
15.77,5.57,6.9,411.6,2077.6,531.8,37.43,55.8,27.0,502.6,0,YARN_BREAKAGE
25.27,17.1,8.1,430.9,2117.5,607.6,32.79,42.2,35.7,554.4,1,OIL_STAIN
15.09,7.4,3.75,549.1,2215.4,638.2,41.6,62.5,24.4,560.7,0,YARN_BREAKAGE
22.26,14.43,4.71,415.6,2716.6,769.7,12.08,60.5,22.6,633.0,2,JACQUARD_PATTERN_SHIFT
26.71,16.23,10.53,455.3,1798.1,659.2,24.16,40.8,30.2,625.0,1,OIL_STAIN
24.28,18.81,5.56,458.6,2802.0,779.4,22.26,49.5,23.8,654.9,2,JACQUARD_PATTERN_SHIFT
25.69,14.1,8.88,434.2,2182.6,601.5,30.63,47.9,35.4,496.1,1,OIL_STAIN
16.75,8.99,4.38,387.6,1830.9,624.3,37.63,58.0,22.6,528.3,0,YARN_BREAKAGE
31.05,10.24,1.5,327.5,1880.8,711.9,39.4,63.6,26.8,569.5,3,BORDER_SEWING_DEFECT
16.97,4.5,5.47,441.8,2191.0,638.4,49.11,57.4,28.5,573.0,0,YARN_BREAKAGE
14.52,6.43,4.41,437.0,2253.3,668.6,41.75,65.2,26.1,554.7,0,YARN_BREAKAGE
12.98,7.24,7.2,559.7,2010.5,647.5,46.19,50.6,26.0,549.3,0,YARN_BREAKAGE
13.4,5.99,4.47,451.2,2122.5,631.4,43.24,40.5,30.3,562.8,0,YARN_BREAKAGE
11.24,9.75,3.28,492.9,2077.2,608.8,55.09,64.9,26.4,520.1,0,YARN_BREAKAGE
24.17,14.86,3.28,367.9,2789.1,755.7,24.86,66.8,33.3,650.8,2,JACQUARD_PATTERN_SHIFT
24.19,15.12,4.84,388.1,2811.8,710.8,28.68,55.2,16.7,617.2,2,JACQUARD_PATTERN_SHIFT
20.73,12.71,4.24,483.0,2670.1,767.4,39.41,58.5,26.7,590.2,2,JACQUARD_PATTERN_SHIFT
14.09,7.28,4.12,316.5,2430.1,638.9,57.93,50.7,22.2,535.3,0,YARN_BREAKAGE
14.9,8.41,3.17,418.1,2109.1,571.2,56.62,58.0,20.8,489.8,0,YARN_BREAKAGE
32.65,14.75,1.91,376.9,2476.1,727.8,32.5,64.9,24.7,653.1,2,JACQUARD_PATTERN_SHIFT
26.94,14.46,8.05,333.4,1910.2,665.9,17.64,42.4,30.3,631.4,1,OIL_STAIN
13.56,4.79,4.53,529.2,1876.9,683.7,39.1,55.6,24.1,526.3,0,YARN_BREAKAGE
32.2,24.01,6.48,293.0,1994.9,601.2,35.77,78.9,23.2,467.9,3,BORDER_SEWING_DEFECT
18.67,12.64,7.44,474.7,2352.7,601.4,28.7,36.3,33.9,522.4,1,OIL_STAIN
23.9,12.84,8.65,432.5,2195.4,616.7,25.58,33.1,30.6,538.5,1,OIL_STAIN
31.68,18.29,6.28,428.1,2429.1,730.4,26.12,58.2,28.6,649.0,2,JACQUARD_PATTERN_SHIFT
26.16,16.46,6.0,315.5,1755.1,585.1,41.89,55.2,23.0,485.2,3,BORDER_SEWING_DEFECT
22.87,16.04,9.0,410.3,2014.9,522.7,20.59,33.7,38.3,499.7,1,OIL_STAIN
20.53,16.11,4.88,270.9,1722.2,659.2,41.89,57.1,19.5,557.5,3,BORDER_SEWING_DEFECT
11.38,6.71,7.36,360.5,2196.8,598.1,47.81,45.9,21.9,514.1,0,YARN_BREAKAGE
23.77,19.04,2.92,272.2,1810.7,682.4,40.73,56.8,28.0,602.5,3,BORDER_SEWING_DEFECT
23.05,13.55,10.34,466.7,2175.1,680.4,20.03,47.9,32.7,528.5,1,OIL_STAIN
12.33,9.08,7.94,387.8,2084.6,663.2,40.57,55.3,25.7,539.9,0,YARN_BREAKAGE
33.95,17.23,4.46,275.7,1973.7,601.8,32.24,70.5,28.5,569.7,3,BORDER_SEWING_DEFECT
14.57,6.83,3.95,407.6,2170.6,632.7,35.16,50.7,29.9,542.9,0,YARN_BREAKAGE
28.34,24.85,5.78,326.2,1892.3,593.9,44.02,55.9,26.5,545.6,3,BORDER_SEWING_DEFECT
25.02,13.11,6.83,291.9,2451.6,611.4,34.86,33.2,31.1,519.8,1,OIL_STAIN
11.63,17.11,8.63,504.2,2433.9,697.4,16.53,41.2,30.3,486.6,1,OIL_STAIN
15.69,10.93,6.21,464.6,2348.1,613.8,41.04,54.1,30.1,566.4,0,YARN_BREAKAGE
20.3,13.05,7.51,314.9,1688.6,610.4,39.56,53.6,31.3,402.0,3,BORDER_SEWING_DEFECT
21.4,16.35,4.97,278.2,1702.9,651.4,44.67,54.3,20.4,530.1,3,BORDER_SEWING_DEFECT
19.88,12.12,2.46,299.3,1932.8,616.5,33.82,61.7,25.8,531.6,3,BORDER_SEWING_DEFECT
19.88,13.6,8.27,489.8,2493.9,706.1,16.04,69.1,19.9,653.3,2,JACQUARD_PATTERN_SHIFT
13.11,7.59,4.6,461.5,2282.5,592.5,55.16,71.7,20.5,543.8,0,YARN_BREAKAGE
34.74,10.32,3.7,443.2,2827.4,708.1,25.26,61.6,25.5,645.4,2,JACQUARD_PATTERN_SHIFT
28.8,14.19,1.5,292.7,2007.6,628.7,34.85,56.6,22.1,530.8,3,BORDER_SEWING_DEFECT
22.36,16.01,5.42,352.7,2574.0,705.3,16.25,54.7,21.2,640.9,2,JACQUARD_PATTERN_SHIFT
10.68,6.5,6.88,444.5,2413.2,633.9,42.1,62.3,25.4,515.5,0,YARN_BREAKAGE
13.82,10.68,4.57,285.8,2081.3,551.8,40.43,67.3,26.3,543.6,0,YARN_BREAKAGE
20.28,18.1,3.07,301.8,1804.3,613.8,39.01,60.4,28.2,542.0,3,BORDER_SEWING_DEFECT
18.06,20.22,6.85,402.5,2058.7,532.4,22.49,32.6,39.0,500.0,1,OIL_STAIN
27.37,15.55,1.73,305.6,1880.1,589.6,39.8,75.0,20.8,565.4,3,BORDER_SEWING_DEFECT
13.22,7.5,3.98,317.3,2509.8,568.7,37.69,70.7,26.7,614.6,0,YARN_BREAKAGE
13.96,5.28,3.63,470.6,2148.1,651.0,37.81,49.8,29.5,449.2,0,YARN_BREAKAGE
24.53,18.06,9.25,385.5,2160.4,593.1,22.59,35.6,34.3,586.2,1,OIL_STAIN
12.51,8.61,3.71,363.9,2452.3,639.5,47.7,48.5,23.4,601.1,0,YARN_BREAKAGE
21.93,14.96,5.37,283.4,2035.4,533.3,42.32,63.1,27.3,634.7,3,BORDER_SEWING_DEFECT
11.98,8.5,4.4,312.3,1783.2,600.5,44.34,57.3,25.0,596.4,0,YARN_BREAKAGE
19.18,13.12,10.29,388.4,2536.7,633.2,37.43,33.7,35.4,460.9,1,OIL_STAIN
17.39,5.21,3.21,429.5,2259.7,679.7,51.39,52.9,24.9,550.4,0,YARN_BREAKAGE
16.2,14.71,8.23,383.0,2229.1,641.3,26.18,33.7,30.4,602.0,1,OIL_STAIN
16.54,8.92,7.55,331.4,2021.2,648.2,50.0,49.6,22.0,549.0,0,YARN_BREAKAGE
25.37,14.8,7.66,520.4,2523.2,693.3,19.91,48.5,27.5,697.1,2,JACQUARD_PATTERN_SHIFT
11.29,10.16,3.79,331.7,2182.5,630.3,54.53,54.8,25.1,473.1,0,YARN_BREAKAGE
23.96,5.11,2.63,335.6,2783.4,670.5,22.81,61.7,29.6,594.6,2,JACQUARD_PATTERN_SHIFT
21.12,13.73,3.76,400.3,2451.2,766.8,27.74,53.6,26.1,701.0,2,JACQUARD_PATTERN_SHIFT
25.25,14.03,5.29,312.1,1995.2,585.4,39.54,58.0,23.3,523.3,3,BORDER_SEWING_DEFECT
29.57,15.34,4.83,335.2,2029.6,575.6,33.15,66.4,24.6,555.9,3,BORDER_SEWING_DEFECT
23.48,15.77,4.98,357.7,2653.7,753.3,20.37,56.5,24.5,642.0,2,JACQUARD_PATTERN_SHIFT
31.75,18.81,3.46,426.6,2393.7,728.5,18.05,65.4,28.0,690.5,2,JACQUARD_PATTERN_SHIFT
18.65,15.51,4.45,289.5,2001.1,613.1,43.59,75.2,27.6,467.6,3,BORDER_SEWING_DEFECT
16.01,7.54,3.87,500.9,2191.3,593.2,46.11,70.4,24.8,467.3,0,YARN_BREAKAGE
24.88,17.07,6.5,407.4,2791.0,665.1,27.44,57.6,24.2,695.6,2,JACQUARD_PATTERN_SHIFT
24.49,17.4,7.77,365.1,2002.6,682.6,32.9,33.5,30.2,559.7,1,OIL_STAIN
24.06,14.91,5.68,399.3,2682.3,705.5,18.8,49.4,26.1,659.3,2,JACQUARD_PATTERN_SHIFT
13.55,10.32,7.28,452.7,2250.1,535.4,49.03,64.0,25.9,505.3,0,YARN_BREAKAGE
25.95,16.27,9.94,528.6,2246.3,669.2,34.72,34.0,34.5,534.3,1,OIL_STAIN
12.83,9.29,5.68,408.7,2014.2,667.9,48.77,54.0,23.5,473.3,0,YARN_BREAKAGE
28.38,12.35,10.17,527.5,2388.7,578.2,19.1,46.2,39.8,598.3,1,OIL_STAIN
10.0,4.52,4.29,533.7,1910.7,558.0,56.78,59.9,26.0,550.1,0,YARN_BREAKAGE
25.48,27.45,7.85,378.2,2334.2,629.6,26.52,44.0,33.4,566.4,1,OIL_STAIN
25.85,18.5,10.47,361.4,2239.8,556.1,34.86,46.5,30.2,488.6,1,OIL_STAIN
21.12,18.19,2.64,419.8,2563.5,674.9,42.38,53.7,26.1,698.8,2,JACQUARD_PATTERN_SHIFT
14.64,9.73,6.53,367.2,2511.6,546.6,44.72,54.2,20.2,509.7,0,YARN_BREAKAGE
13.82,10.39,5.34,345.4,2061.1,651.2,52.61,59.4,22.2,483.0,0,YARN_BREAKAGE
23.24,10.87,5.04,436.5,2407.6,760.3,19.1,67.8,17.3,616.5,2,JACQUARD_PATTERN_SHIFT
13.6,10.04,5.41,487.3,2181.5,621.9,57.68,52.2,23.8,558.0,0,YARN_BREAKAGE
16.54,8.66,3.91,491.0,2224.1,562.9,53.36,38.8,21.9,461.7,0,YARN_BREAKAGE
32.29,19.38,5.09,261.3,1928.2,596.9,34.68,81.3,24.8,439.3,3,BORDER_SEWING_DEFECT
23.1,21.97,5.81,272.6,1787.1,627.2,39.38,50.8,33.2,538.5,3,BORDER_SEWING_DEFECT
10.73,6.27,5.89,398.3,2331.5,637.3,54.28,59.1,22.1,542.7,0,YARN_BREAKAGE
23.75,17.14,6.63,433.5,2755.8,693.9,27.18,61.8,25.3,647.2,2,JACQUARD_PATTERN_SHIFT
18.26,17.3,4.67,323.0,2671.4,753.4,25.17,62.3,26.2,640.1,2,JACQUARD_PATTERN_SHIFT
25.23,15.94,3.43,422.1,2749.0,683.3,25.77,62.5,24.6,634.1,2,JACQUARD_PATTERN_SHIFT
25.07,22.68,9.81,329.9,2273.5,576.1,23.36,32.2,29.7,523.7,1,OIL_STAIN
24.24,13.08,9.27,506.0,2057.1,581.5,35.62,44.9,34.6,448.8,1,OIL_STAIN
25.1,15.85,5.21,292.8,1824.1,650.9,44.4,59.4,23.2,552.2,3,BORDER_SEWING_DEFECT
10.57,10.09,2.96,357.4,1891.6,627.2,51.4,58.2,27.8,564.7,0,YARN_BREAKAGE
10.58,6.94,5.7,476.0,2300.0,647.5,40.77,59.2,29.1,543.3,0,YARN_BREAKAGE
20.08,15.91,4.22,323.4,2397.6,702.0,25.68,47.4,22.6,669.3,2,JACQUARD_PATTERN_SHIFT
24.13,20.75,9.45,528.7,2112.1,589.9,11.53,45.9,31.7,509.4,1,OIL_STAIN
27.02,15.34,1.5,411.5,2553.4,703.1,22.22,61.4,21.0,608.4,2,JACQUARD_PATTERN_SHIFT
17.28,10.3,5.0,340.2,2059.0,585.9,51.23,59.8,24.3,424.0,0,YARN_BREAKAGE
20.1,16.83,5.05,302.4,1984.9,619.3,33.66,67.2,25.5,571.7,3,BORDER_SEWING_DEFECT
14.96,8.54,5.62,465.3,2484.2,537.0,53.51,65.0,25.0,473.5,0,YARN_BREAKAGE
16.54,9.96,4.16,472.0,2513.5,674.0,18.53,57.2,27.5,663.2,2,JACQUARD_PATTERN_SHIFT
12.06,5.68,3.55,459.7,2083.3,615.2,49.77,52.1,21.7,580.5,0,YARN_BREAKAGE
21.63,14.3,7.66,352.8,1932.6,658.3,26.29,38.3,34.6,488.5,1,OIL_STAIN
11.66,9.16,5.67,418.3,2343.2,545.7,49.24,61.8,27.8,538.1,0,YARN_BREAKAGE
14.81,10.97,4.74,436.0,2246.8,560.0,54.33,50.7,25.3,551.3,0,YARN_BREAKAGE
15.76,6.46,6.82,399.8,2324.8,665.0,40.95,44.8,26.0,483.1,0,YARN_BREAKAGE
21.01,21.04,6.61,308.7,1699.5,671.0,39.52,58.2,22.0,565.2,3,BORDER_SEWING_DEFECT
19.99,13.17,3.96,504.4,2828.9,757.4,23.0,48.8,24.9,677.8,2,JACQUARD_PATTERN_SHIFT
12.14,9.34,6.74,434.1,2097.9,632.9,37.04,64.6,24.6,552.5,0,YARN_BREAKAGE
20.74,13.23,7.86,461.6,2263.6,655.0,22.54,47.2,30.2,566.0,1,OIL_STAIN
23.75,11.86,5.02,288.3,1695.4,548.8,31.96,57.3,21.4,523.0,3,BORDER_SEWING_DEFECT
15.35,16.65,3.64,411.9,2425.9,689.2,26.9,54.8,17.3,660.5,2,JACQUARD_PATTERN_SHIFT
17.42,5.34,2.93,284.2,1812.1,549.0,51.53,62.8,21.7,479.3,0,YARN_BREAKAGE
16.94,5.22,3.28,475.3,2076.7,602.6,39.69,68.4,27.1,530.6,0,YARN_BREAKAGE
26.95,10.41,3.26,441.3,2417.8,699.2,28.31,75.5,20.6,619.2,2,JACQUARD_PATTERN_SHIFT
26.76,17.98,6.49,333.5,1975.5,613.6,38.92,62.5,23.3,560.0,3,BORDER_SEWING_DEFECT
19.08,16.12,6.73,453.6,2553.0,682.0,24.74,57.3,22.2,691.3,2,JACQUARD_PATTERN_SHIFT
22.53,12.92,3.12,362.0,2395.7,671.1,20.42,49.2,29.9,686.3,2,JACQUARD_PATTERN_SHIFT
21.29,16.26,6.93,350.0,2815.4,736.3,14.05,69.3,25.3,620.9,2,JACQUARD_PATTERN_SHIFT
22.92,14.85,4.63,291.1,1989.1,528.5,33.91,47.2,22.9,486.0,3,BORDER_SEWING_DEFECT
25.71,15.24,5.56,446.7,2620.7,745.6,28.0,59.7,26.6,632.3,2,JACQUARD_PATTERN_SHIFT
23.75,6.3,3.75,286.1,1889.2,635.2,39.34,56.5,23.7,502.8,3,BORDER_SEWING_DEFECT
19.76,21.55,4.75,354.2,2585.3,699.9,22.32,53.7,32.5,640.3,2,JACQUARD_PATTERN_SHIFT
11.86,7.08,3.79,423.5,2573.9,664.5,42.85,62.4,23.1,514.0,0,YARN_BREAKAGE
32.5,16.71,2.63,303.1,1786.7,643.0,40.84,51.1,19.2,529.9,3,BORDER_SEWING_DEFECT
16.56,6.28,5.22,416.8,2064.0,605.3,39.32,64.4,18.4,507.7,0,YARN_BREAKAGE
13.79,10.54,5.81,398.9,2042.7,621.2,46.0,72.3,29.7,521.7,0,YARN_BREAKAGE
20.86,16.02,5.68,285.0,1950.6,597.0,33.19,55.5,22.7,510.3,3,BORDER_SEWING_DEFECT
29.35,13.15,4.54,383.7,2568.7,704.2,17.46,59.5,30.5,656.7,2,JACQUARD_PATTERN_SHIFT
11.91,6.8,6.17,298.2,2415.8,513.2,37.55,66.8,26.0,492.2,0,YARN_BREAKAGE
29.67,13.37,8.2,495.6,2063.8,599.2,27.37,35.0,35.2,524.5,1,OIL_STAIN
16.92,4.74,5.86,331.4,2027.7,582.0,51.93,58.5,26.7,468.8,0,YARN_BREAKAGE
22.01,17.53,3.86,455.4,2536.5,675.0,16.38,61.5,23.6,676.9,2,JACQUARD_PATTERN_SHIFT
17.78,16.93,3.21,469.5,2520.8,663.2,20.7,63.1,24.5,704.7,2,JACQUARD_PATTERN_SHIFT
24.28,20.84,11.25,374.7,1940.1,622.7,16.98,41.5,38.8,507.9,1,OIL_STAIN
25.64,8.29,7.45,464.8,1855.0,594.2,41.0,40.1,39.6,571.6,1,OIL_STAIN
13.65,4.81,5.9,456.1,2456.9,558.0,46.24,64.5,26.7,543.2,0,YARN_BREAKAGE
24.09,12.97,2.01,287.5,1670.5,508.7,36.93,67.7,25.2,420.3,3,BORDER_SEWING_DEFECT
13.02,19.14,6.09,308.9,2591.5,730.1,14.73,61.1,25.1,671.9,2,JACQUARD_PATTERN_SHIFT
20.79,16.03,10.52,416.4,2424.9,610.1,33.1,33.2,38.4,541.8,1,OIL_STAIN
18.78,20.34,5.84,384.7,2528.6,700.3,22.17,51.5,29.6,707.8,2,JACQUARD_PATTERN_SHIFT
16.56,6.45,4.34,426.6,1860.6,618.0,39.12,56.9,25.4,500.4,0,YARN_BREAKAGE
13.27,7.19,4.91,464.1,2492.1,569.0,56.88,66.9,25.5,564.3,0,YARN_BREAKAGE
13.45,14.11,10.4,483.1,1894.7,544.9,31.09,36.8,39.2,489.6,1,OIL_STAIN
26.88,19.88,6.87,485.8,2715.7,769.2,11.57,60.7,25.2,615.9,2,JACQUARD_PATTERN_SHIFT
26.79,23.37,3.76,469.0,2771.2,683.4,27.39,62.0,25.8,659.4,2,JACQUARD_PATTERN_SHIFT
17.3,5.04,4.82,474.4,2262.8,664.9,42.83,54.0,22.8,541.9,0,YARN_BREAKAGE
11.25,8.45,5.28,468.3,2304.1,596.6,42.07,64.7,26.2,554.1,0,YARN_BREAKAGE
21.02,20.15,5.8,269.6,1956.3,558.7,40.86,48.8,26.0,577.3,3,BORDER_SEWING_DEFECT
22.54,13.31,9.48,429.0,2589.7,627.3,15.76,39.6,29.7,512.6,1,OIL_STAIN
31.63,6.41,5.72,512.5,2536.9,693.6,23.15,63.1,18.7,703.5,2,JACQUARD_PATTERN_SHIFT
26.49,19.24,4.99,273.0,1978.1,682.1,37.77,56.9,32.4,502.4,3,BORDER_SEWING_DEFECT
13.33,7.14,4.45,343.7,2236.8,618.7,42.86,56.4,21.9,575.3,0,YARN_BREAKAGE
30.23,14.26,3.26,265.6,1738.7,652.1,40.62,39.6,31.5,577.1,3,BORDER_SEWING_DEFECT
24.51,20.02,3.82,268.7,2030.8,654.3,38.37,61.3,19.8,486.2,3,BORDER_SEWING_DEFECT
12.31,7.67,4.76,486.4,2051.8,604.9,57.2,71.3,30.2,572.2,0,YARN_BREAKAGE
10.7,8.25,3.92,427.5,1871.3,613.0,52.81,61.9,23.0,573.0,0,YARN_BREAKAGE
20.46,14.45,6.22,304.9,1680.0,579.9,34.81,55.5,28.1,431.3,3,BORDER_SEWING_DEFECT
28.1,14.97,3.27,310.1,2006.8,581.5,45.46,54.0,29.1,513.2,3,BORDER_SEWING_DEFECT
12.37,9.81,7.07,382.6,2064.7,560.2,42.57,49.3,22.6,585.1,0,YARN_BREAKAGE
24.44,19.95,7.07,406.1,2587.1,705.1,39.32,59.5,31.3,633.0,2,JACQUARD_PATTERN_SHIFT
14.4,9.42,4.43,497.1,2318.7,620.2,57.64,54.4,22.3,578.7,0,YARN_BREAKAGE
17.27,4.74,5.48,523.5,2090.2,629.7,53.66,67.4,23.2,427.4,0,YARN_BREAKAGE
32.29,20.02,5.25,276.1,2001.5,622.5,33.38,52.0,22.7,465.1,3,BORDER_SEWING_DEFECT
15.26,9.7,4.15,347.4,2334.8,628.9,51.05,47.8,17.2,576.2,0,YARN_BREAKAGE
18.92,18.77,4.08,395.0,2655.0,739.6,24.48,42.0,23.4,611.8,2,JACQUARD_PATTERN_SHIFT
14.03,9.35,6.17,379.4,2210.9,510.3,37.33,65.2,30.0,504.2,0,YARN_BREAKAGE
12.33,7.26,5.61,420.8,2443.2,627.0,50.6,68.5,25.3,555.2,0,YARN_BREAKAGE
27.34,9.8,6.82,420.7,2010.5,652.7,18.91,33.9,29.5,440.3,1,OIL_STAIN
14.25,8.23,4.36,346.5,2188.9,565.4,45.73,56.3,24.1,510.6,0,YARN_BREAKAGE
14.6,5.99,4.5,482.4,2218.5,590.1,38.07,68.0,20.9,543.9,0,YARN_BREAKAGE
27.79,19.71,2.78,480.6,2489.6,668.3,31.03,42.9,27.9,646.7,2,JACQUARD_PATTERN_SHIFT
12.81,10.92,5.77,395.5,2311.9,510.9,41.15,55.9,23.8,548.3,0,YARN_BREAKAGE
19.84,13.81,4.57,410.0,2400.1,771.4,16.68,57.4,27.6,658.3,2,JACQUARD_PATTERN_SHIFT
28.0,22.75,3.84,323.3,1733.0,592.4,42.92,59.9,21.2,569.5,3,BORDER_SEWING_DEFECT
20.92,24.87,6.25,327.9,1661.7,601.8,45.88,54.3,25.5,508.8,3,BORDER_SEWING_DEFECT
33.43,16.9,7.98,357.2,2139.4,658.1,22.95,46.6,32.2,525.2,1,OIL_STAIN
30.44,19.76,5.45,261.6,1692.4,666.5,36.2,67.5,25.3,522.7,3,BORDER_SEWING_DEFECT
22.94,14.29,3.27,519.4,2649.9,736.2,17.62,51.8,30.0,625.7,2,JACQUARD_PATTERN_SHIFT
20.13,17.06,11.22,377.0,2058.1,601.6,27.78,46.4,37.2,570.6,1,OIL_STAIN
12.85,8.76,5.55,383.7,1869.5,726.0,45.18,60.8,25.5,486.6,0,YARN_BREAKAGE
20.72,14.98,11.35,461.7,2557.5,639.0,19.08,46.0,35.2,490.3,1,OIL_STAIN
20.81,20.27,6.73,488.7,2785.6,687.9,12.39,54.0,28.0,672.8,2,JACQUARD_PATTERN_SHIFT
25.5,13.73,4.53,363.8,2804.7,738.6,22.74,54.1,27.9,595.2,2,JACQUARD_PATTERN_SHIFT
21.4,18.64,6.0,369.8,2637.2,770.0,22.25,64.8,28.6,701.5,2,JACQUARD_PATTERN_SHIFT
12.05,7.18,5.52,479.4,2122.0,664.2,56.36,58.1,22.8,538.3,0,YARN_BREAKAGE
17.27,4.75,3.82,413.3,2113.0,540.5,54.22,59.2,30.8,502.5,0,YARN_BREAKAGE
12.5,5.19,5.64,465.5,2141.1,678.7,36.79,54.9,24.3,505.1,0,YARN_BREAKAGE
24.2,11.02,6.09,453.9,2547.4,714.7,24.96,61.2,25.2,706.0,2,JACQUARD_PATTERN_SHIFT
22.48,12.85,4.57,469.6,2576.0,685.1,45.75,57.6,20.2,647.1,2,JACQUARD_PATTERN_SHIFT
14.3,18.97,5.66,448.9,2573.8,693.4,16.21,50.2,26.4,605.2,2,JACQUARD_PATTERN_SHIFT
30.68,8.86,9.78,427.0,2305.8,584.5,26.48,40.6,38.0,575.1,1,OIL_STAIN
12.99,6.92,4.78,438.3,2063.2,556.6,43.33,53.4,30.0,499.3,0,YARN_BREAKAGE
24.3,15.16,6.53,262.2,1921.1,646.1,33.1,45.7,28.9,506.7,3,BORDER_SEWING_DEFECT
23.18,20.11,5.5,403.0,2848.0,731.6,25.94,61.8,31.4,674.1,2,JACQUARD_PATTERN_SHIFT
29.55,23.32,10.91,406.4,2159.5,667.7,18.54,40.1,30.2,518.9,1,OIL_STAIN
26.16,23.4,3.84,433.0,2758.4,682.1,26.38,63.2,23.7,614.5,2,JACQUARD_PATTERN_SHIFT
35.06,9.76,4.02,272.6,1987.2,597.0,32.43,61.8,25.1,551.2,3,BORDER_SEWING_DEFECT
28.2,15.48,3.35,371.7,2765.8,734.9,8.0,62.4,22.2,638.1,2,JACQUARD_PATTERN_SHIFT
24.57,11.44,5.69,404.5,2636.3,663.0,40.71,48.3,22.3,650.6,2,JACQUARD_PATTERN_SHIFT
20.32,18.36,4.54,329.7,1690.6,646.2,38.1,58.7,24.9,578.1,3,BORDER_SEWING_DEFECT
16.6,21.87,10.14,385.7,2355.4,557.2,24.7,38.0,31.7,486.1,1,OIL_STAIN
12.39,7.09,6.88,541.0,2230.6,575.8,49.7,56.0,23.8,548.6,0,YARN_BREAKAGE
13.86,6.11,5.67,470.8,1947.1,646.9,39.2,55.8,17.6,598.5,0,YARN_BREAKAGE
20.26,10.52,10.14,349.8,2405.4,520.7,14.25,32.5,38.5,438.7,1,OIL_STAIN
30.54,19.72,8.35,386.0,2322.7,648.6,10.86,36.2,29.6,531.0,1,OIL_STAIN
21.03,14.21,6.41,420.4,2432.3,673.1,16.8,64.5,24.6,639.4,2,JACQUARD_PATTERN_SHIFT
28.38,17.53,9.05,597.5,2097.5,590.8,32.89,43.2,37.4,537.7,1,OIL_STAIN
10.92,4.84,6.97,428.7,2158.7,600.5,53.34,53.0,22.1,529.5,0,YARN_BREAKAGE
17.4,9.37,8.06,416.5,2035.4,665.2,54.88,62.5,22.9,567.1,0,YARN_BREAKAGE
14.41,8.02,4.4,465.0,2557.4,622.6,47.52,49.8,27.4,589.7,0,YARN_BREAKAGE
33.04,15.97,7.9,437.4,2106.9,678.3,35.83,32.5,32.1,474.3,1,OIL_STAIN
15.36,11.35,6.0,360.5,2604.6,754.9,29.37,55.9,29.4,667.9,2,JACQUARD_PATTERN_SHIFT
17.22,9.31,1.5,430.4,2079.8,607.4,54.6,57.7,25.3,476.8,0,YARN_BREAKAGE
21.05,17.93,6.83,472.7,2444.6,609.8,21.95,47.4,35.1,611.5,1,OIL_STAIN
12.33,6.22,2.04,468.1,2229.0,633.6,44.23,68.6,25.7,598.6,0,YARN_BREAKAGE
26.88,14.8,5.44,268.7,1744.1,574.3,45.46,57.9,32.6,541.6,3,BORDER_SEWING_DEFECT
23.75,18.6,7.38,490.1,2062.8,636.1,37.87,35.6,30.6,523.0,1,OIL_STAIN
23.19,16.25,5.03,427.3,2754.4,675.4,24.9,51.3,21.6,698.7,2,JACQUARD_PATTERN_SHIFT
12.56,8.47,4.27,410.8,2192.6,630.5,55.82,53.0,22.7,475.4,0,YARN_BREAKAGE
22.15,15.67,10.54,432.2,2181.5,590.8,35.11,44.8,39.8,542.2,1,OIL_STAIN
22.12,21.0,9.34,400.5,2373.7,709.9,33.41,37.0,31.7,500.9,1,OIL_STAIN
18.17,14.81,4.46,512.3,2516.1,732.7,39.02,58.4,26.8,652.8,2,JACQUARD_PATTERN_SHIFT
13.67,4.95,6.88,416.7,2246.2,646.7,39.26,52.4,24.0,528.2,0,YARN_BREAKAGE
26.83,13.87,4.4,398.2,2493.6,703.7,33.59,66.3,27.1,656.8,2,JACQUARD_PATTERN_SHIFT
25.37,21.44,7.31,320.4,1954.1,607.6,33.26,62.0,24.9,491.9,3,BORDER_SEWING_DEFECT
21.16,19.35,4.55,316.0,1686.4,524.3,36.88,58.5,26.1,551.7,3,BORDER_SEWING_DEFECT
26.85,24.25,10.54,448.3,2439.0,675.2,19.46,35.6,29.6,552.8,1,OIL_STAIN
21.5,8.71,4.06,418.8,2481.6,713.8,18.56,66.1,24.3,659.3,2,JACQUARD_PATTERN_SHIFT
17.34,8.98,4.75,372.5,2455.0,663.3,41.41,62.3,25.9,546.3,0,YARN_BREAKAGE
26.31,10.06,9.8,446.6,2348.1,579.0,16.86,39.3,34.1,598.2,1,OIL_STAIN
15.76,7.76,2.5,515.5,2205.1,563.7,45.56,44.9,29.6,533.8,0,YARN_BREAKAGE
25.13,17.5,4.17,466.9,2528.0,731.0,21.5,69.7,24.1,622.6,2,JACQUARD_PATTERN_SHIFT
19.15,10.45,4.66,435.8,2801.9,714.7,29.19,60.2,25.5,606.5,2,JACQUARD_PATTERN_SHIFT
22.29,15.44,4.6,352.2,2769.0,674.1,26.9,60.0,23.7,680.4,2,JACQUARD_PATTERN_SHIFT
15.0,6.12,4.91,491.9,2163.5,594.8,44.16,65.1,22.7,492.6,0,YARN_BREAKAGE
14.54,6.52,4.35,387.0,2039.2,547.7,56.58,68.5,28.7,575.1,0,YARN_BREAKAGE
30.95,21.24,5.07,290.1,1677.0,541.6,44.09,56.6,23.2,528.0,3,BORDER_SEWING_DEFECT
12.51,5.53,3.62,489.2,2216.0,599.3,47.76,52.9,19.3,631.0,0,YARN_BREAKAGE
28.6,15.43,2.8,297.2,1920.8,572.6,39.38,60.8,23.2,474.4,3,BORDER_SEWING_DEFECT
23.49,13.21,4.05,327.0,1794.8,584.0,34.06,50.9,29.5,585.2,3,BORDER_SEWING_DEFECT
28.24,21.26,10.34,373.9,2404.3,585.1,36.37,35.5,34.6,484.3,1,OIL_STAIN
12.31,4.55,4.74,416.3,2119.4,619.8,57.2,62.8,26.4,467.8,0,YARN_BREAKAGE
27.76,19.12,4.67,495.9,2847.4,677.7,31.53,62.5,21.5,657.7,2,JACQUARD_PATTERN_SHIFT
27.67,15.11,5.19,260.2,1790.8,680.5,41.11,48.9,18.9,544.5,3,BORDER_SEWING_DEFECT
14.12,5.22,2.77,358.2,2225.1,579.4,46.48,60.8,18.8,628.3,0,YARN_BREAKAGE
31.83,21.29,10.57,474.1,2434.7,633.8,28.62,32.7,39.7,528.8,1,OIL_STAIN
20.04,18.65,3.31,458.6,2645.9,720.1,9.91,50.4,22.3,704.4,2,JACQUARD_PATTERN_SHIFT
11.78,5.8,4.22,444.4,2410.1,621.0,37.38,64.8,25.4,494.6,0,YARN_BREAKAGE
17.08,7.66,4.87,336.8,2097.2,693.2,57.63,47.2,18.6,517.5,0,YARN_BREAKAGE
25.38,19.96,4.1,336.1,1992.6,677.2,38.16,71.1,31.8,416.3,3,BORDER_SEWING_DEFECT
11.52,4.93,2.39,336.1,1914.7,565.3,52.67,52.4,26.4,526.9,0,YARN_BREAKAGE
22.98,16.96,4.84,416.3,2612.7,664.2,35.87,54.8,25.0,681.4,2,JACQUARD_PATTERN_SHIFT
25.75,12.96,3.25,459.4,2681.5,765.9,18.5,65.6,22.1,653.9,2,JACQUARD_PATTERN_SHIFT
30.09,17.41,4.0,304.0,2015.6,614.7,35.61,56.2,23.5,538.1,3,BORDER_SEWING_DEFECT
10.77,5.96,5.46,419.9,2298.3,522.6,41.13,56.4,27.8,503.0,0,YARN_BREAKAGE
16.94,7.64,3.84,343.6,1911.3,614.0,38.01,61.2,24.4,604.1,0,YARN_BREAKAGE
16.15,9.46,4.35,510.0,2197.2,635.0,36.97,55.6,27.9,574.2,0,YARN_BREAKAGE
10.74,7.14,4.98,439.9,2086.7,588.8,39.45,65.9,25.5,516.1,0,YARN_BREAKAGE
14.42,8.21,5.83,373.8,2173.8,672.4,47.13,51.4,28.8,528.5,0,YARN_BREAKAGE
21.61,16.17,5.4,417.2,2504.8,718.6,29.98,64.3,24.0,616.3,2,JACQUARD_PATTERN_SHIFT
25.77,14.15,4.47,367.3,2434.9,704.8,40.55,67.4,23.4,635.1,2,JACQUARD_PATTERN_SHIFT
13.26,4.93,3.22,513.5,2075.5,578.5,50.65,53.9,30.9,531.1,0,YARN_BREAKAGE
14.03,10.91,3.05,429.8,2071.1,566.7,53.53,60.1,24.4,533.9,0,YARN_BREAKAGE
25.9,12.89,4.28,285.2,1900.3,571.6,44.59,56.1,26.2,446.6,3,BORDER_SEWING_DEFECT
27.95,21.93,7.96,436.3,2037.8,604.8,41.41,43.0,37.9,615.1,1,OIL_STAIN
34.76,14.9,6.8,299.7,1679.6,639.3,38.34,52.0,27.2,538.1,3,BORDER_SEWING_DEFECT
30.65,20.2,5.18,453.3,2619.1,699.0,31.65,61.6,30.4,643.5,2,JACQUARD_PATTERN_SHIFT
27.11,9.56,7.53,397.2,2393.9,505.1,36.82,44.6,35.8,569.7,1,OIL_STAIN
15.47,6.23,4.32,421.5,2233.2,557.3,49.43,56.4,24.9,573.1,0,YARN_BREAKAGE
24.95,11.43,3.29,356.6,2758.9,761.6,18.52,58.9,21.8,643.7,2,JACQUARD_PATTERN_SHIFT
16.48,4.72,4.38,419.3,2136.7,726.5,43.62,58.8,27.2,601.3,0,YARN_BREAKAGE
30.3,19.12,5.8,464.3,2424.2,740.3,29.7,64.1,23.3,599.5,2,JACQUARD_PATTERN_SHIFT
25.34,18.5,3.25,481.3,2458.9,760.2,40.69,46.7,27.3,602.3,2,JACQUARD_PATTERN_SHIFT
12.68,7.89,2.84,577.3,2328.6,643.4,54.9,60.1,23.9,642.2,0,YARN_BREAKAGE
15.86,12.69,4.78,531.2,2833.1,746.0,31.18,55.3,26.9,698.9,2,JACQUARD_PATTERN_SHIFT
19.81,12.13,8.68,407.8,2123.6,540.8,8.0,39.8,30.0,505.2,1,OIL_STAIN
30.2,12.55,3.86,267.0,1901.9,556.3,41.88,58.0,19.3,662.3,3,BORDER_SEWING_DEFECT
21.29,17.41,3.16,299.8,1991.4,654.3,36.83,61.1,24.2,534.2,3,BORDER_SEWING_DEFECT
15.46,10.5,2.76,399.8,2166.6,617.0,54.89,49.0,24.1,417.1,0,YARN_BREAKAGE
32.49,14.35,4.36,473.7,2511.5,755.1,21.51,64.6,27.1,597.4,2,JACQUARD_PATTERN_SHIFT
14.44,6.63,3.16,423.6,2101.1,608.8,50.65,52.3,25.4,505.1,0,YARN_BREAKAGE
25.76,10.54,5.0,465.3,2585.6,696.6,37.54,59.5,22.6,704.1,2,JACQUARD_PATTERN_SHIFT
18.24,22.34,3.47,285.5,1961.2,643.8,33.71,57.7,22.0,518.6,3,BORDER_SEWING_DEFECT
15.9,18.97,4.18,294.6,1743.2,632.8,33.48,50.4,24.9,618.9,3,BORDER_SEWING_DEFECT
23.49,12.91,3.82,448.9,2809.8,727.9,23.81,55.6,31.8,665.2,2,JACQUARD_PATTERN_SHIFT
10.61,9.33,5.86,525.7,2683.2,629.7,55.61,60.9,27.6,559.7,0,YARN_BREAKAGE
25.47,12.87,8.35,376.4,2415.8,547.5,30.96,39.7,31.0,529.2,1,OIL_STAIN
27.96,10.62,4.53,511.7,2808.4,726.5,30.83,61.6,23.9,669.9,2,JACQUARD_PATTERN_SHIFT
12.8,8.98,3.56,435.6,2297.6,572.1,51.23,69.6,29.9,468.6,0,YARN_BREAKAGE
17.22,9.95,6.7,443.8,2120.5,604.4,53.84,66.4,23.9,573.0,0,YARN_BREAKAGE
13.69,7.79,5.3,373.8,2161.9,658.1,44.05,62.4,25.7,505.9,0,YARN_BREAKAGE
26.78,15.72,11.42,459.1,2481.2,658.5,9.77,32.4,31.4,495.1,1,OIL_STAIN
15.87,5.29,1.5,409.9,2438.4,502.8,39.81,67.9,22.8,542.3,0,YARN_BREAKAGE
20.87,24.44,6.79,268.4,1796.4,639.5,39.08,55.3,18.4,568.5,3,BORDER_SEWING_DEFECT
16.22,9.76,2.76,485.2,2228.6,574.4,45.08,50.9,27.1,513.7,0,YARN_BREAKAGE
13.35,5.39,6.33,408.9,2094.0,607.3,40.93,59.3,28.0,591.8,0,YARN_BREAKAGE
24.83,14.61,11.14,391.2,2166.8,562.5,33.63,33.9,35.1,534.8,1,OIL_STAIN
13.61,10.65,6.28,395.2,1670.1,630.7,56.27,61.5,20.3,629.3,0,YARN_BREAKAGE
23.42,17.69,4.68,336.0,1710.9,590.2,36.7,56.6,24.3,532.2,3,BORDER_SEWING_DEFECT
14.4,5.51,4.9,452.7,2073.3,646.0,52.48,64.5,22.4,525.8,0,YARN_BREAKAGE
26.23,16.87,6.43,331.2,1869.9,657.2,39.14,45.2,22.6,447.1,3,BORDER_SEWING_DEFECT
12.55,7.77,6.89,400.3,1989.2,613.2,46.38,57.7,20.5,525.0,0,YARN_BREAKAGE
30.35,20.7,5.96,326.7,1683.0,640.6,32.57,60.5,22.4,560.7,3,BORDER_SEWING_DEFECT
31.68,17.36,7.16,483.2,2093.0,614.3,32.78,38.8,31.1,397.0,1,OIL_STAIN
28.59,17.82,3.71,309.4,1759.2,707.9,35.35,51.5,22.7,520.4,3,BORDER_SEWING_DEFECT
34.47,17.48,9.66,418.7,2237.1,630.7,37.15,32.6,32.6,547.9,1,OIL_STAIN
14.94,7.98,2.93,430.2,2581.3,694.7,57.68,52.0,22.6,462.7,0,YARN_BREAKAGE
32.26,15.82,8.11,383.7,1862.3,628.6,37.24,46.6,36.7,552.9,1,OIL_STAIN
22.6,16.6,3.83,284.6,1964.9,599.7,37.38,63.1,24.4,393.8,3,BORDER_SEWING_DEFECT
26.73,17.01,4.65,379.0,2747.4,774.1,24.13,56.0,28.7,654.4,2,JACQUARD_PATTERN_SHIFT
13.76,5.2,7.68,370.9,2453.2,609.1,41.68,55.8,24.0,443.9,0,YARN_BREAKAGE
14.18,6.02,6.79,441.8,2474.2,648.8,43.67,43.9,24.1,503.9,0,YARN_BREAKAGE
15.87,17.75,8.64,425.6,2116.7,555.5,22.36,32.7,30.5,538.2,1,OIL_STAIN
26.04,20.39,5.91,415.7,2831.4,737.3,27.18,60.8,32.2,655.0,2,JACQUARD_PATTERN_SHIFT
23.0,22.63,5.77,310.3,1960.1,626.5,34.58,67.8,24.6,555.6,3,BORDER_SEWING_DEFECT
14.24,6.76,5.47,432.3,2204.4,584.5,50.4,52.7,21.5,491.9,0,YARN_BREAKAGE
16.33,5.23,6.82,421.8,1922.7,609.7,47.03,57.8,24.6,535.5,0,YARN_BREAKAGE
13.72,8.09,4.55,447.6,2353.7,658.2,45.48,51.6,26.0,516.9,0,YARN_BREAKAGE
23.16,17.94,7.4,420.8,2354.9,683.0,21.45,36.8,35.1,453.1,1,OIL_STAIN
20.58,13.49,10.35,428.1,2143.9,665.5,14.12,36.4,39.2,533.3,1,OIL_STAIN
17.25,21.65,4.4,409.5,2615.7,670.8,30.32,60.5,29.3,600.8,2,JACQUARD_PATTERN_SHIFT
11.74,9.72,4.74,427.4,2060.3,623.2,37.66,46.9,22.7,543.3,0,YARN_BREAKAGE
23.82,12.91,4.2,399.7,2639.2,720.1,27.72,58.1,17.9,686.1,2,JACQUARD_PATTERN_SHIFT
22.36,17.76,10.57,411.1,2483.1,620.2,8.0,32.0,36.8,494.7,1,OIL_STAIN
28.67,14.83,4.4,304.0,1738.7,601.4,39.0,55.7,20.1,611.5,3,BORDER_SEWING_DEFECT
19.88,10.23,4.77,306.1,1824.0,655.1,45.24,63.6,32.9,574.6,3,BORDER_SEWING_DEFECT
14.26,8.03,5.59,360.2,2160.2,580.9,51.27,52.6,23.5,478.6,0,YARN_BREAKAGE
14.75,4.61,4.52,427.9,2217.8,591.1,57.0,55.6,27.8,592.3,0,YARN_BREAKAGE
25.44,13.97,5.44,547.3,2439.7,759.5,33.02,69.6,27.1,666.6,2,JACQUARD_PATTERN_SHIFT
17.71,13.14,10.91,505.9,2056.8,640.7,33.91,47.3,39.7,522.5,1,OIL_STAIN
23.49,18.79,6.59,277.8,1707.3,609.4,45.68,72.1,23.3,457.3,3,BORDER_SEWING_DEFECT
28.87,15.2,4.53,313.0,1861.7,608.1,35.33,57.3,24.8,577.9,3,BORDER_SEWING_DEFECT
21.08,19.09,5.97,379.1,2536.6,691.5,28.73,56.9,26.7,652.0,2,JACQUARD_PATTERN_SHIFT
20.43,17.37,7.29,321.8,2745.3,777.8,44.52,64.2,25.7,613.2,2,JACQUARD_PATTERN_SHIFT
14.21,8.23,4.37,426.5,2090.3,675.4,48.6,50.5,23.1,549.7,0,YARN_BREAKAGE
14.4,5.26,5.07,455.6,1984.7,579.9,49.51,75.3,23.5,546.3,0,YARN_BREAKAGE
23.04,23.85,3.47,422.8,2503.0,702.6,31.35,53.1,18.6,698.1,2,JACQUARD_PATTERN_SHIFT
27.39,17.53,4.56,337.4,2012.0,579.8,32.73,50.0,25.7,607.6,3,BORDER_SEWING_DEFECT
20.76,10.11,3.0,400.8,2750.0,759.4,20.31,57.9,20.9,620.9,2,JACQUARD_PATTERN_SHIFT
33.05,16.39,5.73,387.5,2380.6,683.7,22.95,59.5,21.6,640.3,2,JACQUARD_PATTERN_SHIFT
16.19,16.06,5.34,332.5,1734.2,581.7,32.27,64.1,32.1,588.5,3,BORDER_SEWING_DEFECT
15.41,18.12,10.74,426.7,2252.2,650.1,25.47,35.5,31.7,468.2,1,OIL_STAIN
22.2,14.27,4.85,288.3,1683.9,607.3,41.71,67.4,24.7,585.3,3,BORDER_SEWING_DEFECT
26.93,20.05,10.65,396.5,2251.5,533.3,41.8,37.2,31.6,524.9,1,OIL_STAIN
12.06,10.1,3.26,533.1,1974.6,584.9,40.84,63.0,27.2,458.1,0,YARN_BREAKAGE
10.99,10.38,5.58,422.9,2266.4,587.8,51.22,50.8,24.1,478.5,0,YARN_BREAKAGE
24.82,12.49,6.93,368.7,2345.0,601.9,34.77,38.9,37.2,581.1,1,OIL_STAIN
13.41,8.2,2.88,529.8,1918.1,584.7,37.65,71.7,24.8,544.4,0,YARN_BREAKAGE
23.81,14.52,11.48,503.7,1910.0,626.5,20.55,44.6,35.0,539.4,1,OIL_STAIN
28.02,9.88,3.16,465.7,2567.7,741.8,23.41,58.1,21.5,677.2,2,JACQUARD_PATTERN_SHIFT
24.97,10.61,4.35,327.3,1965.0,592.8,38.41,57.2,26.4,502.4,3,BORDER_SEWING_DEFECT
27.51,15.06,3.05,264.0,1829.2,611.2,42.86,54.9,23.5,478.9,3,BORDER_SEWING_DEFECT
27.9,21.23,2.06,432.1,2608.8,734.6,30.54,49.9,29.5,632.6,2,JACQUARD_PATTERN_SHIFT
22.36,17.25,8.67,473.5,2025.7,693.6,31.99,47.3,39.2,530.3,1,OIL_STAIN
28.82,16.25,5.98,478.8,2786.4,772.8,32.61,46.5,26.7,690.2,2,JACQUARD_PATTERN_SHIFT
19.96,11.59,3.26,328.2,1900.3,536.0,32.48,60.9,21.8,515.8,3,BORDER_SEWING_DEFECT
29.61,15.52,9.31,517.6,2449.2,625.6,16.49,42.6,35.0,527.1,1,OIL_STAIN
28.48,14.67,6.76,289.4,1757.3,627.6,45.97,50.8,25.0,547.5,3,BORDER_SEWING_DEFECT
26.5,19.18,10.56,491.6,2259.2,646.0,27.74,38.4,32.0,581.6,1,OIL_STAIN
22.04,20.17,5.24,284.7,2496.1,678.2,24.11,59.7,20.4,592.2,2,JACQUARD_PATTERN_SHIFT
11.41,10.25,4.67,463.4,2101.0,567.0,40.4,54.2,27.2,586.2,0,YARN_BREAKAGE
23.6,9.49,7.22,293.3,1793.4,627.1,41.98,59.7,28.6,531.4,3,BORDER_SEWING_DEFECT
22.53,17.23,3.99,409.0,2757.9,776.6,20.62,58.9,29.5,655.9,2,JACQUARD_PATTERN_SHIFT
16.01,18.29,2.98,334.9,1903.1,578.3,38.56,60.4,22.0,527.6,3,BORDER_SEWING_DEFECT
20.36,17.73,2.36,406.6,2532.8,702.7,32.52,60.4,24.7,696.8,2,JACQUARD_PATTERN_SHIFT
20.55,16.96,4.7,429.9,2467.6,662.5,30.35,48.8,26.2,663.3,2,JACQUARD_PATTERN_SHIFT
25.23,12.58,6.59,596.6,2532.8,709.7,27.66,46.3,21.4,670.9,2,JACQUARD_PATTERN_SHIFT
25.34,16.35,2.93,300.4,1943.4,493.3,41.76,63.8,26.6,603.4,3,BORDER_SEWING_DEFECT
23.97,15.86,5.8,548.7,2822.4,738.7,36.87,53.5,25.3,634.1,2,JACQUARD_PATTERN_SHIFT
15.5,10.13,4.67,464.2,2200.5,602.2,48.75,61.1,28.7,555.0,0,YARN_BREAKAGE
21.3,18.68,7.91,528.1,2105.8,617.9,29.75,35.8,38.9,617.6,1,OIL_STAIN
13.2,9.09,5.43,488.9,1901.0,595.4,36.44,69.1,21.1,449.0,0,YARN_BREAKAGE
13.45,7.34,4.96,415.7,2194.7,561.3,48.65,59.6,25.3,609.7,0,YARN_BREAKAGE
16.54,9.5,5.55,393.1,2136.3,649.8,48.22,44.2,28.9,588.0,0,YARN_BREAKAGE
15.36,4.83,4.9,472.0,2135.1,531.3,53.67,63.7,31.5,545.5,0,YARN_BREAKAGE
12.25,7.43,4.47,430.4,2285.1,622.2,46.78,56.4,22.1,604.5,0,YARN_BREAKAGE
26.18,19.04,5.43,383.7,2511.5,684.1,30.61,71.5,20.7,679.0,2,JACQUARD_PATTERN_SHIFT
14.42,15.28,5.51,338.0,1728.3,744.8,39.8,69.5,26.8,550.6,3,BORDER_SEWING_DEFECT
16.5,7.57,4.42,460.0,2430.4,495.9,55.46,61.1,22.1,579.4,0,YARN_BREAKAGE
25.1,23.11,4.24,404.9,2768.7,746.3,12.74,65.4,33.5,702.0,2,JACQUARD_PATTERN_SHIFT
17.71,15.22,6.24,449.3,2565.5,751.8,33.82,57.0,25.3,597.2,2,JACQUARD_PATTERN_SHIFT
15.07,4.91,4.74,432.9,2112.6,651.7,37.34,60.0,19.7,561.6,0,YARN_BREAKAGE
25.64,14.71,8.15,364.0,2320.2,594.2,19.82,43.7,35.0,510.4,1,OIL_STAIN
12.67,9.31,6.82,508.5,2287.7,520.1,55.47,52.8,23.4,571.6,0,YARN_BREAKAGE
25.98,15.72,7.5,517.6,2268.9,605.0,23.84,35.9,33.7,572.8,1,OIL_STAIN
14.45,9.11,3.25,438.8,1945.4,629.8,40.63,60.8,28.4,437.7,0,YARN_BREAKAGE
22.04,15.86,6.47,271.7,1750.3,588.0,44.55,67.4,22.4,568.0,3,BORDER_SEWING_DEFECT
25.61,17.85,6.29,290.6,1777.4,608.0,33.84,62.8,24.8,512.0,3,BORDER_SEWING_DEFECT
13.0,8.16,4.55,429.8,2122.0,534.9,48.19,61.6,23.9,525.4,0,YARN_BREAKAGE
19.56,21.32,6.9,312.3,1885.8,646.8,33.03,50.4,30.4,463.1,3,BORDER_SEWING_DEFECT
25.47,17.66,5.22,334.0,1738.7,627.6,35.55,57.9,25.4,550.7,3,BORDER_SEWING_DEFECT
28.5,17.96,6.01,393.8,2511.4,761.1,13.42,64.6,27.2,590.2,2,JACQUARD_PATTERN_SHIFT
10.65,7.21,7.06,500.3,2334.0,599.1,42.02,50.0,26.0,502.5,0,YARN_BREAKAGE
30.97,15.38,5.13,270.4,1999.3,618.8,41.05,49.6,28.6,532.8,3,BORDER_SEWING_DEFECT
16.82,7.96,5.03,385.1,2255.3,622.3,46.97,56.0,19.5,532.4,0,YARN_BREAKAGE
21.68,19.94,5.29,311.8,2019.5,536.0,37.09,50.6,23.1,545.7,3,BORDER_SEWING_DEFECT
19.72,14.84,2.61,271.2,1669.1,653.3,35.67,58.9,25.2,557.6,3,BORDER_SEWING_DEFECT
17.92,18.07,4.39,326.7,1683.7,626.5,44.57,58.7,25.9,581.6,3,BORDER_SEWING_DEFECT
32.71,16.47,2.82,409.7,2409.5,666.1,20.81,62.2,22.3,647.3,2,JACQUARD_PATTERN_SHIFT
23.32,19.01,7.53,417.9,2151.6,673.6,16.52,39.7,31.9,527.6,1,OIL_STAIN
28.62,17.1,5.1,267.8,1690.5,640.6,40.72,52.2,28.1,497.3,3,BORDER_SEWING_DEFECT
29.79,18.1,4.28,305.3,1849.7,625.1,42.47,61.9,26.4,513.0,3,BORDER_SEWING_DEFECT
23.99,18.01,3.01,291.5,1718.6,581.1,41.29,67.0,24.1,466.0,3,BORDER_SEWING_DEFECT
12.36,5.55,4.89,395.7,2016.1,683.0,54.82,63.0,18.4,530.6,0,YARN_BREAKAGE
12.71,5.02,6.93,361.5,2744.8,574.1,37.64,40.5,30.6,486.9,0,YARN_BREAKAGE
11.11,7.9,4.73,290.5,2591.1,598.7,46.22,60.4,18.1,550.7,0,YARN_BREAKAGE
27.68,16.0,4.94,343.4,2450.5,707.9,24.08,68.9,28.0,646.2,2,JACQUARD_PATTERN_SHIFT
32.09,13.57,3.58,295.5,2415.1,770.4,20.82,45.9,28.6,614.7,2,JACQUARD_PATTERN_SHIFT
23.68,17.59,4.73,336.7,1863.6,571.6,34.49,59.3,30.3,499.7,3,BORDER_SEWING_DEFECT
26.61,15.96,3.99,324.8,1834.6,531.9,42.59,65.2,26.9,538.0,3,BORDER_SEWING_DEFECT
10.71,7.79,5.34,431.1,1937.4,566.1,36.67,57.3,22.7,530.0,0,YARN_BREAKAGE
13.05,6.83,7.34,501.4,2087.4,689.1,51.84,60.7,30.4,524.1,0,YARN_BREAKAGE
12.55,6.61,3.45,380.1,2585.9,688.4,36.25,67.4,24.4,550.8,0,YARN_BREAKAGE
21.99,19.04,9.1,351.4,2228.8,661.7,18.87,46.8,29.7,554.9,1,OIL_STAIN
26.57,16.79,8.23,496.4,1929.0,628.2,24.93,36.9,32.7,562.4,1,OIL_STAIN
24.47,19.46,4.43,486.7,2740.8,726.4,15.67,56.1,23.7,673.4,2,JACQUARD_PATTERN_SHIFT
24.68,9.22,1.74,468.9,2412.2,663.6,21.29,64.0,24.0,662.4,2,JACQUARD_PATTERN_SHIFT
24.73,14.38,6.79,301.9,1873.7,583.7,37.73,66.1,29.3,627.3,3,BORDER_SEWING_DEFECT
26.24,12.33,3.43,442.0,2524.9,704.9,31.08,64.5,25.7,599.0,2,JACQUARD_PATTERN_SHIFT
15.07,5.01,5.76,420.4,2330.0,580.6,53.12,60.7,18.3,503.7,0,YARN_BREAKAGE
16.61,6.19,4.71,404.3,2149.4,524.0,45.75,61.4,22.8,528.1,0,YARN_BREAKAGE
25.1,13.1,7.1,417.0,2751.3,710.1,23.3,58.6,23.0,678.2,2,JACQUARD_PATTERN_SHIFT
24.44,19.52,7.21,285.4,1953.7,631.4,36.67,55.4,22.5,603.5,3,BORDER_SEWING_DEFECT
16.06,5.0,9.92,374.5,2319.6,597.8,46.74,44.6,38.3,543.3,1,OIL_STAIN
23.38,14.37,8.68,371.4,1903.3,556.4,27.13,33.9,41.5,514.9,1,OIL_STAIN
20.42,20.47,8.1,355.7,2036.3,604.8,31.16,34.4,34.5,528.3,1,OIL_STAIN
35.22,14.11,5.76,307.3,1827.6,654.4,41.9,69.4,27.7,561.5,3,BORDER_SEWING_DEFECT
23.21,16.79,4.13,282.4,2031.1,622.1,39.15,64.3,26.7,549.0,3,BORDER_SEWING_DEFECT
26.22,19.69,5.01,404.6,2740.2,695.9,33.59,59.9,28.3,674.2,2,JACQUARD_PATTERN_SHIFT
25.75,15.99,3.3,399.0,2464.5,786.5,18.39,59.9,25.4,691.7,2,JACQUARD_PATTERN_SHIFT
29.86,21.66,3.18,379.7,2760.6,672.3,44.79,63.1,26.8,673.6,2,JACQUARD_PATTERN_SHIFT
17.36,8.26,4.55,472.3,2039.1,584.0,53.13,58.7,28.3,541.6,0,YARN_BREAKAGE
23.44,14.02,5.09,261.9,1938.8,625.2,39.91,65.8,27.2,494.9,3,BORDER_SEWING_DEFECT
19.49,13.03,8.19,418.9,1962.6,626.9,27.05,33.5,36.1,592.0,1,OIL_STAIN
25.49,18.79,10.27,414.7,2229.5,604.4,32.97,47.3,39.1,509.7,1,OIL_STAIN
28.37,17.57,4.17,323.1,1675.4,623.9,45.05,56.7,23.1,576.7,3,BORDER_SEWING_DEFECT
19.88,21.59,8.7,473.4,2051.0,618.8,43.72,38.6,38.1,434.7,1,OIL_STAIN
23.84,20.96,6.4,275.4,2013.7,605.4,43.08,67.9,21.3,543.2,3,BORDER_SEWING_DEFECT
28.29,23.7,5.7,299.6,1668.8,628.3,35.05,44.0,20.1,509.3,3,BORDER_SEWING_DEFECT
12.42,8.06,3.22,254.3,2138.0,655.0,42.68,59.8,25.7,585.3,0,YARN_BREAKAGE
21.79,19.86,6.59,418.2,2659.6,760.3,27.68,61.1,28.1,709.4,2,JACQUARD_PATTERN_SHIFT
21.47,13.06,9.56,472.2,2203.4,664.6,32.08,37.5,37.5,619.5,1,OIL_STAIN
24.63,13.43,8.9,485.5,2236.9,497.3,24.26,41.6,35.3,507.6,1,OIL_STAIN
15.41,6.26,4.5,476.7,2023.6,557.4,57.56,50.9,30.4,576.4,0,YARN_BREAKAGE
20.37,14.27,4.67,445.5,2381.1,713.9,32.1,72.1,20.1,657.9,2,JACQUARD_PATTERN_SHIFT
14.65,9.08,4.45,326.9,2456.7,635.2,40.33,68.8,25.5,601.3,0,YARN_BREAKAGE
16.06,6.1,2.92,366.6,2257.1,539.2,45.51,57.7,23.4,542.5,0,YARN_BREAKAGE
20.63,12.5,7.22,385.9,1714.4,630.8,42.23,42.5,39.4,468.5,1,OIL_STAIN
12.12,8.08,3.39,492.4,2339.5,564.2,52.32,62.6,17.5,509.8,0,YARN_BREAKAGE
16.21,6.72,5.09,499.3,2181.4,560.9,51.59,52.8,19.6,527.9,0,YARN_BREAKAGE
14.69,5.8,3.71,418.0,2616.2,712.9,55.87,42.7,23.0,531.9,0,YARN_BREAKAGE
17.46,5.11,2.96,469.4,2226.2,609.8,55.19,59.6,26.1,555.2,0,YARN_BREAKAGE
22.51,5.96,6.28,421.4,2687.3,706.8,20.18,60.4,17.7,683.0,2,JACQUARD_PATTERN_SHIFT
17.42,7.06,6.56,403.2,2421.7,517.5,51.12,58.0,25.4,494.8,0,YARN_BREAKAGE
14.86,12.91,5.08,289.8,1882.4,522.4,45.22,61.5,23.8,568.2,3,BORDER_SEWING_DEFECT
12.96,6.7,7.19,420.9,2119.5,606.1,38.56,57.6,25.9,457.8,0,YARN_BREAKAGE
23.15,19.15,4.19,349.4,2489.4,671.4,28.66,51.1,26.1,597.7,2,JACQUARD_PATTERN_SHIFT
23.46,15.79,9.11,447.5,2167.6,539.1,19.61,46.2,38.1,524.6,1,OIL_STAIN
16.06,5.49,4.37,466.1,1940.9,584.7,50.77,67.1,27.2,380.0,0,YARN_BREAKAGE
26.09,20.59,5.22,300.4,1969.3,514.6,39.04,59.9,27.7,420.4,3,BORDER_SEWING_DEFECT
16.5,4.96,4.19,399.3,2502.1,604.8,51.16,59.1,23.4,451.3,0,YARN_BREAKAGE
23.72,15.06,4.57,266.7,1845.0,581.4,39.86,62.6,22.9,584.3,3,BORDER_SEWING_DEFECT
29.3,15.15,3.41,322.4,1771.4,562.3,32.06,48.7,26.6,494.0,3,BORDER_SEWING_DEFECT
13.5,5.52,4.23,476.3,2072.3,665.5,37.27,59.0,29.0,606.8,0,YARN_BREAKAGE
14.38,10.87,6.05,404.8,2237.6,659.6,56.75,65.7,33.3,447.4,0,YARN_BREAKAGE
15.95,10.43,4.13,413.9,2105.4,611.0,44.44,60.3,26.2,564.8,0,YARN_BREAKAGE
20.6,10.46,7.06,292.6,1970.3,599.7,35.32,77.5,26.2,554.1,3,BORDER_SEWING_DEFECT
17.34,9.47,4.57,398.4,1998.0,619.4,44.78,57.4,24.7,562.0,0,YARN_BREAKAGE
21.19,19.8,8.73,416.1,2384.1,673.4,20.83,42.3,33.8,481.8,1,OIL_STAIN
16.26,18.39,4.05,452.0,2737.4,757.9,21.84,58.4,21.9,676.7,2,JACQUARD_PATTERN_SHIFT
31.1,20.13,10.39,454.4,2422.3,602.9,29.69,33.2,34.9,448.8,1,OIL_STAIN
28.37,17.28,8.99,301.4,2637.5,579.6,40.95,37.2,39.6,518.0,1,OIL_STAIN
12.42,9.3,3.21,419.5,2324.4,577.0,40.42,57.5,22.6,454.4,0,YARN_BREAKAGE
27.64,18.77,10.46,440.3,1845.4,566.9,14.64,33.5,38.6,464.1,1,OIL_STAIN
19.42,12.2,3.82,263.6,2050.0,580.7,42.76,54.9,23.3,547.2,3,BORDER_SEWING_DEFECT
21.68,14.64,6.91,528.8,2820.1,664.4,16.98,58.5,22.5,619.3,2,JACQUARD_PATTERN_SHIFT
16.72,8.47,4.06,453.4,2258.8,510.4,55.32,47.3,25.0,607.3,0,YARN_BREAKAGE
25.38,8.45,6.94,524.3,2274.5,643.1,25.54,47.8,37.5,569.8,1,OIL_STAIN
20.74,15.81,7.06,402.1,2396.2,537.9,32.18,47.5,36.1,559.8,1,OIL_STAIN
29.46,10.55,7.81,290.5,2452.5,699.0,17.5,55.2,23.8,654.2,2,JACQUARD_PATTERN_SHIFT
14.99,17.0,6.91,440.7,2327.9,603.3,22.55,33.6,35.1,645.7,1,OIL_STAIN
27.54,11.79,6.13,276.0,1847.0,550.2,45.11,59.2,24.7,488.2,3,BORDER_SEWING_DEFECT
21.92,7.75,1.5,372.0,2651.1,719.0,21.31,61.2,24.5,709.7,2,JACQUARD_PATTERN_SHIFT
29.1,7.47,7.86,458.7,2263.2,559.9,36.62,47.1,38.4,504.8,1,OIL_STAIN
23.41,16.64,4.07,430.0,2755.5,727.0,25.53,56.1,21.8,703.3,2,JACQUARD_PATTERN_SHIFT
28.39,15.87,6.86,306.5,1978.1,638.5,40.19,55.3,23.3,487.4,3,BORDER_SEWING_DEFECT
24.18,14.01,4.96,388.3,2777.1,771.6,26.38,57.2,16.0,609.8,2,JACQUARD_PATTERN_SHIFT
19.44,13.96,3.79,462.3,2828.6,730.9,34.28,60.5,23.2,622.7,2,JACQUARD_PATTERN_SHIFT
29.52,9.82,7.5,434.3,2297.0,518.3,25.24,41.7,32.4,601.1,1,OIL_STAIN
28.24,18.88,6.86,413.8,2409.5,710.5,22.97,49.7,25.7,640.0,2,JACQUARD_PATTERN_SHIFT
16.22,9.93,3.46,373.1,1775.9,555.4,39.68,41.8,27.9,574.2,0,YARN_BREAKAGE
18.88,12.14,4.26,437.7,2655.3,707.8,30.22,55.8,23.0,706.0,2,JACQUARD_PATTERN_SHIFT
14.81,8.89,4.79,399.0,2228.4,676.6,40.93,54.4,31.0,498.3,0,YARN_BREAKAGE
10.75,5.52,4.27,516.4,2148.7,629.8,38.53,61.6,18.2,531.7,0,YARN_BREAKAGE
16.21,7.81,4.61,403.2,2249.4,656.0,47.78,58.8,24.0,484.0,0,YARN_BREAKAGE
15.38,5.78,5.38,519.2,2044.3,578.5,36.77,59.3,27.8,523.7,0,YARN_BREAKAGE
14.49,5.73,3.36,426.8,2309.8,676.6,50.52,70.7,25.1,536.5,0,YARN_BREAKAGE
32.02,18.24,3.51,322.3,1747.9,605.2,45.75,62.9,28.9,614.9,3,BORDER_SEWING_DEFECT
24.57,13.69,6.38,423.3,2699.2,707.2,18.94,61.2,20.8,691.5,2,JACQUARD_PATTERN_SHIFT
15.45,7.56,8.08,383.5,2346.9,610.5,56.25,59.9,23.7,661.0,0,YARN_BREAKAGE
24.72,14.53,6.42,421.0,2554.5,718.9,31.57,74.6,19.8,679.2,2,JACQUARD_PATTERN_SHIFT
15.49,7.19,3.39,339.0,2329.9,639.9,52.81,47.3,23.0,596.8,0,YARN_BREAKAGE
28.57,18.03,4.3,434.9,2434.9,708.6,26.17,62.4,24.7,653.7,2,JACQUARD_PATTERN_SHIFT
18.63,19.93,2.56,464.8,2531.8,677.2,28.18,64.7,24.1,634.0,2,JACQUARD_PATTERN_SHIFT
11.84,4.56,6.29,395.5,2190.4,674.8,54.69,46.7,19.8,633.2,0,YARN_BREAKAGE
17.15,6.24,5.48,479.7,2068.5,612.5,49.87,67.7,27.5,559.4,0,YARN_BREAKAGE
19.53,10.22,5.19,423.4,2705.1,722.3,16.76,66.5,25.1,663.2,2,JACQUARD_PATTERN_SHIFT
23.25,13.42,4.76,305.0,1651.8,595.4,40.13,52.1,21.2,428.6,3,BORDER_SEWING_DEFECT
17.21,8.16,3.44,557.6,2819.5,735.4,18.0,62.2,27.7,701.1,2,JACQUARD_PATTERN_SHIFT
11.27,6.12,4.71,497.8,2303.0,548.4,46.52,54.2,26.0,534.9,0,YARN_BREAKAGE
18.81,16.35,6.51,406.7,2423.9,672.2,30.48,58.6,26.9,709.1,2,JACQUARD_PATTERN_SHIFT
15.89,9.4,6.22,327.6,2245.3,555.8,37.03,61.6,25.6,478.1,0,YARN_BREAKAGE
12.88,10.07,4.53,419.1,2357.5,693.5,53.75,57.4,28.0,506.6,0,YARN_BREAKAGE
13.27,8.99,4.34,362.9,1931.7,576.5,49.08,69.2,24.6,583.7,0,YARN_BREAKAGE
24.43,22.19,5.4,309.5,1940.8,621.9,32.34,64.4,25.6,537.3,3,BORDER_SEWING_DEFECT
16.94,18.61,9.5,470.1,1866.6,660.1,21.31,40.9,36.5,423.0,1,OIL_STAIN
26.26,18.02,6.05,298.8,1790.6,612.6,35.2,53.1,26.8,543.8,3,BORDER_SEWING_DEFECT
26.0,15.66,7.19,451.6,2266.7,577.9,21.04,37.8,29.9,504.5,1,OIL_STAIN
12.08,8.88,2.88,448.9,2158.0,627.5,52.93,67.3,21.2,549.9,0,YARN_BREAKAGE
11.85,9.56,5.4,318.4,2148.0,609.6,47.61,60.0,27.4,464.5,0,YARN_BREAKAGE
15.76,9.05,1.92,434.5,2232.1,643.1,40.84,60.9,21.0,570.3,0,YARN_BREAKAGE
30.66,14.1,10.28,429.4,2147.0,614.7,19.7,33.8,38.1,470.2,1,OIL_STAIN
21.23,22.16,10.7,453.3,2264.5,703.4,22.67,37.2,36.6,573.0,1,OIL_STAIN
14.46,5.78,4.12,426.1,2330.1,629.4,39.67,46.6,24.1,501.5,0,YARN_BREAKAGE
26.47,12.34,5.08,453.7,2420.8,765.3,20.04,53.9,24.8,643.0,2,JACQUARD_PATTERN_SHIFT
24.46,15.03,6.93,379.5,2428.3,700.2,31.9,62.4,29.9,648.7,2,JACQUARD_PATTERN_SHIFT
14.79,4.99,3.61,537.9,2182.5,559.1,45.25,44.5,23.4,470.0,0,YARN_BREAKAGE
24.16,12.29,2.51,336.1,1837.4,514.8,37.7,61.5,22.0,469.1,3,BORDER_SEWING_DEFECT
24.81,11.85,9.38,402.3,2265.5,608.9,20.75,45.2,31.1,437.7,1,OIL_STAIN
12.92,8.34,2.92,401.8,2265.9,611.3,37.21,60.4,23.8,510.7,0,YARN_BREAKAGE
25.12,10.75,5.5,404.6,2401.2,682.3,29.57,55.7,27.1,636.1,2,JACQUARD_PATTERN_SHIFT
20.93,16.66,6.63,270.6,1680.0,565.3,45.41,59.3,27.3,526.5,3,BORDER_SEWING_DEFECT
25.25,14.91,4.95,346.7,2563.5,754.7,23.53,55.6,25.7,599.8,2,JACQUARD_PATTERN_SHIFT
14.05,8.91,4.19,332.4,2038.3,646.8,40.58,55.8,32.6,512.1,0,YARN_BREAKAGE
19.35,14.04,9.99,420.1,1973.4,577.7,28.47,46.8,31.4,482.0,1,OIL_STAIN
27.82,13.54,4.31,300.5,1760.8,579.4,39.28,64.3,23.5,547.6,3,BORDER_SEWING_DEFECT
25.31,12.23,9.78,472.1,2364.7,589.3,15.89,38.3,35.1,533.1,1,OIL_STAIN
24.05,17.88,7.1,271.7,1717.8,512.8,45.7,60.4,26.5,461.8,3,BORDER_SEWING_DEFECT
14.14,7.81,4.59,547.2,2333.8,633.2,45.6,53.5,21.5,580.6,0,YARN_BREAKAGE
26.39,12.81,1.91,288.5,1849.1,716.1,38.65,63.0,24.8,478.2,3,BORDER_SEWING_DEFECT
26.7,12.94,3.37,437.2,2700.5,748.6,22.67,49.5,22.5,596.6,2,JACQUARD_PATTERN_SHIFT
21.92,16.15,4.6,262.2,1730.0,590.0,32.07,62.1,24.0,628.6,3,BORDER_SEWING_DEFECT
21.82,17.33,4.28,337.6,1912.4,676.3,43.04,64.1,25.3,588.5,3,BORDER_SEWING_DEFECT
11.88,6.76,2.52,453.8,2309.4,599.0,55.42,54.4,22.1,518.4,0,YARN_BREAKAGE
12.01,9.57,6.78,378.2,2156.5,653.7,51.02,64.2,26.9,537.3,0,YARN_BREAKAGE
32.24,16.48,5.55,280.2,1957.3,627.3,39.67,56.4,31.7,488.3,3,BORDER_SEWING_DEFECT
18.53,12.65,4.66,475.1,2598.4,677.6,45.44,50.8,21.6,673.2,2,JACQUARD_PATTERN_SHIFT
26.29,17.34,4.34,326.5,1963.4,608.0,44.86,57.7,22.5,496.7,3,BORDER_SEWING_DEFECT
13.52,5.26,5.15,372.9,2418.4,628.0,45.38,47.6,23.5,619.9,0,YARN_BREAKAGE
26.02,16.75,7.77,445.2,2164.6,597.0,19.55,35.7,30.2,530.1,1,OIL_STAIN
24.9,21.57,2.86,335.9,2748.8,680.5,20.09,50.0,22.7,708.1,2,JACQUARD_PATTERN_SHIFT
32.14,18.02,5.53,517.0,2713.6,714.2,28.9,51.0,32.5,675.9,2,JACQUARD_PATTERN_SHIFT
20.16,19.8,11.35,487.2,2485.5,601.8,18.56,43.4,31.1,422.4,1,OIL_STAIN
29.35,14.76,7.65,461.9,2310.3,575.6,28.64,47.0,39.5,531.7,1,OIL_STAIN
23.84,17.45,4.72,563.2,2832.1,731.6,27.45,60.0,23.6,650.4,2,JACQUARD_PATTERN_SHIFT
22.94,17.25,9.82,474.0,2145.9,501.4,23.7,45.5,31.0,618.5,1,OIL_STAIN
23.2,16.6,10.62,433.5,1927.6,627.3,14.4,43.4,36.2,555.7,1,OIL_STAIN
28.14,12.69,4.87,318.3,1744.8,611.4,43.11,66.2,20.6,428.0,3,BORDER_SEWING_DEFECT
31.09,15.04,2.82,322.2,1894.5,672.1,44.61,59.7,24.5,499.4,3,BORDER_SEWING_DEFECT
24.79,18.55,10.22,374.0,2444.8,546.6,27.72,44.6,30.2,584.7,1,OIL_STAIN
13.91,4.77,5.03,471.4,2416.4,595.5,52.4,53.0,25.2,508.9,0,YARN_BREAKAGE
16.67,8.83,4.47,339.5,2130.6,642.3,39.22,54.2,17.5,579.2,0,YARN_BREAKAGE
23.84,17.36,4.21,447.2,2509.6,724.1,25.43,64.8,31.7,641.7,2,JACQUARD_PATTERN_SHIFT
22.23,17.14,4.8,323.1,2018.7,663.5,40.52,55.0,23.5,518.9,3,BORDER_SEWING_DEFECT
27.5,20.57,4.71,508.7,2559.7,778.7,33.54,64.3,24.3,692.8,2,JACQUARD_PATTERN_SHIFT
29.09,17.36,8.23,519.9,2194.0,585.2,30.61,43.5,31.3,525.3,1,OIL_STAIN
21.02,16.09,5.62,320.1,2032.3,627.5,41.99,67.0,29.4,515.3,3,BORDER_SEWING_DEFECT
22.85,18.02,7.91,407.3,2198.4,615.7,20.76,34.0,36.4,575.6,1,OIL_STAIN
23.91,14.08,3.13,271.1,1689.7,591.5,34.98,57.6,21.9,523.9,3,BORDER_SEWING_DEFECT
19.51,13.39,11.21,387.5,2051.7,570.2,8.0,39.0,30.0,472.8,1,OIL_STAIN
26.52,23.95,6.5,330.4,1880.8,603.0,37.14,59.9,27.8,633.0,3,BORDER_SEWING_DEFECT
14.98,9.85,3.18,426.5,2101.2,643.3,52.41,64.6,22.4,595.0,0,YARN_BREAKAGE
31.16,17.23,3.61,515.5,2630.4,690.7,29.45,57.8,23.7,591.2,2,JACQUARD_PATTERN_SHIFT
16.41,8.32,4.31,461.9,2123.3,568.5,44.5,62.5,22.9,506.3,0,YARN_BREAKAGE
24.99,8.95,2.96,402.1,2719.1,707.3,13.83,50.5,25.3,616.4,2,JACQUARD_PATTERN_SHIFT
12.75,10.34,3.42,390.4,2133.3,602.2,38.77,57.9,25.9,541.3,0,YARN_BREAKAGE
27.56,13.66,4.67,457.7,2810.9,749.9,22.66,62.4,24.8,678.9,2,JACQUARD_PATTERN_SHIFT
30.35,18.74,3.8,314.2,1882.9,721.9,39.5,73.0,21.2,391.6,3,BORDER_SEWING_DEFECT
16.24,9.87,6.78,518.5,2277.2,625.3,52.1,41.0,27.2,584.9,0,YARN_BREAKAGE
26.81,12.53,1.66,288.1,1979.8,645.8,36.92,42.4,28.3,536.1,3,BORDER_SEWING_DEFECT
17.42,16.95,4.68,318.3,1957.2,660.6,40.55,62.1,16.0,530.9,3,BORDER_SEWING_DEFECT
11.12,5.16,5.35,455.9,1895.7,566.3,54.42,64.2,28.5,507.3,0,YARN_BREAKAGE
14.36,7.41,6.21,402.8,2068.5,601.6,53.62,47.3,23.8,496.6,0,YARN_BREAKAGE
19.75,10.82,7.02,605.9,2713.3,761.5,25.02,56.0,23.0,666.7,2,JACQUARD_PATTERN_SHIFT
13.32,10.44,1.72,467.9,2105.0,619.2,43.47,56.2,25.4,567.5,0,YARN_BREAKAGE
24.16,12.48,7.35,334.5,1713.3,640.1,35.21,65.3,18.3,539.8,3,BORDER_SEWING_DEFECT
34.69,15.67,6.45,436.4,2799.7,767.8,19.77,62.8,21.7,621.1,2,JACQUARD_PATTERN_SHIFT
20.91,17.22,7.83,473.7,2325.4,547.5,16.45,42.1,35.7,450.7,1,OIL_STAIN
12.01,6.82,3.73,475.6,2359.4,622.8,47.27,55.0,29.0,535.0,0,YARN_BREAKAGE
25.64,14.22,4.52,316.7,1983.3,616.5,32.72,63.2,21.9,551.7,3,BORDER_SEWING_DEFECT
23.82,16.09,5.59,431.5,2776.1,766.2,30.4,61.1,28.7,615.8,2,JACQUARD_PATTERN_SHIFT
26.16,14.87,4.08,435.3,2726.6,690.5,29.95,58.1,26.8,597.2,2,JACQUARD_PATTERN_SHIFT
13.55,10.52,4.71,472.9,2057.0,559.0,34.53,54.6,20.1,536.1,0,YARN_BREAKAGE
11.1,17.09,7.06,399.3,1805.3,606.7,26.01,35.7,35.6,554.8,1,OIL_STAIN
13.45,8.64,4.82,411.0,2423.3,622.3,56.94,48.4,27.1,567.2,0,YARN_BREAKAGE
18.77,10.15,5.28,402.0,2841.5,681.9,20.58,67.3,20.5,664.1,2,JACQUARD_PATTERN_SHIFT
13.37,9.01,2.1,404.9,2162.8,547.5,43.42,64.2,25.8,542.9,0,YARN_BREAKAGE
13.24,10.27,6.44,571.3,1929.6,603.0,57.64,57.3,27.4,562.9,0,YARN_BREAKAGE
23.86,15.3,4.7,330.7,1945.1,662.2,45.49,64.6,26.9,494.0,3,BORDER_SEWING_DEFECT
23.66,17.34,6.45,329.2,1778.4,646.0,38.23,58.6,25.0,549.4,3,BORDER_SEWING_DEFECT
28.35,15.06,10.16,390.2,2363.6,712.2,11.55,37.3,34.1,490.6,1,OIL_STAIN
25.04,15.3,6.54,561.8,2599.8,707.8,25.66,56.7,27.6,606.7,2,JACQUARD_PATTERN_SHIFT
30.16,17.72,6.1,395.2,2397.9,745.6,31.54,55.7,26.2,694.4,2,JACQUARD_PATTERN_SHIFT
24.26,9.18,7.77,370.1,2673.1,715.1,24.15,47.7,23.3,607.7,2,JACQUARD_PATTERN_SHIFT
22.15,13.46,4.41,338.4,1659.8,578.4,32.63,67.0,29.9,577.0,3,BORDER_SEWING_DEFECT
24.92,16.03,5.71,531.2,2457.9,718.7,26.97,45.2,22.7,640.6,2,JACQUARD_PATTERN_SHIFT
17.06,10.19,5.87,409.6,2161.9,684.4,51.01,53.6,22.7,538.5,0,YARN_BREAKAGE
15.66,4.99,7.79,460.9,2098.6,648.6,44.34,59.2,24.7,576.7,0,YARN_BREAKAGE
27.93,18.45,4.53,280.2,1655.3,646.7,36.52,55.6,21.0,479.2,3,BORDER_SEWING_DEFECT
13.16,7.83,5.57,354.7,1994.3,586.8,57.14,59.7,24.8,490.5,0,YARN_BREAKAGE
16.34,17.77,7.66,383.6,2094.0,563.5,21.31,33.7,39.7,465.1,1,OIL_STAIN
26.54,15.58,6.12,508.3,2688.5,670.8,34.49,64.3,28.1,661.3,2,JACQUARD_PATTERN_SHIFT
24.8,15.54,11.06,376.3,2391.6,626.1,44.35,39.3,39.1,521.1,1,OIL_STAIN
30.11,16.66,11.26,477.5,2166.3,598.7,31.31,39.6,31.1,431.7,1,OIL_STAIN
22.62,20.9,10.21,469.4,2246.1,645.9,24.05,44.6,32.5,604.8,1,OIL_STAIN
28.85,11.84,7.26,466.9,1774.3,628.3,23.04,35.1,39.7,508.0,1,OIL_STAIN
24.66,12.86,7.2,417.2,2202.5,553.1,16.74,43.2,31.9,590.5,1,OIL_STAIN
22.06,14.84,3.65,393.8,2743.3,673.1,21.29,73.2,26.9,653.3,2,JACQUARD_PATTERN_SHIFT
25.07,9.52,7.12,423.9,1905.5,596.0,31.47,32.1,33.9,465.6,1,OIL_STAIN
22.57,17.66,9.05,537.5,2268.6,588.9,22.34,35.1,33.7,581.6,1,OIL_STAIN
12.44,4.62,6.88,407.5,2215.4,536.2,46.45,70.8,23.2,566.3,0,YARN_BREAKAGE
27.09,16.24,3.24,486.2,2586.4,761.8,23.54,53.8,24.2,624.9,2,JACQUARD_PATTERN_SHIFT
12.37,7.68,5.87,400.0,2611.8,659.7,45.13,55.1,27.3,501.0,0,YARN_BREAKAGE
11.69,5.52,2.12,455.3,2379.5,624.1,38.88,59.1,26.0,529.5,0,YARN_BREAKAGE
17.14,6.02,4.3,480.8,2106.3,569.5,38.14,64.5,23.4,485.2,0,YARN_BREAKAGE
22.46,14.33,7.08,449.0,2783.1,765.2,29.45,55.9,23.9,701.4,2,JACQUARD_PATTERN_SHIFT
19.95,13.59,11.32,412.0,2434.8,585.7,18.29,43.7,37.9,557.8,1,OIL_STAIN
12.82,8.36,5.7,412.1,2278.9,565.3,47.29,54.6,26.2,481.7,0,YARN_BREAKAGE
21.52,14.3,3.26,287.0,1949.3,628.4,44.38,42.3,21.5,571.3,3,BORDER_SEWING_DEFECT
28.48,17.13,6.17,323.7,1938.1,707.8,43.93,51.6,21.9,530.1,3,BORDER_SEWING_DEFECT
23.09,18.15,7.13,498.9,2230.5,593.1,27.51,38.3,34.2,505.4,1,OIL_STAIN
22.21,19.14,7.26,311.4,1907.0,639.7,34.67,62.7,31.6,528.2,3,BORDER_SEWING_DEFECT
15.68,8.5,4.14,519.1,1994.9,548.4,39.56,54.3,28.2,496.4,0,YARN_BREAKAGE
22.33,16.76,8.27,307.2,1992.3,568.9,37.19,50.8,29.4,578.9,3,BORDER_SEWING_DEFECT
24.98,17.97,3.94,432.9,2705.2,710.4,36.75,48.2,21.1,605.8,2,JACQUARD_PATTERN_SHIFT
18.68,11.61,5.02,451.8,2654.3,765.7,15.09,60.1,28.9,629.1,2,JACQUARD_PATTERN_SHIFT
10.75,7.13,3.62,402.2,2138.1,557.5,38.87,55.6,29.4,525.1,0,YARN_BREAKAGE
11.94,6.62,4.72,443.8,2158.3,615.2,40.43,55.2,27.1,531.7,0,YARN_BREAKAGE
10.63,6.43,4.73,358.3,2028.1,534.4,39.05,64.8,19.1,520.2,0,YARN_BREAKAGE
17.04,6.03,3.15,370.5,2177.1,637.7,49.43,51.9,22.8,574.6,0,YARN_BREAKAGE
15.78,10.04,3.16,420.7,2193.4,622.5,42.57,46.6,23.6,541.1,0,YARN_BREAKAGE
28.7,16.78,9.39,494.2,2104.8,722.4,39.94,41.9,38.5,569.8,1,OIL_STAIN
30.4,18.67,6.69,267.5,1681.0,686.3,42.48,49.4,18.6,544.3,3,BORDER_SEWING_DEFECT
21.05,17.83,4.85,327.6,1777.7,639.6,40.99,62.9,19.2,518.6,3,BORDER_SEWING_DEFECT
22.37,11.35,9.66,390.5,2303.1,620.3,31.74,45.7,34.2,489.6,1,OIL_STAIN
14.71,10.56,4.47,423.4,2117.2,563.1,45.25,60.8,24.7,616.9,0,YARN_BREAKAGE
22.78,15.69,7.43,356.2,2226.6,649.6,30.39,41.2,35.4,532.4,1,OIL_STAIN
22.71,18.13,5.75,435.4,2621.6,747.6,11.15,63.2,28.0,703.4,2,JACQUARD_PATTERN_SHIFT
23.04,15.13,11.11,354.3,2075.2,576.1,30.36,43.0,31.7,564.6,1,OIL_STAIN
17.58,24.49,10.39,424.5,2168.4,670.8,21.64,32.4,30.5,471.6,1,OIL_STAIN
11.02,7.18,2.33,422.9,1979.5,566.7,41.69,55.6,20.9,594.4,0,YARN_BREAKAGE
24.32,14.09,2.09,434.2,2473.2,668.5,23.03,64.8,24.3,618.2,2,JACQUARD_PATTERN_SHIFT
24.57,15.93,6.12,339.2,1693.3,528.3,44.14,56.0,27.7,495.1,3,BORDER_SEWING_DEFECT
11.32,4.79,5.79,433.6,2382.8,551.4,46.51,55.5,24.4,478.6,0,YARN_BREAKAGE
23.51,17.82,8.64,437.9,1813.3,578.8,33.01,41.4,37.2,543.8,1,OIL_STAIN
21.21,16.49,4.22,311.4,2610.6,682.1,35.98,65.5,31.1,652.9,2,JACQUARD_PATTERN_SHIFT
23.22,16.84,7.72,500.8,2058.7,558.5,10.28,46.4,37.8,600.7,1,OIL_STAIN
15.14,7.76,3.42,404.1,1853.0,569.6,54.18,41.7,23.0,495.1,0,YARN_BREAKAGE
11.43,7.75,4.01,398.8,2334.6,550.5,36.48,49.8,22.7,555.0,0,YARN_BREAKAGE
23.58,22.99,3.07,287.8,1899.2,556.0,34.66,59.5,27.4,538.5,3,BORDER_SEWING_DEFECT
16.95,19.48,10.44,377.6,2116.4,610.8,22.84,33.5,31.8,490.0,1,OIL_STAIN
11.54,10.52,2.86,431.3,2274.9,554.6,45.25,63.4,25.1,630.5,0,YARN_BREAKAGE
25.07,17.16,9.37,421.6,2279.2,688.8,23.97,43.6,34.1,583.2,1,OIL_STAIN
15.38,15.48,4.43,330.3,2024.3,517.7,37.7,54.8,24.7,523.5,3,BORDER_SEWING_DEFECT
22.15,16.75,9.02,431.7,2240.8,594.2,34.89,36.6,36.0,500.5,1,OIL_STAIN
22.05,14.33,4.08,274.8,1850.4,638.7,35.37,57.8,29.2,625.9,3,BORDER_SEWING_DEFECT
15.34,10.44,2.47,436.1,2156.0,621.5,40.82,58.9,33.8,478.6,0,YARN_BREAKAGE
23.06,18.68,7.49,395.0,1963.8,573.0,28.75,33.2,35.8,519.6,1,OIL_STAIN
23.6,12.47,7.46,436.6,2222.7,633.1,24.03,47.9,36.8,519.3,1,OIL_STAIN
25.07,14.57,4.54,416.9,2386.2,725.1,28.54,59.1,22.8,704.2,2,JACQUARD_PATTERN_SHIFT
21.57,16.88,5.32,406.8,2672.8,747.8,35.44,53.7,26.8,646.4,2,JACQUARD_PATTERN_SHIFT
26.11,16.69,3.8,298.5,1980.6,585.1,33.94,58.3,26.4,459.6,3,BORDER_SEWING_DEFECT
13.43,10.33,4.2,410.4,2050.9,609.4,38.89,70.0,19.4,499.1,0,YARN_BREAKAGE
27.78,16.1,8.62,463.2,2323.7,662.2,29.24,41.4,38.6,530.1,1,OIL_STAIN
11.17,7.43,4.76,418.4,2213.5,633.2,41.34,56.0,30.7,519.7,0,YARN_BREAKAGE
25.15,14.13,10.93,502.0,2081.9,599.2,28.53,47.2,38.9,561.9,1,OIL_STAIN
15.86,15.56,3.45,318.9,1750.7,594.2,38.59,63.3,24.8,495.5,3,BORDER_SEWING_DEFECT
14.26,10.67,6.74,490.6,2199.0,643.6,54.79,65.6,26.4,612.3,0,YARN_BREAKAGE
31.17,13.82,6.74,489.6,2759.2,745.0,16.58,58.4,22.1,691.2,2,JACQUARD_PATTERN_SHIFT
27.94,21.35,10.93,416.0,2367.9,626.1,24.29,44.6,31.0,498.9,1,OIL_STAIN
13.99,10.03,7.21,437.2,2256.3,644.7,57.22,42.5,24.8,585.4,0,YARN_BREAKAGE
23.87,14.21,6.71,432.9,2464.5,707.8,40.48,63.2,28.6,670.9,2,JACQUARD_PATTERN_SHIFT
27.46,13.65,6.19,539.8,2793.7,680.0,29.21,62.8,30.2,682.7,2,JACQUARD_PATTERN_SHIFT
16.79,10.47,4.16,439.3,2040.3,677.6,44.5,62.8,24.8,505.5,0,YARN_BREAKAGE
19.0,17.49,3.69,404.9,2544.2,770.4,25.04,64.9,26.2,671.2,2,JACQUARD_PATTERN_SHIFT
22.83,18.05,4.14,444.1,2587.3,721.3,25.45,49.4,25.6,599.3,2,JACQUARD_PATTERN_SHIFT
15.01,13.38,7.32,385.1,2211.3,618.9,28.91,41.6,33.1,554.5,1,OIL_STAIN
24.35,13.67,9.85,412.3,2129.0,507.4,25.45,45.2,35.7,559.9,1,OIL_STAIN
18.05,13.17,8.28,367.1,1921.3,636.5,27.91,43.9,36.2,553.3,1,OIL_STAIN
10.88,5.36,4.76,377.3,1973.4,519.7,50.8,65.5,27.9,561.5,0,YARN_BREAKAGE
14.75,8.56,5.06,362.1,2160.5,692.4,52.11,59.9,25.5,515.2,0,YARN_BREAKAGE
11.59,8.99,4.28,445.6,2151.7,593.3,52.09,52.4,25.5,455.9,0,YARN_BREAKAGE
33.01,21.65,2.56,298.0,1884.1,590.3,45.58,46.5,24.2,619.7,3,BORDER_SEWING_DEFECT
26.28,20.88,4.58,464.7,2394.0,718.3,36.28,60.1,25.9,596.4,2,JACQUARD_PATTERN_SHIFT
25.49,11.66,3.76,412.5,2619.8,733.2,42.33,56.9,30.3,642.4,2,JACQUARD_PATTERN_SHIFT
17.48,7.48,5.7,414.7,2120.4,558.4,41.68,42.2,24.1,523.1,0,YARN_BREAKAGE
22.87,22.65,3.61,377.0,2711.5,668.5,23.49,59.0,25.7,591.7,2,JACQUARD_PATTERN_SHIFT
27.29,15.71,4.55,489.1,2827.3,758.4,28.47,62.6,26.2,636.6,2,JACQUARD_PATTERN_SHIFT
14.42,20.48,8.81,415.6,2394.3,588.5,33.34,32.5,35.0,579.3,1,OIL_STAIN
13.6,8.47,4.1,397.6,2095.5,640.1,43.82,57.2,20.4,503.6,0,YARN_BREAKAGE
24.66,12.63,2.83,434.0,2592.9,739.1,28.38,49.3,29.5,601.4,2,JACQUARD_PATTERN_SHIFT
24.31,15.08,11.01,400.0,2095.2,607.5,28.38,47.7,33.7,467.5,1,OIL_STAIN
15.16,6.21,1.5,417.5,2216.8,576.8,55.24,47.1,20.4,521.2,0,YARN_BREAKAGE
18.95,19.57,6.2,445.0,2684.3,705.5,39.48,60.6,22.0,709.4,2,JACQUARD_PATTERN_SHIFT
36.66,9.39,4.76,355.9,2420.3,751.3,31.03,55.1,23.8,623.1,2,JACQUARD_PATTERN_SHIFT
29.81,14.08,5.63,550.2,2812.9,734.0,14.49,60.5,26.7,646.0,2,JACQUARD_PATTERN_SHIFT
28.61,17.78,4.3,495.4,2661.0,728.4,44.68,56.6,26.6,686.0,2,JACQUARD_PATTERN_SHIFT
23.35,16.35,10.38,386.5,2603.7,575.4,14.46,37.9,33.9,541.1,1,OIL_STAIN
24.5,19.59,11.24,398.9,1927.5,646.8,22.92,37.1,34.3,621.8,1,OIL_STAIN
15.17,5.29,4.63,451.3,2078.6,623.1,42.09,52.9,21.2,501.2,0,YARN_BREAKAGE
21.97,16.7,6.52,465.3,2387.6,747.6,28.65,57.9,19.7,693.7,2,JACQUARD_PATTERN_SHIFT
14.61,6.36,2.03,356.0,1869.4,586.2,40.87,49.2,24.8,468.9,0,YARN_BREAKAGE
26.06,17.04,5.81,420.4,2387.3,692.6,19.19,53.6,21.4,620.9,2,JACQUARD_PATTERN_SHIFT
10.0,9.32,5.96,453.1,2378.1,620.0,60.0,70.0,31.2,567.1,0,YARN_BREAKAGE
14.21,8.23,5.82,328.9,2156.1,571.7,48.95,58.2,18.6,476.5,0,YARN_BREAKAGE
23.61,21.26,3.42,295.8,1929.8,638.4,45.5,72.8,28.1,525.6,3,BORDER_SEWING_DEFECT
12.77,7.29,5.15,424.9,2405.2,681.8,35.76,58.8,24.9,494.3,0,YARN_BREAKAGE
29.7,13.04,7.1,292.5,1760.6,591.8,33.81,58.4,23.1,527.9,3,BORDER_SEWING_DEFECT
20.75,15.15,5.59,309.6,1944.3,658.1,45.83,69.0,22.8,567.9,3,BORDER_SEWING_DEFECT
26.92,15.93,10.06,438.9,2111.9,628.9,26.42,37.2,34.9,563.9,1,OIL_STAIN
24.3,15.71,3.69,390.2,2583.3,736.7,13.17,67.0,21.8,672.8,2,JACQUARD_PATTERN_SHIFT
25.69,13.56,10.84,364.5,2196.4,562.7,24.5,46.4,36.9,479.1,1,OIL_STAIN
18.95,15.75,4.71,457.1,2465.4,764.6,16.71,48.4,27.0,709.7,2,JACQUARD_PATTERN_SHIFT
11.63,7.7,6.07,438.2,2104.9,585.6,46.11,65.0,27.8,522.2,0,YARN_BREAKAGE
11.3,5.36,3.18,332.2,2511.5,596.4,48.27,63.5,16.0,558.6,0,YARN_BREAKAGE
19.87,10.76,5.14,466.8,2664.7,700.1,36.26,52.8,20.0,599.5,2,JACQUARD_PATTERN_SHIFT
20.98,16.64,11.41,480.1,2172.6,641.3,9.8,43.5,32.4,531.3,1,OIL_STAIN
14.0,7.93,3.8,378.1,2594.6,640.2,41.84,51.5,25.3,542.1,0,YARN_BREAKAGE
15.62,19.3,5.2,289.9,1947.5,556.9,35.46,52.4,19.1,558.1,3,BORDER_SEWING_DEFECT
24.12,16.72,7.63,440.7,2253.0,651.4,9.53,33.0,29.8,476.5,1,OIL_STAIN
31.07,15.53,4.93,321.6,2485.4,677.8,18.45,60.0,22.5,676.8,2,JACQUARD_PATTERN_SHIFT
21.89,14.2,3.22,420.9,2543.8,693.2,46.08,53.8,22.1,593.6,2,JACQUARD_PATTERN_SHIFT
12.01,9.86,4.02,461.6,2266.1,662.8,40.58,65.5,23.6,505.5,0,YARN_BREAKAGE
23.9,13.62,8.69,457.2,2374.0,620.5,30.87,42.8,31.3,520.4,1,OIL_STAIN
26.87,13.03,4.88,322.4,1830.7,634.0,39.27,57.8,21.8,518.5,3,BORDER_SEWING_DEFECT
14.88,9.94,4.77,420.2,2057.7,676.0,44.19,55.8,19.7,568.0,0,YARN_BREAKAGE
12.09,9.32,7.42,413.8,2282.3,603.1,38.93,65.6,23.1,515.5,0,YARN_BREAKAGE
17.38,6.82,5.66,404.9,2541.3,715.4,20.04,49.1,25.0,662.9,2,JACQUARD_PATTERN_SHIFT
23.87,12.73,5.62,431.7,2726.9,689.7,18.04,64.1,22.1,667.1,2,JACQUARD_PATTERN_SHIFT
12.36,6.75,5.36,406.3,2075.8,641.8,37.12,47.9,25.1,505.6,0,YARN_BREAKAGE
22.25,22.35,4.06,425.7,2510.3,726.6,33.02,59.1,27.5,609.2,2,JACQUARD_PATTERN_SHIFT
16.3,12.54,5.37,261.6,1851.0,587.3,41.29,41.9,21.2,596.6,3,BORDER_SEWING_DEFECT
25.17,18.47,5.09,301.4,1959.1,672.3,45.97,60.2,18.0,562.7,3,BORDER_SEWING_DEFECT
24.04,14.35,9.8,476.6,2012.5,544.8,29.34,35.8,37.5,446.2,1,OIL_STAIN
25.0,16.63,3.4,269.8,1687.1,576.2,33.49,60.4,22.9,609.2,3,BORDER_SEWING_DEFECT
30.66,19.94,2.61,274.7,1688.9,625.9,34.69,66.4,22.2,551.3,3,BORDER_SEWING_DEFECT
12.88,7.65,6.97,458.2,2208.5,633.8,52.34,56.5,28.0,585.6,0,YARN_BREAKAGE
28.12,17.42,6.9,527.4,2057.5,621.7,30.57,38.5,33.6,618.5,1,OIL_STAIN
24.03,18.7,7.26,304.0,1719.1,562.3,42.85,60.8,18.9,440.2,3,BORDER_SEWING_DEFECT
13.07,4.5,3.64,377.2,2207.8,671.7,41.74,64.6,21.7,506.0,0,YARN_BREAKAGE
14.67,7.71,6.57,336.1,2726.3,594.9,36.64,46.7,29.2,562.8,0,YARN_BREAKAGE
26.34,22.48,8.83,335.4,2205.1,568.1,43.54,44.2,35.0,462.6,1,OIL_STAIN
10.7,9.41,2.58,372.8,2004.8,605.6,39.32,61.7,20.9,521.0,0,YARN_BREAKAGE
18.05,14.24,5.17,332.8,2022.9,599.9,43.6,67.5,24.8,513.2,3,BORDER_SEWING_DEFECT
21.6,13.92,6.33,284.4,2005.1,620.9,32.01,53.7,27.3,595.5,3,BORDER_SEWING_DEFECT
16.01,8.11,6.04,427.7,2509.2,645.6,40.11,63.3,21.2,496.8,0,YARN_BREAKAGE
12.54,10.63,5.29,394.1,2103.2,614.2,41.26,52.4,27.9,458.8,0,YARN_BREAKAGE
22.93,17.07,4.14,378.6,2776.2,766.7,15.91,65.6,26.7,658.5,2,JACQUARD_PATTERN_SHIFT
19.24,17.38,4.66,298.9,1713.4,597.7,42.09,55.4,20.1,617.0,3,BORDER_SEWING_DEFECT
13.76,8.6,5.03,351.2,2287.4,564.4,51.42,42.6,26.3,563.5,0,YARN_BREAKAGE
18.66,11.34,11.26,380.3,2073.1,613.6,23.66,34.0,35.6,530.2,1,OIL_STAIN
32.0,11.55,2.42,483.9,2800.2,704.1,16.42,51.0,22.5,696.3,2,JACQUARD_PATTERN_SHIFT
24.04,9.38,5.87,282.2,1813.2,619.3,37.36,64.2,27.9,514.5,3,BORDER_SEWING_DEFECT
26.58,23.06,4.08,286.9,1737.5,562.1,44.26,65.9,24.5,492.6,3,BORDER_SEWING_DEFECT
28.61,15.82,4.96,497.1,2516.8,763.0,32.36,67.4,23.0,680.4,2,JACQUARD_PATTERN_SHIFT
27.58,13.32,9.17,441.4,2388.2,668.3,28.89,40.0,33.3,487.8,1,OIL_STAIN
15.92,10.64,2.07,372.6,2164.6,580.0,36.0,40.8,25.4,513.4,0,YARN_BREAKAGE
24.41,9.01,5.05,305.6,1848.7,555.0,35.97,66.2,27.5,491.1,3,BORDER_SEWING_DEFECT
26.14,19.09,3.72,494.4,2513.3,677.7,23.88,60.7,19.7,609.9,2,JACQUARD_PATTERN_SHIFT
21.56,14.78,6.77,286.0,1910.5,601.4,40.79,73.6,25.4,575.9,3,BORDER_SEWING_DEFECT
31.77,12.63,3.75,265.6,1655.4,583.4,43.17,55.5,27.3,553.9,3,BORDER_SEWING_DEFECT
13.39,9.69,5.79,373.4,2253.1,659.8,57.29,61.9,29.8,490.5,0,YARN_BREAKAGE
18.76,5.24,10.2,420.6,2254.3,614.1,38.83,40.3,37.0,576.9,1,OIL_STAIN
16.13,9.32,5.3,329.6,2284.8,580.0,56.9,65.2,22.2,551.9,0,YARN_BREAKAGE
23.21,11.85,2.56,380.3,2785.3,751.5,23.41,49.6,19.1,619.9,2,JACQUARD_PATTERN_SHIFT
25.76,17.36,2.25,299.4,1750.3,575.3,38.83,58.6,24.6,498.2,3,BORDER_SEWING_DEFECT
25.83,17.3,3.58,303.8,1652.6,596.3,33.59,54.6,27.0,462.1,3,BORDER_SEWING_DEFECT
26.04,18.97,5.11,312.6,1848.5,634.8,37.5,64.1,22.6,578.3,3,BORDER_SEWING_DEFECT
16.84,6.81,1.96,419.2,2441.2,605.9,42.42,54.7,20.0,510.5,0,YARN_BREAKAGE
26.44,22.15,3.36,337.7,1694.5,568.6,32.95,51.9,22.5,572.8,3,BORDER_SEWING_DEFECT
13.48,4.77,5.86,379.4,2090.2,545.9,39.8,53.3,27.0,582.3,0,YARN_BREAKAGE
15.1,6.08,4.17,407.2,2276.8,618.0,31.38,52.9,23.4,551.9,0,YARN_BREAKAGE
21.56,15.87,5.58,305.9,1989.6,609.2,34.76,55.6,27.6,515.1,3,BORDER_SEWING_DEFECT
24.01,18.56,7.04,409.8,2274.4,666.1,23.78,36.2,30.4,475.6,1,OIL_STAIN
13.88,17.67,8.13,329.0,2125.9,669.4,22.98,40.3,31.4,476.7,1,OIL_STAIN
14.75,10.36,2.99,435.2,2607.0,656.0,41.57,71.7,28.4,486.2,0,YARN_BREAKAGE
26.3,14.99,6.76,290.0,1908.2,653.5,44.34,60.3,23.7,515.5,3,BORDER_SEWING_DEFECT
20.89,21.02,5.2,411.2,2754.2,671.7,32.4,58.5,25.7,666.0,2,JACQUARD_PATTERN_SHIFT
16.51,7.33,4.33,402.2,2169.2,647.1,56.93,51.1,31.3,502.8,0,YARN_BREAKAGE
23.36,15.32,5.16,363.5,2536.4,734.6,24.67,66.6,23.7,663.4,2,JACQUARD_PATTERN_SHIFT
19.16,20.74,6.34,451.8,2840.3,680.8,36.18,60.1,21.5,590.7,2,JACQUARD_PATTERN_SHIFT
11.3,8.55,4.19,417.4,2195.9,558.9,37.95,60.8,25.6,590.6,0,YARN_BREAKAGE
20.79,19.65,3.11,395.7,2398.6,724.7,29.68,45.2,23.9,639.4,2,JACQUARD_PATTERN_SHIFT
31.22,13.66,3.77,333.9,2736.4,713.9,21.27,61.5,22.8,653.2,2,JACQUARD_PATTERN_SHIFT
11.16,10.41,3.85,378.1,1791.6,581.4,39.25,61.1,26.1,466.8,0,YARN_BREAKAGE
22.18,12.81,2.51,470.4,2462.8,771.6,38.66,49.6,20.5,641.6,2,JACQUARD_PATTERN_SHIFT
29.05,12.74,5.43,483.7,2587.9,707.3,30.27,66.5,24.0,647.6,2,JACQUARD_PATTERN_SHIFT
28.71,11.96,3.99,305.6,1964.0,550.8,43.8,59.6,23.4,524.7,3,BORDER_SEWING_DEFECT
21.89,13.43,5.66,390.0,2613.5,689.7,26.05,59.7,25.3,624.5,2,JACQUARD_PATTERN_SHIFT
31.09,16.2,5.6,266.7,1888.4,636.3,43.79,69.4,17.9,459.8,3,BORDER_SEWING_DEFECT
30.63,20.68,11.41,445.6,2112.3,545.4,15.37,40.1,34.8,454.7,1,OIL_STAIN
15.65,8.03,6.32,383.4,2423.2,671.9,46.62,59.7,28.0,495.3,0,YARN_BREAKAGE
29.8,18.79,8.01,321.5,1744.0,574.0,45.0,64.3,26.8,528.3,3,BORDER_SEWING_DEFECT
26.48,16.48,7.2,372.7,2093.5,687.6,17.78,37.3,38.6,551.1,1,OIL_STAIN
21.9,18.51,3.95,459.2,2751.5,671.9,21.21,58.8,24.0,704.8,2,JACQUARD_PATTERN_SHIFT
11.77,9.76,3.08,464.1,2019.6,579.6,55.96,47.4,18.3,558.8,0,YARN_BREAKAGE
23.01,21.75,7.26,390.3,2107.4,598.7,28.88,40.3,30.5,524.7,1,OIL_STAIN
25.01,20.57,4.61,386.6,2602.8,690.5,19.72,63.2,24.3,637.4,2,JACQUARD_PATTERN_SHIFT
26.18,13.4,2.77,301.4,2037.2,632.7,35.84,49.2,26.3,517.2,3,BORDER_SEWING_DEFECT
14.86,10.84,5.59,434.1,2420.0,674.1,41.42,57.2,25.8,659.5,0,YARN_BREAKAGE
12.32,8.98,6.2,458.6,2339.4,562.8,53.08,53.2,21.9,509.8,0,YARN_BREAKAGE
25.46,15.8,7.32,401.9,2394.7,761.9,26.06,59.8,26.6,665.7,2,JACQUARD_PATTERN_SHIFT
15.23,6.13,5.95,447.8,2332.5,599.1,49.23,60.3,22.3,552.4,0,YARN_BREAKAGE
15.9,7.44,3.3,408.3,2116.3,650.7,52.37,58.7,27.4,491.6,0,YARN_BREAKAGE
15.88,5.89,5.27,329.0,2472.7,663.7,47.06,55.8,25.5,503.2,0,YARN_BREAKAGE
14.4,6.96,1.5,373.7,2259.1,651.3,51.05,62.9,24.2,555.3,0,YARN_BREAKAGE
23.73,16.85,4.17,310.2,1687.0,643.9,41.35,55.1,29.9,589.0,3,BORDER_SEWING_DEFECT
13.14,7.85,5.99,353.4,2299.1,613.3,43.14,48.3,28.2,509.1,0,YARN_BREAKAGE
21.69,13.04,5.58,288.6,1873.5,629.6,39.7,53.6,25.3,576.8,3,BORDER_SEWING_DEFECT
14.56,8.18,4.47,410.9,1863.3,605.5,40.02,66.1,18.1,467.7,0,YARN_BREAKAGE
17.02,10.39,6.55,318.9,2361.8,657.5,49.21,60.3,23.6,556.6,0,YARN_BREAKAGE
16.66,9.88,3.28,482.5,2210.6,631.1,52.39,67.3,25.3,577.5,0,YARN_BREAKAGE
27.37,12.8,10.51,381.0,2337.1,548.4,25.5,47.0,31.6,569.3,1,OIL_STAIN
10.94,7.72,4.52,407.2,2353.8,681.6,39.92,52.7,21.2,559.6,0,YARN_BREAKAGE
18.33,17.95,4.05,267.5,1973.6,568.2,35.79,71.7,22.9,547.6,3,BORDER_SEWING_DEFECT
29.05,10.43,2.19,381.5,2582.3,763.5,33.78,53.1,20.9,616.8,2,JACQUARD_PATTERN_SHIFT
17.25,8.55,4.52,378.3,2017.9,557.4,43.78,57.8,26.1,479.0,0,YARN_BREAKAGE
22.83,14.35,5.87,262.6,2014.2,630.8,45.96,49.2,16.0,552.3,3,BORDER_SEWING_DEFECT
14.25,7.29,4.33,337.0,2328.4,623.2,49.72,42.3,30.2,602.1,0,YARN_BREAKAGE
24.35,21.86,6.62,284.0,1938.5,629.4,38.07,50.6,25.3,572.0,3,BORDER_SEWING_DEFECT
15.36,8.1,5.86,408.9,2259.4,601.2,39.4,56.4,24.8,534.3,0,YARN_BREAKAGE
11.81,10.21,3.96,429.5,2062.5,543.0,54.41,60.6,24.8,502.0,0,YARN_BREAKAGE
25.59,10.87,7.67,400.5,1891.2,572.4,32.55,34.8,29.6,485.5,1,OIL_STAIN
24.53,15.67,1.5,284.0,2034.8,639.1,44.27,53.4,27.5,510.1,3,BORDER_SEWING_DEFECT
15.48,10.96,2.08,487.7,2306.8,673.3,43.65,62.9,25.6,495.6,0,YARN_BREAKAGE
17.12,5.23,4.41,400.9,2226.1,588.8,57.79,64.1,26.0,480.4,0,YARN_BREAKAGE
26.91,19.96,4.81,290.3,2043.6,623.6,43.27,61.0,26.0,482.5,3,BORDER_SEWING_DEFECT
14.57,9.96,3.9,440.8,2186.2,590.4,41.9,57.3,28.2,488.3,0,YARN_BREAKAGE
25.58,13.53,9.81,553.7,2046.3,601.2,17.66,32.9,36.9,551.3,1,OIL_STAIN
11.35,9.56,6.42,442.7,2540.6,554.1,40.75,59.6,24.3,473.4,0,YARN_BREAKAGE
13.01,6.3,5.38,347.2,2448.5,578.2,52.04,53.0,18.5,508.9,0,YARN_BREAKAGE
13.15,5.72,5.87,352.3,2058.2,583.8,52.0,62.2,29.2,564.3,0,YARN_BREAKAGE
24.91,20.69,4.97,339.3,1985.8,712.5,36.77,59.5,28.5,445.6,3,BORDER_SEWING_DEFECT
29.59,15.23,10.54,399.0,2192.8,642.1,20.45,36.0,33.2,487.5,1,OIL_STAIN
22.56,18.11,4.44,313.0,1896.2,631.7,33.18,54.5,29.4,575.2,3,BORDER_SEWING_DEFECT
33.48,13.6,4.86,323.9,1983.2,664.5,43.21,50.8,25.3,557.1,3,BORDER_SEWING_DEFECT
20.97,15.1,8.12,385.9,2385.9,681.7,35.06,44.0,38.6,650.2,1,OIL_STAIN
11.77,7.35,5.33,434.1,2244.5,520.3,40.72,65.8,22.9,521.6,0,YARN_BREAKAGE
25.21,9.18,3.22,315.0,1969.7,613.0,45.0,58.3,26.7,517.8,3,BORDER_SEWING_DEFECT
12.14,7.31,6.32,363.8,1929.9,659.3,43.83,56.9,16.0,557.5,0,YARN_BREAKAGE
15.8,9.44,4.99,371.8,1928.7,577.4,48.66,60.2,18.2,428.0,0,YARN_BREAKAGE
18.81,13.75,8.3,421.7,2451.5,642.9,22.8,45.1,29.7,571.3,1,OIL_STAIN
24.51,19.55,5.98,389.2,2479.2,716.5,40.41,64.5,18.8,603.6,2,JACQUARD_PATTERN_SHIFT
14.8,9.5,2.19,388.3,2414.0,625.0,48.9,61.4,26.0,519.5,0,YARN_BREAKAGE
12.14,5.93,4.43,390.8,2126.4,682.5,54.21,49.7,25.2,532.7,0,YARN_BREAKAGE
25.29,13.49,5.56,317.6,1961.2,651.4,40.33,44.9,23.4,460.6,3,BORDER_SEWING_DEFECT
20.85,14.89,4.14,480.3,2514.6,663.1,29.27,51.7,23.0,673.5,2,JACQUARD_PATTERN_SHIFT
33.09,19.46,7.85,317.3,1729.6,583.9,36.27,54.0,24.3,549.7,3,BORDER_SEWING_DEFECT
23.69,12.35,4.11,535.9,2506.4,756.3,22.46,43.7,22.6,652.2,2,JACQUARD_PATTERN_SHIFT
21.72,18.17,4.08,354.3,2477.9,771.5,20.41,67.3,26.1,683.7,2,JACQUARD_PATTERN_SHIFT
10.86,10.58,4.67,350.0,1920.4,590.5,51.84,57.4,26.3,560.0,0,YARN_BREAKAGE
21.58,11.51,5.14,349.9,2721.8,747.7,34.39,60.1,18.9,621.2,2,JACQUARD_PATTERN_SHIFT
24.11,15.64,7.9,488.1,2231.1,701.0,28.3,45.0,37.8,562.9,1,OIL_STAIN
15.05,8.78,5.8,397.6,2130.1,589.5,51.07,67.3,19.8,466.9,0,YARN_BREAKAGE
19.77,14.87,4.5,440.4,2549.3,660.2,24.37,60.7,27.9,634.6,2,JACQUARD_PATTERN_SHIFT
28.37,16.71,3.17,294.9,1831.2,573.5,39.25,58.7,32.1,475.5,3,BORDER_SEWING_DEFECT
26.72,11.84,3.65,366.5,2468.2,723.7,32.55,60.8,19.3,696.5,2,JACQUARD_PATTERN_SHIFT
19.11,13.87,7.67,286.8,1752.8,550.0,32.11,61.9,27.2,531.9,3,BORDER_SEWING_DEFECT
14.43,9.0,4.48,442.9,2478.8,619.2,46.15,50.3,26.6,423.4,0,YARN_BREAKAGE
20.57,17.43,6.87,418.7,2220.5,633.0,22.06,40.7,37.7,522.6,1,OIL_STAIN
16.17,12.23,4.62,414.9,2676.7,779.9,27.59,70.9,25.9,675.0,2,JACQUARD_PATTERN_SHIFT
20.74,13.63,8.63,460.0,2592.5,628.0,20.31,45.8,37.4,415.9,1,OIL_STAIN
13.76,6.57,5.23,384.5,2205.7,573.2,56.14,50.6,20.3,498.3,0,YARN_BREAKAGE
13.74,10.56,6.01,435.5,1976.7,643.7,40.99,61.4,23.1,525.6,0,YARN_BREAKAGE
23.62,12.25,9.69,489.5,2555.3,624.5,20.56,32.3,34.8,532.3,1,OIL_STAIN
25.66,21.29,2.84,361.5,2443.2,747.7,20.27,49.6,25.1,708.5,2,JACQUARD_PATTERN_SHIFT
16.91,8.02,4.7,413.0,1869.2,655.2,57.04,56.6,20.4,553.9,0,YARN_BREAKAGE
14.94,18.79,9.69,397.6,1992.1,594.3,8.0,32.7,30.5,491.8,1,OIL_STAIN
14.79,7.23,2.36,420.0,2353.8,549.2,39.78,51.4,27.7,498.0,0,YARN_BREAKAGE
11.4,7.38,3.33,389.6,2167.2,640.5,54.87,57.4,31.2,609.8,0,YARN_BREAKAGE
26.85,20.22,5.45,324.4,1689.2,620.4,32.21,67.6,16.3,576.2,3,BORDER_SEWING_DEFECT
19.0,20.01,3.1,322.4,2039.1,702.5,40.68,55.6,25.4,539.9,3,BORDER_SEWING_DEFECT
23.04,8.99,3.15,341.2,2638.2,714.7,22.65,54.0,22.5,616.9,2,JACQUARD_PATTERN_SHIFT
21.62,12.3,6.89,423.3,2486.9,771.1,32.56,50.9,21.2,642.4,2,JACQUARD_PATTERN_SHIFT
26.82,17.06,2.44,447.2,2715.8,713.3,17.99,61.4,25.7,604.4,2,JACQUARD_PATTERN_SHIFT
29.73,19.47,2.66,475.7,2796.9,755.2,36.12,43.2,28.1,662.2,2,JACQUARD_PATTERN_SHIFT
14.68,4.76,7.59,499.6,2116.9,564.6,47.52,48.6,19.1,481.0,0,YARN_BREAKAGE
12.82,10.0,4.49,430.5,2344.8,680.5,49.45,55.4,27.8,569.7,0,YARN_BREAKAGE
13.92,5.28,5.94,465.5,2086.5,608.3,51.11,59.6,29.1,498.2,0,YARN_BREAKAGE
11.43,4.79,5.27,470.3,2308.0,676.1,46.79,64.7,29.7,486.3,0,YARN_BREAKAGE
12.07,8.65,3.81,424.6,2508.8,549.8,45.69,67.4,26.6,510.3,0,YARN_BREAKAGE
16.08,5.83,4.62,405.8,1919.0,610.8,57.59,64.1,22.0,558.2,0,YARN_BREAKAGE
15.76,10.11,6.83,328.1,1838.5,565.7,41.55,60.6,25.4,503.9,0,YARN_BREAKAGE
19.45,13.9,4.99,267.2,1908.9,604.7,38.56,61.3,24.3,480.7,3,BORDER_SEWING_DEFECT
15.85,14.64,6.57,472.0,2723.6,726.6,14.44,66.9,23.4,690.9,2,JACQUARD_PATTERN_SHIFT
26.83,17.68,10.44,409.5,2456.4,778.7,38.13,46.3,25.1,662.8,2,JACQUARD_PATTERN_SHIFT
15.34,18.83,8.23,433.8,2282.4,633.4,22.54,46.7,29.6,537.7,1,OIL_STAIN
13.76,5.61,7.28,417.1,1988.4,555.1,50.64,66.3,20.0,530.4,0,YARN_BREAKAGE
18.52,7.0,5.75,430.0,2195.8,653.6,34.5,64.5,24.6,480.3,0,YARN_BREAKAGE
12.05,8.03,4.45,461.9,2204.4,563.8,53.62,60.5,29.4,535.6,0,YARN_BREAKAGE
24.07,19.24,5.59,266.3,1876.3,612.0,32.6,58.4,26.0,496.3,3,BORDER_SEWING_DEFECT
30.46,20.99,4.8,310.0,1819.7,630.4,36.73,42.2,21.2,585.8,3,BORDER_SEWING_DEFECT
31.65,20.48,10.69,419.1,2293.0,634.4,18.45,38.1,30.3,610.3,1,OIL_STAIN
14.23,7.11,3.27,329.5,2289.1,624.4,40.4,53.4,27.0,544.5,0,YARN_BREAKAGE
16.53,10.33,4.48,396.5,2425.7,729.0,36.47,75.4,28.0,684.0,2,JACQUARD_PATTERN_SHIFT
11.8,8.98,4.87,362.1,2072.5,659.1,44.3,50.9,25.0,483.7,0,YARN_BREAKAGE
27.71,17.45,7.41,408.5,2349.2,563.2,36.69,33.3,33.7,515.6,1,OIL_STAIN
12.5,9.62,5.32,425.9,2158.9,557.3,56.77,54.4,27.2,518.3,0,YARN_BREAKAGE
25.73,15.8,4.35,300.6,1803.9,689.3,33.21,53.2,23.6,484.5,3,BORDER_SEWING_DEFECT
14.16,19.04,1.5,466.0,2622.1,710.0,26.45,51.0,25.1,705.1,2,JACQUARD_PATTERN_SHIFT
14.04,14.33,9.04,421.4,2097.7,576.1,32.62,36.4,32.9,602.7,1,OIL_STAIN
26.29,12.3,7.94,483.5,2368.4,650.5,31.65,43.2,31.9,534.6,1,OIL_STAIN
26.5,10.7,8.29,445.1,2343.2,642.9,24.92,47.2,31.7,491.9,1,OIL_STAIN
21.38,15.68,3.77,490.2,2494.7,679.6,36.34,58.7,16.0,609.3,2,JACQUARD_PATTERN_SHIFT
29.31,15.69,6.43,284.2,1941.2,619.1,41.63,54.7,27.9,413.7,3,BORDER_SEWING_DEFECT
21.64,20.81,6.65,416.7,2691.9,690.4,42.46,60.6,25.2,612.1,2,JACQUARD_PATTERN_SHIFT
31.14,14.31,1.66,287.4,1959.8,579.2,36.89,51.4,23.9,549.0,3,BORDER_SEWING_DEFECT
14.96,6.64,3.01,438.8,2267.9,594.5,40.32,56.9,28.2,574.1,0,YARN_BREAKAGE
14.67,8.51,3.79,387.0,2173.5,637.4,49.98,56.7,22.7,541.6,0,YARN_BREAKAGE
36.72,21.6,4.72,449.2,2404.8,747.7,33.2,63.8,21.3,686.9,2,JACQUARD_PATTERN_SHIFT
17.2,8.84,2.87,395.6,2092.0,566.8,49.18,55.2,21.3,565.2,0,YARN_BREAKAGE
32.32,9.56,1.5,309.9,1683.3,603.6,44.84,57.3,21.3,563.9,3,BORDER_SEWING_DEFECT
30.6,18.06,7.82,416.7,1933.5,593.1,8.1,38.1,36.3,549.9,1,OIL_STAIN
19.69,22.12,2.23,327.7,2034.7,612.8,35.54,67.5,28.7,537.3,3,BORDER_SEWING_DEFECT
10.87,12.19,2.43,461.2,2689.3,767.5,18.72,61.3,26.7,655.8,2,JACQUARD_PATTERN_SHIFT
19.55,13.43,7.3,452.9,1969.6,540.0,32.89,40.5,29.8,507.4,1,OIL_STAIN
26.59,12.45,11.5,433.8,1842.0,662.6,15.55,40.2,34.5,657.5,1,OIL_STAIN
24.89,17.36,4.7,533.1,2796.6,744.6,31.73,57.5,21.9,691.7,2,JACQUARD_PATTERN_SHIFT
30.71,11.3,4.11,297.8,1940.6,516.7,39.43,54.5,23.2,481.4,3,BORDER_SEWING_DEFECT
21.36,14.62,7.36,451.6,2452.0,549.5,25.95,38.5,30.7,502.9,1,OIL_STAIN
26.23,15.91,3.95,356.4,2418.1,697.9,21.88,73.7,29.4,621.6,2,JACQUARD_PATTERN_SHIFT
20.24,13.2,10.28,459.2,1949.0,621.7,25.84,34.5,34.7,500.6,1,OIL_STAIN
27.74,15.44,6.97,446.4,1819.6,625.0,32.24,33.9,37.9,550.8,1,OIL_STAIN
27.32,10.85,2.52,508.8,2831.9,717.0,25.5,51.2,21.0,611.5,2,JACQUARD_PATTERN_SHIFT
16.72,11.0,4.81,396.4,1950.8,727.0,52.49,57.6,27.8,614.9,0,YARN_BREAKAGE
11.94,8.03,5.85,368.8,1848.0,700.6,39.81,47.3,23.1,488.5,0,YARN_BREAKAGE
33.93,17.68,6.55,383.3,2409.5,725.7,26.15,57.8,24.4,630.2,2,JACQUARD_PATTERN_SHIFT
15.85,5.55,6.46,421.5,2363.5,648.9,57.64,60.9,28.4,470.4,0,YARN_BREAKAGE
17.66,11.57,9.61,473.7,2021.3,577.4,40.99,47.5,34.8,514.8,1,OIL_STAIN
10.6,8.1,6.56,407.5,2129.5,499.9,36.73,55.4,23.5,454.1,0,YARN_BREAKAGE
28.72,17.1,2.63,418.5,2568.7,752.2,21.27,58.7,27.6,705.5,2,JACQUARD_PATTERN_SHIFT
29.26,13.32,7.31,395.6,2400.4,667.2,28.41,34.2,32.0,598.9,1,OIL_STAIN
25.04,14.03,8.52,345.9,2519.2,764.2,29.98,51.0,29.9,604.8,2,JACQUARD_PATTERN_SHIFT
23.8,15.06,6.66,406.3,2608.7,747.8,34.03,59.3,26.3,664.4,2,JACQUARD_PATTERN_SHIFT
27.45,17.47,5.32,352.9,2416.7,723.9,26.33,63.4,23.1,701.3,2,JACQUARD_PATTERN_SHIFT
13.4,6.77,4.74,525.3,2002.6,509.4,43.09,73.3,19.7,514.1,0,YARN_BREAKAGE
24.06,13.5,5.37,345.6,2521.6,697.7,35.01,42.8,21.8,614.5,2,JACQUARD_PATTERN_SHIFT
16.97,16.41,11.41,493.9,2386.5,623.5,30.37,44.2,31.9,473.3,1,OIL_STAIN
23.08,13.88,9.5,507.4,2076.0,585.9,35.68,44.7,31.9,564.9,1,OIL_STAIN
11.67,9.24,6.35,421.3,2552.5,535.7,50.06,58.6,24.3,452.7,0,YARN_BREAKAGE
28.15,11.13,10.54,436.3,2145.6,587.3,17.79,46.7,31.1,666.8,1,OIL_STAIN
12.49,10.49,6.48,424.7,1656.8,609.8,38.18,59.0,26.9,469.6,0,YARN_BREAKAGE
28.09,16.28,4.6,432.5,2440.6,675.6,24.52,60.5,25.6,635.6,2,JACQUARD_PATTERN_SHIFT
23.02,12.65,8.59,487.4,2341.6,613.7,27.9,41.6,33.9,498.1,1,OIL_STAIN
16.32,4.82,1.5,419.7,2337.6,481.2,39.74,57.3,29.0,551.7,0,YARN_BREAKAGE
12.53,8.82,4.05,539.2,2367.8,656.3,49.73,50.1,19.7,496.6,0,YARN_BREAKAGE
12.41,9.53,2.68,433.9,1877.9,632.8,50.97,71.5,21.3,569.5,0,YARN_BREAKAGE
25.01,18.32,5.29,341.8,2734.7,733.8,27.25,61.9,25.5,707.0,2,JACQUARD_PATTERN_SHIFT
26.2,21.76,5.82,392.5,2448.4,661.6,30.83,67.0,29.7,670.7,2,JACQUARD_PATTERN_SHIFT
14.4,7.19,7.23,507.4,2326.9,548.0,42.71,62.1,32.0,530.2,0,YARN_BREAKAGE
23.31,16.86,8.87,448.9,2043.6,538.0,13.34,44.7,31.2,478.2,1,OIL_STAIN
13.46,6.22,6.34,465.2,2151.9,614.5,50.76,58.7,21.3,514.2,0,YARN_BREAKAGE
20.65,8.59,4.52,481.3,2789.3,725.9,19.82,54.2,26.7,691.3,2,JACQUARD_PATTERN_SHIFT
17.88,14.9,10.31,446.0,2223.4,635.8,22.21,40.0,37.9,586.4,1,OIL_STAIN
30.14,17.98,10.23,418.2,2251.7,567.0,40.44,42.9,37.8,502.0,1,OIL_STAIN
22.5,15.18,3.99,328.7,1810.3,640.8,43.02,62.8,23.7,551.6,3,BORDER_SEWING_DEFECT
17.0,8.21,5.01,385.2,1975.2,611.4,55.86,66.9,25.7,571.2,0,YARN_BREAKAGE
37.11,6.16,8.31,361.5,1964.2,621.9,18.39,34.2,35.6,615.6,1,OIL_STAIN
11.75,10.17,2.91,410.5,1780.3,569.3,50.08,62.6,18.4,525.9,0,YARN_BREAKAGE
32.7,20.47,8.17,387.9,2075.3,586.3,31.78,39.7,33.7,634.5,1,OIL_STAIN
19.94,17.36,3.14,469.8,2396.9,768.5,42.31,55.7,29.5,707.8,2,JACQUARD_PATTERN_SHIFT
18.21,15.96,8.72,468.4,2096.1,565.6,31.9,43.5,38.0,511.2,1,OIL_STAIN
14.65,7.3,5.84,335.4,2231.6,644.7,50.64,51.1,24.1,498.8,0,YARN_BREAKAGE
25.39,13.1,3.18,381.9,2830.1,711.6,38.45,59.7,23.8,688.6,2,JACQUARD_PATTERN_SHIFT
21.24,20.01,5.26,378.2,2493.4,770.8,41.75,53.5,24.1,636.0,2,JACQUARD_PATTERN_SHIFT
26.53,11.98,6.93,329.4,2067.5,597.8,18.77,35.1,33.5,460.9,1,OIL_STAIN
23.85,19.12,3.28,377.2,2606.0,760.0,34.46,51.4,22.3,693.4,2,JACQUARD_PATTERN_SHIFT
25.1,10.91,4.06,281.2,1869.7,572.3,42.29,73.8,18.7,471.1,3,BORDER_SEWING_DEFECT
16.22,5.91,5.0,451.9,2363.2,636.5,47.76,54.6,24.7,484.0,0,YARN_BREAKAGE
25.77,19.78,6.17,523.3,2817.6,714.2,18.18,53.6,21.6,600.9,2,JACQUARD_PATTERN_SHIFT
18.97,12.19,5.19,379.2,2640.7,660.8,40.71,55.6,18.3,692.7,2,JACQUARD_PATTERN_SHIFT
15.41,5.89,5.58,520.2,2122.3,628.0,50.12,61.2,25.8,522.7,0,YARN_BREAKAGE
19.21,12.36,4.79,327.8,2785.9,743.1,18.94,61.4,26.6,646.3,2,JACQUARD_PATTERN_SHIFT
31.06,14.24,3.65,396.2,2627.1,765.5,28.38,71.4,23.4,619.5,2,JACQUARD_PATTERN_SHIFT
17.97,14.44,7.01,521.3,2779.6,742.6,29.23,55.0,26.0,629.5,2,JACQUARD_PATTERN_SHIFT
20.17,12.97,11.24,339.4,2060.2,641.5,26.35,45.6,34.2,552.9,1,OIL_STAIN
19.64,13.66,6.12,447.6,2592.4,670.7,22.57,54.4,22.0,630.6,2,JACQUARD_PATTERN_SHIFT
20.25,16.23,3.75,313.6,2022.3,609.8,40.62,53.0,24.6,477.4,3,BORDER_SEWING_DEFECT
11.35,7.13,2.52,414.3,2431.9,583.7,36.69,62.2,23.0,466.9,0,YARN_BREAKAGE
10.84,4.96,3.53,381.9,2043.8,584.1,38.73,47.2,22.8,536.7,0,YARN_BREAKAGE
26.96,11.06,5.01,382.8,2650.6,681.6,25.11,61.6,24.7,708.7,2,JACQUARD_PATTERN_SHIFT
17.81,12.46,5.48,272.9,1834.2,659.7,36.93,67.4,24.3,521.5,3,BORDER_SEWING_DEFECT
14.96,17.54,3.18,415.3,2803.8,711.5,29.04,56.6,27.6,654.0,2,JACQUARD_PATTERN_SHIFT
27.47,17.62,8.22,399.6,2361.5,647.8,8.66,40.2,32.6,502.9,1,OIL_STAIN
16.52,9.13,6.42,423.3,2361.1,672.7,50.02,54.1,21.8,515.3,0,YARN_BREAKAGE
25.36,22.93,4.33,411.9,2690.5,677.2,14.7,42.5,25.9,672.8,2,JACQUARD_PATTERN_SHIFT
12.96,8.82,4.48,500.4,1906.4,625.1,43.7,57.9,27.2,528.4,0,YARN_BREAKAGE
14.77,4.51,8.4,355.8,2260.4,583.4,38.96,60.5,21.9,555.7,0,YARN_BREAKAGE
29.75,16.11,8.86,404.6,2137.6,619.4,37.66,36.9,30.9,466.4,1,OIL_STAIN
21.82,12.62,4.81,296.6,1812.6,556.9,44.34,57.6,28.0,494.2,3,BORDER_SEWING_DEFECT
10.51,8.96,6.34,376.4,2153.9,584.8,52.76,50.3,23.1,503.2,0,YARN_BREAKAGE
14.83,7.09,4.91,458.3,1921.1,630.9,44.98,59.7,25.8,563.6,0,YARN_BREAKAGE
24.15,18.75,5.6,490.2,2745.1,779.6,29.2,54.3,23.1,608.0,2,JACQUARD_PATTERN_SHIFT
26.61,15.04,2.9,418.7,2834.7,756.0,19.6,62.6,34.8,655.3,2,JACQUARD_PATTERN_SHIFT
12.29,15.4,6.08,400.5,2658.1,709.4,30.05,57.7,28.3,652.3,2,JACQUARD_PATTERN_SHIFT
22.73,15.35,5.08,438.0,2502.4,756.5,30.17,66.3,20.7,673.5,2,JACQUARD_PATTERN_SHIFT
26.03,13.74,6.91,374.4,2294.2,528.8,20.49,43.9,39.3,515.1,1,OIL_STAIN
10.92,8.6,5.65,367.0,1950.2,629.8,49.04,59.3,25.6,565.9,0,YARN_BREAKAGE
14.84,5.9,7.23,541.2,2329.7,666.8,50.78,65.9,20.7,608.8,0,YARN_BREAKAGE
21.6,19.09,5.54,302.6,1764.4,675.2,39.49,58.2,22.0,531.5,3,BORDER_SEWING_DEFECT
12.72,5.28,4.6,491.2,2249.7,585.4,45.47,50.9,25.2,549.2,0,YARN_BREAKAGE
16.98,10.09,3.39,503.5,2143.2,635.9,45.54,47.0,26.7,518.4,0,YARN_BREAKAGE
26.2,13.51,5.48,431.5,2794.0,752.5,28.75,60.0,22.4,619.8,2,JACQUARD_PATTERN_SHIFT
17.48,10.13,6.13,489.6,1948.3,588.1,43.53,67.0,27.1,470.6,0,YARN_BREAKAGE
24.53,11.52,4.63,260.2,1754.9,592.0,42.95,53.0,25.4,566.1,3,BORDER_SEWING_DEFECT
26.76,13.45,10.55,425.7,2138.0,571.9,30.47,39.1,38.5,513.2,1,OIL_STAIN
15.61,7.56,6.03,477.0,2167.6,584.4,47.22,60.2,25.9,510.4,0,YARN_BREAKAGE
16.31,6.44,5.39,553.9,2303.0,652.9,43.8,54.6,31.6,481.0,0,YARN_BREAKAGE
19.2,22.62,9.03,463.1,2499.5,567.5,30.03,34.0,35.8,625.6,1,OIL_STAIN
28.68,19.63,6.77,308.8,1903.9,614.8,44.89,66.4,22.0,472.6,3,BORDER_SEWING_DEFECT
21.02,15.82,5.57,452.9,2802.6,725.3,22.55,58.7,28.0,690.2,2,JACQUARD_PATTERN_SHIFT
14.39,4.62,5.86,530.4,2304.5,652.3,38.88,65.7,23.8,545.9,0,YARN_BREAKAGE
31.29,15.16,9.24,389.4,1685.1,593.2,29.62,33.2,30.2,560.2,1,OIL_STAIN
26.02,16.59,5.76,329.1,1699.3,674.0,40.53,53.5,33.5,567.9,3,BORDER_SEWING_DEFECT
27.45,15.27,5.44,260.7,1865.1,560.3,37.15,49.0,20.3,561.2,3,BORDER_SEWING_DEFECT
28.53,18.88,8.02,578.3,2410.8,613.3,28.93,32.0,35.8,553.9,1,OIL_STAIN
23.24,14.1,3.87,308.3,1654.3,612.7,36.84,59.4,23.4,504.6,3,BORDER_SEWING_DEFECT
13.74,9.32,3.79,349.0,2357.8,594.3,56.33,59.3,24.5,494.6,0,YARN_BREAKAGE
28.95,12.52,5.03,323.3,1818.7,519.5,34.87,59.7,31.1,580.3,3,BORDER_SEWING_DEFECT
25.89,18.43,5.78,331.0,2525.6,717.5,33.65,70.7,23.1,613.8,2,JACQUARD_PATTERN_SHIFT
24.39,20.93,10.51,485.7,2304.6,593.9,31.1,43.6,30.7,607.7,1,OIL_STAIN
12.9,7.9,5.29,393.0,2143.3,595.8,51.75,49.0,22.5,464.8,0,YARN_BREAKAGE
25.72,15.71,5.39,323.8,1721.2,601.3,43.6,54.3,25.2,543.4,3,BORDER_SEWING_DEFECT
27.39,15.82,3.38,272.0,1662.3,590.9,32.26,54.1,23.1,521.0,3,BORDER_SEWING_DEFECT
12.19,5.18,3.28,441.6,2059.3,550.8,54.57,61.1,26.2,527.1,0,YARN_BREAKAGE
13.21,7.9,8.22,354.8,2201.8,648.6,47.51,51.5,25.0,538.4,0,YARN_BREAKAGE
24.6,18.12,7.24,474.9,2330.8,597.0,30.2,38.2,37.3,532.9,1,OIL_STAIN
29.56,10.66,5.36,415.9,2637.2,778.5,17.74,56.1,24.9,653.9,2,JACQUARD_PATTERN_SHIFT
26.48,16.84,5.18,497.3,2847.9,705.3,30.62,46.5,22.1,630.8,2,JACQUARD_PATTERN_SHIFT
15.58,11.93,9.58,459.5,2206.6,563.2,25.18,39.9,37.8,546.1,1,OIL_STAIN
12.91,9.24,5.02,453.6,2414.0,569.2,39.1,65.6,23.6,552.6,0,YARN_BREAKAGE
24.97,19.93,4.25,394.7,2495.9,732.2,36.47,59.7,25.6,669.8,2,JACQUARD_PATTERN_SHIFT
27.62,13.83,3.94,333.3,2029.5,562.3,43.61,52.2,27.9,555.7,3,BORDER_SEWING_DEFECT
11.96,5.92,3.19,403.8,1983.7,590.0,36.54,68.7,21.4,545.3,0,YARN_BREAKAGE
21.23,9.95,3.86,423.0,2698.9,708.9,30.19,47.0,23.8,682.0,2,JACQUARD_PATTERN_SHIFT
29.48,16.26,3.22,293.9,1651.3,523.3,43.1,49.5,21.4,490.4,3,BORDER_SEWING_DEFECT
18.83,19.72,11.24,426.3,2381.8,604.4,19.58,43.0,31.1,450.4,1,OIL_STAIN
27.79,17.2,2.72,308.5,1893.3,634.8,35.55,64.3,16.0,532.0,3,BORDER_SEWING_DEFECT
15.85,7.32,3.43,471.7,2116.4,575.2,44.58,67.4,26.6,486.3,0,YARN_BREAKAGE
22.25,15.05,3.96,417.6,2834.5,743.4,36.73,48.8,26.5,663.7,2,JACQUARD_PATTERN_SHIFT
36.2,16.1,9.24,425.5,2313.7,551.8,26.88,35.1,31.9,533.1,1,OIL_STAIN
21.54,14.46,5.8,448.2,2720.7,676.4,27.05,46.8,23.7,604.6,2,JACQUARD_PATTERN_SHIFT
10.88,10.59,4.04,571.6,2351.6,627.3,41.08,68.9,24.5,587.9,0,YARN_BREAKAGE
12.62,5.35,6.16,337.2,2436.5,637.2,40.07,63.6,22.2,551.9,0,YARN_BREAKAGE
26.8,9.91,4.53,508.2,2543.6,641.3,23.51,55.9,22.3,642.5,2,JACQUARD_PATTERN_SHIFT
16.38,5.23,5.82,445.0,2230.2,625.2,41.68,58.1,25.8,529.5,0,YARN_BREAKAGE
13.28,9.45,8.43,388.6,2332.1,553.7,36.42,55.4,27.1,396.4,0,YARN_BREAKAGE
24.44,19.92,11.32,461.2,2104.8,560.7,20.12,47.6,32.6,574.3,1,OIL_STAIN
11.07,7.5,5.2,389.6,1966.3,658.7,47.3,65.4,28.5,517.8,0,YARN_BREAKAGE
23.02,8.65,7.0,453.0,2144.0,617.0,26.81,43.3,36.5,567.9,1,OIL_STAIN
20.32,18.9,4.55,328.2,1927.4,563.2,43.34,54.0,21.0,476.7,3,BORDER_SEWING_DEFECT
11.91,7.27,5.21,488.3,2282.0,616.5,43.02,50.7,25.8,558.5,0,YARN_BREAKAGE
26.18,18.72,9.53,325.2,2492.8,683.0,21.1,42.1,32.7,587.8,1,OIL_STAIN
19.03,11.19,9.26,402.6,1835.4,657.2,15.29,32.9,39.9,508.9,1,OIL_STAIN
15.34,4.53,3.46,478.6,2321.8,563.8,47.32,50.6,25.7,530.3,0,YARN_BREAKAGE
27.91,13.48,5.7,338.6,1675.7,591.9,37.69,57.9,25.6,616.6,3,BORDER_SEWING_DEFECT
24.49,14.68,7.13,322.2,1697.2,586.5,42.93,58.8,28.1,513.5,3,BORDER_SEWING_DEFECT
16.68,12.15,5.86,365.3,2518.9,740.7,30.06,52.5,24.6,609.7,2,JACQUARD_PATTERN_SHIFT
22.05,17.96,4.37,331.3,1880.0,679.8,38.38,70.2,17.5,483.9,3,BORDER_SEWING_DEFECT
16.98,21.13,10.79,466.9,2419.5,653.8,25.47,36.9,32.4,450.6,1,OIL_STAIN
15.16,4.55,7.48,382.6,1881.4,698.1,43.58,68.4,26.8,506.4,0,YARN_BREAKAGE
21.99,17.99,6.6,330.9,1852.0,575.1,37.41,60.1,25.1,644.7,3,BORDER_SEWING_DEFECT
29.67,17.64,6.91,452.4,2523.4,739.6,22.95,65.8,27.7,616.9,2,JACQUARD_PATTERN_SHIFT
13.67,8.3,4.85,393.6,2316.4,662.6,56.53,48.2,23.1,506.8,0,YARN_BREAKAGE
16.46,10.88,4.6,418.5,2460.8,561.8,52.51,59.8,24.1,571.9,0,YARN_BREAKAGE
16.31,12.15,3.21,444.2,2784.7,688.7,20.95,61.2,19.1,668.5,2,JACQUARD_PATTERN_SHIFT
11.89,8.71,2.23,323.5,1956.6,564.4,56.4,61.0,20.4,562.9,0,YARN_BREAKAGE
16.26,10.86,3.1,340.9,2631.3,610.9,44.37,62.3,25.5,548.0,0,YARN_BREAKAGE
17.39,9.49,6.83,388.5,2210.3,654.8,38.44,77.4,27.6,690.7,0,YARN_BREAKAGE
25.95,13.56,6.5,444.9,2721.7,753.6,25.56,48.6,23.4,668.2,2,JACQUARD_PATTERN_SHIFT
18.69,17.14,7.99,421.1,2307.3,590.7,13.64,47.1,39.1,441.9,1,OIL_STAIN
28.33,17.34,8.15,455.2,2464.8,679.7,18.81,33.1,32.3,568.4,1,OIL_STAIN
18.27,25.49,6.05,280.2,1697.7,650.0,39.46,52.7,20.8,515.0,3,BORDER_SEWING_DEFECT
25.87,13.16,5.57,406.5,2541.4,682.6,24.08,63.0,22.6,627.3,2,JACQUARD_PATTERN_SHIFT
14.22,8.08,5.0,352.7,1958.2,602.3,54.01,62.7,30.8,608.4,0,YARN_BREAKAGE
14.23,7.11,7.24,382.4,1942.3,608.9,27.49,38.0,36.5,529.3,1,OIL_STAIN
27.64,17.59,3.59,323.3,1815.9,629.5,34.15,47.1,26.2,382.6,3,BORDER_SEWING_DEFECT
31.58,12.33,6.83,423.5,2068.6,659.9,14.66,32.0,33.7,533.5,1,OIL_STAIN
12.03,7.04,7.21,391.2,2352.0,611.4,57.42,68.7,25.4,480.8,0,YARN_BREAKAGE
26.72,17.18,8.94,404.2,2265.0,675.2,20.07,37.0,30.0,514.6,1,OIL_STAIN
19.29,14.67,6.24,423.3,2577.5,736.2,21.75,62.8,22.8,704.7,2,JACQUARD_PATTERN_SHIFT
17.2,6.28,5.04,385.2,2121.6,657.9,50.98,63.9,25.2,448.2,0,YARN_BREAKAGE
20.04,19.11,8.3,520.2,2561.0,517.9,28.02,46.7,37.0,590.1,1,OIL_STAIN
18.51,9.84,7.15,456.2,2067.2,621.7,23.48,36.6,35.8,577.2,1,OIL_STAIN
16.68,7.81,4.62,404.4,2565.5,638.9,46.84,71.5,26.5,503.5,0,YARN_BREAKAGE
24.41,15.06,10.93,443.7,2304.0,616.1,25.53,41.6,31.8,574.3,1,OIL_STAIN
11.49,9.48,2.77,392.4,2492.3,583.7,56.81,49.5,22.5,536.0,0,YARN_BREAKAGE
12.96,10.16,3.66,389.4,2133.7,570.1,53.64,64.2,18.9,545.6,0,YARN_BREAKAGE
13.49,4.82,3.63,424.7,2483.4,605.0,48.96,61.2,17.2,549.4,0,YARN_BREAKAGE
17.16,9.71,6.98,329.4,2400.3,627.4,57.46,54.0,29.4,544.4,0,YARN_BREAKAGE
23.24,13.96,2.01,265.6,1828.7,633.5,43.2,65.4,26.6,536.2,3,BORDER_SEWING_DEFECT
12.85,7.3,4.38,472.0,1825.0,663.9,38.07,63.0,18.8,474.6,0,YARN_BREAKAGE
21.81,21.85,3.72,304.0,1689.0,610.9,38.42,68.5,28.1,504.5,3,BORDER_SEWING_DEFECT
25.74,13.76,3.41,471.1,2479.1,735.9,29.57,59.0,25.2,637.5,2,JACQUARD_PATTERN_SHIFT
29.89,20.07,5.54,379.3,2544.4,722.3,37.04,67.7,17.5,659.1,2,JACQUARD_PATTERN_SHIFT
21.36,12.84,4.52,433.8,2448.2,740.8,41.78,57.6,18.8,621.0,2,JACQUARD_PATTERN_SHIFT
33.02,15.54,9.19,413.0,2266.5,606.9,34.27,44.8,30.1,489.3,1,OIL_STAIN
10.81,8.08,7.63,547.8,2078.0,642.9,45.01,59.5,22.3,601.9,0,YARN_BREAKAGE
23.94,17.53,9.74,437.8,1941.9,579.9,21.72,38.0,36.8,583.3,1,OIL_STAIN
17.29,15.85,8.47,445.8,2134.5,640.7,38.47,47.8,30.2,455.7,1,OIL_STAIN
22.27,22.98,10.42,574.0,2607.0,627.2,25.65,36.0,34.8,537.9,1,OIL_STAIN
31.57,11.37,5.1,330.3,1848.5,678.2,42.66,70.4,28.1,540.2,3,BORDER_SEWING_DEFECT
22.33,23.54,6.02,466.8,2700.3,761.6,37.0,55.6,27.3,677.6,2,JACQUARD_PATTERN_SHIFT
29.1,13.8,9.82,453.1,2112.9,616.3,25.19,39.1,40.0,568.5,1,OIL_STAIN
12.97,19.68,7.08,423.7,2215.3,668.0,28.79,37.2,30.3,566.6,1,OIL_STAIN
13.07,9.23,4.34,391.7,2378.7,707.5,44.4,52.9,26.3,498.7,0,YARN_BREAKAGE
23.84,17.74,4.74,442.4,2708.7,697.1,18.69,63.3,18.7,696.7,2,JACQUARD_PATTERN_SHIFT
23.78,13.65,10.76,453.6,2163.3,666.3,32.07,38.5,38.9,602.5,1,OIL_STAIN
22.37,19.41,10.87,403.2,1822.7,587.5,26.68,41.3,36.7,520.0,1,OIL_STAIN
27.72,15.63,4.09,268.3,1964.3,633.5,33.72,69.7,17.4,597.2,3,BORDER_SEWING_DEFECT
11.2,10.29,4.67,359.7,2323.4,607.5,48.0,65.7,26.8,558.4,0,YARN_BREAKAGE
27.28,18.25,10.21,365.7,2226.6,620.0,30.47,39.1,35.9,582.1,1,OIL_STAIN
15.08,7.02,3.89,433.1,2338.3,586.0,50.08,60.7,21.8,561.3,0,YARN_BREAKAGE
11.56,4.57,4.05,398.6,2166.5,613.1,54.21,50.2,23.6,547.8,0,YARN_BREAKAGE
21.72,12.69,1.5,302.3,2807.6,671.9,27.68,62.2,22.8,703.0,2,JACQUARD_PATTERN_SHIFT
32.82,13.05,6.9,459.0,1979.0,628.2,23.02,46.9,30.3,499.2,1,OIL_STAIN
24.83,10.93,4.55,313.7,1666.4,620.3,36.59,60.2,21.8,565.5,3,BORDER_SEWING_DEFECT
15.77,9.89,2.21,422.3,1900.7,567.2,53.16,63.4,24.1,521.8,0,YARN_BREAKAGE
12.03,10.69,2.27,498.2,2154.8,600.2,45.71,56.1,21.2,383.8,0,YARN_BREAKAGE
23.26,13.58,10.35,534.4,2070.4,626.4,25.13,40.8,33.7,580.6,1,OIL_STAIN
11.23,6.75,5.5,371.1,2354.9,607.0,40.93,67.5,27.9,506.4,0,YARN_BREAKAGE
20.96,16.15,9.82,415.7,1988.5,562.7,28.33,36.9,32.0,469.3,1,OIL_STAIN
26.58,13.29,5.44,338.1,1677.8,579.3,39.02,56.5,20.1,497.4,3,BORDER_SEWING_DEFECT
22.62,17.49,4.35,319.4,1843.5,644.0,37.15,71.3,21.0,475.3,3,BORDER_SEWING_DEFECT
14.62,13.79,6.12,339.0,1652.2,542.9,45.2,62.8,27.8,490.8,3,BORDER_SEWING_DEFECT
24.39,20.74,3.53,359.2,2382.8,751.9,27.58,58.2,25.2,645.6,2,JACQUARD_PATTERN_SHIFT
13.9,9.47,5.3,483.0,2221.6,610.5,50.12,57.8,25.3,464.6,0,YARN_BREAKAGE
27.46,16.52,4.8,280.8,2030.8,613.0,37.0,59.6,21.6,500.1,3,BORDER_SEWING_DEFECT
26.99,22.58,5.71,379.7,2684.9,691.3,35.35,67.8,24.0,653.3,2,JACQUARD_PATTERN_SHIFT
11.67,11.94,6.28,287.3,1764.8,575.1,41.72,64.2,30.6,470.9,3,BORDER_SEWING_DEFECT
13.14,19.08,10.89,383.3,2168.7,615.0,34.03,38.9,36.3,500.5,1,OIL_STAIN
15.93,5.13,5.09,496.1,2221.2,608.4,43.12,52.9,21.2,497.3,0,YARN_BREAKAGE
15.87,4.64,4.02,340.1,2197.7,619.4,53.41,63.9,24.3,544.5,0,YARN_BREAKAGE
15.96,9.35,4.3,522.4,2068.3,590.4,57.49,64.5,24.6,519.4,0,YARN_BREAKAGE
23.71,21.7,5.35,380.0,2845.8,743.3,22.25,54.3,24.5,612.2,2,JACQUARD_PATTERN_SHIFT
20.16,18.68,5.41,278.5,1697.6,641.9,43.58,70.2,29.6,556.4,3,BORDER_SEWING_DEFECT
26.11,19.27,4.91,332.4,1919.6,611.9,39.38,51.3,19.1,479.8,3,BORDER_SEWING_DEFECT
13.77,6.37,4.46,410.2,2006.6,579.2,53.7,59.2,23.9,539.1,0,YARN_BREAKAGE
12.48,10.92,3.35,395.7,1996.9,632.8,53.43,64.2,29.6,530.4,0,YARN_BREAKAGE
10.92,10.11,7.39,487.4,2124.6,686.5,38.48,58.8,21.7,557.3,0,YARN_BREAKAGE
24.66,14.61,4.34,313.7,1737.9,578.0,32.2,59.8,21.3,534.8,3,BORDER_SEWING_DEFECT
10.92,6.91,4.99,445.6,2081.1,597.8,43.27,50.9,25.2,581.4,0,YARN_BREAKAGE
13.17,9.18,6.95,394.3,2134.3,659.9,53.51,64.0,18.8,518.1,0,YARN_BREAKAGE
22.85,17.87,7.02,427.1,2160.6,607.4,43.67,43.9,39.7,514.9,1,OIL_STAIN
14.05,8.95,3.67,365.9,2214.9,588.4,45.06,53.6,20.9,558.1,0,YARN_BREAKAGE
34.2,18.99,5.11,489.9,2828.7,743.8,35.68,60.0,22.1,698.1,2,JACQUARD_PATTERN_SHIFT
17.68,16.82,5.07,441.9,2418.6,708.5,24.12,61.4,23.2,688.6,2,JACQUARD_PATTERN_SHIFT
10.56,9.41,4.97,337.3,2093.9,597.2,53.15,57.0,30.9,535.6,0,YARN_BREAKAGE
23.49,24.64,7.39,401.8,2166.1,563.2,24.04,37.3,37.6,560.0,1,OIL_STAIN
19.92,16.94,5.09,303.8,1815.9,598.3,42.34,55.2,28.9,515.5,3,BORDER_SEWING_DEFECT
23.73,18.73,3.19,308.9,1722.8,592.0,45.51,62.0,17.2,447.7,3,BORDER_SEWING_DEFECT
28.54,12.18,3.75,269.4,1938.8,675.1,40.34,61.6,17.7,460.3,3,BORDER_SEWING_DEFECT
11.31,10.51,5.8,466.0,2116.1,689.5,50.86,56.7,24.7,550.6,0,YARN_BREAKAGE
27.14,13.6,8.24,441.8,2344.9,683.8,15.21,44.8,34.3,558.1,1,OIL_STAIN
18.27,20.49,6.41,503.7,2440.0,777.5,26.9,45.6,24.7,604.6,2,JACQUARD_PATTERN_SHIFT
32.03,13.98,9.41,487.0,2216.4,559.0,35.41,42.0,33.7,469.0,1,OIL_STAIN
16.58,10.51,4.6,513.5,2326.6,580.5,38.61,60.2,26.1,600.7,0,YARN_BREAKAGE
11.3,6.81,5.38,337.4,2407.0,574.4,45.06,51.4,27.0,582.3,0,YARN_BREAKAGE
23.27,17.79,9.67,412.0,2047.2,688.9,32.42,38.1,30.8,543.6,1,OIL_STAIN
12.23,9.34,8.16,411.3,2274.6,562.2,49.9,47.7,25.2,651.6,0,YARN_BREAKAGE
23.47,16.26,9.59,405.4,2062.6,619.9,18.39,43.1,38.6,602.0,1,OIL_STAIN
22.29,16.57,3.35,310.1,1849.7,615.3,34.72,68.2,27.5,597.8,3,BORDER_SEWING_DEFECT
10.7,18.86,10.59,395.2,2237.9,592.3,22.95,32.0,33.4,549.3,1,OIL_STAIN
26.62,11.83,6.98,492.3,2800.2,714.2,31.97,77.0,26.9,617.4,2,JACQUARD_PATTERN_SHIFT
23.41,20.29,3.58,275.4,1738.6,684.8,45.95,51.2,25.3,539.3,3,BORDER_SEWING_DEFECT
27.18,11.02,3.76,353.8,2499.3,777.9,31.53,54.3,23.8,599.5,2,JACQUARD_PATTERN_SHIFT
13.84,7.12,4.33,465.0,2403.7,638.0,51.84,61.4,20.4,502.2,0,YARN_BREAKAGE
13.96,5.53,5.25,539.0,2352.8,656.1,48.77,69.4,21.3,503.0,0,YARN_BREAKAGE
10.7,5.05,3.66,452.8,2151.0,603.5,47.98,69.7,27.4,553.6,0,YARN_BREAKAGE
22.02,14.52,8.24,385.7,2248.4,604.3,8.0,42.5,34.5,490.9,1,OIL_STAIN
28.09,18.07,5.66,399.0,2752.9,779.3,30.64,54.0,31.4,645.4,2,JACQUARD_PATTERN_SHIFT
29.79,18.72,4.84,333.5,1669.4,618.7,45.77,53.4,24.5,554.4,3,BORDER_SEWING_DEFECT
16.52,5.53,4.8,380.6,2493.7,688.8,37.64,58.7,27.5,533.4,0,YARN_BREAKAGE
14.44,8.44,3.24,341.4,2539.8,576.0,40.75,68.3,28.7,508.7,0,YARN_BREAKAGE
22.44,7.68,9.14,456.6,2346.9,655.7,26.76,33.7,37.5,538.4,1,OIL_STAIN
15.49,9.09,2.75,439.7,2342.6,550.5,41.21,57.8,24.7,467.6,0,YARN_BREAKAGE
13.74,8.28,6.3,411.4,2029.2,623.6,41.91,59.1,21.4,513.6,0,YARN_BREAKAGE
18.05,7.32,5.31,330.8,1868.8,619.9,43.28,55.2,22.0,521.4,3,BORDER_SEWING_DEFECT
22.02,10.49,7.34,475.1,1977.8,643.2,23.63,42.0,36.1,568.5,1,OIL_STAIN
20.68,19.56,2.89,433.1,2606.4,713.5,16.37,61.3,25.1,631.2,2,JACQUARD_PATTERN_SHIFT
22.78,17.95,8.62,370.7,2356.0,624.3,17.42,42.9,36.4,466.8,1,OIL_STAIN
25.39,15.34,5.79,328.6,1813.4,597.9,42.41,52.6,27.5,512.0,3,BORDER_SEWING_DEFECT
11.08,9.98,6.57,407.3,2129.1,605.5,42.09,63.7,29.5,528.6,0,YARN_BREAKAGE
25.98,11.75,4.84,274.2,1666.5,652.2,40.86,71.5,20.4,592.0,3,BORDER_SEWING_DEFECT
21.59,17.77,4.68,287.7,1948.9,514.8,43.89,57.0,26.8,383.7,3,BORDER_SEWING_DEFECT
17.07,4.54,4.45,440.4,2440.2,612.4,39.93,52.6,26.1,532.5,0,YARN_BREAKAGE
26.6,10.35,6.47,296.3,2680.7,759.4,29.23,53.9,33.7,631.3,2,JACQUARD_PATTERN_SHIFT
21.8,17.05,8.59,340.1,2118.3,544.6,19.21,37.1,31.9,439.5,1,OIL_STAIN
23.97,15.62,4.61,278.5,1836.7,593.9,35.45,60.7,24.0,405.6,3,BORDER_SEWING_DEFECT
24.31,15.91,8.31,300.9,2406.0,586.9,29.57,47.9,36.5,469.9,1,OIL_STAIN
23.95,15.9,10.36,364.9,2198.4,603.0,17.57,45.8,32.1,497.3,1,OIL_STAIN
15.0,5.59,3.7,400.8,2384.2,609.9,39.93,53.5,25.1,541.4,0,YARN_BREAKAGE
22.94,15.38,4.91,391.9,2650.5,699.6,28.12,61.5,18.0,644.9,2,JACQUARD_PATTERN_SHIFT
24.01,17.26,11.04,499.9,2398.1,548.5,25.13,41.6,30.0,509.8,1,OIL_STAIN
25.64,14.68,7.42,269.3,2392.4,536.1,41.78,41.5,37.9,551.8,1,OIL_STAIN
11.48,10.89,6.05,385.0,2127.9,629.6,59.01,48.1,24.9,565.6,0,YARN_BREAKAGE
20.28,12.4,5.51,323.8,1738.6,540.0,44.73,60.7,26.7,556.6,3,BORDER_SEWING_DEFECT
17.03,4.68,5.11,363.6,2237.7,651.4,39.97,55.2,27.0,550.4,0,YARN_BREAKAGE
17.26,4.81,4.86,454.2,2270.4,569.7,40.8,51.2,31.6,455.1,0,YARN_BREAKAGE
11.47,10.15,3.97,446.9,2136.2,631.4,39.4,58.4,25.4,521.3,0,YARN_BREAKAGE
27.84,18.24,7.2,471.2,1947.5,625.4,37.77,46.6,37.8,531.8,1,OIL_STAIN
12.47,6.66,4.23,544.8,2368.4,700.9,40.35,49.3,28.3,567.4,0,YARN_BREAKAGE
15.76,7.07,4.49,466.0,2255.0,626.9,50.98,47.0,25.7,608.6,0,YARN_BREAKAGE
22.94,16.51,5.69,475.7,2503.9,772.8,45.78,57.1,20.9,596.9,2,JACQUARD_PATTERN_SHIFT
16.58,9.51,4.5,497.7,2193.5,590.9,52.66,54.3,21.5,467.0,0,YARN_BREAKAGE
12.17,10.5,6.85,381.3,1971.1,552.1,57.65,53.3,25.5,479.6,0,YARN_BREAKAGE
28.95,22.25,5.24,521.3,2624.0,762.7,42.77,57.8,25.7,641.3,2,JACQUARD_PATTERN_SHIFT
15.08,8.77,3.61,417.2,2123.5,635.4,40.34,59.9,25.7,600.1,0,YARN_BREAKAGE
17.79,8.56,4.07,400.2,2742.2,734.6,25.71,56.2,25.2,646.2,2,JACQUARD_PATTERN_SHIFT
21.17,10.97,5.44,497.2,2705.0,730.0,24.82,70.3,21.7,623.5,2,JACQUARD_PATTERN_SHIFT
20.0,20.6,3.15,321.8,1872.3,597.4,42.56,61.8,21.5,486.6,3,BORDER_SEWING_DEFECT
16.02,16.81,2.91,278.5,1665.8,614.5,42.72,61.1,27.0,549.8,3,BORDER_SEWING_DEFECT
24.76,17.84,3.72,434.5,2670.2,669.6,21.78,67.5,27.1,612.0,2,JACQUARD_PATTERN_SHIFT
20.95,24.57,6.85,322.4,1891.2,614.1,35.25,51.9,20.5,531.3,3,BORDER_SEWING_DEFECT
26.24,21.61,9.48,469.8,2503.0,553.3,27.74,37.8,30.8,542.3,1,OIL_STAIN
17.32,12.68,9.55,466.8,1966.6,608.6,28.78,33.7,30.2,493.8,1,OIL_STAIN
34.35,13.82,7.36,480.9,2101.6,584.5,31.53,37.3,34.8,524.3,1,OIL_STAIN
26.93,16.86,8.69,437.8,2267.8,571.0,36.64,47.0,35.0,601.2,1,OIL_STAIN
25.85,18.02,11.25,437.7,2511.0,619.3,44.18,40.6,35.7,535.2,1,OIL_STAIN
11.18,7.91,4.91,351.1,2299.2,523.2,56.19,48.3,27.3,575.3,0,YARN_BREAKAGE
11.22,10.82,6.41,373.5,2508.5,669.7,55.5,48.2,20.8,555.8,0,YARN_BREAKAGE
16.04,8.34,2.74,465.0,2109.0,559.7,37.97,45.2,24.9,577.7,0,YARN_BREAKAGE
18.67,15.98,3.74,366.5,2780.2,777.0,29.66,68.1,21.7,701.6,2,JACQUARD_PATTERN_SHIFT
11.5,17.18,7.44,352.3,2350.8,628.4,32.63,33.0,33.5,513.3,1,OIL_STAIN
21.95,13.36,5.73,473.2,2837.6,772.8,39.68,58.7,28.7,703.2,2,JACQUARD_PATTERN_SHIFT
23.79,15.77,6.88,281.8,1961.6,715.5,44.94,55.5,31.6,590.8,3,BORDER_SEWING_DEFECT
16.27,4.68,5.14,438.6,2362.2,610.8,41.94,58.3,21.1,448.7,0,YARN_BREAKAGE
23.56,20.19,3.26,527.3,2768.6,694.1,17.94,65.5,26.0,656.2,2,JACQUARD_PATTERN_SHIFT
16.87,7.62,6.33,408.4,2098.4,633.5,49.77,61.7,21.6,499.4,0,YARN_BREAKAGE
29.8,13.87,8.15,454.0,2132.5,581.2,28.91,33.3,36.2,487.3,1,OIL_STAIN
13.4,8.7,5.85,409.7,2488.8,610.5,52.57,53.9,24.7,565.1,0,YARN_BREAKAGE
15.66,7.24,4.13,429.4,2466.1,582.8,41.33,57.9,22.4,543.0,0,YARN_BREAKAGE
11.79,6.12,6.21,470.1,2584.0,585.9,46.87,70.2,33.1,473.1,0,YARN_BREAKAGE
19.11,18.14,8.35,434.3,2470.4,639.4,38.67,41.1,40.0,498.4,1,OIL_STAIN
17.81,17.35,10.15,403.2,2105.7,637.4,24.4,41.9,33.8,500.1,1,OIL_STAIN
15.65,19.28,3.92,399.2,2606.6,767.6,15.9,61.0,20.7,644.2,2,JACQUARD_PATTERN_SHIFT
13.38,7.19,4.58,455.8,2106.7,616.8,51.49,51.6,28.5,514.4,0,YARN_BREAKAGE
21.95,10.86,3.23,351.5,2651.7,701.8,28.84,56.8,24.5,692.5,2,JACQUARD_PATTERN_SHIFT
17.57,17.0,5.64,288.2,1654.1,680.3,34.35,69.9,25.9,438.8,3,BORDER_SEWING_DEFECT
27.93,13.92,3.7,396.7,2654.6,714.0,19.7,60.1,19.8,676.8,2,JACQUARD_PATTERN_SHIFT
19.09,19.88,5.44,479.3,2769.1,766.1,19.06,70.9,26.3,598.6,2,JACQUARD_PATTERN_SHIFT
27.28,19.28,4.22,401.8,2713.7,761.3,36.02,49.2,26.1,597.6,2,JACQUARD_PATTERN_SHIFT
16.63,6.0,4.19,384.8,2251.8,543.7,45.86,50.6,25.1,478.9,0,YARN_BREAKAGE
22.74,12.55,4.84,327.9,2037.7,653.5,40.64,72.0,26.1,580.3,3,BORDER_SEWING_DEFECT
11.65,10.79,3.1,475.4,1993.2,600.5,41.49,58.7,24.2,525.7,0,YARN_BREAKAGE
20.4,11.04,11.48,488.9,2072.3,597.6,26.43,47.5,35.3,468.7,1,OIL_STAIN
13.33,5.69,3.78,427.5,2303.1,668.6,45.85,66.2,32.2,504.9,0,YARN_BREAKAGE
15.1,22.7,2.87,412.9,2542.7,734.5,18.43,55.7,25.3,706.8,2,JACQUARD_PATTERN_SHIFT
10.0,7.65,1.56,333.3,2536.4,574.0,36.87,53.2,31.3,494.6,0,YARN_BREAKAGE
28.03,20.45,9.94,457.5,2107.0,622.4,17.91,41.2,38.6,608.5,1,OIL_STAIN
23.59,15.45,4.39,314.6,2629.3,676.8,22.41,44.9,30.8,686.5,2,JACQUARD_PATTERN_SHIFT
18.19,16.31,7.82,335.3,1993.5,660.2,37.58,40.5,36.1,549.5,1,OIL_STAIN
15.59,8.44,5.66,326.7,2201.7,679.4,48.96,64.0,26.1,658.1,0,YARN_BREAKAGE
15.07,22.91,5.37,503.4,2432.2,696.7,28.37,60.7,25.5,670.6,2,JACQUARD_PATTERN_SHIFT
12.03,4.58,5.58,372.2,1889.5,569.4,37.67,66.0,25.5,467.3,0,YARN_BREAKAGE
13.49,5.53,6.54,366.2,2415.5,551.1,49.46,45.6,25.2,529.9,0,YARN_BREAKAGE
11.64,5.27,6.87,440.4,2207.2,600.8,56.31,62.7,21.6,495.1,0,YARN_BREAKAGE
24.33,17.14,5.71,368.2,2445.6,664.0,32.54,65.2,24.1,666.3,2,JACQUARD_PATTERN_SHIFT
29.1,13.29,3.11,261.3,1694.5,668.8,34.56,56.9,24.3,578.2,3,BORDER_SEWING_DEFECT
15.43,5.72,2.56,542.2,1996.5,611.1,47.4,60.2,24.6,615.8,0,YARN_BREAKAGE
16.73,20.62,3.0,321.8,2793.1,709.4,35.8,56.1,23.5,595.6,2,JACQUARD_PATTERN_SHIFT
14.83,19.04,6.19,367.9,2620.0,732.1,23.94,57.1,23.5,684.8,2,JACQUARD_PATTERN_SHIFT
27.92,11.84,6.29,401.1,2745.8,699.0,21.74,51.4,26.7,705.1,2,JACQUARD_PATTERN_SHIFT
13.5,10.73,5.03,439.3,2203.8,619.8,46.54,67.8,23.9,450.3,0,YARN_BREAKAGE
25.25,19.18,4.55,376.2,2782.0,750.4,32.52,58.8,27.8,601.5,2,JACQUARD_PATTERN_SHIFT
23.02,20.05,10.21,462.8,2199.5,612.2,30.33,38.4,31.2,564.8,1,OIL_STAIN
31.73,15.49,9.93,481.6,1972.4,598.0,27.99,33.2,36.9,544.4,1,OIL_STAIN
18.38,15.58,5.95,428.5,2483.0,714.9,29.23,45.3,28.9,699.5,2,JACQUARD_PATTERN_SHIFT
31.38,10.7,4.62,319.0,1982.3,600.0,45.53,73.0,21.6,480.1,3,BORDER_SEWING_DEFECT
12.49,6.36,4.25,471.0,2285.4,627.7,37.81,55.3,24.4,531.6,0,YARN_BREAKAGE
21.36,16.66,4.82,404.8,2617.0,779.2,23.8,52.7,24.8,643.5,2,JACQUARD_PATTERN_SHIFT
16.27,7.77,3.72,450.4,2007.2,676.7,45.93,50.4,25.8,579.6,0,YARN_BREAKAGE
22.3,17.23,9.84,325.8,2600.0,607.6,31.79,34.4,30.7,472.2,1,OIL_STAIN
23.62,20.99,4.57,493.4,2647.6,723.3,23.92,64.2,27.3,614.6,2,JACQUARD_PATTERN_SHIFT
11.95,8.92,3.6,429.8,2532.6,664.3,42.01,72.0,24.8,500.8,0,YARN_BREAKAGE
22.63,15.95,4.6,401.5,2490.3,693.3,34.96,51.2,24.6,595.5,2,JACQUARD_PATTERN_SHIFT
34.77,16.15,4.42,337.4,1782.7,546.5,43.14,57.9,19.9,537.6,3,BORDER_SEWING_DEFECT
21.79,21.41,10.11,350.6,2160.0,615.7,24.11,38.6,34.9,550.1,1,OIL_STAIN
10.0,17.51,5.6,277.2,1974.0,681.8,44.13,49.0,23.0,571.5,3,BORDER_SEWING_DEFECT
20.62,20.85,5.64,432.3,2832.8,772.1,14.59,50.2,24.8,695.8,2,JACQUARD_PATTERN_SHIFT
24.87,21.19,2.67,451.6,2389.4,706.3,29.47,58.2,26.6,682.7,2,JACQUARD_PATTERN_SHIFT
11.44,9.4,4.51,277.5,2056.0,597.5,55.36,64.2,24.6,465.3,0,YARN_BREAKAGE
29.69,10.81,4.7,305.5,1815.1,654.4,32.63,56.1,21.8,641.2,3,BORDER_SEWING_DEFECT
21.65,15.81,4.0,422.9,2428.9,683.2,25.11,59.1,25.7,606.7,2,JACQUARD_PATTERN_SHIFT
11.72,5.51,5.81,513.2,2100.1,597.8,51.43,50.5,26.0,562.5,0,YARN_BREAKAGE
25.23,17.32,8.72,471.8,2067.7,650.2,12.07,44.8,31.1,474.5,1,OIL_STAIN
24.37,14.02,5.64,292.9,1879.3,659.2,43.75,54.1,22.2,463.2,3,BORDER_SEWING_DEFECT
27.58,17.19,7.03,536.8,2609.5,660.5,14.86,70.3,28.9,644.5,2,JACQUARD_PATTERN_SHIFT
19.16,14.44,7.65,387.4,2540.9,661.1,47.17,74.8,22.6,599.8,2,JACQUARD_PATTERN_SHIFT
19.39,23.23,2.47,517.7,2489.8,769.2,29.71,53.8,24.6,669.9,2,JACQUARD_PATTERN_SHIFT
28.7,13.75,4.82,465.8,2474.5,769.2,24.28,52.3,30.3,664.3,2,JACQUARD_PATTERN_SHIFT
13.1,5.54,4.94,337.4,2415.8,605.0,57.88,50.4,25.8,497.7,0,YARN_BREAKAGE
20.65,19.69,3.21,362.2,2666.8,708.2,29.76,64.8,25.0,679.2,2,JACQUARD_PATTERN_SHIFT
21.37,18.05,3.77,332.0,1703.5,667.0,40.15,64.0,25.8,457.7,3,BORDER_SEWING_DEFECT
22.84,12.44,6.56,473.5,2390.8,741.8,24.46,60.1,23.7,590.8,2,JACQUARD_PATTERN_SHIFT
26.99,17.27,5.15,263.3,1827.6,597.1,39.01,56.9,26.9,533.6,3,BORDER_SEWING_DEFECT
26.48,16.52,8.74,399.4,2000.7,567.5,43.57,47.2,32.0,499.2,1,OIL_STAIN
10.99,6.11,2.81,539.5,1655.0,548.0,45.25,47.3,25.9,481.9,0,YARN_BREAKAGE
14.16,4.85,6.89,444.1,2199.9,562.4,47.9,61.4,23.5,589.7,0,YARN_BREAKAGE
21.83,14.71,7.7,388.8,2295.3,638.3,29.32,38.5,35.3,545.4,1,OIL_STAIN
29.36,24.82,4.04,397.8,2380.8,776.7,39.36,55.8,24.7,665.0,2,JACQUARD_PATTERN_SHIFT
13.07,10.16,3.19,338.2,2097.1,590.8,55.98,70.5,26.5,508.5,0,YARN_BREAKAGE
25.36,9.57,10.21,485.5,2285.5,619.9,32.5,38.4,32.9,555.1,1,OIL_STAIN
24.32,15.98,3.42,262.1,1656.7,596.3,37.42,59.4,20.1,492.0,3,BORDER_SEWING_DEFECT
24.61,17.95,6.25,359.8,2685.3,754.9,41.23,37.2,23.8,606.3,2,JACQUARD_PATTERN_SHIFT
20.41,17.69,7.93,531.7,2077.5,625.6,27.05,41.2,33.7,513.5,1,OIL_STAIN
24.36,13.87,10.04,390.7,2432.7,627.8,23.3,37.9,37.4,637.9,1,OIL_STAIN
22.35,21.03,4.17,317.0,1726.5,604.4,37.92,65.2,29.2,528.9,3,BORDER_SEWING_DEFECT
11.05,5.04,7.15,463.0,2125.2,611.2,50.57,61.3,21.6,533.3,0,YARN_BREAKAGE
21.91,16.1,6.91,310.6,2012.0,547.6,39.02,49.3,26.5,585.7,3,BORDER_SEWING_DEFECT
23.11,15.23,8.56,471.2,2115.1,614.4,29.05,43.8,36.4,529.4,1,OIL_STAIN
18.39,11.11,7.32,377.2,2265.4,584.1,39.24,38.5,31.7,546.1,1,OIL_STAIN
15.12,14.65,3.49,399.4,2781.1,714.4,32.29,58.0,23.8,640.6,2,JACQUARD_PATTERN_SHIFT
24.95,10.1,5.94,310.7,1850.0,660.0,44.82,60.3,28.4,499.7,3,BORDER_SEWING_DEFECT
13.02,8.01,3.81,480.7,2243.5,637.3,41.71,52.9,25.7,539.9,0,YARN_BREAKAGE
24.4,17.5,3.98,459.6,2502.5,763.0,18.76,56.9,23.4,706.3,2,JACQUARD_PATTERN_SHIFT
19.39,16.35,5.55,539.2,2460.0,767.2,28.71,53.8,30.6,701.8,2,JACQUARD_PATTERN_SHIFT
14.23,9.64,5.66,454.1,2392.0,600.3,56.15,63.7,27.0,433.7,0,YARN_BREAKAGE
11.91,5.37,5.0,413.0,2523.8,536.2,57.75,58.4,20.6,525.9,0,YARN_BREAKAGE
25.89,17.89,9.73,399.5,2130.7,565.6,14.63,33.5,37.7,535.0,1,OIL_STAIN
27.47,15.53,6.67,431.0,2419.3,760.6,20.38,70.9,31.8,678.0,2,JACQUARD_PATTERN_SHIFT
24.32,6.72,4.04,467.9,2502.6,749.1,25.32,54.3,24.9,647.4,2,JACQUARD_PATTERN_SHIFT
20.94,14.63,4.34,291.7,1770.4,546.3,39.42,54.9,27.2,503.3,3,BORDER_SEWING_DEFECT
12.89,9.69,3.87,469.8,2132.9,534.8,46.67,58.6,26.1,495.4,0,YARN_BREAKAGE
22.19,16.86,6.69,303.5,1679.8,541.0,35.08,43.2,21.0,522.7,3,BORDER_SEWING_DEFECT
24.42,14.67,6.93,392.9,2298.6,538.3,25.51,38.2,33.6,666.4,1,OIL_STAIN
13.49,6.94,3.11,525.6,1994.8,660.7,46.78,55.2,25.9,472.8,0,YARN_BREAKAGE
28.33,21.09,10.87,486.1,2484.5,568.4,27.04,34.5,33.5,523.3,1,OIL_STAIN
26.88,13.52,2.67,467.9,2711.0,750.0,28.37,57.0,23.7,638.1,2,JACQUARD_PATTERN_SHIFT
13.54,16.94,4.38,484.7,2568.3,675.5,16.58,67.1,29.2,642.7,2,JACQUARD_PATTERN_SHIFT
20.69,15.76,2.63,261.3,1827.5,589.0,42.64,55.6,27.0,628.4,3,BORDER_SEWING_DEFECT
29.32,15.83,10.0,343.6,1881.1,646.2,23.36,38.5,31.9,473.8,1,OIL_STAIN
23.51,15.45,5.14,309.9,1723.3,601.1,38.17,51.0,21.5,584.7,3,BORDER_SEWING_DEFECT
14.08,6.37,5.51,458.4,1954.5,585.8,49.64,58.8,19.1,538.1,0,YARN_BREAKAGE
18.34,19.54,6.07,549.2,2549.8,716.4,22.57,60.1,25.6,697.0,2,JACQUARD_PATTERN_SHIFT
18.6,18.51,4.1,269.4,1856.2,542.4,42.54,59.8,25.2,445.8,3,BORDER_SEWING_DEFECT
14.37,5.79,6.18,500.5,2338.7,625.5,41.15,63.0,22.3,621.1,0,YARN_BREAKAGE
20.03,14.14,4.93,297.0,1723.2,562.9,41.2,56.5,20.2,538.6,3,BORDER_SEWING_DEFECT
22.19,9.5,3.58,265.5,1675.3,606.6,33.03,62.7,20.0,497.4,3,BORDER_SEWING_DEFECT
11.29,7.18,5.74,419.8,2080.3,579.4,38.69,52.5,31.2,511.0,0,YARN_BREAKAGE
14.2,9.5,3.18,445.0,2647.0,656.2,41.45,54.4,21.4,513.2,0,YARN_BREAKAGE
26.97,13.11,4.98,447.2,2700.1,719.5,35.78,55.1,24.9,634.7,2,JACQUARD_PATTERN_SHIFT
12.94,6.75,5.33,402.3,2246.0,616.6,51.98,62.0,26.2,541.9,0,YARN_BREAKAGE
15.12,6.17,5.3,387.8,2228.6,570.0,38.74,61.4,21.6,470.4,0,YARN_BREAKAGE
12.34,10.72,2.56,409.8,2299.2,684.5,49.72,53.9,25.1,592.6,0,YARN_BREAKAGE
26.71,16.09,6.32,386.0,2456.8,749.7,28.5,55.5,18.9,703.0,2,JACQUARD_PATTERN_SHIFT
25.32,19.66,8.27,501.8,2321.0,572.0,23.68,39.4,30.8,536.4,1,OIL_STAIN
11.59,8.39,4.93,419.1,2212.0,653.0,45.6,57.7,21.9,552.0,0,YARN_BREAKAGE
28.17,21.12,3.58,442.4,2713.8,773.3,30.01,51.6,22.5,614.0,2,JACQUARD_PATTERN_SHIFT
17.26,12.01,3.75,384.8,2790.8,723.2,29.15,59.1,22.0,691.5,2,JACQUARD_PATTERN_SHIFT
22.42,14.87,5.71,521.6,2486.2,724.2,13.77,50.1,27.2,656.6,2,JACQUARD_PATTERN_SHIFT
21.96,17.48,7.26,312.5,2513.8,689.3,38.75,52.5,25.4,662.9,2,JACQUARD_PATTERN_SHIFT
30.65,15.61,5.6,420.0,2412.0,697.3,25.36,50.8,20.3,613.3,2,JACQUARD_PATTERN_SHIFT
18.74,8.45,5.73,270.9,2037.8,534.3,33.13,73.6,23.8,557.1,3,BORDER_SEWING_DEFECT
30.16,18.27,3.13,307.0,1895.5,608.7,34.54,53.9,24.0,656.2,3,BORDER_SEWING_DEFECT
13.07,10.33,4.25,339.5,2025.4,567.0,55.65,68.3,29.7,485.4,0,YARN_BREAKAGE
24.04,16.22,11.31,422.8,2562.6,525.7,20.22,36.8,37.2,550.7,1,OIL_STAIN
25.75,15.39,6.7,322.0,1712.6,652.7,44.39,60.2,18.5,561.7,3,BORDER_SEWING_DEFECT
24.46,13.17,8.81,382.2,2299.7,511.8,23.34,41.8,32.8,476.2,1,OIL_STAIN
24.64,22.91,4.03,260.3,1851.1,664.6,35.32,56.5,26.7,507.8,3,BORDER_SEWING_DEFECT
15.64,9.11,4.17,462.8,2388.2,608.3,41.36,53.7,25.9,467.7,0,YARN_BREAKAGE
11.14,9.31,7.1,393.4,2031.7,645.2,44.29,58.2,22.0,535.0,0,YARN_BREAKAGE
13.09,8.02,4.17,370.6,2406.7,674.2,55.17,63.1,23.5,512.4,0,YARN_BREAKAGE
19.15,15.68,3.79,398.8,2617.8,737.2,30.09,57.0,16.0,693.9,2,JACQUARD_PATTERN_SHIFT
19.66,14.34,4.84,325.0,1964.4,662.3,33.52,57.4,25.3,529.3,3,BORDER_SEWING_DEFECT
13.49,7.88,4.65,386.7,2200.8,615.4,47.76,65.5,25.6,511.6,0,YARN_BREAKAGE
16.08,9.31,4.66,434.8,1932.5,618.5,47.65,67.0,25.3,518.0,0,YARN_BREAKAGE
29.04,14.07,4.0,366.9,2410.1,721.1,34.5,46.1,30.8,595.2,2,JACQUARD_PATTERN_SHIFT
25.27,22.49,6.1,531.2,2575.7,720.0,34.05,61.7,22.7,652.6,2,JACQUARD_PATTERN_SHIFT
27.88,17.3,4.82,304.2,1910.7,697.0,36.52,64.8,24.2,576.3,3,BORDER_SEWING_DEFECT
18.21,14.1,5.15,305.1,2787.8,757.7,16.11,59.3,27.6,636.4,2,JACQUARD_PATTERN_SHIFT
25.82,12.02,8.35,354.6,2364.2,617.4,38.92,36.7,37.1,503.7,1,OIL_STAIN
17.44,6.12,4.28,465.0,2246.0,581.9,37.32,45.6,24.9,559.2,0,YARN_BREAKAGE
13.91,7.41,2.76,274.4,2346.1,536.5,47.56,64.0,25.3,533.6,0,YARN_BREAKAGE
12.6,9.28,6.26,461.3,2390.3,498.6,50.3,71.0,23.2,564.2,0,YARN_BREAKAGE
26.48,17.25,4.57,526.0,2678.2,687.5,39.8,64.9,26.9,702.8,2,JACQUARD_PATTERN_SHIFT
15.35,10.26,3.88,532.9,2068.6,649.3,40.24,60.3,25.3,505.3,0,YARN_BREAKAGE
11.15,10.74,7.72,480.8,2183.6,699.1,45.16,55.8,20.0,570.4,0,YARN_BREAKAGE
13.45,6.55,3.03,377.1,2121.8,600.3,55.31,52.6,27.0,558.8,0,YARN_BREAKAGE
13.37,6.72,4.83,367.8,2141.4,704.5,43.01,61.5,26.2,549.7,0,YARN_BREAKAGE
21.01,17.17,10.02,464.1,2469.3,628.8,24.43,36.7,32.0,446.9,1,OIL_STAIN
14.22,8.4,5.04,453.1,2299.9,538.0,48.12,59.7,29.1,476.1,0,YARN_BREAKAGE
10.57,8.42,6.58,440.9,2282.4,620.1,40.9,65.2,23.6,470.4,0,YARN_BREAKAGE
11.7,4.76,6.57,361.0,1984.9,544.8,37.12,57.0,24.8,549.1,0,YARN_BREAKAGE
22.16,15.93,11.13,333.3,1905.2,588.5,21.13,34.2,29.8,537.8,1,OIL_STAIN
14.55,5.68,2.97,531.1,2050.8,604.7,37.47,51.1,23.9,521.8,0,YARN_BREAKAGE
22.02,18.82,3.7,277.2,1941.9,645.7,45.73,69.8,22.6,600.9,3,BORDER_SEWING_DEFECT
25.17,17.06,7.93,478.9,2420.8,705.1,32.47,67.7,25.6,686.3,2,JACQUARD_PATTERN_SHIFT
29.26,27.23,6.41,331.8,1843.2,580.2,37.35,62.9,27.2,561.7,3,BORDER_SEWING_DEFECT
28.32,15.77,5.33,438.5,2470.4,748.5,25.78,51.0,22.4,680.6,2,JACQUARD_PATTERN_SHIFT
30.47,12.43,7.2,359.2,2406.6,578.0,35.65,43.0,39.7,583.0,1,OIL_STAIN
21.7,13.14,2.38,475.2,2809.9,724.6,43.74,71.2,20.7,701.9,2,JACQUARD_PATTERN_SHIFT
30.66,16.66,6.38,381.6,2444.8,702.2,26.73,52.3,22.4,682.3,2,JACQUARD_PATTERN_SHIFT
13.89,6.61,5.2,426.7,2582.3,675.7,44.71,60.0,27.9,490.2,0,YARN_BREAKAGE
15.59,5.66,3.12,402.1,2028.9,607.9,43.18,59.6,26.2,558.0,0,YARN_BREAKAGE
17.31,18.11,5.54,390.0,2597.2,773.4,24.37,57.3,26.2,655.1,2,JACQUARD_PATTERN_SHIFT
18.93,17.57,9.43,432.4,2338.5,620.6,16.2,45.8,35.9,553.3,1,OIL_STAIN
22.68,6.27,7.03,293.6,2001.9,637.8,42.02,52.8,25.3,568.9,3,BORDER_SEWING_DEFECT
30.3,18.31,5.94,277.8,2049.2,552.6,34.97,53.0,24.7,510.5,3,BORDER_SEWING_DEFECT
19.65,19.41,2.87,399.0,2627.7,742.7,38.97,59.3,19.6,654.9,2,JACQUARD_PATTERN_SHIFT
30.88,20.64,6.05,339.0,1694.5,633.4,36.49,57.1,26.0,606.5,3,BORDER_SEWING_DEFECT
14.89,10.96,5.0,456.3,2281.2,625.1,40.49,52.9,21.3,621.0,0,YARN_BREAKAGE
24.06,17.34,4.5,408.5,2529.8,713.1,23.97,53.2,24.5,678.5,2,JACQUARD_PATTERN_SHIFT
28.19,15.64,1.5,339.6,1981.9,682.7,39.63,43.1,22.6,562.1,3,BORDER_SEWING_DEFECT
16.42,10.59,5.09,476.5,2318.5,619.8,44.02,62.6,24.0,526.8,0,YARN_BREAKAGE
12.9,8.39,4.43,444.9,2602.3,645.3,54.52,55.2,20.7,510.3,0,YARN_BREAKAGE
24.25,20.34,7.8,446.9,2487.4,703.7,16.74,64.7,22.6,594.9,2,JACQUARD_PATTERN_SHIFT
13.93,6.45,4.89,516.3,2183.8,705.1,47.23,56.2,26.4,523.0,0,YARN_BREAKAGE
24.71,15.23,3.13,362.4,2424.0,710.8,30.44,60.5,22.4,654.7,2,JACQUARD_PATTERN_SHIFT
23.45,18.16,7.26,460.3,2721.6,749.7,22.69,60.0,25.8,643.3,2,JACQUARD_PATTERN_SHIFT
11.91,7.89,7.39,398.7,2242.5,598.6,50.75,64.9,28.3,563.3,0,YARN_BREAKAGE
28.5,17.02,6.92,353.0,1996.3,609.1,26.55,45.3,31.7,549.1,1,OIL_STAIN
16.91,10.54,3.93,405.6,2032.1,629.2,51.37,50.5,22.5,467.6,0,YARN_BREAKAGE
10.74,9.83,7.49,419.1,2261.1,656.5,55.1,49.4,29.0,584.7,0,YARN_BREAKAGE
17.17,6.79,7.6,451.9,2272.5,603.6,52.61,55.4,26.3,603.5,0,YARN_BREAKAGE
15.44,6.59,5.92,391.4,2666.3,663.7,55.45,64.2,27.9,554.3,0,YARN_BREAKAGE
28.99,11.38,4.49,408.0,2473.2,679.4,34.85,60.1,24.6,625.6,2,JACQUARD_PATTERN_SHIFT
28.61,17.96,4.79,409.0,2537.6,779.0,29.14,50.0,25.2,623.4,2,JACQUARD_PATTERN_SHIFT
34.39,17.25,8.33,391.5,2200.2,543.9,15.35,46.2,32.9,523.9,1,OIL_STAIN
24.79,16.53,2.7,301.8,2032.9,560.8,44.56,60.7,24.3,520.7,3,BORDER_SEWING_DEFECT
23.3,20.3,5.87,292.7,1955.3,538.6,42.13,48.1,23.3,459.2,3,BORDER_SEWING_DEFECT
12.61,7.19,3.9,399.5,2096.0,643.6,57.12,58.0,26.2,538.9,0,YARN_BREAKAGE
22.41,17.13,9.99,462.3,2139.3,582.1,20.23,41.6,37.6,516.2,1,OIL_STAIN
16.61,8.8,3.88,407.1,2347.7,659.0,53.02,65.7,28.1,473.9,0,YARN_BREAKAGE
15.6,10.02,4.6,399.6,2305.8,656.3,48.55,52.5,27.1,501.8,0,YARN_BREAKAGE
31.68,16.04,4.28,323.2,1834.0,662.7,38.31,47.8,22.2,584.1,3,BORDER_SEWING_DEFECT
24.02,17.07,11.34,443.6,2289.4,643.8,39.54,33.3,34.8,510.3,1,OIL_STAIN
12.94,8.64,4.92,458.9,2136.9,583.2,49.87,55.0,23.4,570.2,0,YARN_BREAKAGE
22.29,8.35,8.86,362.9,2014.5,713.6,24.39,34.7,31.5,442.7,1,OIL_STAIN
15.92,9.0,4.4,373.4,2150.6,554.1,40.9,59.7,29.3,549.1,0,YARN_BREAKAGE
17.32,10.24,4.17,430.3,2212.1,620.5,37.73,77.3,24.1,607.2,0,YARN_BREAKAGE
15.6,9.93,6.82,442.9,1839.3,602.2,40.82,60.0,23.4,481.8,0,YARN_BREAKAGE
15.36,10.12,2.62,387.9,2274.3,575.9,37.45,72.2,25.4,487.5,0,YARN_BREAKAGE
15.69,6.05,6.47,337.4,1974.8,579.6,57.56,64.6,27.8,522.9,0,YARN_BREAKAGE
24.87,22.44,7.48,349.4,2353.0,575.1,31.25,35.1,32.3,464.0,1,OIL_STAIN
11.61,10.82,3.65,391.3,2052.8,650.0,43.35,51.7,21.9,564.2,0,YARN_BREAKAGE
12.77,7.3,4.47,517.7,2167.9,629.8,39.25,64.9,25.1,522.5,0,YARN_BREAKAGE
20.31,18.85,4.76,357.8,2659.8,671.1,24.48,61.7,22.5,617.6,2,JACQUARD_PATTERN_SHIFT
27.58,14.37,10.38,426.9,2101.6,574.1,24.88,43.2,35.5,574.1,1,OIL_STAIN
20.96,11.59,3.16,273.5,1935.7,590.3,39.23,64.6,21.0,594.6,3,BORDER_SEWING_DEFECT
22.92,17.91,8.01,390.2,1922.1,644.3,31.3,34.5,29.7,524.5,1,OIL_STAIN
15.73,6.77,4.83,417.1,2177.8,573.1,43.86,53.1,20.0,484.1,0,YARN_BREAKAGE
14.54,7.55,7.92,371.7,2195.6,641.2,52.79,67.8,21.7,559.8,0,YARN_BREAKAGE
14.75,7.34,2.93,493.3,2282.6,639.6,41.54,57.9,27.9,480.5,0,YARN_BREAKAGE
22.7,18.66,5.47,291.0,2643.6,711.3,22.25,53.4,24.1,633.3,2,JACQUARD_PATTERN_SHIFT
17.09,9.05,4.89,425.8,2278.3,619.9,55.06,41.6,24.3,549.6,0,YARN_BREAKAGE
27.99,16.12,7.62,362.5,2325.7,593.1,17.71,34.0,31.9,508.6,1,OIL_STAIN
10.79,7.18,6.61,413.9,2022.8,715.9,45.19,45.2,23.1,493.6,0,YARN_BREAKAGE
11.69,5.57,5.63,422.6,2395.2,649.5,54.43,51.1,19.8,543.4,0,YARN_BREAKAGE
12.53,6.21,5.74,449.2,2053.2,563.7,39.1,50.8,25.3,545.1,0,YARN_BREAKAGE
22.62,11.05,5.45,300.4,2832.0,686.0,16.38,66.9,28.0,700.1,2,JACQUARD_PATTERN_SHIFT
27.29,17.68,5.92,326.4,1746.8,598.1,38.74,46.9,24.6,477.7,3,BORDER_SEWING_DEFECT
11.73,6.55,4.78,429.8,2136.8,634.4,54.35,58.9,28.6,572.5,0,YARN_BREAKAGE
23.96,15.81,10.15,486.6,2190.6,568.7,33.11,38.0,36.1,562.7,1,OIL_STAIN
22.16,22.01,7.07,306.7,1703.2,612.9,45.75,64.8,23.0,502.4,3,BORDER_SEWING_DEFECT
25.31,10.42,4.16,335.7,1950.5,609.8,34.02,49.7,29.2,471.1,3,BORDER_SEWING_DEFECT
18.25,16.43,3.41,523.2,2782.2,661.7,33.19,62.6,22.9,603.6,2,JACQUARD_PATTERN_SHIFT
32.38,16.88,8.88,402.1,2008.2,529.0,14.99,42.8,29.5,559.1,1,OIL_STAIN
14.0,5.24,4.38,351.0,2163.3,641.6,52.5,61.3,18.4,401.7,0,YARN_BREAKAGE
26.39,21.81,6.97,467.3,2346.5,602.7,31.95,39.2,38.6,506.1,1,OIL_STAIN
20.36,14.85,4.05,413.1,2498.0,763.4,15.85,53.6,27.6,615.8,2,JACQUARD_PATTERN_SHIFT
14.89,4.69,7.28,505.3,2155.5,574.4,53.79,52.3,20.1,606.4,0,YARN_BREAKAGE
18.62,22.02,9.0,455.3,2182.5,606.7,24.84,45.5,32.5,542.3,1,OIL_STAIN
21.59,15.3,6.29,285.5,1782.3,593.8,37.35,50.3,21.8,528.7,3,BORDER_SEWING_DEFECT
20.65,18.14,6.11,303.3,1875.6,624.6,44.25,66.3,27.0,567.0,3,BORDER_SEWING_DEFECT
13.09,8.61,6.58,429.1,2409.7,639.5,39.4,52.8,25.5,451.9,0,YARN_BREAKAGE
28.41,18.59,4.59,465.0,2439.0,760.9,28.46,55.7,25.1,660.2,2,JACQUARD_PATTERN_SHIFT
32.0,14.47,3.39,413.4,2414.1,684.5,20.6,51.2,25.0,639.4,2,JACQUARD_PATTERN_SHIFT
16.59,20.05,5.84,312.0,1691.4,636.9,34.32,49.4,27.7,530.4,3,BORDER_SEWING_DEFECT
14.56,9.66,6.2,321.6,2238.9,537.2,55.51,64.7,24.8,460.4,0,YARN_BREAKAGE
11.9,7.79,5.53,492.2,2409.3,547.6,38.52,70.2,21.8,623.6,0,YARN_BREAKAGE
16.8,7.82,5.71,395.5,2355.8,531.0,36.99,60.6,28.7,544.4,0,YARN_BREAKAGE
11.94,4.67,2.67,425.0,2132.6,596.8,45.01,56.7,25.1,479.3,0,YARN_BREAKAGE
13.2,9.13,5.57,416.8,2079.4,597.8,37.8,55.1,21.5,563.3,0,YARN_BREAKAGE
13.2,7.14,5.98,405.0,1934.6,663.6,41.9,53.6,24.4,532.7,0,YARN_BREAKAGE
16.72,6.26,5.39,426.3,2073.0,641.1,47.04,44.0,25.8,514.8,0,YARN_BREAKAGE
14.32,8.35,6.12,434.2,2200.3,698.7,45.44,55.9,27.0,550.3,0,YARN_BREAKAGE
12.3,6.67,4.93,482.5,2213.2,647.3,38.38,57.6,22.4,526.7,0,YARN_BREAKAGE
16.85,17.65,10.4,410.3,2081.5,656.4,10.31,32.6,34.6,535.8,1,OIL_STAIN
16.49,5.46,6.12,394.4,2272.8,639.2,53.94,52.3,19.5,578.5,0,YARN_BREAKAGE
23.61,19.47,7.49,512.4,2806.8,687.0,29.34,52.0,27.2,621.2,2,JACQUARD_PATTERN_SHIFT
24.65,16.58,5.07,330.0,1970.7,663.4,35.64,61.5,29.6,550.8,3,BORDER_SEWING_DEFECT
28.45,17.34,4.51,435.5,2536.9,731.8,25.06,60.4,25.3,650.0,2,JACQUARD_PATTERN_SHIFT
11.12,10.42,4.17,376.7,2478.4,639.0,40.77,63.4,26.4,510.7,0,YARN_BREAKAGE
32.17,18.35,4.48,332.1,1961.8,537.9,40.64,65.4,27.4,541.3,3,BORDER_SEWING_DEFECT
19.63,18.55,6.85,273.3,1930.0,611.8,38.02,60.8,21.8,489.0,3,BORDER_SEWING_DEFECT
15.57,5.88,4.42,388.5,2433.3,574.4,37.52,58.6,22.4,538.0,0,YARN_BREAKAGE
15.0,9.57,4.37,340.1,2178.3,698.0,52.73,60.4,23.0,550.6,0,YARN_BREAKAGE
25.35,11.35,5.39,322.5,1691.3,572.3,32.09,50.4,24.1,605.4,3,BORDER_SEWING_DEFECT
10.97,5.45,6.19,388.8,2544.6,540.1,44.42,56.0,25.3,575.8,0,YARN_BREAKAGE
18.09,15.44,5.0,327.5,1910.3,622.5,45.46,56.9,24.5,535.0,3,BORDER_SEWING_DEFECT
13.36,9.05,5.9,484.6,2097.9,600.8,46.95,64.9,21.3,491.8,0,YARN_BREAKAGE
22.78,15.35,5.53,260.6,1954.3,673.0,39.02,52.2,19.0,510.1,3,BORDER_SEWING_DEFECT
27.56,17.37,6.73,301.3,1825.6,598.5,46.49,39.4,24.3,518.6,3,BORDER_SEWING_DEFECT
19.3,15.16,4.39,413.4,2403.6,686.1,20.26,63.0,23.1,672.7,2,JACQUARD_PATTERN_SHIFT
11.6,10.18,4.62,406.9,2064.6,617.7,40.7,59.5,34.1,592.5,0,YARN_BREAKAGE
25.61,11.71,2.74,271.0,2006.6,610.9,35.73,57.0,26.5,539.6,3,BORDER_SEWING_DEFECT
32.61,12.4,9.17,395.1,1941.0,580.2,27.14,46.0,36.7,633.3,1,OIL_STAIN
21.39,15.71,11.19,407.6,2153.5,639.8,19.7,35.0,31.8,450.7,1,OIL_STAIN
25.65,19.75,5.44,422.9,2570.5,776.0,21.28,51.3,21.2,662.9,2,JACQUARD_PATTERN_SHIFT
17.67,14.85,2.66,270.0,1711.0,640.4,38.99,52.4,23.8,518.9,3,BORDER_SEWING_DEFECT
15.99,6.92,4.43,358.6,2159.0,677.4,37.86,53.1,22.2,496.1,0,YARN_BREAKAGE
20.86,13.25,7.8,490.7,2848.7,719.5,11.18,56.7,24.8,607.3,2,JACQUARD_PATTERN_SHIFT
35.39,17.02,5.13,348.8,2415.4,745.5,38.22,61.4,28.5,669.8,2,JACQUARD_PATTERN_SHIFT
17.07,14.66,5.85,327.7,2027.6,590.3,32.35,68.5,25.3,465.9,3,BORDER_SEWING_DEFECT
20.3,17.12,4.56,291.7,1993.2,655.0,33.34,43.7,20.9,634.5,3,BORDER_SEWING_DEFECT
15.54,5.05,3.41,465.6,2149.4,612.3,52.54,51.2,25.0,561.9,0,YARN_BREAKAGE
12.56,9.7,5.76,443.6,2325.9,610.0,55.63,60.6,18.1,587.4,0,YARN_BREAKAGE
24.88,20.54,10.98,506.9,2371.8,659.8,27.98,37.1,35.1,495.4,1,OIL_STAIN
13.9,7.34,7.53,440.2,2202.9,606.9,54.74,63.5,21.8,570.8,0,YARN_BREAKAGE
23.19,16.03,5.69,282.0,2008.7,622.5,32.09,63.0,18.8,548.7,3,BORDER_SEWING_DEFECT
12.56,7.6,4.73,365.7,2232.4,584.0,48.67,60.4,24.9,526.5,0,YARN_BREAKAGE
24.19,16.35,10.86,410.8,2547.4,637.2,27.17,47.0,31.0,539.6,1,OIL_STAIN
30.5,15.67,9.94,438.4,1994.0,630.0,16.54,47.3,35.3,420.4,1,OIL_STAIN
12.16,7.38,7.24,438.7,2230.3,681.7,50.15,59.9,28.9,526.4,0,YARN_BREAKAGE
29.43,7.78,5.12,293.2,1853.6,638.6,44.24,59.0,30.8,508.7,3,BORDER_SEWING_DEFECT
31.77,20.8,5.19,325.9,1991.0,572.8,41.15,60.6,21.6,612.9,3,BORDER_SEWING_DEFECT
26.97,20.38,5.56,473.0,2598.0,748.0,16.14,57.8,26.4,639.2,2,JACQUARD_PATTERN_SHIFT
13.45,7.9,4.16,327.5,2603.5,620.3,39.98,51.5,24.2,572.2,0,YARN_BREAKAGE
28.41,16.73,4.64,269.9,1900.8,539.8,43.45,58.3,23.7,575.2,3,BORDER_SEWING_DEFECT
21.1,9.83,3.2,378.8,2484.6,731.1,28.25,51.5,21.6,699.5,2,JACQUARD_PATTERN_SHIFT
23.57,12.58,6.25,394.4,2822.0,722.2,31.3,69.3,26.3,606.7,2,JACQUARD_PATTERN_SHIFT
15.01,9.15,4.05,496.1,2354.4,642.3,55.47,59.7,18.6,603.0,0,YARN_BREAKAGE
21.37,15.82,3.16,287.6,1939.9,619.3,41.31,51.4,24.3,624.4,3,BORDER_SEWING_DEFECT
19.53,15.24,7.33,328.0,1748.6,593.0,41.12,65.2,25.2,502.1,3,BORDER_SEWING_DEFECT
10.57,4.99,3.58,415.3,2168.1,554.7,40.17,59.3,28.3,443.7,0,YARN_BREAKAGE
23.73,17.45,7.49,467.9,2156.5,613.6,19.47,47.8,30.2,501.7,1,OIL_STAIN
24.95,18.13,3.65,499.3,2530.3,693.3,29.23,56.7,20.2,617.3,2,JACQUARD_PATTERN_SHIFT
16.23,4.61,3.59,511.5,1995.4,680.4,57.94,64.2,22.7,490.2,0,YARN_BREAKAGE
12.51,5.98,4.01,461.5,2296.1,591.0,42.39,65.8,22.7,518.3,0,YARN_BREAKAGE
20.12,17.52,4.65,323.0,1971.8,690.0,37.94,53.6,27.4,490.6,3,BORDER_SEWING_DEFECT
17.94,13.02,8.37,403.0,2720.6,770.0,32.26,57.3,21.8,642.0,2,JACQUARD_PATTERN_SHIFT
22.15,14.43,9.12,486.5,2233.4,705.2,18.49,47.7,35.4,583.8,1,OIL_STAIN
15.73,8.46,4.91,373.9,2419.7,577.8,54.79,63.2,24.4,518.2,0,YARN_BREAKAGE
20.95,18.45,5.63,457.0,2714.6,701.8,44.89,47.0,25.7,614.1,2,JACQUARD_PATTERN_SHIFT
27.39,13.92,7.48,397.1,2334.7,596.3,30.22,38.5,30.6,496.7,1,OIL_STAIN
28.48,9.5,5.84,266.0,1692.8,590.9,42.53,70.7,23.4,520.8,3,BORDER_SEWING_DEFECT
26.5,16.6,5.15,380.5,2695.0,721.8,27.68,64.9,27.6,593.4,2,JACQUARD_PATTERN_SHIFT
27.86,15.02,2.86,277.2,2033.2,564.3,44.22,56.1,24.3,441.9,3,BORDER_SEWING_DEFECT
26.23,15.18,5.83,428.2,2819.3,685.1,28.59,54.1,25.1,690.5,2,JACQUARD_PATTERN_SHIFT
21.15,22.62,4.07,300.6,1652.2,646.0,40.66,61.3,20.9,490.6,3,BORDER_SEWING_DEFECT
25.01,21.98,5.66,328.7,1857.5,650.6,39.18,50.2,29.9,520.6,3,BORDER_SEWING_DEFECT
19.27,20.22,6.78,460.5,2473.8,720.5,27.77,52.3,23.1,618.5,2,JACQUARD_PATTERN_SHIFT
21.39,17.49,4.01,439.9,2706.4,741.8,11.19,71.1,27.8,605.0,2,JACQUARD_PATTERN_SHIFT
21.78,15.05,3.91,437.2,2623.5,779.3,35.89,56.4,24.3,622.7,2,JACQUARD_PATTERN_SHIFT
15.74,7.55,5.7,479.8,1921.9,638.2,47.46,68.7,29.1,510.2,0,YARN_BREAKAGE
27.04,16.51,4.41,277.5,1824.6,571.1,38.69,59.3,20.7,595.0,3,BORDER_SEWING_DEFECT
24.41,12.72,5.5,374.4,2386.0,691.5,24.25,59.8,23.7,697.3,2,JACQUARD_PATTERN_SHIFT
24.95,19.34,8.47,318.7,1796.2,557.8,31.17,40.6,36.1,551.6,1,OIL_STAIN
24.18,19.53,6.53,265.0,1736.4,669.8,42.97,57.2,31.8,531.7,3,BORDER_SEWING_DEFECT
27.69,16.56,7.61,286.0,1658.2,612.7,38.04,68.1,21.0,434.9,3,BORDER_SEWING_DEFECT
15.09,6.23,4.05,619.0,2289.2,618.7,41.39,61.6,33.5,566.5,0,YARN_BREAKAGE
13.91,19.89,3.35,329.5,1845.1,524.8,41.54,59.9,25.3,428.4,3,BORDER_SEWING_DEFECT
11.97,5.51,6.0,321.9,2276.0,608.2,46.05,55.1,23.1,505.7,0,YARN_BREAKAGE
29.07,16.86,4.35,385.4,2615.4,769.3,16.76,67.0,23.6,673.6,2,JACQUARD_PATTERN_SHIFT
14.75,16.42,3.08,354.5,2560.4,680.0,28.47,53.6,26.0,663.6,2,JACQUARD_PATTERN_SHIFT
24.89,13.11,3.03,489.4,2632.3,749.8,23.39,73.5,27.8,660.7,2,JACQUARD_PATTERN_SHIFT
24.13,22.68,7.44,304.2,1676.2,548.0,33.18,59.1,23.6,557.6,3,BORDER_SEWING_DEFECT
28.35,14.45,6.97,364.8,1862.7,591.4,34.23,35.4,39.2,506.1,1,OIL_STAIN
19.58,13.94,5.85,321.8,1703.8,599.7,37.21,60.4,24.2,498.2,3,BORDER_SEWING_DEFECT
21.45,19.37,4.59,285.4,1872.5,591.3,41.31,58.6,23.2,529.7,3,BORDER_SEWING_DEFECT
23.15,8.94,3.98,435.5,2809.2,696.5,23.66,47.3,19.1,673.1,2,JACQUARD_PATTERN_SHIFT
11.12,6.06,5.44,400.5,2211.8,586.5,51.61,53.4,29.0,574.4,0,YARN_BREAKAGE
27.11,14.06,5.85,322.7,1674.2,613.4,39.65,57.9,28.4,470.2,3,BORDER_SEWING_DEFECT
21.36,14.59,2.14,332.3,1759.8,689.0,41.99,51.4,24.4,440.6,3,BORDER_SEWING_DEFECT
16.53,10.53,6.13,473.8,2061.7,592.7,40.62,55.8,23.4,470.2,0,YARN_BREAKAGE
24.24,16.24,6.78,440.1,2664.8,733.9,22.31,58.8,28.8,687.9,2,JACQUARD_PATTERN_SHIFT
17.05,9.99,10.05,426.1,2346.4,646.3,35.12,44.3,35.9,554.0,1,OIL_STAIN
21.1,17.44,4.31,285.6,1931.2,635.6,41.23,57.4,26.3,536.7,3,BORDER_SEWING_DEFECT
25.26,12.38,4.97,457.6,2773.1,728.3,15.46,62.9,21.7,682.3,2,JACQUARD_PATTERN_SHIFT
23.37,23.43,11.01,429.5,2362.4,721.4,26.71,44.7,29.9,586.0,1,OIL_STAIN
31.11,17.93,9.37,488.4,2117.2,592.5,14.83,38.0,30.5,486.6,1,OIL_STAIN
25.48,16.8,7.24,386.7,2009.8,613.0,32.04,41.8,38.9,456.5,1,OIL_STAIN
18.1,15.73,5.42,466.5,2563.8,665.1,23.98,54.3,21.2,611.8,2,JACQUARD_PATTERN_SHIFT
30.69,17.96,9.23,556.7,2043.6,646.8,24.28,45.2,33.5,613.0,1,OIL_STAIN
13.93,8.34,7.59,455.7,2496.3,618.8,54.47,57.0,23.5,492.7,0,YARN_BREAKAGE
15.81,5.9,5.26,479.6,2037.0,664.5,57.13,54.6,20.9,499.1,0,YARN_BREAKAGE
13.97,8.48,1.5,406.3,2609.8,620.9,55.08,53.3,24.5,556.6,0,YARN_BREAKAGE
16.56,6.59,3.99,438.0,2255.3,585.1,44.56,52.4,23.1,572.2,0,YARN_BREAKAGE
26.65,20.16,5.88,440.1,2463.7,735.8,25.25,51.3,25.9,604.1,2,JACQUARD_PATTERN_SHIFT
14.52,6.6,3.67,393.7,1944.3,611.1,45.61,68.0,27.2,475.8,0,YARN_BREAKAGE
22.86,15.3,7.92,386.5,2371.5,557.9,23.03,36.1,35.3,486.7,1,OIL_STAIN
16.71,19.91,7.56,291.3,1963.3,555.8,33.18,53.8,23.7,503.2,3,BORDER_SEWING_DEFECT
16.4,9.95,3.35,420.9,2216.7,558.2,41.04,52.1,22.2,495.1,0,YARN_BREAKAGE
23.99,13.47,2.26,332.8,1719.4,673.1,37.63,57.6,27.3,525.4,3,BORDER_SEWING_DEFECT
29.22,19.04,1.81,300.6,1980.9,561.1,44.19,59.8,30.5,543.3,3,BORDER_SEWING_DEFECT
17.66,21.41,7.76,457.2,2206.7,608.7,32.28,45.4,36.9,555.2,1,OIL_STAIN
11.28,8.49,2.77,452.5,2214.9,579.8,49.57,56.3,16.1,581.7,0,YARN_BREAKAGE
22.68,15.18,4.31,446.9,2669.9,672.6,22.07,63.3,26.1,694.1,2,JACQUARD_PATTERN_SHIFT
23.94,22.25,9.49,493.5,2156.3,599.1,33.81,42.9,32.8,586.5,1,OIL_STAIN
19.24,21.62,5.47,356.9,2443.3,724.1,18.78,65.3,20.7,648.1,2,JACQUARD_PATTERN_SHIFT
21.11,14.88,5.68,487.3,2660.7,738.3,26.22,57.6,25.6,601.0,2,JACQUARD_PATTERN_SHIFT
24.07,13.28,6.9,491.2,2482.8,670.3,34.8,58.8,25.3,600.0,2,JACQUARD_PATTERN_SHIFT
16.83,20.96,8.14,333.7,2430.5,669.7,23.46,33.3,39.9,529.2,1,OIL_STAIN
17.05,8.9,5.68,392.5,2132.1,635.2,44.46,49.6,20.2,542.0,0,YARN_BREAKAGE
11.24,5.19,1.52,355.2,2390.5,601.8,41.74,57.9,26.3,489.7,0,YARN_BREAKAGE
26.57,11.35,6.67,337.1,2011.6,580.1,41.69,52.9,20.7,581.2,3,BORDER_SEWING_DEFECT
23.85,16.9,4.04,412.2,2690.6,674.0,28.4,44.9,25.1,692.2,2,JACQUARD_PATTERN_SHIFT
26.74,10.73,6.67,336.2,2641.3,764.0,25.97,57.2,22.1,673.2,2,JACQUARD_PATTERN_SHIFT
16.91,15.09,9.76,408.9,2089.9,588.3,20.84,33.0,36.3,542.7,1,OIL_STAIN
33.96,12.88,5.15,467.0,2826.8,770.9,34.81,57.4,24.7,672.3,2,JACQUARD_PATTERN_SHIFT
32.37,13.01,9.0,398.5,1831.7,560.9,33.5,35.3,31.3,494.2,1,OIL_STAIN
13.1,4.77,4.0,467.0,2263.3,615.2,52.93,49.0,24.1,600.9,0,YARN_BREAKAGE
13.69,10.73,4.67,454.9,1664.6,590.2,53.47,56.4,26.0,564.8,0,YARN_BREAKAGE
24.74,13.68,1.73,285.3,2433.9,736.6,28.06,52.2,27.2,651.7,2,JACQUARD_PATTERN_SHIFT
17.44,7.57,5.09,471.2,2080.3,627.1,52.24,60.4,20.4,556.6,0,YARN_BREAKAGE
24.57,21.73,3.18,438.7,2449.0,694.3,22.02,64.4,19.3,669.7,2,JACQUARD_PATTERN_SHIFT
16.86,17.56,9.64,466.9,2530.5,588.1,14.28,44.4,35.6,576.5,1,OIL_STAIN
27.3,19.7,7.23,439.1,2437.1,711.2,31.71,52.6,19.9,643.5,2,JACQUARD_PATTERN_SHIFT
12.9,10.25,4.71,400.8,2193.0,622.2,57.23,59.4,24.7,534.9,0,YARN_BREAKAGE
28.12,15.99,3.43,376.2,2695.6,691.5,37.13,57.6,28.7,602.1,2,JACQUARD_PATTERN_SHIFT
14.98,8.82,4.43,458.7,2464.8,576.0,53.46,69.6,26.4,463.4,0,YARN_BREAKAGE
23.26,17.93,3.53,426.3,2523.8,680.2,24.61,72.7,28.6,628.4,2,JACQUARD_PATTERN_SHIFT
23.18,14.37,11.07,450.8,2243.0,641.6,17.02,32.6,38.5,482.8,1,OIL_STAIN
24.0,13.88,5.35,410.2,2697.9,769.6,29.5,55.0,24.9,668.2,2,JACQUARD_PATTERN_SHIFT
27.08,21.35,4.5,354.4,2766.9,776.6,35.77,65.9,26.0,594.8,2,JACQUARD_PATTERN_SHIFT
27.65,15.72,2.25,450.4,2620.1,764.4,11.09,58.9,26.4,660.6,2,JACQUARD_PATTERN_SHIFT
16.72,17.98,4.86,301.8,1849.1,637.2,35.78,54.7,28.5,530.7,3,BORDER_SEWING_DEFECT
21.32,23.97,11.26,359.7,2294.8,655.6,25.56,38.8,37.2,423.3,1,OIL_STAIN
10.85,5.93,6.35,353.8,2234.8,670.2,42.75,58.3,24.0,438.0,0,YARN_BREAKAGE
11.74,7.32,7.44,412.6,2386.2,554.8,39.29,48.6,24.1,457.0,0,YARN_BREAKAGE
10.92,10.18,7.0,423.7,2224.0,602.1,45.78,54.3,28.3,456.2,0,YARN_BREAKAGE
11.69,6.37,3.07,531.1,2183.3,555.6,53.75,55.4,21.8,524.8,0,YARN_BREAKAGE
14.2,7.91,7.7,409.0,1971.0,596.8,54.86,60.6,24.3,540.9,0,YARN_BREAKAGE
19.64,18.42,3.98,320.3,2005.3,545.1,36.78,60.2,25.9,522.1,3,BORDER_SEWING_DEFECT
25.61,16.74,9.72,503.5,2016.0,578.0,35.16,41.6,37.2,542.6,1,OIL_STAIN
27.49,9.92,10.71,420.9,2334.8,678.4,36.69,32.3,30.0,528.9,1,OIL_STAIN
11.92,9.55,5.73,407.0,1983.6,603.4,52.76,66.7,24.3,520.7,0,YARN_BREAKAGE
26.22,15.39,3.18,331.4,1695.8,611.6,37.68,65.9,19.1,492.9,3,BORDER_SEWING_DEFECT
23.83,19.91,7.99,540.0,2039.6,599.3,17.57,35.7,33.3,537.4,1,OIL_STAIN
20.49,13.29,5.63,409.5,2593.2,671.0,29.87,55.8,26.9,700.0,2,JACQUARD_PATTERN_SHIFT
30.63,10.53,2.05,271.0,2029.8,591.6,42.47,52.9,26.8,522.4,3,BORDER_SEWING_DEFECT
26.84,11.76,5.23,280.7,2016.2,599.3,44.18,54.5,26.1,474.6,3,BORDER_SEWING_DEFECT
29.81,17.9,7.37,430.4,2464.9,589.4,25.86,47.9,38.8,573.1,1,OIL_STAIN
20.11,12.87,5.26,301.9,1785.4,557.7,45.84,56.1,23.0,644.3,3,BORDER_SEWING_DEFECT
13.56,28.09,10.34,475.8,2522.3,637.1,29.8,44.6,37.8,508.7,1,OIL_STAIN
19.18,12.61,10.99,419.8,2233.7,537.2,16.57,41.1,33.9,497.4,1,OIL_STAIN
21.02,13.69,7.08,367.6,1848.1,569.2,33.24,41.2,39.0,534.2,1,OIL_STAIN
22.8,13.01,7.11,430.5,2643.4,739.4,33.9,54.1,22.8,662.0,2,JACQUARD_PATTERN_SHIFT
21.94,15.88,5.82,270.9,2013.8,656.2,44.15,56.2,27.0,433.7,3,BORDER_SEWING_DEFECT
29.95,21.17,3.16,339.9,1801.0,608.7,36.99,62.3,20.7,556.1,3,BORDER_SEWING_DEFECT
25.7,18.65,11.12,392.8,2152.2,647.2,28.72,42.9,32.4,561.6,1,OIL_STAIN
16.04,6.99,3.97,472.9,2085.6,605.9,43.82,62.8,21.6,573.0,0,YARN_BREAKAGE
21.06,9.62,5.24,492.3,2805.4,743.0,30.0,66.1,24.6,695.1,2,JACQUARD_PATTERN_SHIFT
26.67,15.36,8.83,464.8,2219.0,589.9,16.23,33.7,29.7,478.0,1,OIL_STAIN
10.74,10.29,7.06,521.4,2001.4,587.2,46.64,67.3,26.7,566.6,0,YARN_BREAKAGE
19.81,17.79,7.19,396.8,2731.6,663.9,33.68,60.9,28.6,674.5,2,JACQUARD_PATTERN_SHIFT
25.88,13.25,11.02,350.0,2019.6,640.1,28.57,39.9,33.5,531.7,1,OIL_STAIN
30.16,15.42,10.11,422.7,2182.4,609.9,30.29,33.0,38.1,548.6,1,OIL_STAIN
23.6,7.04,5.09,392.3,2605.6,711.4,27.91,67.5,21.5,596.7,2,JACQUARD_PATTERN_SHIFT
10.0,6.46,4.8,444.4,2492.4,646.1,48.27,62.3,28.3,515.0,0,YARN_BREAKAGE
12.87,8.75,4.07,409.0,2200.6,676.6,56.6,62.0,26.6,597.7,0,YARN_BREAKAGE
14.52,6.78,6.24,250.5,2050.0,550.8,48.32,56.7,22.9,431.9,0,YARN_BREAKAGE
27.02,9.83,2.43,415.7,2823.2,768.8,21.52,55.3,23.6,622.8,2,JACQUARD_PATTERN_SHIFT
21.38,13.59,9.0,445.2,2364.1,627.6,23.26,43.3,37.8,592.5,1,OIL_STAIN
14.55,5.97,4.86,498.7,2180.3,576.5,54.68,62.8,22.0,489.7,0,YARN_BREAKAGE
29.36,20.19,3.26,491.9,2678.3,748.2,24.63,47.9,25.1,681.6,2,JACQUARD_PATTERN_SHIFT
16.76,17.61,4.6,321.5,2049.2,601.0,32.75,58.2,22.3,550.1,3,BORDER_SEWING_DEFECT
25.24,15.73,3.25,288.9,1817.2,589.7,41.53,64.3,29.7,547.3,3,BORDER_SEWING_DEFECT
15.67,8.27,5.67,516.3,2014.4,588.9,53.93,62.3,18.8,574.7,0,YARN_BREAKAGE
20.36,13.76,7.01,525.1,2370.0,586.2,32.84,34.0,35.7,456.4,1,OIL_STAIN
19.89,11.74,9.21,368.3,2093.7,622.9,34.18,33.2,33.9,499.7,1,OIL_STAIN
29.41,17.19,4.21,364.1,2725.6,779.3,12.71,58.0,23.7,631.2,2,JACQUARD_PATTERN_SHIFT
24.98,16.06,5.07,274.2,1762.2,640.5,40.87,61.2,22.4,577.5,3,BORDER_SEWING_DEFECT
22.98,9.39,4.2,397.7,2689.9,679.1,17.93,47.2,22.4,601.1,2,JACQUARD_PATTERN_SHIFT
21.33,16.02,8.22,482.6,2203.3,609.9,38.8,40.3,37.2,512.0,1,OIL_STAIN
19.95,18.72,5.91,266.3,1672.6,602.0,41.98,71.1,23.9,540.9,3,BORDER_SEWING_DEFECT
24.25,19.95,2.8,476.5,2815.9,741.9,25.42,51.8,28.3,618.0,2,JACQUARD_PATTERN_SHIFT
11.56,7.7,6.31,410.4,2233.1,651.7,47.45,65.5,25.1,492.7,0,YARN_BREAKAGE
13.94,5.18,6.21,387.5,2470.1,508.5,47.29,57.7,21.1,575.3,0,YARN_BREAKAGE
11.1,7.39,3.9,390.2,2708.2,561.1,40.19,46.8,20.9,415.8,0,YARN_BREAKAGE
20.88,16.46,5.18,318.7,1772.4,595.4,39.39,67.3,28.3,485.0,3,BORDER_SEWING_DEFECT
19.36,14.77,4.38,276.3,2007.6,583.2,38.25,54.1,25.9,581.9,3,BORDER_SEWING_DEFECT
16.59,4.68,3.28,317.6,2164.2,666.4,57.31,63.6,21.1,555.2,0,YARN_BREAKAGE
14.31,9.56,3.89,447.1,2508.8,595.1,56.81,61.3,27.6,534.8,0,YARN_BREAKAGE
24.05,13.26,3.26,526.6,2785.9,744.4,22.0,55.2,20.6,625.0,2,JACQUARD_PATTERN_SHIFT
27.6,15.64,4.8,289.7,1742.8,573.7,35.56,50.4,23.7,492.1,3,BORDER_SEWING_DEFECT
15.77,5.13,5.72,385.8,2219.4,635.2,53.2,49.5,25.6,498.8,0,YARN_BREAKAGE
26.15,22.92,3.04,415.8,2826.3,708.0,31.55,67.5,28.0,610.7,2,JACQUARD_PATTERN_SHIFT
17.02,18.15,2.95,397.1,2791.2,681.1,33.43,54.9,24.0,705.7,2,JACQUARD_PATTERN_SHIFT
16.18,19.78,4.11,471.3,2546.3,700.1,34.52,55.2,28.5,621.9,2,JACQUARD_PATTERN_SHIFT
10.53,5.32,7.21,459.2,1969.3,578.9,43.26,56.3,24.5,528.4,0,YARN_BREAKAGE
24.22,13.28,7.91,418.4,2160.5,615.1,22.46,38.4,36.4,510.8,1,OIL_STAIN
17.27,6.47,3.19,464.9,2160.3,603.9,36.09,56.7,25.6,523.7,0,YARN_BREAKAGE
13.94,15.46,5.52,326.9,1818.3,599.2,42.47,62.2,21.3,529.8,3,BORDER_SEWING_DEFECT
12.05,5.76,4.32,418.6,2229.7,600.2,52.59,63.3,25.9,585.6,0,YARN_BREAKAGE
19.91,8.25,10.77,559.7,2365.4,575.1,22.49,37.6,33.4,516.8,1,OIL_STAIN
14.6,6.1,2.92,470.2,2232.1,578.7,51.31,62.8,29.6,493.6,0,YARN_BREAKAGE
24.59,11.31,5.77,426.4,2481.8,699.3,34.53,58.6,22.4,628.4,2,JACQUARD_PATTERN_SHIFT
15.99,6.57,8.45,486.7,2265.0,694.4,23.05,33.9,36.1,510.8,1,OIL_STAIN
21.67,17.33,3.7,454.8,2700.2,748.7,23.8,56.5,28.8,705.1,2,JACQUARD_PATTERN_SHIFT
16.01,15.73,4.77,494.6,2586.5,773.7,32.56,57.4,32.0,632.0,2,JACQUARD_PATTERN_SHIFT
27.88,13.91,11.04,438.0,2231.3,584.0,35.1,43.7,32.0,470.7,1,OIL_STAIN
22.33,16.68,5.78,260.8,1947.4,653.1,38.34,55.6,22.3,585.9,3,BORDER_SEWING_DEFECT
23.85,21.34,3.22,295.0,1971.0,593.3,40.86,50.5,19.6,521.1,3,BORDER_SEWING_DEFECT
24.92,17.32,4.72,299.6,1798.0,655.7,41.81,55.5,25.0,519.8,3,BORDER_SEWING_DEFECT
18.21,16.14,3.58,260.4,2669.6,714.0,20.61,68.6,21.2,660.9,2,JACQUARD_PATTERN_SHIFT
13.89,9.05,4.51,453.2,2112.7,637.2,50.71,55.8,29.4,543.4,0,YARN_BREAKAGE
22.09,19.64,9.04,455.2,2117.9,606.8,12.31,47.7,39.9,590.8,1,OIL_STAIN
23.91,13.74,4.23,325.3,1940.6,575.3,32.39,59.0,26.0,509.0,3,BORDER_SEWING_DEFECT
20.37,13.55,3.4,354.4,2695.7,730.3,30.93,61.7,25.8,660.7,2,JACQUARD_PATTERN_SHIFT
27.78,16.95,9.54,358.8,2260.9,665.5,35.0,47.6,33.9,556.5,1,OIL_STAIN
20.47,12.37,4.27,291.2,2016.7,632.8,42.93,50.9,22.2,527.7,3,BORDER_SEWING_DEFECT
16.88,27.34,5.11,467.6,2527.1,772.7,39.38,56.2,29.0,694.1,2,JACQUARD_PATTERN_SHIFT
27.2,16.84,7.97,546.1,2340.0,620.2,21.1,39.2,33.7,466.0,1,OIL_STAIN
12.78,7.99,4.98,498.9,2523.6,535.8,53.84,57.9,30.8,475.3,0,YARN_BREAKAGE
12.24,9.05,4.54,290.6,2086.3,546.8,49.7,68.4,20.6,555.5,0,YARN_BREAKAGE
14.08,7.96,6.44,598.6,2341.2,618.0,43.72,59.2,25.6,577.3,0,YARN_BREAKAGE
16.71,17.64,10.83,467.2,1934.6,566.7,26.28,45.0,38.2,633.3,1,OIL_STAIN
23.48,14.33,7.16,415.2,1993.8,600.7,30.29,36.8,35.6,531.3,1,OIL_STAIN
10.73,8.8,3.29,426.4,2489.0,634.7,37.3,55.6,21.8,526.6,0,YARN_BREAKAGE
21.48,16.69,5.1,422.6,2578.3,684.6,16.08,57.4,19.7,701.5,2,JACQUARD_PATTERN_SHIFT
14.55,16.86,4.31,295.9,1666.4,564.2,35.9,63.4,31.5,501.6,3,BORDER_SEWING_DEFECT
24.08,16.8,3.1,424.8,2539.3,766.1,13.94,44.4,27.2,652.4,2,JACQUARD_PATTERN_SHIFT
22.19,12.95,4.09,273.7,1795.0,587.4,34.57,46.1,27.0,472.0,3,BORDER_SEWING_DEFECT
31.97,19.54,8.14,397.5,2226.3,597.4,12.61,46.2,30.7,491.1,1,OIL_STAIN
27.48,18.29,5.86,443.4,2847.4,690.4,8.25,61.4,19.0,635.3,2,JACQUARD_PATTERN_SHIFT
23.33,18.96,3.54,378.9,2484.6,674.6,18.44,56.3,27.3,674.5,2,JACQUARD_PATTERN_SHIFT
25.49,17.71,5.6,332.0,2537.9,727.3,24.64,65.7,23.5,593.6,2,JACQUARD_PATTERN_SHIFT
16.36,7.55,7.79,454.4,2094.9,607.1,36.34,52.3,24.2,471.9,0,YARN_BREAKAGE
29.13,15.79,7.0,310.2,1697.2,679.5,37.68,60.6,21.9,602.7,3,BORDER_SEWING_DEFECT
27.58,14.38,8.7,407.2,2280.0,564.0,25.76,36.7,39.0,506.3,1,OIL_STAIN
16.31,6.13,4.49,456.0,2283.3,609.8,50.62,69.7,21.0,465.6,0,YARN_BREAKAGE
15.99,8.97,5.38,435.5,2167.4,553.4,57.05,68.7,19.3,522.5,0,YARN_BREAKAGE
28.65,18.75,4.52,448.2,2713.7,772.1,30.48,63.0,21.4,670.3,2,JACQUARD_PATTERN_SHIFT
34.44,17.1,4.58,277.0,1843.0,680.4,35.74,53.9,21.5,500.3,3,BORDER_SEWING_DEFECT
13.11,8.88,3.24,473.7,2135.1,561.9,46.07,45.9,24.4,621.0,0,YARN_BREAKAGE
17.1,13.66,6.84,487.0,2465.5,703.6,26.66,50.2,30.4,641.9,2,JACQUARD_PATTERN_SHIFT
22.78,16.89,7.67,355.0,2489.3,757.7,19.48,62.8,24.6,602.2,2,JACQUARD_PATTERN_SHIFT
11.32,7.24,5.91,394.9,2023.9,636.1,42.86,66.2,27.2,607.7,0,YARN_BREAKAGE
36.64,14.32,7.51,514.0,2147.3,528.7,29.45,34.0,37.1,541.9,1,OIL_STAIN
13.25,8.09,6.52,472.7,2045.9,638.0,52.12,50.8,18.5,474.0,0,YARN_BREAKAGE
20.89,20.24,3.76,468.3,2406.0,750.8,25.27,61.3,20.4,644.9,2,JACQUARD_PATTERN_SHIFT
19.12,18.08,3.34,437.6,2643.7,773.3,37.64,60.5,20.4,657.2,2,JACQUARD_PATTERN_SHIFT
20.17,18.54,3.84,490.1,2780.1,766.6,38.34,55.6,24.7,665.2,2,JACQUARD_PATTERN_SHIFT
29.1,16.15,8.32,367.7,2398.1,559.0,26.62,33.6,30.4,452.9,1,OIL_STAIN
13.21,5.67,5.08,342.5,2406.6,646.1,41.35,55.5,23.9,550.9,0,YARN_BREAKAGE
14.66,4.55,3.74,430.0,2414.2,590.9,36.76,57.1,23.2,464.5,0,YARN_BREAKAGE
19.36,12.55,4.04,377.5,2514.1,749.7,21.31,54.2,25.0,707.8,2,JACQUARD_PATTERN_SHIFT
16.96,9.54,5.56,580.0,2063.6,622.5,36.21,62.9,24.6,576.4,0,YARN_BREAKAGE
19.58,19.91,4.31,321.4,1748.9,580.5,45.64,51.2,26.3,559.8,3,BORDER_SEWING_DEFECT
10.85,5.29,7.55,427.8,2469.6,650.6,51.6,75.5,21.3,555.6,0,YARN_BREAKAGE
17.29,10.06,5.93,412.4,2227.9,685.5,56.2,62.9,31.8,556.6,0,YARN_BREAKAGE
25.04,13.3,4.22,316.2,1895.3,539.3,33.51,56.0,21.4,498.9,3,BORDER_SEWING_DEFECT
16.34,14.13,3.72,315.4,1911.6,546.2,41.89,45.9,27.1,451.3,3,BORDER_SEWING_DEFECT
16.65,6.44,4.63,490.7,2238.1,662.1,43.07,56.3,28.9,565.6,0,YARN_BREAKAGE
27.05,13.82,4.85,551.6,2567.7,704.2,8.0,62.9,22.1,707.1,2,JACQUARD_PATTERN_SHIFT
29.09,17.98,10.56,380.3,2231.5,611.6,42.01,39.0,29.9,523.5,1,OIL_STAIN
24.44,12.72,3.66,338.8,2697.9,721.9,17.15,63.3,23.3,680.6,2,JACQUARD_PATTERN_SHIFT
16.61,10.09,3.45,354.4,2073.8,599.1,36.07,53.7,22.6,554.9,0,YARN_BREAKAGE
22.97,15.44,8.1,449.7,2091.0,665.4,19.93,35.8,31.8,469.3,1,OIL_STAIN
27.28,17.39,7.29,431.5,1869.1,613.0,33.97,44.3,36.3,584.5,1,OIL_STAIN
25.31,10.45,4.95,271.9,1699.2,659.3,36.54,66.8,25.3,546.5,3,BORDER_SEWING_DEFECT
26.45,20.78,2.18,287.4,2024.3,688.6,42.3,60.2,22.7,584.2,3,BORDER_SEWING_DEFECT
12.93,6.16,6.6,443.6,2126.9,626.3,57.46,63.4,25.9,532.7,0,YARN_BREAKAGE
18.97,18.21,5.35,446.9,2780.5,710.1,30.0,60.4,27.5,647.6,2,JACQUARD_PATTERN_SHIFT
15.41,12.86,5.63,302.0,1773.9,626.0,34.19,70.3,23.2,558.1,3,BORDER_SEWING_DEFECT
21.55,21.91,5.36,281.7,1854.4,650.8,39.0,63.8,25.6,444.9,3,BORDER_SEWING_DEFECT
13.11,7.16,5.67,562.6,1969.5,699.6,42.48,60.5,29.2,537.9,0,YARN_BREAKAGE
12.96,5.03,3.89,345.9,2167.2,584.2,49.5,52.0,24.2,653.0,0,YARN_BREAKAGE
20.47,14.62,4.88,335.3,1948.2,551.9,35.16,47.6,26.5,577.7,3,BORDER_SEWING_DEFECT
16.96,9.58,5.09,386.9,2078.0,642.3,44.71,51.5,24.4,451.5,0,YARN_BREAKAGE
22.67,22.73,6.02,370.7,2499.0,719.8,36.97,50.9,17.7,690.2,2,JACQUARD_PATTERN_SHIFT
15.03,9.69,5.47,436.5,2081.8,684.6,50.37,61.5,18.9,538.8,0,YARN_BREAKAGE
28.6,18.49,4.52,445.4,2779.7,777.4,19.18,63.4,20.5,639.6,2,JACQUARD_PATTERN_SHIFT
15.18,21.62,4.3,437.8,2738.1,740.0,40.68,66.8,26.5,661.8,2,JACQUARD_PATTERN_SHIFT
29.53,13.83,2.19,469.6,2593.5,724.7,26.11,51.0,23.4,624.5,2,JACQUARD_PATTERN_SHIFT
13.17,7.32,4.24,412.1,2219.4,571.5,53.34,53.3,23.2,495.1,0,YARN_BREAKAGE
14.89,8.03,2.84,326.4,1855.8,627.4,52.89,50.8,18.8,551.7,0,YARN_BREAKAGE
14.9,8.14,3.52,490.5,2155.2,641.5,51.78,50.9,26.0,546.2,0,YARN_BREAKAGE
11.99,7.81,2.33,442.8,2465.3,654.8,57.34,62.3,27.0,543.8,0,YARN_BREAKAGE
13.14,6.59,4.6,405.6,2053.1,632.9,40.03,66.3,19.1,475.3,0,YARN_BREAKAGE
14.82,4.93,6.84,425.2,2239.8,560.5,54.4,60.6,26.9,467.0,0,YARN_BREAKAGE
14.62,6.84,4.24,404.5,2321.8,596.8,38.22,50.1,21.7,590.7,0,YARN_BREAKAGE
14.0,10.56,4.93,423.1,2274.4,601.6,39.97,57.8,25.9,495.0,0,YARN_BREAKAGE
24.15,19.16,5.61,348.5,2672.5,700.7,13.37,60.3,23.5,597.5,2,JACQUARD_PATTERN_SHIFT
11.68,9.92,5.19,507.7,1819.6,587.9,44.81,65.3,22.9,573.0,0,YARN_BREAKAGE
13.26,9.42,4.45,472.8,2108.5,566.6,40.27,78.4,23.9,504.5,0,YARN_BREAKAGE
29.36,26.58,10.28,452.1,2140.1,701.2,23.43,45.2,32.1,626.0,1,OIL_STAIN
21.58,13.82,4.63,430.4,2805.8,720.8,26.77,64.9,24.6,666.7,2,JACQUARD_PATTERN_SHIFT
16.99,5.41,6.63,439.6,2448.7,641.6,39.87,46.9,25.0,511.4,0,YARN_BREAKAGE
13.37,10.48,5.41,481.3,2251.1,642.6,37.92,48.4,23.0,483.4,0,YARN_BREAKAGE
29.34,16.07,6.48,271.3,1967.1,552.4,42.76,73.8,27.3,548.9,3,BORDER_SEWING_DEFECT
28.35,20.21,4.18,328.0,1810.1,689.6,43.04,64.9,27.0,506.7,3,BORDER_SEWING_DEFECT
15.45,4.64,1.72,415.1,2081.5,502.7,49.74,61.6,21.4,536.8,0,YARN_BREAKAGE
13.12,8.65,4.46,368.5,2068.0,725.1,49.8,59.5,23.9,487.4,0,YARN_BREAKAGE
30.83,14.48,8.12,410.4,1995.0,584.5,42.98,46.5,39.2,475.2,1,OIL_STAIN
23.59,16.72,6.42,336.4,1962.7,608.3,38.91,60.2,27.0,460.7,3,BORDER_SEWING_DEFECT
19.08,14.82,4.77,470.3,2668.2,762.2,20.61,52.0,20.6,622.0,2,JACQUARD_PATTERN_SHIFT
22.01,14.51,3.58,492.0,2759.9,766.6,19.29,51.1,27.1,706.0,2,JACQUARD_PATTERN_SHIFT
27.55,22.24,3.43,364.5,2799.0,662.6,23.18,45.1,23.0,615.7,2,JACQUARD_PATTERN_SHIFT
28.32,18.58,8.95,429.1,1808.0,678.6,41.07,46.3,37.3,441.1,1,OIL_STAIN
10.59,6.11,4.02,497.2,2138.1,620.2,56.09,55.5,27.1,523.9,0,YARN_BREAKAGE
30.11,10.25,4.38,266.4,1979.5,672.4,33.23,48.5,31.4,547.2,3,BORDER_SEWING_DEFECT
12.22,5.08,4.91,460.3,2317.6,626.5,54.94,58.3,22.4,518.1,0,YARN_BREAKAGE
22.52,17.56,5.1,332.4,2024.1,581.0,33.36,41.1,27.2,559.3,3,BORDER_SEWING_DEFECT
20.87,19.1,6.3,431.3,2816.3,770.3,25.01,63.1,29.3,674.2,2,JACQUARD_PATTERN_SHIFT
32.99,12.79,10.65,499.8,1977.3,636.0,27.08,34.7,39.0,604.6,1,OIL_STAIN
21.23,23.81,4.22,413.1,2673.4,745.6,31.59,74.6,25.6,651.1,2,JACQUARD_PATTERN_SHIFT
15.33,8.15,6.8,489.6,1988.1,584.9,52.63,64.3,23.0,501.2,0,YARN_BREAKAGE
24.17,16.71,8.67,426.4,2285.9,657.0,37.21,34.5,33.9,576.9,1,OIL_STAIN
27.69,20.07,5.79,310.2,2028.9,559.6,43.96,61.8,22.5,476.1,3,BORDER_SEWING_DEFECT
13.43,8.92,3.77,358.7,1970.3,606.7,51.41,70.2,24.0,610.5,0,YARN_BREAKAGE
15.58,7.64,6.19,477.5,2021.9,581.9,55.01,56.1,26.4,544.3,0,YARN_BREAKAGE
25.22,19.58,10.7,476.1,2485.5,754.0,29.45,38.4,31.4,515.1,1,OIL_STAIN
28.97,18.89,5.1,507.6,2849.0,767.8,14.32,58.9,19.5,608.6,2,JACQUARD_PATTERN_SHIFT
20.56,9.67,1.91,443.1,2565.3,698.9,32.15,65.7,28.9,645.9,2,JACQUARD_PATTERN_SHIFT
26.41,17.49,4.77,409.4,2519.8,762.5,25.18,48.2,23.2,694.4,2,JACQUARD_PATTERN_SHIFT
21.85,9.4,4.98,511.3,2526.1,767.1,24.37,57.7,23.9,593.2,2,JACQUARD_PATTERN_SHIFT
18.95,18.47,7.21,434.4,2269.4,590.5,34.32,43.4,32.7,506.7,1,OIL_STAIN
29.22,19.83,5.1,439.1,2809.5,701.0,36.46,56.8,29.5,643.7,2,JACQUARD_PATTERN_SHIFT
16.67,5.56,4.47,559.4,2290.6,551.5,42.08,53.1,26.2,449.2,0,YARN_BREAKAGE
15.99,9.16,4.07,316.2,2227.0,575.0,52.78,72.2,25.8,513.2,0,YARN_BREAKAGE
29.66,10.66,4.6,361.6,2708.6,686.9,25.75,60.2,26.4,597.4,2,JACQUARD_PATTERN_SHIFT
12.96,9.1,6.44,315.0,1940.6,570.6,40.9,50.0,22.2,490.1,0,YARN_BREAKAGE
11.44,9.3,4.85,495.5,1981.0,599.8,48.21,45.3,27.5,588.0,0,YARN_BREAKAGE
25.51,23.21,5.48,348.4,2662.3,761.0,32.28,54.8,26.7,608.8,2,JACQUARD_PATTERN_SHIFT
19.41,17.58,4.5,315.8,1903.7,668.4,33.92,52.4,23.8,624.7,3,BORDER_SEWING_DEFECT
21.36,15.4,4.99,318.6,1835.5,589.7,43.08,52.6,24.7,486.7,3,BORDER_SEWING_DEFECT
15.46,10.99,6.86,266.1,1755.9,588.9,38.03,40.7,27.6,582.9,3,BORDER_SEWING_DEFECT
23.81,22.71,6.76,269.0,1694.8,578.8,32.55,55.9,18.7,485.9,3,BORDER_SEWING_DEFECT
20.91,17.85,6.04,291.8,1740.8,618.4,44.22,68.6,23.5,544.9,3,BORDER_SEWING_DEFECT
16.93,6.47,6.0,451.7,1980.6,592.4,54.26,59.7,21.9,524.3,0,YARN_BREAKAGE
15.68,7.93,6.02,531.8,2135.6,599.4,39.07,59.3,25.1,518.5,0,YARN_BREAKAGE
10.6,10.12,4.79,351.7,2118.6,599.2,39.0,68.0,16.0,523.4,0,YARN_BREAKAGE
26.84,13.83,8.66,392.7,2770.3,756.5,40.41,60.8,27.3,613.7,2,JACQUARD_PATTERN_SHIFT
16.16,7.99,4.67,452.7,2242.2,548.6,51.31,44.8,16.0,472.0,0,YARN_BREAKAGE
22.4,16.27,4.56,410.2,2639.1,716.6,37.97,62.0,20.6,680.4,2,JACQUARD_PATTERN_SHIFT
28.75,15.93,4.34,315.2,1840.9,561.0,45.35,57.2,25.0,537.4,3,BORDER_SEWING_DEFECT
14.38,7.78,4.89,462.4,2402.1,622.5,46.48,67.6,24.0,552.2,0,YARN_BREAKAGE
21.03,10.62,5.41,289.2,1961.0,589.6,32.76,59.8,19.4,546.7,3,BORDER_SEWING_DEFECT
18.59,8.56,5.27,432.7,2587.9,754.0,30.63,73.0,28.0,698.3,2,JACQUARD_PATTERN_SHIFT
13.17,7.19,5.62,537.0,2186.2,603.5,40.87,67.4,28.1,621.9,0,YARN_BREAKAGE
24.29,17.61,4.07,308.2,1864.8,564.7,32.24,56.2,33.3,552.6,3,BORDER_SEWING_DEFECT
16.43,16.32,9.87,343.7,1974.9,610.9,30.13,34.7,29.6,539.9,1,OIL_STAIN
18.01,17.64,3.47,282.8,1749.4,650.3,33.36,59.6,28.1,510.2,3,BORDER_SEWING_DEFECT
12.19,10.44,4.79,436.8,2123.4,540.0,48.08,51.2,24.7,501.1,0,YARN_BREAKAGE
16.87,9.36,6.34,482.2,2179.2,655.6,41.34,57.3,24.3,517.1,0,YARN_BREAKAGE
13.26,8.28,4.85,458.0,2441.3,608.7,41.24,56.2,21.5,556.0,0,YARN_BREAKAGE
23.8,21.68,7.42,538.6,1928.9,552.3,36.54,43.6,39.2,535.1,1,OIL_STAIN
16.78,5.87,4.54,406.0,2233.3,574.5,39.23,62.1,21.9,577.3,0,YARN_BREAKAGE
11.02,7.09,5.56,505.4,2424.3,738.2,55.97,43.7,27.8,514.3,0,YARN_BREAKAGE
16.66,8.74,5.14,442.9,2247.0,605.4,53.51,62.9,22.0,522.5,0,YARN_BREAKAGE
23.44,17.99,9.05,388.5,2139.6,611.0,33.63,43.4,38.3,558.8,1,OIL_STAIN
13.37,9.13,4.52,467.4,2480.4,587.7,57.31,54.9,29.1,491.2,0,YARN_BREAKAGE
13.62,6.63,3.87,396.4,2005.1,676.1,40.33,53.9,18.9,520.5,0,YARN_BREAKAGE
14.08,9.56,7.21,414.9,2115.7,512.0,52.34,59.9,24.0,565.5,0,YARN_BREAKAGE
20.88,15.17,11.09,337.8,2262.4,567.0,37.41,41.7,32.3,555.4,1,OIL_STAIN
25.41,11.69,5.67,356.1,2798.9,686.5,38.47,57.2,23.5,695.5,2,JACQUARD_PATTERN_SHIFT
23.04,13.18,4.79,339.1,1941.0,628.2,38.27,52.9,22.2,558.0,3,BORDER_SEWING_DEFECT
14.41,7.74,3.06,416.4,2151.3,559.6,47.6,51.1,23.4,464.8,0,YARN_BREAKAGE
12.6,9.61,3.55,479.5,2222.5,672.5,44.09,57.7,22.1,503.0,0,YARN_BREAKAGE
13.73,5.22,4.72,459.7,1909.0,702.4,40.55,57.7,27.6,547.4,0,YARN_BREAKAGE
23.21,17.25,4.94,273.4,1894.3,673.6,38.28,53.6,23.0,466.1,3,BORDER_SEWING_DEFECT
21.14,16.41,9.54,399.2,2391.7,600.8,20.05,41.9,32.8,480.9,1,OIL_STAIN
21.58,13.74,2.91,329.7,1843.9,631.6,41.6,61.8,23.1,562.8,3,BORDER_SEWING_DEFECT
13.61,6.02,6.29,398.4,1912.5,575.7,36.19,62.0,25.1,519.6,0,YARN_BREAKAGE
16.8,9.04,5.69,471.1,2168.3,552.1,55.3,62.6,23.3,539.1,0,YARN_BREAKAGE
25.78,13.13,10.84,358.8,2156.5,626.4,14.96,42.9,38.1,501.3,1,OIL_STAIN
22.91,12.72,5.23,313.3,1952.7,576.4,43.8,56.9,25.6,482.8,3,BORDER_SEWING_DEFECT
12.25,6.06,4.64,481.4,2216.2,620.7,56.0,53.0,25.7,520.8,0,YARN_BREAKAGE
20.47,19.16,5.15,444.6,2751.4,687.2,23.26,61.6,22.5,692.3,2,JACQUARD_PATTERN_SHIFT
27.81,17.61,5.75,414.5,2601.9,733.4,33.42,56.7,26.2,705.7,2,JACQUARD_PATTERN_SHIFT
15.48,16.52,7.22,496.1,2625.3,752.3,33.34,76.1,23.4,674.9,2,JACQUARD_PATTERN_SHIFT
17.33,14.65,6.33,434.6,2458.6,789.8,34.81,61.8,22.7,693.3,2,JACQUARD_PATTERN_SHIFT
19.5,17.15,5.59,366.7,2663.8,663.9,30.2,65.2,33.1,683.2,2,JACQUARD_PATTERN_SHIFT
15.29,9.91,9.46,487.5,2480.5,667.0,22.77,36.1,33.4,580.6,1,OIL_STAIN
23.0,16.07,8.72,375.0,2188.5,597.8,39.46,47.0,32.8,539.3,1,OIL_STAIN
27.92,4.07,3.83,339.9,1781.4,560.9,33.56,51.8,21.9,545.2,3,BORDER_SEWING_DEFECT
13.46,7.72,5.91,457.1,2095.3,655.3,48.51,43.2,22.2,607.8,0,YARN_BREAKAGE
15.33,7.26,3.89,428.2,2151.9,569.0,49.32,74.7,28.4,435.7,0,YARN_BREAKAGE
23.26,12.32,9.82,328.5,2397.1,573.7,33.89,39.2,34.1,431.7,1,OIL_STAIN
27.46,20.54,2.94,282.9,2044.3,611.1,40.99,55.6,28.0,569.1,3,BORDER_SEWING_DEFECT
18.0,14.51,3.5,477.1,2666.5,680.5,28.92,63.5,22.1,653.0,2,JACQUARD_PATTERN_SHIFT
16.08,16.25,4.22,536.0,2403.5,773.4,34.59,51.8,26.5,690.0,2,JACQUARD_PATTERN_SHIFT
26.44,18.14,5.82,263.5,1799.0,620.8,43.34,69.4,28.1,513.0,3,BORDER_SEWING_DEFECT
28.15,16.02,4.14,371.8,2625.3,728.4,24.32,60.8,20.4,687.7,2,JACQUARD_PATTERN_SHIFT
16.89,7.03,3.74,479.2,2438.7,530.6,38.09,64.1,24.8,469.9,0,YARN_BREAKAGE
14.6,8.55,5.03,344.0,2044.7,618.7,38.04,46.5,18.5,597.8,0,YARN_BREAKAGE
15.35,10.01,4.11,421.2,2370.9,650.2,39.55,62.0,24.3,572.9,0,YARN_BREAKAGE
16.34,8.48,7.05,359.6,2236.0,626.3,44.68,65.1,24.6,417.7,0,YARN_BREAKAGE
28.29,19.14,4.12,316.6,1913.2,571.9,40.41,46.3,24.5,511.1,3,BORDER_SEWING_DEFECT
21.98,17.08,4.5,430.7,2533.6,716.0,22.74,62.0,27.2,594.6,2,JACQUARD_PATTERN_SHIFT
16.85,8.33,4.72,484.1,1957.6,544.0,53.19,65.4,27.0,510.4,0,YARN_BREAKAGE
17.27,22.43,8.47,475.7,2213.1,715.0,37.12,36.1,30.6,476.9,1,OIL_STAIN
16.44,18.52,5.09,328.8,2014.9,648.6,36.88,56.1,22.6,546.8,3,BORDER_SEWING_DEFECT
20.12,9.54,2.89,318.8,1780.0,581.7,32.47,48.9,27.0,490.8,3,BORDER_SEWING_DEFECT
26.44,20.13,5.67,506.4,2722.4,720.2,20.77,56.2,24.7,673.7,2,JACQUARD_PATTERN_SHIFT
17.76,18.97,9.66,332.7,2206.5,560.7,29.4,43.3,30.9,578.7,1,OIL_STAIN
14.46,8.85,4.82,352.9,2190.5,647.9,55.19,52.2,20.6,556.0,0,YARN_BREAKAGE
27.38,13.83,4.85,457.6,2425.3,742.9,41.27,54.8,21.2,665.8,2,JACQUARD_PATTERN_SHIFT
23.23,16.66,7.1,350.7,2507.4,669.3,41.31,37.9,37.3,543.7,1,OIL_STAIN
23.23,13.8,8.98,354.6,2176.0,556.8,19.47,44.5,32.2,445.4,1,OIL_STAIN
25.47,20.3,9.24,444.7,2299.0,597.5,15.8,42.7,34.1,467.8,1,OIL_STAIN
28.26,18.32,4.54,290.1,1792.4,634.7,38.35,72.8,22.0,569.3,3,BORDER_SEWING_DEFECT
24.77,16.61,3.92,546.6,2750.8,738.4,32.86,53.2,22.8,676.5,2,JACQUARD_PATTERN_SHIFT
34.35,11.09,3.96,287.2,1653.2,654.6,43.19,65.7,28.4,617.2,3,BORDER_SEWING_DEFECT
26.18,14.94,6.38,289.2,1701.1,575.4,36.95,52.9,22.4,556.2,3,BORDER_SEWING_DEFECT
11.17,7.05,2.37,393.0,2253.3,536.2,55.69,52.8,29.4,464.8,0,YARN_BREAKAGE
30.76,17.76,3.62,459.5,2715.5,695.1,28.14,63.4,24.3,707.7,2,JACQUARD_PATTERN_SHIFT
17.62,17.6,10.03,479.2,2424.7,628.8,42.16,41.7,37.2,529.0,1,OIL_STAIN
13.92,10.88,3.87,466.9,2024.1,649.5,50.59,53.3,22.3,517.0,0,YARN_BREAKAGE
27.8,19.96,6.9,445.3,2444.6,763.1,22.22,52.5,27.8,666.0,2,JACQUARD_PATTERN_SHIFT
23.59,17.18,5.12,375.2,2458.4,748.1,37.75,54.4,26.5,653.3,2,JACQUARD_PATTERN_SHIFT
24.95,12.52,3.96,334.7,1946.5,619.7,38.9,61.0,26.2,482.5,3,BORDER_SEWING_DEFECT
22.78,15.81,9.23,487.5,1800.5,553.6,39.5,46.9,34.5,484.4,1,OIL_STAIN
15.59,9.2,5.29,432.7,2362.2,521.8,45.26,45.3,19.2,394.0,0,YARN_BREAKAGE
29.04,15.17,4.67,439.0,2434.0,704.1,33.05,62.4,28.4,653.6,2,JACQUARD_PATTERN_SHIFT
15.66,5.15,2.87,466.0,2309.4,546.0,39.41,57.0,22.0,539.2,0,YARN_BREAKAGE
12.81,5.68,7.14,458.6,2306.3,560.4,51.8,60.5,30.0,541.1,0,YARN_BREAKAGE
15.61,5.62,5.79,486.2,2296.6,577.8,49.02,44.1,21.4,505.6,0,YARN_BREAKAGE
26.95,15.34,11.18,464.1,2507.8,612.1,26.94,33.2,33.5,493.2,1,OIL_STAIN
27.46,13.83,4.62,487.1,2637.8,773.4,40.91,48.5,27.4,709.3,2,JACQUARD_PATTERN_SHIFT
16.21,4.83,6.95,376.2,1979.3,624.6,55.71,64.9,22.6,571.9,0,YARN_BREAKAGE
12.68,4.62,4.85,497.8,2330.5,604.5,36.11,58.6,25.0,594.8,0,YARN_BREAKAGE
14.27,8.06,4.72,429.3,2082.3,614.3,50.06,60.7,22.0,668.7,0,YARN_BREAKAGE
15.77,14.44,5.8,410.2,2640.1,767.8,27.33,57.9,21.6,656.1,2,JACQUARD_PATTERN_SHIFT
21.38,20.19,4.82,448.7,2532.2,734.6,31.81,64.8,23.5,629.4,2,JACQUARD_PATTERN_SHIFT
13.0,9.52,3.34,434.7,2162.8,642.1,41.52,66.6,24.6,502.7,0,YARN_BREAKAGE
29.39,15.17,8.59,399.9,2185.6,591.1,12.89,45.0,33.5,463.8,1,OIL_STAIN
25.76,15.34,4.65,478.4,2816.8,726.3,25.93,61.6,22.7,611.7,2,JACQUARD_PATTERN_SHIFT
27.71,16.6,10.94,387.9,2123.1,614.7,17.1,37.6,37.9,515.2,1,OIL_STAIN
10.73,10.24,4.24,492.9,2205.0,697.2,56.91,53.7,25.0,542.7,0,YARN_BREAKAGE
34.05,9.24,7.62,412.3,2814.6,779.1,16.15,64.9,27.4,636.0,2,JACQUARD_PATTERN_SHIFT
23.55,18.83,4.92,283.1,1970.5,634.2,43.4,51.4,25.8,510.6,3,BORDER_SEWING_DEFECT
14.4,6.36,4.63,468.9,2266.1,661.8,57.96,45.2,23.1,493.9,0,YARN_BREAKAGE
22.24,18.25,8.11,398.7,2096.8,739.7,19.68,38.6,30.5,536.2,1,OIL_STAIN
15.39,6.7,5.03,429.4,2189.3,649.2,39.67,55.2,28.9,542.2,0,YARN_BREAKAGE
11.04,4.77,5.63,415.8,2146.8,613.3,46.58,61.7,21.1,567.5,0,YARN_BREAKAGE
16.59,4.53,5.84,420.1,2094.1,503.6,56.45,50.5,24.7,533.2,0,YARN_BREAKAGE
12.08,7.43,3.83,402.3,2008.9,690.0,47.13,59.6,25.7,480.5,0,YARN_BREAKAGE
14.14,8.89,5.81,429.0,2216.2,520.5,50.12,60.3,25.8,518.0,0,YARN_BREAKAGE
18.63,11.8,4.01,476.1,2575.0,736.0,29.76,59.2,24.3,624.2,2,JACQUARD_PATTERN_SHIFT
14.56,10.31,3.64,461.3,2210.4,629.2,46.12,55.5,29.4,506.9,0,YARN_BREAKAGE
18.98,15.45,9.52,437.5,2251.1,661.4,21.3,46.9,31.0,475.1,1,OIL_STAIN
17.81,22.23,10.49,412.1,2566.5,633.4,25.75,40.0,39.6,583.1,1,OIL_STAIN
12.64,10.76,1.5,357.0,2217.9,562.9,48.71,61.5,26.2,517.0,0,YARN_BREAKAGE
20.93,15.7,4.39,303.6,1924.0,583.5,33.57,43.2,21.4,578.8,3,BORDER_SEWING_DEFECT
24.48,15.3,3.24,352.2,2414.5,709.0,34.04,62.1,27.2,658.9,2,JACQUARD_PATTERN_SHIFT
23.88,14.82,4.45,308.2,1860.1,625.3,35.2,57.6,29.0,523.4,3,BORDER_SEWING_DEFECT
13.23,8.15,4.87,559.4,2045.7,631.6,41.49,61.4,27.4,513.7,0,YARN_BREAKAGE
31.32,19.23,1.5,319.9,1927.0,562.8,38.03,62.0,21.2,486.8,3,BORDER_SEWING_DEFECT
19.06,14.77,9.75,446.2,2298.6,612.5,33.03,37.0,36.6,569.7,1,OIL_STAIN
13.97,5.3,6.38,426.8,2037.1,628.8,40.65,62.1,25.1,561.6,0,YARN_BREAKAGE
19.66,15.34,11.3,416.7,2101.0,646.7,25.74,33.3,33.2,563.1,1,OIL_STAIN
11.76,9.19,5.5,487.8,2189.9,667.5,50.53,68.8,19.9,550.2,0,YARN_BREAKAGE
12.52,10.81,4.96,487.7,2363.3,596.4,45.92,58.7,23.0,541.2,0,YARN_BREAKAGE
25.05,15.72,2.54,382.0,2733.3,725.4,28.51,54.1,22.8,625.9,2,JACQUARD_PATTERN_SHIFT
21.47,16.63,4.53,357.8,2662.8,672.6,29.93,70.1,23.7,632.6,2,JACQUARD_PATTERN_SHIFT
15.29,9.73,2.94,358.4,2051.5,610.7,54.36,54.6,25.6,584.7,0,YARN_BREAKAGE
22.1,19.51,5.65,300.6,1818.6,558.1,43.22,50.8,27.7,638.3,3,BORDER_SEWING_DEFECT
26.71,17.99,5.35,282.8,1918.8,555.9,40.17,57.5,33.2,544.9,3,BORDER_SEWING_DEFECT
21.11,14.55,4.17,285.5,2011.9,535.4,32.22,59.1,18.9,575.3,3,BORDER_SEWING_DEFECT
17.23,9.17,1.5,409.4,2242.4,531.7,41.01,70.5,26.5,487.2,0,YARN_BREAKAGE
16.01,8.13,6.6,462.7,2207.7,628.6,39.14,53.4,25.0,597.0,0,YARN_BREAKAGE
18.84,15.2,9.39,474.8,2186.1,622.2,25.44,44.4,32.1,544.8,1,OIL_STAIN
27.14,12.69,3.39,486.4,2815.0,678.9,15.57,56.8,20.6,674.9,2,JACQUARD_PATTERN_SHIFT
26.04,19.04,9.07,386.3,2220.4,608.9,11.57,46.6,32.0,515.4,1,OIL_STAIN
14.01,23.08,4.49,411.4,2571.4,738.3,34.43,64.8,22.1,695.7,2,JACQUARD_PATTERN_SHIFT
29.38,15.88,2.69,303.9,1878.5,557.7,41.63,45.9,24.7,520.7,3,BORDER_SEWING_DEFECT
23.58,10.22,4.94,404.5,2645.4,729.9,31.48,50.3,27.3,634.8,2,JACQUARD_PATTERN_SHIFT
23.92,11.88,7.14,601.9,2034.3,587.2,27.72,35.4,32.1,582.2,1,OIL_STAIN
19.69,13.64,5.99,264.4,1804.6,619.7,41.16,71.0,19.2,688.7,3,BORDER_SEWING_DEFECT
27.26,14.11,3.99,404.1,2660.3,738.1,15.45,43.5,24.2,624.8,2,JACQUARD_PATTERN_SHIFT
24.21,15.85,8.09,423.1,2281.4,672.4,32.83,43.2,37.0,518.3,1,OIL_STAIN
16.58,5.35,7.77,419.6,2032.8,643.7,38.76,57.7,29.1,520.2,0,YARN_BREAKAGE
27.38,17.13,4.32,311.8,1779.7,560.5,38.04,55.1,16.0,566.9,3,BORDER_SEWING_DEFECT
23.6,12.12,5.68,374.6,2683.1,774.8,27.39,50.4,20.7,635.6,2,JACQUARD_PATTERN_SHIFT
21.79,12.32,2.98,347.6,2484.6,708.6,31.34,56.0,21.1,594.0,2,JACQUARD_PATTERN_SHIFT
22.23,21.08,4.28,265.8,1753.9,539.1,44.52,56.3,22.1,492.1,3,BORDER_SEWING_DEFECT
19.05,18.63,5.43,393.8,2631.2,756.1,17.86,60.7,25.8,666.2,2,JACQUARD_PATTERN_SHIFT
12.28,5.38,4.81,453.8,2126.2,544.6,45.38,62.5,22.9,534.0,0,YARN_BREAKAGE
11.31,5.65,5.26,498.8,2557.2,608.3,43.52,56.8,28.5,534.0,0,YARN_BREAKAGE
13.76,14.04,6.24,401.2,2729.2,667.6,30.94,72.9,27.4,612.1,2,JACQUARD_PATTERN_SHIFT
20.51,16.88,4.48,432.0,2693.9,696.1,20.97,53.0,26.5,609.5,2,JACQUARD_PATTERN_SHIFT
12.5,4.98,4.69,467.0,2273.8,694.3,38.48,53.2,19.3,500.1,0,YARN_BREAKAGE
24.25,15.38,3.67,439.7,2582.2,666.0,18.64,58.4,30.5,607.7,2,JACQUARD_PATTERN_SHIFT
11.97,9.61,2.55,510.7,2321.9,628.3,36.69,55.7,20.1,582.8,0,YARN_BREAKAGE
18.11,5.78,4.27,470.5,2058.3,576.2,47.23,69.3,22.1,543.3,0,YARN_BREAKAGE
34.03,15.53,7.51,437.4,2154.6,644.1,29.57,34.1,36.7,548.9,1,OIL_STAIN
16.26,9.56,6.77,533.6,2081.8,639.9,57.42,71.3,24.5,593.0,0,YARN_BREAKAGE
26.07,13.84,7.05,455.6,2242.7,557.5,26.41,46.1,39.3,523.9,1,OIL_STAIN
23.75,12.81,7.16,320.3,1775.7,622.9,34.97,59.7,32.4,525.8,3,BORDER_SEWING_DEFECT
16.13,8.42,7.2,471.8,1968.4,579.9,42.58,49.2,27.0,443.4,0,YARN_BREAKAGE
11.05,10.91,6.22,354.8,2450.3,585.1,46.81,63.0,27.5,594.7,0,YARN_BREAKAGE
14.76,9.57,4.99,415.0,2100.8,610.1,54.32,63.8,24.8,570.0,0,YARN_BREAKAGE
15.21,9.47,3.88,478.3,2032.9,682.0,38.94,70.8,25.1,577.1,0,YARN_BREAKAGE
25.15,12.93,6.55,480.3,2720.4,745.7,21.72,62.0,24.6,607.4,2,JACQUARD_PATTERN_SHIFT
18.71,16.63,4.99,460.4,2390.6,702.5,25.52,53.0,25.3,668.8,2,JACQUARD_PATTERN_SHIFT
12.52,10.95,4.83,441.5,2223.1,599.2,57.0,54.6,25.1,502.6,0,YARN_BREAKAGE
19.82,10.21,9.04,430.0,2281.9,707.8,33.87,40.9,33.8,567.1,1,OIL_STAIN
23.35,17.29,4.75,403.3,2691.2,733.0,31.38,63.3,28.1,633.2,2,JACQUARD_PATTERN_SHIFT
22.11,18.0,5.39,330.3,1976.7,615.9,37.24,64.0,23.6,504.8,3,BORDER_SEWING_DEFECT
29.1,19.94,7.5,475.3,2383.4,602.8,14.6,43.9,39.2,644.5,1,OIL_STAIN
18.31,18.73,5.37,453.0,2800.9,668.9,31.65,58.2,23.2,617.0,2,JACQUARD_PATTERN_SHIFT
24.95,15.44,3.88,339.3,1684.2,544.6,33.79,63.1,26.3,525.4,3,BORDER_SEWING_DEFECT
15.66,6.4,4.17,415.7,2296.2,602.6,50.76,57.4,21.8,520.4,0,YARN_BREAKAGE
28.64,9.93,10.97,454.8,2509.7,545.3,36.82,39.8,34.6,543.2,1,OIL_STAIN
14.75,4.61,5.11,407.8,2329.1,581.3,41.5,59.0,24.3,502.2,0,YARN_BREAKAGE
27.5,16.21,11.03,376.7,2432.9,532.3,20.1,34.2,39.8,522.8,1,OIL_STAIN
16.29,7.16,4.43,458.3,1986.4,609.4,49.54,56.2,22.5,412.8,0,YARN_BREAKAGE
17.37,10.62,4.85,501.9,1960.4,541.2,44.34,79.1,22.1,545.8,0,YARN_BREAKAGE
20.43,18.1,10.31,385.2,2057.7,613.5,21.71,40.4,35.2,529.9,1,OIL_STAIN
25.12,8.21,5.09,289.2,1914.0,683.8,41.97,56.9,27.0,519.1,3,BORDER_SEWING_DEFECT
22.24,18.65,11.39,400.2,2050.6,728.5,8.0,45.4,34.9,545.7,1,OIL_STAIN
19.53,20.8,5.31,421.8,2431.2,718.2,35.22,50.8,22.5,683.4,2,JACQUARD_PATTERN_SHIFT
23.88,11.09,5.31,304.5,1801.9,616.7,37.68,57.9,25.1,536.9,3,BORDER_SEWING_DEFECT
28.86,10.22,6.59,433.3,2776.8,769.1,32.8,62.5,27.9,648.4,2,JACQUARD_PATTERN_SHIFT
34.23,19.03,3.31,301.7,1812.4,666.0,38.44,56.7,24.9,520.3,3,BORDER_SEWING_DEFECT
21.28,20.46,4.01,302.9,2005.1,594.4,44.51,58.2,23.9,458.0,3,BORDER_SEWING_DEFECT
21.07,20.86,11.11,527.1,2176.8,608.0,35.62,46.8,33.3,605.7,1,OIL_STAIN
28.97,12.52,4.28,422.9,2711.1,687.7,18.31,57.8,24.8,661.2,2,JACQUARD_PATTERN_SHIFT
27.53,15.12,3.91,442.7,2452.9,765.6,17.74,58.6,25.5,654.8,2,JACQUARD_PATTERN_SHIFT
20.7,8.11,10.78,403.2,2195.4,636.2,19.77,34.0,36.7,504.3,1,OIL_STAIN
25.51,10.3,9.82,438.9,2369.1,504.1,30.45,33.1,33.2,536.1,1,OIL_STAIN
30.82,16.07,7.84,390.2,2277.9,639.8,31.5,37.4,39.4,482.6,1,OIL_STAIN
19.94,13.42,5.38,329.8,2432.9,674.8,18.47,56.0,24.6,608.6,2,JACQUARD_PATTERN_SHIFT
29.04,12.63,8.13,404.6,2303.6,597.9,19.79,32.6,38.9,528.0,1,OIL_STAIN
22.74,11.8,4.28,278.8,1769.4,616.2,45.92,59.0,23.0,524.4,3,BORDER_SEWING_DEFECT
28.71,9.63,6.77,304.6,1801.4,615.1,43.69,56.4,23.3,523.7,3,BORDER_SEWING_DEFECT
24.24,14.45,8.9,466.4,2732.5,608.3,25.58,36.6,33.1,560.3,1,OIL_STAIN
11.61,8.36,3.77,489.2,2337.2,578.4,55.55,60.1,27.3,523.8,0,YARN_BREAKAGE
12.36,5.08,3.72,365.7,2187.5,585.5,53.12,51.5,23.8,574.7,0,YARN_BREAKAGE
15.08,8.69,8.22,437.2,2229.4,577.8,42.82,62.2,24.1,561.8,0,YARN_BREAKAGE
12.43,7.95,5.6,487.9,2468.7,592.6,46.61,65.5,27.1,547.5,0,YARN_BREAKAGE
16.59,4.5,2.76,477.6,2235.7,539.2,43.83,54.3,21.0,533.3,0,YARN_BREAKAGE
36.45,18.79,6.43,376.1,2693.1,743.8,22.41,57.4,28.8,625.3,2,JACQUARD_PATTERN_SHIFT
13.98,6.91,4.17,384.6,2240.7,565.4,52.74,58.5,20.9,532.5,0,YARN_BREAKAGE
10.54,6.25,3.31,357.2,2142.8,620.6,49.54,53.5,28.5,539.5,0,YARN_BREAKAGE
14.21,8.7,3.28,485.4,2365.6,558.5,36.17,40.6,23.2,583.7,0,YARN_BREAKAGE
29.13,15.97,3.89,307.8,2042.5,708.6,33.56,60.4,27.3,443.7,3,BORDER_SEWING_DEFECT
14.39,13.54,10.45,435.5,2296.3,518.4,27.59,34.3,37.2,498.7,1,OIL_STAIN
26.18,16.44,3.49,476.9,2456.4,765.1,28.72,68.1,27.4,648.2,2,JACQUARD_PATTERN_SHIFT
21.29,13.61,4.1,318.9,1780.1,653.6,43.91,72.2,19.0,532.7,3,BORDER_SEWING_DEFECT
25.1,19.88,7.29,344.7,2608.9,605.1,23.77,36.8,32.9,439.7,1,OIL_STAIN
20.5,26.0,3.47,436.4,2693.2,767.5,36.27,57.6,22.2,671.5,2,JACQUARD_PATTERN_SHIFT
15.0,7.4,6.55,321.8,2275.0,602.4,48.23,59.5,21.6,553.7,0,YARN_BREAKAGE
17.73,18.76,5.36,433.4,2749.0,739.5,34.88,61.1,21.9,643.2,2,JACQUARD_PATTERN_SHIFT
29.69,15.81,9.47,442.2,2298.9,600.5,23.21,47.5,31.6,496.7,1,OIL_STAIN
25.3,16.34,7.41,416.1,2180.8,598.4,26.56,43.2,31.8,638.6,1,OIL_STAIN
12.33,10.86,4.35,452.2,2194.2,646.3,48.47,52.6,19.8,512.2,0,YARN_BREAKAGE
24.05,16.26,2.02,316.7,2025.4,613.1,33.24,49.6,28.1,543.1,3,BORDER_SEWING_DEFECT
15.11,9.83,2.77,420.4,2393.9,599.4,53.59,68.2,25.7,514.1,0,YARN_BREAKAGE
23.85,21.91,7.09,432.2,2534.3,738.5,39.64,44.2,16.1,693.0,2,JACQUARD_PATTERN_SHIFT
13.23,6.56,3.12,378.3,2670.0,622.6,54.48,46.9,28.6,509.8,0,YARN_BREAKAGE
12.3,6.55,3.92,420.7,2231.0,668.6,49.71,70.6,26.4,575.7,0,YARN_BREAKAGE
26.29,17.75,4.43,450.4,2406.0,704.5,30.32,49.7,26.2,690.8,2,JACQUARD_PATTERN_SHIFT
14.28,7.06,3.06,415.9,2298.4,689.4,53.09,46.9,26.3,502.3,0,YARN_BREAKAGE
35.58,13.41,4.7,416.6,2509.9,685.4,23.99,57.4,24.6,616.1,2,JACQUARD_PATTERN_SHIFT
21.25,14.06,1.98,277.5,1926.9,648.2,37.22,46.6,26.7,550.9,3,BORDER_SEWING_DEFECT
21.36,15.82,5.09,573.8,2773.6,718.5,22.94,51.7,30.9,641.6,2,JACQUARD_PATTERN_SHIFT
25.37,21.58,4.68,275.1,1894.8,643.8,40.84,59.4,28.0,479.2,3,BORDER_SEWING_DEFECT
26.64,24.71,6.34,278.3,1953.4,641.2,32.44,62.8,22.3,478.2,3,BORDER_SEWING_DEFECT
11.19,6.34,6.97,434.5,1817.0,665.2,36.53,60.1,32.3,586.5,0,YARN_BREAKAGE
13.83,19.1,7.27,447.0,2265.5,631.0,26.81,43.7,33.2,583.5,1,OIL_STAIN
16.1,10.76,5.65,465.2,2342.9,585.7,36.96,50.5,22.8,519.4,0,YARN_BREAKAGE
18.61,16.84,4.13,323.7,1914.7,592.9,32.03,50.3,29.5,579.0,3,BORDER_SEWING_DEFECT
17.22,11.29,6.87,334.2,2237.1,559.5,32.47,36.6,32.9,567.8,1,OIL_STAIN
25.99,17.9,6.16,399.4,2725.3,721.5,27.51,69.1,22.5,609.1,2,JACQUARD_PATTERN_SHIFT
21.17,19.43,11.07,450.9,2010.9,709.8,14.43,36.2,33.5,616.9,1,OIL_STAIN
28.47,16.55,6.52,273.6,1654.8,620.6,44.97,55.3,22.1,504.1,3,BORDER_SEWING_DEFECT
17.33,7.51,4.17,349.2,1963.8,656.0,42.95,51.5,28.4,468.9,0,YARN_BREAKAGE
15.64,18.7,4.93,296.6,1658.7,605.2,33.06,55.4,24.0,542.7,3,BORDER_SEWING_DEFECT
16.78,22.2,11.19,396.4,2297.3,654.2,16.23,40.6,32.9,437.9,1,OIL_STAIN
20.27,13.16,6.8,283.5,1754.0,564.9,49.09,58.1,26.7,617.3,3,BORDER_SEWING_DEFECT
20.39,20.35,10.03,470.2,2126.3,570.1,42.37,44.4,35.2,473.5,1,OIL_STAIN
17.32,12.52,7.99,335.0,1735.0,605.8,34.36,54.7,26.8,556.7,3,BORDER_SEWING_DEFECT
17.29,5.05,4.78,399.0,2222.1,606.0,49.96,60.1,25.0,440.7,0,YARN_BREAKAGE
11.41,6.93,3.43,419.0,2177.4,613.9,41.65,57.0,23.9,481.6,0,YARN_BREAKAGE
16.78,10.89,3.38,459.8,2050.9,579.9,37.2,52.5,23.5,542.9,0,YARN_BREAKAGE
22.65,15.66,4.23,433.5,2459.2,732.1,19.21,52.7,21.9,706.4,2,JACQUARD_PATTERN_SHIFT
15.4,6.46,5.86,399.0,2246.2,616.0,49.12,60.8,26.3,471.5,0,YARN_BREAKAGE
12.81,7.07,4.04,463.1,2245.7,552.9,50.02,48.1,18.0,507.0,0,YARN_BREAKAGE
14.3,13.08,3.96,552.0,2557.2,772.2,21.46,47.9,28.2,708.6,2,JACQUARD_PATTERN_SHIFT
14.28,10.85,3.87,391.1,2123.0,650.4,40.9,54.2,23.4,607.0,0,YARN_BREAKAGE
17.15,4.64,5.84,454.3,2118.5,543.3,57.16,64.5,27.0,512.8,0,YARN_BREAKAGE
24.43,17.78,2.98,400.3,2589.4,721.6,30.04,52.6,26.3,658.5,2,JACQUARD_PATTERN_SHIFT
18.29,14.57,4.51,336.7,1984.2,610.0,32.92,72.9,22.3,500.2,3,BORDER_SEWING_DEFECT
20.26,18.04,2.66,310.6,1787.6,641.2,44.3,53.1,22.3,471.5,3,BORDER_SEWING_DEFECT
13.11,6.68,5.34,517.4,1986.6,632.7,36.76,53.0,20.8,487.3,0,YARN_BREAKAGE
15.91,9.26,5.3,480.5,2402.4,661.9,41.01,52.3,23.2,491.6,0,YARN_BREAKAGE
17.1,7.85,5.12,435.7,2144.2,651.8,53.14,56.6,23.1,561.4,0,YARN_BREAKAGE
14.52,18.62,7.67,440.2,2071.6,566.3,20.16,42.9,36.6,552.2,1,OIL_STAIN
23.76,16.62,2.94,283.7,2024.0,602.5,42.22,58.0,30.4,531.3,3,BORDER_SEWING_DEFECT
30.4,16.95,5.99,515.6,2433.1,665.6,19.71,60.7,26.0,705.3,2,JACQUARD_PATTERN_SHIFT
29.1,13.81,5.54,298.4,1696.0,636.6,40.14,61.1,26.3,582.2,3,BORDER_SEWING_DEFECT
11.54,9.24,6.92,503.9,1862.4,630.7,37.18,53.2,24.9,593.4,0,YARN_BREAKAGE
19.3,18.56,6.34,261.3,2022.6,694.9,42.28,57.1,25.9,564.6,3,BORDER_SEWING_DEFECT
16.17,6.35,4.91,459.1,2269.4,593.5,52.83,48.5,26.1,576.1,0,YARN_BREAKAGE
21.56,12.24,10.09,460.6,2134.4,646.1,23.33,48.0,35.7,663.5,1,OIL_STAIN
14.17,9.49,6.28,434.9,1951.5,667.1,47.65,61.5,32.8,552.0,0,YARN_BREAKAGE
28.21,13.34,4.46,435.7,2408.2,762.9,20.31,70.3,25.9,631.1,2,JACQUARD_PATTERN_SHIFT
34.27,19.93,9.78,422.2,1907.5,648.2,30.47,44.5,32.7,492.2,1,OIL_STAIN
12.89,6.28,5.67,565.4,2167.8,623.0,40.17,61.8,20.9,608.6,0,YARN_BREAKAGE
14.41,5.51,2.89,381.6,2166.9,594.2,45.94,70.0,28.1,616.4,0,YARN_BREAKAGE
36.17,14.3,5.47,453.6,2560.0,772.6,23.8,74.1,28.2,691.0,2,JACQUARD_PATTERN_SHIFT
12.84,8.46,5.57,430.6,2152.7,582.2,36.27,61.4,30.4,593.9,0,YARN_BREAKAGE
18.14,16.11,4.77,282.8,1822.1,658.2,38.82,51.8,25.9,540.2,3,BORDER_SEWING_DEFECT
16.64,17.32,6.89,393.1,2361.7,628.5,38.91,43.1,32.9,481.4,1,OIL_STAIN
15.39,5.02,6.83,382.0,2061.0,617.6,50.07,51.1,28.2,469.6,0,YARN_BREAKAGE
29.5,21.14,5.02,429.4,2384.7,758.4,34.43,68.4,21.8,662.8,2,JACQUARD_PATTERN_SHIFT
25.2,14.78,2.73,417.1,2729.6,721.7,30.01,56.3,22.4,615.4,2,JACQUARD_PATTERN_SHIFT
25.65,16.11,4.36,501.4,2498.9,705.8,22.67,52.3,28.6,688.5,2,JACQUARD_PATTERN_SHIFT
19.11,17.65,4.88,309.3,2011.3,684.2,41.77,59.8,30.7,608.6,3,BORDER_SEWING_DEFECT
11.91,7.06,2.84,345.4,1966.5,724.5,47.32,55.8,22.8,556.6,0,YARN_BREAKAGE
19.21,16.79,3.94,400.4,2465.2,769.4,25.79,58.4,24.6,640.2,2,JACQUARD_PATTERN_SHIFT
10.96,9.64,5.94,482.4,2017.9,695.4,55.57,60.0,24.5,496.5,0,YARN_BREAKAGE
12.31,6.13,3.46,404.5,2098.7,539.6,46.54,57.7,21.5,619.0,0,YARN_BREAKAGE
26.07,14.07,4.64,312.2,1868.5,635.7,33.19,63.5,25.0,501.8,3,BORDER_SEWING_DEFECT
11.77,8.84,4.58,389.6,2227.1,609.3,37.95,63.8,18.9,550.1,0,YARN_BREAKAGE
20.62,15.85,4.43,386.4,2848.8,728.8,25.39,60.6,22.5,658.7,2,JACQUARD_PATTERN_SHIFT
21.48,16.18,7.75,299.3,1795.0,582.2,34.68,61.5,23.5,518.6,3,BORDER_SEWING_DEFECT
16.46,7.99,4.63,412.5,2041.6,639.3,46.32,44.0,25.6,532.1,0,YARN_BREAKAGE
13.04,7.93,4.66,538.6,2396.6,597.2,47.99,59.7,23.7,509.3,0,YARN_BREAKAGE
24.02,19.28,6.27,281.1,1844.5,620.5,40.63,59.5,21.6,542.3,3,BORDER_SEWING_DEFECT
24.52,15.97,3.98,332.0,1698.1,618.5,38.78,42.8,18.5,538.8,3,BORDER_SEWING_DEFECT
26.76,14.78,3.17,392.9,2496.0,714.3,16.02,67.5,24.3,709.4,2,JACQUARD_PATTERN_SHIFT
27.36,11.4,7.7,403.7,2739.0,701.0,30.87,55.4,25.3,667.9,2,JACQUARD_PATTERN_SHIFT
32.7,19.94,5.87,315.8,2581.9,781.5,34.74,60.1,32.6,639.6,2,JACQUARD_PATTERN_SHIFT
26.54,15.9,10.9,374.7,2231.7,691.5,33.55,44.7,36.7,582.3,1,OIL_STAIN
24.46,15.99,6.34,491.0,2545.9,669.2,33.59,50.0,28.8,602.1,2,JACQUARD_PATTERN_SHIFT
12.26,6.98,7.16,339.4,1997.7,664.7,51.42,46.2,18.2,544.9,0,YARN_BREAKAGE
30.26,19.97,5.57,297.3,1922.1,678.8,43.4,54.2,28.6,563.9,3,BORDER_SEWING_DEFECT
16.22,8.36,4.61,374.5,2161.9,576.2,42.34,63.2,25.4,552.0,0,YARN_BREAKAGE
24.58,12.69,5.12,446.6,2690.3,682.1,24.48,53.5,18.6,643.1,2,JACQUARD_PATTERN_SHIFT
10.99,5.47,4.03,392.3,2081.9,601.4,46.34,70.6,28.2,522.3,0,YARN_BREAKAGE
17.41,10.09,5.92,455.3,2042.9,621.2,36.64,51.5,22.3,481.9,0,YARN_BREAKAGE
13.99,10.11,4.47,422.2,2218.8,622.2,42.55,52.4,29.1,452.7,0,YARN_BREAKAGE
20.33,17.42,2.28,337.8,2035.2,550.7,44.43,54.2,24.6,594.7,3,BORDER_SEWING_DEFECT
15.6,9.94,4.95,420.1,1935.3,606.0,47.43,61.2,16.5,543.3,0,YARN_BREAKAGE
21.1,11.78,5.24,297.7,1971.5,603.0,36.09,78.3,25.1,499.5,3,BORDER_SEWING_DEFECT
29.13,13.71,2.2,441.9,2715.0,738.8,26.94,44.2,27.5,590.4,2,JACQUARD_PATTERN_SHIFT
26.77,15.09,6.23,264.5,1810.3,534.3,35.77,57.8,28.0,485.9,3,BORDER_SEWING_DEFECT
11.85,10.14,4.3,522.7,2536.1,556.4,40.31,67.2,25.2,447.1,0,YARN_BREAKAGE
23.89,19.06,10.78,550.3,2422.0,600.3,24.97,36.2,32.4,558.1,1,OIL_STAIN
24.09,20.07,7.73,506.1,2237.1,714.4,30.74,32.5,36.0,546.8,1,OIL_STAIN
16.22,8.62,2.34,514.8,2151.1,667.8,45.87,55.2,23.6,525.7,0,YARN_BREAKAGE
23.3,12.28,2.92,299.2,1951.2,606.9,41.8,48.7,25.0,590.6,3,BORDER_SEWING_DEFECT
24.77,18.05,3.3,464.2,2458.6,757.3,44.79,61.6,28.2,618.3,2,JACQUARD_PATTERN_SHIFT
12.02,10.34,3.94,371.0,1995.9,528.4,39.49,65.4,29.4,556.6,0,YARN_BREAKAGE
21.91,16.6,3.19,332.6,1949.9,621.2,39.85,64.1,24.1,450.0,3,BORDER_SEWING_DEFECT
16.09,6.07,4.43,455.9,2295.3,672.9,38.41,59.0,18.7,502.6,0,YARN_BREAKAGE
16.42,5.97,5.54,326.5,2140.3,679.6,42.96,56.0,25.3,524.4,0,YARN_BREAKAGE
11.4,7.07,7.06,428.2,2243.9,637.3,50.88,54.2,21.4,486.6,0,YARN_BREAKAGE
14.67,9.21,3.39,404.0,2160.8,604.2,56.95,61.9,25.2,530.9,0,YARN_BREAKAGE
16.75,5.75,8.39,522.3,2051.6,671.1,47.85,56.5,25.4,419.4,0,YARN_BREAKAGE
11.49,8.11,5.86,350.3,2224.4,587.7,41.87,61.2,23.8,530.5,0,YARN_BREAKAGE
26.6,18.05,6.14,272.0,1952.8,564.8,40.52,61.2,31.2,464.4,3,BORDER_SEWING_DEFECT
28.63,17.53,5.25,338.0,1884.8,660.0,45.16,63.2,28.9,591.8,3,BORDER_SEWING_DEFECT
29.98,15.37,10.69,423.2,2217.4,634.8,22.2,38.6,38.2,537.1,1,OIL_STAIN
13.85,10.58,6.32,487.0,1910.7,624.9,54.02,62.1,27.6,506.9,0,YARN_BREAKAGE
26.98,17.2,11.29,454.3,2298.8,663.9,21.74,40.0,37.0,508.5,1,OIL_STAIN
26.36,17.47,7.55,453.9,2086.5,591.1,26.81,45.8,32.0,468.9,1,OIL_STAIN
25.56,18.66,8.27,436.2,2035.4,685.9,23.86,46.7,31.1,449.3,1,OIL_STAIN
28.1,16.04,4.08,384.1,2406.8,700.0,39.3,50.5,28.6,594.8,2,JACQUARD_PATTERN_SHIFT
22.47,19.98,4.2,311.4,2044.1,593.8,39.67,67.7,24.3,467.7,3,BORDER_SEWING_DEFECT
15.06,10.4,4.36,441.2,2198.9,643.8,47.5,65.5,25.1,476.2,0,YARN_BREAKAGE
16.55,7.72,3.35,514.0,2165.9,610.3,39.82,65.5,25.1,484.7,0,YARN_BREAKAGE
11.76,10.92,5.08,376.6,2168.0,625.6,57.36,60.4,25.2,511.4,0,YARN_BREAKAGE
16.85,5.28,5.52,336.5,2668.4,575.2,55.71,61.1,27.7,462.5,0,YARN_BREAKAGE
25.43,16.01,7.1,272.2,1826.8,617.1,43.2,55.6,24.0,446.7,3,BORDER_SEWING_DEFECT
27.27,19.67,4.22,262.3,1944.9,533.7,42.07,57.7,29.6,537.3,3,BORDER_SEWING_DEFECT
21.81,9.04,8.13,487.0,2036.4,664.8,21.22,33.4,37.6,660.8,1,OIL_STAIN
25.34,14.8,10.09,421.0,2045.9,590.0,26.74,41.7,37.9,531.2,1,OIL_STAIN
12.33,8.81,3.39,357.3,2179.3,555.8,47.36,51.6,26.4,506.7,0,YARN_BREAKAGE
10.53,7.79,4.31,342.0,2301.5,638.5,56.94,64.5,28.0,463.4,0,YARN_BREAKAGE
28.85,12.38,11.26,488.0,2251.5,595.2,26.53,38.0,37.5,504.1,1,OIL_STAIN
13.3,17.83,2.62,402.2,2735.4,733.5,28.93,56.1,28.7,698.3,2,JACQUARD_PATTERN_SHIFT
14.58,10.3,3.4,456.6,1938.5,628.3,49.22,56.8,24.8,562.4,0,YARN_BREAKAGE
21.41,22.83,7.45,360.7,2381.3,676.6,37.05,32.2,34.0,479.1,1,OIL_STAIN
21.0,14.95,6.53,395.2,2578.9,685.1,32.68,63.2,23.8,602.2,2,JACQUARD_PATTERN_SHIFT
21.78,22.31,5.53,455.6,2791.2,668.3,12.41,57.9,18.9,639.2,2,JACQUARD_PATTERN_SHIFT
10.69,8.38,5.65,424.5,1946.4,547.3,46.97,60.0,31.0,574.4,0,YARN_BREAKAGE
27.27,16.37,5.64,263.6,2587.0,703.0,33.59,65.2,26.1,659.3,2,JACQUARD_PATTERN_SHIFT
15.74,10.63,4.26,260.4,2068.2,610.3,40.41,56.1,23.8,514.2,0,YARN_BREAKAGE
23.48,17.78,3.21,278.0,1789.9,678.3,40.7,59.7,21.4,508.0,3,BORDER_SEWING_DEFECT
15.41,8.18,3.16,436.0,2105.0,607.4,39.18,49.9,21.2,556.6,0,YARN_BREAKAGE
15.47,16.08,5.57,311.0,1870.1,668.1,43.43,68.6,22.2,534.6,3,BORDER_SEWING_DEFECT
11.86,9.21,4.33,489.2,2100.2,578.4,44.84,66.1,26.5,537.7,0,YARN_BREAKAGE
19.76,17.78,3.55,269.0,1813.6,621.9,41.87,64.9,19.3,413.7,3,BORDER_SEWING_DEFECT
18.57,17.38,8.3,414.6,2411.4,653.8,34.98,40.4,41.0,445.1,1,OIL_STAIN
20.89,12.94,4.76,323.2,1899.4,571.9,35.22,55.6,21.5,620.3,3,BORDER_SEWING_DEFECT
11.34,7.07,4.35,507.9,2204.3,537.3,41.69,52.8,22.1,555.5,0,YARN_BREAKAGE
12.84,10.45,4.06,439.5,2296.5,661.9,51.77,56.3,16.5,518.2,0,YARN_BREAKAGE
22.59,15.6,10.62,424.6,2183.5,578.4,23.12,46.5,38.9,496.7,1,OIL_STAIN
23.46,14.97,11.34,502.4,1857.1,579.1,32.26,38.1,32.1,476.0,1,OIL_STAIN
32.11,12.42,8.45,418.3,2226.1,635.8,36.75,37.8,36.4,521.1,1,OIL_STAIN
31.09,20.51,5.77,337.9,2029.6,675.4,36.99,53.5,18.1,489.1,3,BORDER_SEWING_DEFECT
13.26,5.61,3.93,461.7,2102.3,633.9,55.98,70.6,21.9,455.0,0,YARN_BREAKAGE
12.81,9.01,3.33,430.7,2220.7,629.8,43.36,64.2,24.5,534.8,0,YARN_BREAKAGE
19.49,26.49,5.56,413.7,2380.9,765.8,27.2,67.5,29.6,664.2,2,JACQUARD_PATTERN_SHIFT
27.52,11.83,7.91,427.2,2137.9,551.5,27.68,39.1,35.5,564.0,1,OIL_STAIN
22.9,15.25,9.18,497.8,2009.4,657.2,33.45,36.3,36.5,457.8,1,OIL_STAIN
14.4,4.7,4.61,413.7,2160.8,610.8,57.06,64.1,17.3,546.0,0,YARN_BREAKAGE
20.41,8.86,10.74,476.6,2111.9,659.8,18.98,39.2,29.6,425.7,1,OIL_STAIN
29.87,21.14,7.14,409.0,1872.7,711.5,26.23,43.9,39.6,560.2,1,OIL_STAIN
16.27,9.69,5.78,459.1,2125.3,610.8,54.24,72.6,22.6,513.3,0,YARN_BREAKAGE
23.27,11.0,4.78,361.3,2783.9,702.3,37.02,64.7,25.2,689.6,2,JACQUARD_PATTERN_SHIFT
16.61,8.57,2.18,449.2,1891.1,632.8,56.79,61.3,28.3,576.3,0,YARN_BREAKAGE
26.33,21.7,5.56,468.6,2670.1,750.9,20.86,67.7,27.7,657.4,2,JACQUARD_PATTERN_SHIFT
23.2,14.04,7.41,486.9,2319.2,547.3,20.59,35.0,35.5,453.7,1,OIL_STAIN
20.52,17.7,5.65,263.2,1961.7,612.6,42.87,63.6,28.1,473.4,3,BORDER_SEWING_DEFECT
16.19,17.18,4.93,272.9,1855.8,635.8,41.82,60.1,19.2,452.4,3,BORDER_SEWING_DEFECT
14.19,13.35,5.08,449.1,2600.3,765.4,23.39,50.3,17.9,666.4,2,JACQUARD_PATTERN_SHIFT
14.65,6.41,4.85,338.3,1852.2,652.7,56.45,65.2,19.7,429.1,0,YARN_BREAKAGE
16.95,15.71,4.03,506.8,2490.5,672.9,26.98,54.4,21.9,635.0,2,JACQUARD_PATTERN_SHIFT
12.02,9.73,5.84,446.7,2231.9,545.8,51.66,57.5,19.8,597.9,0,YARN_BREAKAGE
16.76,11.62,5.06,494.4,2432.9,759.3,17.05,64.0,23.4,608.6,2,JACQUARD_PATTERN_SHIFT
10.93,7.08,4.44,592.7,1762.8,604.0,38.84,46.5,18.2,574.2,0,YARN_BREAKAGE
26.23,18.86,7.65,410.4,1994.0,671.0,10.58,43.5,33.1,486.9,1,OIL_STAIN
24.48,22.68,4.64,291.1,1883.8,600.7,45.16,52.6,24.8,576.0,3,BORDER_SEWING_DEFECT
11.56,7.04,6.24,407.7,2265.7,655.6,51.09,49.2,24.3,555.0,0,YARN_BREAKAGE
26.3,17.29,4.58,310.7,1696.8,665.3,39.65,47.7,28.1,409.9,3,BORDER_SEWING_DEFECT
16.05,12.07,2.5,317.9,1663.2,570.4,32.66,60.6,23.2,570.4,3,BORDER_SEWING_DEFECT
22.86,22.84,9.8,519.3,2155.6,619.8,25.19,44.0,36.9,415.0,1,OIL_STAIN
15.19,7.51,6.41,514.7,2432.0,634.7,57.02,58.6,27.9,471.5,0,YARN_BREAKAGE
25.8,19.54,4.5,272.1,1739.5,640.0,35.59,64.1,23.9,521.4,3,BORDER_SEWING_DEFECT
21.46,14.43,6.82,373.1,2442.4,739.3,22.38,58.3,24.7,627.2,2,JACQUARD_PATTERN_SHIFT
29.62,15.01,9.26,339.8,2092.4,626.9,25.97,41.3,34.6,604.4,1,OIL_STAIN
20.72,17.26,9.96,480.5,2205.3,591.0,26.44,40.6,34.2,583.1,1,OIL_STAIN
10.0,10.23,1.97,385.5,2151.7,654.5,35.63,61.1,27.6,509.8,0,YARN_BREAKAGE
16.74,5.06,3.98,321.3,2542.6,564.7,53.91,51.1,27.3,611.2,0,YARN_BREAKAGE
18.1,15.85,6.09,390.4,2418.2,761.3,32.33,57.7,24.4,633.9,2,JACQUARD_PATTERN_SHIFT
27.91,13.58,2.81,331.0,1887.4,632.0,36.89,44.7,28.8,555.8,3,BORDER_SEWING_DEFECT
28.08,11.37,4.25,279.0,2046.3,600.4,36.86,45.2,25.7,568.0,3,BORDER_SEWING_DEFECT
33.84,17.29,3.86,455.6,2409.2,672.2,29.45,53.0,20.5,665.4,2,JACQUARD_PATTERN_SHIFT
23.83,19.47,5.97,377.7,2434.4,697.9,25.56,65.2,26.1,592.5,2,JACQUARD_PATTERN_SHIFT
14.69,8.45,3.84,371.8,2295.1,633.0,37.81,52.6,24.2,614.2,0,YARN_BREAKAGE
17.8,18.0,9.98,485.2,2094.4,599.1,30.7,44.9,33.0,477.2,1,OIL_STAIN
19.34,15.66,3.86,408.6,2759.4,750.1,15.06,58.4,23.0,592.1,2,JACQUARD_PATTERN_SHIFT
13.89,9.1,4.16,388.9,2249.4,597.5,44.63,54.6,17.5,508.8,0,YARN_BREAKAGE
28.88,10.79,5.07,417.6,2773.2,679.4,33.47,54.2,22.2,684.1,2,JACQUARD_PATTERN_SHIFT
19.05,14.74,6.06,359.3,2396.0,670.8,27.79,46.0,22.5,709.6,2,JACQUARD_PATTERN_SHIFT
19.36,15.29,4.66,283.1,1921.7,624.5,41.81,54.9,23.1,486.4,3,BORDER_SEWING_DEFECT
23.31,18.8,7.31,472.5,2446.5,638.8,28.92,40.1,38.0,510.5,1,OIL_STAIN
22.83,11.18,6.75,408.1,2658.1,750.4,15.96,61.9,23.0,664.9,2,JACQUARD_PATTERN_SHIFT
24.51,18.73,6.25,322.2,2019.9,624.6,39.93,65.0,24.1,491.3,3,BORDER_SEWING_DEFECT
15.71,18.18,3.24,309.2,1883.6,593.6,41.94,57.2,22.8,480.5,3,BORDER_SEWING_DEFECT
11.64,5.72,6.41,451.3,2289.9,514.2,44.6,62.2,25.0,565.2,0,YARN_BREAKAGE
24.19,15.16,5.07,320.3,1874.6,628.0,32.55,59.8,25.9,524.5,3,BORDER_SEWING_DEFECT
15.85,4.8,5.11,436.0,2343.8,665.6,40.0,71.9,22.3,505.9,0,YARN_BREAKAGE
15.69,18.59,4.32,304.4,2660.7,729.8,42.29,60.9,26.7,614.6,2,JACQUARD_PATTERN_SHIFT
17.88,18.9,4.29,376.1,2651.7,737.9,31.96,61.7,20.1,661.8,2,JACQUARD_PATTERN_SHIFT
16.28,21.62,4.58,421.8,2703.7,676.7,47.92,52.8,24.3,708.8,2,JACQUARD_PATTERN_SHIFT
25.93,19.93,9.88,403.6,2161.0,597.8,13.44,47.7,29.7,501.9,1,OIL_STAIN
14.58,7.96,4.61,413.9,1940.9,663.6,39.06,50.9,24.1,493.3,0,YARN_BREAKAGE
30.58,16.11,5.29,418.7,2688.7,769.1,23.77,48.3,29.0,595.8,2,JACQUARD_PATTERN_SHIFT
29.72,15.63,5.16,475.5,2579.2,675.1,21.35,51.2,27.4,636.7,2,JACQUARD_PATTERN_SHIFT
15.47,8.63,3.29,466.5,2072.5,669.6,53.96,55.2,20.3,505.0,0,YARN_BREAKAGE
24.17,18.0,4.02,496.2,2387.0,682.5,16.49,52.8,25.8,594.9,2,JACQUARD_PATTERN_SHIFT
10.82,4.83,4.7,377.6,2367.7,670.8,37.79,64.1,25.9,471.8,0,YARN_BREAKAGE
22.6,22.0,4.12,260.2,1888.2,657.3,41.27,76.8,31.3,536.1,3,BORDER_SEWING_DEFECT
27.78,17.73,6.08,325.1,1867.1,697.8,36.19,57.7,22.0,470.7,3,BORDER_SEWING_DEFECT
20.7,13.73,6.8,517.2,2626.4,752.6,28.74,58.0,30.1,704.5,2,JACQUARD_PATTERN_SHIFT
27.43,19.1,3.0,297.4,1762.4,583.7,39.38,62.5,27.2,592.9,3,BORDER_SEWING_DEFECT
