yarn_tensile_strength,yarn_elongation_at_break,yarn_hairiness_index,twist_per_meter,yarn_linear_density_dtex,loom_speed_rpm,loom_tension_variation,ambient_humidity_percent,ambient_temperature_c,weft_insertion_rate,defect_class
25.66998683317031,14.580861808790821,5.081246933013103,477.20952183690997,2547.6702348643557,729.4790174011339,20.86456133824172,65.21221928933241,20.184701275188733,647.1066508769198,2
25.046007625002748,13.049814019805636,8.971890874692033,409.77283523666273,2290.9101111545997,612.7343984941376,19.03380527632026,37.99757620090057,30.71153661489957,517.2513013738272,1
23.66965446166961,9.75261136498952,4.746489935382067,464.7583682593482,2430.6172767363873,705.3399226862637,33.03869958252538,64.40684860596625,22.690323001018555,626.3958164220121,2
15.68311110188102,4.6987174140138315,6.421601313120971,434.7481366884231,2206.4212779294994,630.4927362580404,41.48657859050698,46.589147505597396,27.939507875970033,583.1425305143397,0
25.01581930296705,14.159413707388564,7.684320800950126,354.8621643452724,1985.2714150262896,612.5578532547044,37.27944238414652,54.87552674542499,28.32248080942663,506.73675107261835,3
28.333588667353293,13.885913872636312,9.49645223800113,437.10567062094015,2234.599849708246,625.745650180935,19.65414952048331,35.87490727219007,34.65175327350467,568.4646790251123,1
24.80587708776611,15.23725494731996,7.536683028187491,449.08129066345515,2186.1915484341466,635.821885317847,21.986412567930145,38.386218985199335,32.0691786482488,525.560957997549,1
21.391645745937822,11.856210087188291,5.142303133143593,485.82989968599924,2387.3530501300856,689.7131113739546,26.875239189032825,64.55937769035752,22.405555369820988,647.0499288212075,2
11.013879257891688,9.342382073069674,6.705259401493954,427.43596435982755,2157.2898400068225,675.1476994826065,52.80814341813329,51.291728703005525,25.701866152909396,539.6534561311724,0
19.89374223575463,13.802969487515917,6.589739940378717,298.28407534215245,2049.5805748633456,657.3568746031248,40.64460494347472,48.56403866779867,28.281433549793803,559.4506068104292,3
26.6664912829574,12.813115206895715,5.4963101224681035,458.34347934464296,2408.295349162263,692.6531367108557,19.05563204840999,61.2927561077792,25.668655191847595,612.2967109457352,2
12.085688360288668,7.91801645648986,4.95325590711598,400.81393763085356,2246.531243053285,694.7656880620532,60.422391653463734,46.59334969624931,22.94074985528518,530.5748279433926,0
14.325349675862988,5.701128035186337,6.81951091766463,365.68571104662715,2217.6234595207193,675.51348907316,48.81754983752096,51.07631961382771,25.195064145002622,570.5409319297377,0
17.30167068810278,13.787535253832434,5.486892295701588,428.776509829035,2455.2360821048683,706.5979778369834,25.76985937945794,61.84232430819965,23.089185250932317,625.2743443376987,2
17.903086083721895,11.00508826600559,5.734003910677082,308.6800604760687,1984.7504397347102,632.4207966534882,33.093492545647635,54.55924422156417,25.768349685283393,535.7362799651187,3
15.779383410640005,7.267693880603485,7.049022696873495,436.68240369573573,2171.7234163959283,662.1673512172397,53.08041746514639,50.65271393394726,24.772258895209436,539.1658392240514,0
22.15406614186587,12.414869592496116,7.715424548238828,461.21072327035114,2257.5758617630663,653.7863408634016,20.18676588597071,38.77775228021413,35.97312822681045,504.85682600417925,1
14.43127232391981,6.919049355260505,7.273413081441756,383.4972453173709,2250.7020216551145,675.3350141814349,48.17850446795317,54.76898840268101,21.24616804775853,536.1977819793058,0
20.099603529001914,13.04089970764176,5.83721554423472,335.45768127141577,2049.040684553664,603.361271441362,36.32270327240313,48.41924374176452,29.01597888345345,552.9424663721464,3
16.714673746324348,10.410663829262377,7.703156051003955,316.9658671473343,2136.2206430298706,658.7984212740832,41.3606156373043,50.913404846117075,26.10832277432267,547.3039866971463,3
15.233371618281456,6.412734076030839,5.080518454021452,406.525894700847,2232.21727334022,677.0484562143782,42.087731975580716,47.28822831266899,26.41758720381047,521.2970675082202,0
14.793023463868078,6.9434345302914116,5.755004792356994,467.75038405207556,2202.386759173421,650.7557995250647,48.22633738009343,55.198293482794796,26.18425430230676,574.380717587073,0
16.11116417730025,6.874927647514875,5.378847017342845,390.4377629179162,2220.581636304099,676.4514616118204,49.06590825972781,53.771189675284305,22.959342264711864,537.9153227805093,0
23.813119248162973,11.447109356650358,5.0467986596847485,435.82669926803266,2444.1498668061436,720.532305217242,29.431101366231,57.25807846703255,25.449222338538625,618.0265954389977,2
25.02775685625995,10.977648296454838,8.83131787022037,447.4850631995442,2241.431832067689,616.2386674600151,29.254165961893563,33.88431350207183,31.408848915329305,536.3565558294728,1
22.082899484561185,13.212051869228896,5.8537514130411195,299.3120974846102,2063.099871849672,663.5837256416969,47.14795575180612,53.64975386774461,27.089577608361346,552.969669133122,3
20.61794159403939,12.061260497728773,7.337381275768902,312.0085377497077,2046.5939087914526,633.4467492091026,53.68162339466224,53.09627845812564,32.31255351699199,541.1690927591517,3
24.721723901982127,16.040742191433075,7.106864071055049,421.12788471731284,2162.7832736962046,615.7711649895799,21.547167024329177,34.96658595998836,30.141221703917978,535.2681662576088,1
15.5919879793742,7.592212164465628,5.358089982920309,397.35988176062904,2193.680932788323,709.2862935996864,46.58772004312206,42.99015701930401,27.333134270207918,522.2962372293907,0
23.152883043531865,11.14128687930984,8.299547027393665,428.18554789901253,2300.647560494088,616.9266149285702,15.877813689650514,38.50866224514013,32.79014405482816,513.9077894581809,1
15.680419953736676,7.899729762789292,5.844658280963467,393.2089918655056,2207.077711292399,693.5312013843412,45.3669039603203,42.061788957545545,21.38633699569155,544.7519956279633,0
20.10060946197226,14.712161205891139,3.8802833821515,488.91675862980225,2504.780744455664,687.837771022519,24.34854227308379,61.040100345246366,22.7128545896748,605.5115835774058,2
18.59518904486863,6.807233483693971,5.232277856747299,368.95631461240083,2296.1782794876754,679.4778541413611,51.428695353098064,52.93144883026348,24.16665964264787,572.4157519370387,0
23.068718622254444,11.586953258374296,8.74886740151236,336.8007949615114,2051.5544853516963,607.7846995022499,45.585209696203925,49.015117921962705,25.387314375357473,542.2673249140204,3
15.305125024204937,7.713355677896559,6.505969746698816,411.39539510644227,2170.308460452689,682.4197644987911,58.30942344870829,58.296980452452104,24.404048234381207,577.5287373600861,0
14.840540872286383,7.268892085725789,6.693798745935457,432.65755327928304,2230.7700113334804,707.3887031614659,54.234862988905086,52.949721135009,24.09269190750887,556.5869576810344,0
25.547315527918236,16.279634786906698,4.6116319278824545,495.9009162861407,2397.288324332608,670.2412843608073,24.363448988194996,53.8553708441061,23.712247706847833,606.5029112218076,2
17.342494186934637,7.6858261051628505,7.349890566129126,442.86567234487427,2212.416479608177,643.7237061735615,56.513436292171825,59.18038975287395,25.774552112529094,545.51266371187,0
11.486556435042836,8.299116362735518,5.1557917496135515,393.8510271405005,2233.223174477045,681.7498627763767,41.951850253182656,53.299324357859966,27.405055135295804,554.9359699193737,0
21.202260838693718,14.305791218972447,8.086894888515186,436.5888524416589,2182.40577770453,624.6959921974333,23.941787254420227,35.78202502281742,30.270601427942402,538.0252647720132,1
12.785908635913025,8.453847374945314,6.964944445188127,365.9520872039346,2156.09548781201,698.2346958002939,48.70805851877474,47.033587473223015,24.71705781276023,570.6089636122014,0
16.172444662718558,6.9114753635155886,6.433421541027349,379.2446241666747,2267.72765362894,671.45450677032,48.208236402852734,58.61827077684456,24.495634551050724,549.1436900202738,0
15.918771543433223,8.926446578831078,5.03800847617301,422.1363557925847,2203.9012709568183,709.9950783889259,51.74205795887469,56.19853694207318,25.701175773726348,565.794690345127,0
16.534634480922453,7.452800253269545,7.724496037012573,419.58662020170084,2237.7600076722597,663.7098566877263,49.1818758275556,61.067621759004886,24.934383380440003,545.6220105623157,0
30.25280023908993,13.765466646128218,7.779062322286409,462.282673252319,2250.4177321095494,606.2968490512199,22.725101229272045,36.59105952402136,32.031326450444524,548.1775891085888,1
28.979240066776537,11.589706011842265,8.324987748339899,408.5317343674303,2220.7610688049417,629.9633166323212,14.575577240838044,39.59943531905075,31.549054057464982,552.5459824069152,1
23.999488128694214,11.854897615788325,7.435091196631532,329.2319533898209,2065.7983786221967,625.1688315819013,37.94248598247391,44.63627779128615,28.495396071903667,564.5818933696773,3
15.935018684504092,6.426759455744373,6.289383938938409,390.6541908008801,2213.395311521219,655.3069483001525,58.56541431676564,53.795419191133035,26.310710202898008,526.3249933232643,0
22.712060220558506,7.796683352617922,8.383412546862612,285.1879217260267,1981.681084033514,617.1653187230092,41.37155437955081,51.736911885890436,23.465235801588605,568.2681072406529,3
21.414067417014635,11.63085799517729,9.525557151653722,437.66761194486475,2307.4326874177873,626.4218734169513,23.052965965072524,38.90466126344509,33.695558000251694,547.7534291137674,1
25.038169810451418,12.9484150687866,10.527275960973057,426.67134379840365,2212.605585942212,627.6061819768763,24.090458652306342,39.30516329821529,38.617023666208894,548.3965406038984,1
24.526986939717073,14.302598024809257,5.235688207826697,435.0789582252464,2601.989633118174,689.8329657601575,17.109308684121917,56.79552520698948,22.89031529890611,647.7947409016626,2
16.287877586553716,7.562364891023125,5.365300526276866,385.82845500161625,2305.0899217372385,654.4079481023044,52.54893757064759,57.351107284957955,24.881194538654647,569.1761903064424,0
16.856739629672866,10.91023664352088,4.449414826610582,361.1584415505002,2089.119648387978,677.9951469548646,28.45989233470054,52.286344797542355,22.618527753972728,528.4610242628274,3
11.650634110591286,7.704272051369503,6.475144659894898,438.18261265394545,2224.8914547489107,648.531491464736,46.06876373886033,51.22603661604171,24.389018224680203,571.7239623136173,0
23.680671888941767,10.634924847291146,8.659634438433654,317.9457033819571,2030.757430049813,701.9720673143252,35.077498875512795,44.826184618374796,26.67715479759655,540.8426082358982,3
24.841101763870945,13.625826521766873,10.064792764251894,449.3074179610248,2171.485223584865,640.1832221930827,20.757278733162867,34.839011416223045,36.10289947443901,535.3472948303804,1
15.51042683371175,8.666074399461111,4.726384270862432,376.9513451127722,2274.3985541756547,672.0656673974282,45.80457452917527,51.33703499539279,25.407045965553024,536.1466129570784,0
19.021308561119437,12.805647891280934,5.787834227917184,329.5256950406611,2074.5839439686015,644.124345282415,39.38582323371732,52.63908328835578,26.177597587020745,552.4132632191522,3
13.541426127252677,5.730354266819352,5.277761520457493,453.6355412287711,2193.691698117533,689.3669592266167,44.40704192725929,52.331003073439845,26.768112701880604,538.6756154675891,0
14.298095235564045,6.0986957550989835,6.55287216714888,419.4512910834851,2235.4663550757596,677.4207587932715,43.15731887615207,57.17031178039516,24.85971809652569,555.785736431411,0
12.15253112920188,7.076805490751241,5.725231078435272,419.0914484879815,2219.0411356678046,654.2601219068256,52.11029378190308,64.26009811881647,24.258330236626975,510.78481156035883,0
18.50738205340216,5.835692902307478,5.8244487219197865,400.8523348718251,2240.684044243269,668.2992195452937,42.53976666479311,56.80819436070517,21.2422478957546,574.9358537140174,0
15.310858655336933,6.956469667589556,6.91939716199838,413.4539410252343,2219.3383544055578,676.4996243597967,55.02039842531793,60.63387300227396,24.51900208303521,519.5069612632552,0
16.26257645167708,7.9369190125351485,6.531492407940934,444.9048744291942,2196.161515837017,658.809650857388,43.09891258574727,61.73563139771384,23.98095158945447,539.8979748641725,0
27.541383250125484,10.264657669788825,8.327649283260412,412.96048727711485,2174.7457900381655,610.7073666398487,22.81781995399627,38.26244910886875,32.116336849866364,533.9699162769756,1
26.241317978282343,10.798885389862704,8.86389504725095,405.06854943235845,2233.5562739816173,615.4231335351807,19.50691815297852,44.80083635470335,31.977028341842153,514.9308484994423,1
29.503207066700483,15.014227580221377,8.932202227035738,477.09447245163676,2200.2531155632646,638.9421733029546,18.27571862093217,38.046761626659475,32.92532516399906,537.9256903623045,1
26.220819548714925,11.338149999953972,10.001266458458103,426.3065801442918,2183.823587265368,598.0874071436193,22.3655443322243,36.858377045018955,30.86687635991584,540.9121461231839,1
13.22460868857088,6.936077045680397,5.1169081984148255,425.8009412631373,2170.143932778964,686.7027891492215,41.96668835463048,53.02475074397784,26.226191381550166,576.6793248772618,0
20.611339358114552,12.381060856812306,4.482030754832695,477.71636772518923,2585.1817255369488,678.4874135863778,24.957895029241804,52.78207721584897,26.362840364582336,635.2745598759002,2
20.541205378302234,11.908877812021064,6.5896815916889295,331.68667413835095,2059.3115269547775,614.5295140134872,42.84681947105377,50.3670372223141,26.391136122345188,510.81671546370865,3
20.642157939726122,10.478545531192253,8.08121604805923,288.9595897931821,1993.0309247700952,632.1313006249937,38.31451144940021,53.20148027374156,25.516088693564512,506.9805214865229,3
19.0789088794501,12.630293172257815,5.147502091597979,452.0108817602724,2454.1111463222164,717.5040790045623,22.88445029070609,61.80141654302236,23.03700365083885,638.8879394652859,2
14.287472057877148,7.527174316118555,5.890800023610048,367.84506917969117,2180.2701802622937,694.8287218663503,48.14446443890347,57.81667056192245,23.492985361143493,609.0393586854777,0
13.435167332077109,6.270417772485525,6.475606633164478,339.97468873369087,2215.0340639641254,638.5336571295442,54.49452870970169,55.82257829636425,22.266218581299302,543.0757916665016,0
20.944442396930636,11.104390313138667,5.566447958088034,495.19057505872195,2437.2018323776497,687.7513690048397,28.481050456456508,59.53349821580128,21.668769493561904,598.4923699485446,2
19.357407153509076,9.48589644291813,8.928851194051004,347.11959510269423,2024.3880139602943,641.9665230175896,29.753746679972654,57.33751280701332,29.2962196208042,552.6112242495335,3
23.61803544404993,11.90490588059407,6.144793957768341,492.8840387716026,2372.0649287188025,696.1823363553677,31.57382877022601,63.68331570666401,22.861957958378795,606.4019527360981,2
18.48851158960972,11.531410752371654,5.741277515940246,274.7399033773459,2010.8928107138252,658.5717830667193,50.52109758444602,47.01626821017754,28.181005295239913,562.8071927038932,3
21.26530875233822,12.865664985102278,4.62694263024867,472.96821783130713,2414.1054020376487,690.0972278163509,22.82188345038687,60.40387747657042,25.31923067573106,633.0001347346217,2
23.835281582458844,12.323807941073968,4.474777400725333,433.3352519132327,2497.4823070363036,696.8147104635638,29.65487036467232,59.883109190401235,24.655315541033524,624.7110782652957,2
11.426584977263843,5.627643900281473,5.137755180675407,447.11151625527407,2243.581128309945,690.5313110342315,49.98232653393589,47.56441421716112,21.27315370305423,578.3591663202471,0
20.06282465856493,10.913212129126773,6.08543046035298,451.2127369452206,2476.5522433280003,693.7212509892192,27.3735458820812,67.67119553014362,26.449952951541135,608.9815932820645,2
26.962214219318803,13.889650469702818,4.291872388547182,498.38043435184056,2457.0446522026823,683.5595470790514,32.55079934465676,62.44463786789088,23.658477183600482,632.0308654980141,2
13.374117809379348,9.520552182225824,6.2922969119380365,392.51018349007796,2189.1820021943627,680.7462120515198,48.19947909806797,48.57410314944711,27.974334386916382,546.8537216539144,0
13.622801070996683,13.473867868052146,9.183426043092053,311.7917270923747,2146.3621533303203,656.5384344464125,34.94355597535143,48.50918965216066,25.386916651974083,520.379678587313,3
21.84343969418439,12.215006917557616,9.810103733531557,440.084307540686,2174.679651244708,629.5505091753151,20.17595221849267,41.553798291728825,32.83905906125795,516.1277414323879,1
24.509661160772136,11.84648131350445,7.814204710380047,377.44552432833893,2164.691094473983,625.1364079589276,45.49127678424535,54.148900039047525,28.64958017118508,528.4524184160007,3
16.120195869856072,11.329043864326758,9.68468783544187,315.04342814726704,2032.1185706734077,631.0456260333605,38.72317089767324,47.25837880640038,25.60464515429662,575.6166800023248,3
14.61869788498968,8.194945285279264,5.519266599149288,400.90395149868505,2237.50975746161,668.1279781119924,41.46445127917019,60.16921230432717,29.57900123069151,578.6544972143482,0
23.348642279793683,14.251786834362184,8.719661291226059,458.2080080819719,2249.0076639722606,612.159655941373,16.009962055757505,34.83503672696779,34.52284513545174,546.7601369786656,1
19.448009146061082,10.685389762661144,6.823194067680165,301.6579810226751,2106.650510500131,618.3996109876846,29.361174697450547,53.248444629914594,26.897831951082757,561.6435655165027,3
25.320738809825283,17.062677219412397,8.811898171364788,462.92501086788997,2152.3918772412308,609.7655944329736,31.75244893145169,43.31113952453245,32.22586008999031,518.6622696976669,1
22.35570859653086,10.686596635601937,6.220501302322667,453.37099824176624,2464.892669802797,701.9741927561835,27.008787172657602,58.69087793681802,24.35118693938406,663.3735339581418,2
17.178434993421586,5.656327997899564,5.810982892582401,431.5204537282603,2065.320915357169,681.3518978166335,45.37456015809522,56.77032418222935,24.823136247115443,515.4562791210082,0
17.64761280419012,10.944669138310003,9.039256402858541,317.7296077755293,2123.066740948255,575.8080648347603,38.62955069529745,54.865121241314455,23.995876140204402,519.899102184921,3
25.702644175126242,14.997083334286698,4.4748570511418535,428.22503859934125,2409.582289022252,689.3395049952362,25.770136822221072,65.31698161429595,24.615813342045346,604.5657991080433,2
12.444124851360762,6.11892360563451,5.926866976295843,437.3030448481931,2268.1610542519315,689.31076103408,37.56607663680053,51.37533742622661,21.274116904335358,553.0533858092298,0
24.833669468378336,13.689659906154263,5.669047015453611,458.73656387121594,2418.4185310328403,679.9185624164114,21.959588506520802,61.576632363666505,24.702878393892107,652.6762349771121,2
21.10802299257531,9.758066199957964,6.846365027743942,455.6495629136049,2408.3805319318144,685.1892990792045,24.53025011084886,61.9744877462263,21.71954220484128,589.6362700117421,2
15.437377193458026,8.67155154677874,5.105736237751931,441.75658448425446,2218.5174289960637,704.236817187872,55.13009952363209,54.073509126397184,26.534898417488865,568.8672401931133,0
14.04179365817604,8.297548864784217,5.894469991819638,418.45425646050654,2200.8175025339283,651.7737959055481,50.42113408472353,45.86396096724786,25.688300432383716,563.7327515537298,0
26.179280186105487,13.802935904793891,9.183874212335967,433.92636299225387,2235.9909793287948,637.6859410468905,19.962445942125036,42.881150098337265,33.251738260171905,544.0263712143646,1
28.869782297076963,12.913587704276559,6.9936512254037515,417.9316029493999,2197.8886797842893,638.3126044555925,23.633389143408873,36.48537486184265,36.43798763246457,563.1833454320973,1
14.883177512282636,7.862230525837551,6.104435522813816,430.6086100331245,2166.2988135728556,677.917439565652,45.50348927240083,56.95900509465504,27.83254724119799,549.8097355103581,0
20.798427088120192,13.224299770107491,5.943971652930182,435.8358066028943,2419.3131445520617,698.0076560204798,28.547708620768162,58.3992149541693,24.832485812219968,644.7503592146231,2
16.275067621795394,3.759534055460708,6.827581070553822,436.68038761317047,2235.9573329898817,684.8073719880376,45.85167432473589,56.661163431324574,24.954109260745625,550.7751344077744,0
14.840563578187203,6.548195002732664,5.836805499096955,417.7473856099168,2290.4733621055484,634.6351182840066,47.939898629302206,48.43198584192561,26.37349470832336,542.3421070947816,0
23.679082599518267,14.467818259655365,9.669842057221073,438.2945353239303,2208.8403141968515,586.2718617740758,20.16696466756887,36.447070830069855,32.758966181261634,544.2256021765926,1
24.8514003878284,11.923957521497137,7.4375253568396325,306.2650470279188,2064.7061665178285,680.2561846993049,41.82176145394533,50.75041156847976,27.543461120185846,543.2842860379635,3
19.840830024494807,6.325667417688567,4.80715319216606,403.01447851653245,2243.220266379059,658.0433690455633,54.55143861457111,54.86253594192537,26.998607399404413,567.7280087085586,0
20.72916679519547,13.803773482094694,8.942928726750042,373.7354031320459,2014.5228709899613,638.93827181014,39.01045629661398,56.69676764690752,23.805724743237885,565.3319993707504,3
25.442739297229437,11.16125847166312,4.691560383366605,486.74361723532166,2549.588064529336,649.0999330952648,25.612965429405165,58.92002836487344,24.182164616859435,630.5066400452232,2
16.871094250930298,6.91600941041772,4.977297976920899,365.68076737048005,2239.855060699729,692.3694464300239,59.525404932516125,58.97515389192003,27.538650636075666,553.069623938103,0
22.491190924357138,11.477739291381758,5.373766218866194,462.9111219942411,2433.140029434374,707.0392271194456,20.54765836590674,63.347543845035666,23.857350282189408,632.3991853331107,2
15.609434159508863,5.709893365345929,6.056658730712262,418.114561583306,2175.49954030428,673.0588174825172,57.423261604314085,60.85398280381921,24.043325223017277,564.2060206243236,0
16.655976353594117,6.744376169828927,6.9099696431057,424.7435776981877,2225.02115746965,659.5360976631424,58.10248873574991,51.28804245265855,23.52029097950417,573.4902053662817,0
25.415435726224167,13.825162195039216,9.094469120560008,417.1879137944072,2088.594865492672,647.721603627309,24.46509164778605,39.42441796972323,32.25905842337148,548.9323672956339,1
23.760752686604054,12.312930815684204,3.5391359235803908,482.2719145193055,2432.333561827262,688.1390241273866,24.122619171292726,61.32014127362691,24.946300105977905,615.2717066143623,2
17.991205718127695,8.627952195098182,8.660291654791171,338.46289117688053,1996.1247091389696,626.7145522084764,37.97636185400422,45.95323487587192,23.487369372186826,563.2923774779252,3
25.26879269122511,11.779434143701904,9.51469071454622,408.9667216373532,2198.2688063544897,633.8866942067235,19.855547272533844,32.16308891238396,31.749567343479583,523.9951772978106,1
17.272097367110856,4.894900888925783,7.37537664943554,483.38953576730967,2333.576334173547,685.9048440885691,37.16549924539042,45.36749787198822,25.401644250923344,538.9580935387479,0
22.376480233011854,13.396904134099572,4.768987273037639,457.1468093004263,2541.0413679221565,671.1267867572192,23.35573223762544,64.72565641023559,21.253349941663046,632.7594705141526,2
19.393868786805413,12.916910223678022,10.119292485809888,423.1810635388258,2135.141241168471,649.8416685078332,28.177022413635047,37.94164035828754,33.996677067531536,537.993820419008,1
20.78318591791839,13.190026896307891,5.491504707231211,469.21456200882676,2485.2935493973127,718.5079588762095,22.84748354625551,59.74358867669043,25.422762009851834,634.6986110723695,2
25.470188036298484,13.609694432788856,3.883421920804789,438.04292197959177,2365.3108524004624,665.477527419795,27.922186867247653,60.52143654238125,21.71909351866676,584.8335267650526,2
14.944035086939564,8.078913371715407,8.099664069614839,415.89183815030566,2182.2957612930823,670.7834057328766,48.44278189061624,54.52431632970943,24.655781137103258,551.6134460646306,0
11.432777740571634,6.645447509793065,4.542617525018629,402.67673844433693,2226.920983037146,655.4124399162141,50.63200900450206,51.658388133429206,25.93807177349218,545.3747783906157,0
15.827584634380427,7.460727789874349,4.441736605141211,395.57250001477576,2295.5246204838754,675.6831588708158,51.23663112381989,52.42841285383183,25.7130847565909,535.472532196296,0
25.845557650131568,13.340923503153114,4.440765853272544,424.1337065296478,2404.55634628051,708.9966761345353,22.63406600674148,56.99359730430589,25.192661570948054,647.2284041743076,2
25.644925648460866,13.898004248032732,9.304888889201433,487.88700599200615,2268.706662835699,582.121620903987,18.277324491000627,40.63092688861068,30.825362973934293,533.9136845874227,1
24.284483530963083,13.153272159276762,5.0836056596547285,467.9681089697078,2575.8251811837263,679.298743619285,31.00593072255102,59.21396838263081,23.43682414456459,643.6389638054502,2
23.96361478902772,14.974684612883063,4.827149101018037,418.12747015044033,2359.425719080755,701.6008496193017,26.884552340810664,64.77363967298618,22.12714025815686,606.4233265146996,2
15.151426575913668,7.786402229360768,6.072955754863389,394.70068470997234,2224.476331003379,653.3007739308684,53.50939515920069,56.03413927414588,25.313516325761398,527.8461345137242,0
13.93219952325289,8.25367029468984,4.934657167898166,379.29056714900327,2047.098353388639,705.6525578478626,58.71076681179534,52.90004541143311,25.26670428319263,543.5500164803759,0
16.28665358937809,6.705420745851639,8.37251743696973,417.6990314324459,2223.6290816055034,642.9545054529801,47.755521853096845,55.49424022219197,25.044814481978175,529.2463066044877,0
23.919152483193187,12.446872225549653,5.003801289437587,454.76889929227383,2412.7679554455426,719.3225695491154,21.722900049287063,62.04725673643514,24.260766309311258,604.7310038752672,2
21.047234433080632,12.478173564611728,9.348900987026639,424.4291385619071,2237.3569238080236,602.4863274761353,21.202666160718312,43.39768678740782,33.7660131639762,538.3381982227506,1
21.767858340740283,14.189332507728372,6.326424794072754,463.2498933793697,2496.419120031676,657.311341144233,18.169253406990318,61.71581793394837,25.8614191571349,617.3913266470108,2
21.450243208391477,9.793919205641444,7.802273878635395,353.8098805818482,2043.9760981773456,662.9219452242824,37.17973787662214,54.00226123510184,24.982799419480862,562.976413471484,3
22.45823581810128,13.016532233621984,7.937529118774387,440.4718637686953,2171.5856579842834,637.2445720774492,14.647701355429547,32.75228375514648,30.983532292031406,539.0684407993365,1
21.524140663633386,12.551973275341588,5.236336471535381,439.4158522637382,2628.4765581029756,700.9874766561595,25.687679172813592,62.78271088401558,22.14091734397945,682.9701863719574,2
23.31346762428415,9.299575519221108,6.543308502564392,328.1395894963351,2036.8331617054434,635.7030868895666,37.973170434298304,42.59086307798912,27.531001897334168,526.5274409609264,3
21.931674783192598,15.226794826649522,5.094233448876098,479.1454731241879,2413.2895310510476,693.9209128187986,21.896784582620725,58.49723123645198,26.727291102832666,629.9329146965677,2
14.73772493959331,6.520446101302793,4.120889572376282,439.0473677711388,2168.045463674462,669.4280845438759,52.1760287198892,56.81149922363068,27.467580815627137,528.5129393447564,0
24.797018927907448,12.495309546190366,3.3551359576393405,472.80190923629664,2489.8714544940563,677.4605909924354,28.991393567066645,65.89140266515035,23.960955972312348,669.5245596594847,2
25.596511523817753,14.656719420602748,5.44625235064048,477.9054328806618,2473.705502339086,696.1937114925963,33.14179799598216,57.555982101967,24.045515182759626,643.8621820662303,2
17.943599049652953,14.348680207022879,4.315702238111361,445.6054133827342,2406.381753629568,691.7825972264181,17.624835828686848,60.87598584845485,21.78792756716844,665.6986888895842,2
13.556883932914305,6.2873893823143625,4.6993387357656395,410.23982088646443,2236.386324733263,688.5680575059326,43.768852746424045,57.739711144109414,26.501399963356157,581.8814991534709,0
19.467483873978082,12.312446110412118,5.103394349022544,479.4265275676687,2429.2912363412424,722.2731413791852,10.653341524278195,59.77270931217301,24.136184334659763,629.0780527051234,2
22.010746829353327,7.904235640879418,6.6377778046780715,342.8955674143594,2063.3695322090257,628.3758848732955,27.73825900684733,43.337091308456685,24.586750124227848,554.0415775693615,3
12.166315814806252,7.446492632353512,4.541193540315663,403.5843319701826,2124.256196275955,661.7429555572659,43.558955374234635,50.12501809295378,28.96252690944385,567.415948782948,0
16.768718457899183,10.004889383717012,4.042804841789882,454.5291464718463,2391.0327073286885,676.9608008021758,24.191640493388846,66.46966612585211,25.564324447976475,663.8383893857703,2
17.136943111978077,6.503218316705299,5.389466011984985,414.8457395646154,2317.957115258326,673.2408189803765,50.5382158483824,54.45544983392514,26.727596028824877,561.9662019708176,0
24.125393297377116,9.68504950037492,4.35235352167193,460.2852831239037,2445.9049134706597,740.9029248364114,27.08389067273021,57.390940013487764,24.691733225903853,635.0369035043021,2
15.857512876923227,7.592411842547178,6.258559136212169,411.68616959267456,2259.72507809479,656.2291090538154,51.97287168894362,56.1070545352427,24.77306009121985,565.5883128645551,0
19.693328005240133,11.5906070013938,7.567910265196305,286.72807794638993,2014.1298411650557,620.4581092921023,44.8949802364822,48.08182569076629,27.482616669128074,541.3835219861724,3
22.599610917803275,11.476745519374782,7.856840809013291,494.6351590277881,2208.392011927369,625.4195736649892,28.752192388345968,39.91728147818115,34.06143540997493,530.7254480326084,1
25.320134045020055,10.383488607875483,8.728754351838418,332.22385315642504,2003.8944662061024,632.9380193851532,41.418823110802464,54.81346437706935,27.051219204000503,550.6981546281307,3
21.94625045009364,12.947435980855218,4.962061285692549,424.8378766618142,2463.822963053579,679.7868030803813,19.914800053044225,61.64953114593542,22.180128011133075,636.9508189149351,2
24.65328706653279,13.24328534142399,5.116133644018951,453.10283979729064,2502.783518573358,708.7915298719336,28.27019127101993,61.93527034368914,27.842499725765794,621.9942224396202,2
12.806428843090721,5.309256807395262,5.623634049510669,382.8836213125738,2243.3336475600354,662.9860674446132,47.81743701058414,53.93122810195385,24.737794288089408,546.2375905757469,0
14.385833563330847,8.829745315040713,5.214081789548415,403.03622928513926,2186.5132000520052,667.4552865180746,48.068547092167876,57.70683265465453,21.657531229440817,556.3120029668519,0
22.473577591817644,14.807235964202608,6.099583958385982,442.53021196364443,2435.7775645250663,693.7160940695163,28.586485511613304,62.072928387785886,23.74941261572135,645.703127641529,2
29.164953168924704,11.782690911549231,7.549534859840926,467.15377382458183,2281.064189451656,645.100789911617,16.977027056420106,44.259258447486644,32.136373869369145,565.6255366236878,1
14.075296414670866,6.766475489995866,4.0907738960898445,446.247884764415,2238.845595955714,701.5974649683686,41.97459284321877,50.238325812665906,22.663471261363895,557.0202527932377,0
23.91406260145223,11.351343851139953,5.113745043403117,333.50709149548584,1970.2849741716896,631.759961143569,43.58653584051881,49.74619749571258,25.33859686126225,555.3173138225396,3
21.76447172605044,9.652240180857145,6.0801096854738965,433.2874849271002,2541.228032317892,713.3325198194631,18.91522278554102,62.02786067695796,27.16167037000148,620.6224310184703,2
14.10287158394329,7.860242995231729,5.744314947350006,414.10322351950094,2343.301079000604,651.3226427472006,53.52248699004367,54.30488271216832,23.013028130387163,535.6068477326469,0
14.877003638285487,11.273537726244095,5.805759134523655,368.82508079616343,2007.9160644801457,626.5972472314129,38.91153866882439,46.65522820320954,26.450480963811273,546.7283831092661,3
23.39256192512401,10.816588254622603,6.067926485416881,285.3438789144147,2071.498906690017,636.322569510557,39.05772446677817,52.284238717160555,30.218591170523617,552.1419155377575,3
27.083238560417133,13.030128322017305,8.66006263005414,439.7775114351021,2158.3653387911727,633.2161061274562,21.40108279615702,40.461804991829936,30.559088951236845,558.7477592937571,1
16.270742285722555,4.831399356169244,6.432868323557288,482.67343703250486,2254.4617014385053,689.091528341151,43.86912653480523,57.67255455654309,27.217901145912855,522.3033260074486,0
20.84670813450966,10.605331560722878,8.515485351937349,321.98230844830374,2028.6732453739423,639.5416532063313,32.15276263595261,57.51343386651596,21.656464045081037,534.9564563047196,3
21.671909763306044,13.897289263584184,9.23102152492354,425.21224247605744,2240.671364106774,645.0705332388527,26.068850426309464,37.56304263501201,36.3629253019105,554.8666797675138,1
22.727370605335725,12.378234090975019,5.025039417548974,455.8449778561074,2443.34632246411,712.7293767668598,22.75143568629528,65.02962804922336,26.80526004880258,593.3268455792543,2
24.047236426187993,13.327448077548796,5.338298855572053,437.5977764951,2463.6006325977505,731.5213361232788,12.844762389315182,59.9427272013117,27.353877696692738,629.8169908286908,2
16.274941805302245,5.254903778030219,7.007425028311201,418.0332259247753,2219.7971035893383,710.3816665154023,48.08633815891339,46.619116133440656,27.108561098185696,573.2860825245915,0
23.679133507481904,11.443455886755636,5.618711979313896,472.77652828186285,2345.201474217456,687.4087965306254,27.673666208826706,59.743194089159125,25.295695159127625,601.0178374952058,2
10.854033128017416,4.803039968532168,7.482383585340099,396.0966615912381,2181.7937355641625,726.406439618892,56.29396467537879,57.57463567050201,22.708450328200968,563.8661048251201,0
25.77034963642955,9.995127664478947,5.850156870823968,348.62588240170544,2012.0393858676196,676.8783539110912,39.60897580922381,49.93238060132119,27.35954329882962,532.525634910985,3
23.542839379648225,12.097513053740059,2.80263906726096,441.3355097275159,2405.405105263083,725.0516540528531,18.964424542143064,60.71584427311209,24.531515184482075,620.9331566151659,2
22.38887867332698,14.20581142729083,7.380479698548525,275.8024937407076,2007.8657162553206,645.2954262517411,37.203346962461104,45.500678552283325,27.635517742049945,544.126469407789,3
16.670222491829158,7.098179362005588,4.700341654155658,352.4955238470477,2168.6725947120867,676.515830999287,47.70608107163429,60.12198239964388,28.10214280931139,574.1169716522642,0
14.762723347780234,7.8714484447394,5.253462206971622,389.78444935458316,2194.0157883360166,695.127809552395,44.734069246363504,56.97318112502039,28.279048031494845,579.0497955830513,0
14.233625357728025,9.220303451445627,7.002700806536145,460.62659118459914,2160.851913385965,689.5557230062038,41.43182167781477,51.987051986226966,25.15664138347786,543.6663248632542,0
25.685980271154037,9.198807047709622,4.24687033834543,486.209976865407,2516.5116407547935,679.4854397232175,20.448660739652162,59.6866279840539,24.62814754716852,652.7222086947953,2
21.91012235079847,17.649699126628438,10.586430174482095,438.81728735981113,2245.3972409198664,650.4985971308996,25.550647806413426,35.65855078158797,31.91854017103358,543.2289088269546,1
26.083733870614978,11.448438108282534,6.191537720777982,439.49118916738604,2538.040135310143,703.0246164942159,22.572897343433763,66.64489454877454,23.511631377909968,636.0991171967843,2
17.375450186523874,7.190514581552117,6.89606423305718,367.5944802904204,2191.310881445301,693.4449588234387,54.90134255098472,74.12912021363633,26.928262846977297,608.9150356559783,0
13.944164725351373,8.426888670432566,5.273493303483885,409.13174803055705,2185.5655745035183,680.6365924883722,47.05924925582547,52.93580594787165,26.39110484258842,535.6292919901605,0
22.32549720131848,16.44336577985862,4.123455727718534,488.51598486051046,2541.034918048419,693.9700130890737,25.91280564270769,58.52517724068024,26.514942882134214,629.4007809457347,2
15.012678124724538,4.638367599027774,7.0663045571693655,446.8082262930782,2168.3240491980982,697.9475536359962,40.59298632124433,59.76109498326335,24.0670892907078,555.0094997273304,0
15.072119853595591,7.264503075588602,6.2128913952224005,420.0987111988203,2204.857993320087,707.9066533639592,45.28278788772519,51.648184931797026,24.982501206486813,588.2242768714461,0
18.548663755841197,13.404624995156508,8.521471389295483,309.7906513456049,2010.493889900199,624.9976111359905,44.25507072313261,49.4236939803876,25.78159448448763,556.5043203400833,3
15.404612383662387,8.365366808187494,6.461947589430516,410.377355070555,2255.3184123764595,675.6314824456276,47.324580558192054,53.470091000056065,23.989050036006997,549.5321956250007,0
15.908728314499701,12.392980160119926,7.742060983769085,264.80400442451617,2045.2532497127347,623.5803727935431,37.41375021001828,45.09530707803157,22.02339915129364,578.3456966415191,3
15.73094894528567,6.502087278862074,6.027162798387466,389.63635478473464,2295.4813088778965,695.3404361283638,45.36122490306356,50.8445027497794,24.02587592433782,566.6808081851066,0
15.869532148933237,6.004297648797133,5.950081130345024,431.2898559691363,2185.7990205167575,664.7309602590178,51.76889566654688,53.16396581511499,22.741143998618043,562.1190936050363,0
21.690591313185944,12.48395724644071,10.612306769835724,445.5276734721271,2182.745275230804,607.4317698655475,15.27705096959783,32.17367153997126,33.93765325792207,560.4802955536406,1
20.953142658697804,12.867453692122455,3.5178016072113643,463.49159726992383,2501.8898082026635,669.0373612825755,27.418313885386056,61.182837147032316,24.916586634272132,605.9735099785632,2
12.347214564520872,7.316896095549339,6.079241553933562,342.2235836726717,2212.566551613217,671.7775296508726,43.8784290008297,50.95221073868182,23.993299942305697,557.634877206752,0
21.22507701170012,11.611456112546062,7.858265835770234,358.8654700870078,2021.4896213408933,622.8425787857084,44.24645205293642,49.96744524214999,29.350616173939738,555.5506304273663,3
23.342312712555017,12.960145716525721,5.593217376673573,457.93516672995867,2401.844601284693,678.9920928258849,29.79550631063778,58.608671657474524,22.2197382872709,645.7601515211047,2
24.18290486831424,12.661111770195376,8.567350279293462,425.1405965036539,2248.7353911432156,635.2639031927984,24.334184472260674,44.61640041433445,32.63311108409385,566.3329924850907,1
24.850685768728876,14.701347527692992,5.373786025741699,504.8099483489068,2517.928454515502,682.1387892715063,37.492538458912605,57.801323225430636,25.333807847162667,616.365216707416,2
25.50845328426508,14.373702237894113,5.071024345498546,474.06900499607417,2421.005907299944,732.1418263576948,29.94112823721637,61.32548165887544,27.020088404498257,634.4233220580517,2
13.694167710670577,5.06761603280871,5.528623507068275,423.34826187633865,2278.286448595003,669.6193903147868,48.88125103873091,54.58918037758816,24.409810688195424,573.0817791978744,0
20.929003712273648,11.853915565309167,6.654674708859851,474.4752810462705,2545.737240300797,721.8317076325242,19.603761010061948,63.38140472541954,23.57809580182367,617.8333043094482,2
26.50197313827826,12.600323427752963,4.611507098564921,471.2001296328231,2437.341033253454,694.3110698648562,29.92145563553304,57.626188870954415,22.023013878773348,645.6113015582855,2
30.20820888945207,13.962180561525606,5.010009844902388,452.60640743764174,2405.209627912397,693.8825830840967,24.228116587425866,56.52465787726194,24.472553130866576,620.7547950199316,2
25.2550219638602,13.764431638349715,8.417544481328974,409.0157931120299,2140.516635530937,659.7223142328993,20.215327332331917,42.04918293267672,35.884354343040805,553.4409810977426,1
24.671959401523246,12.142686150384408,4.139576951423845,459.9336805349331,2435.2589330995647,720.7123856925434,27.98048525732584,59.26371300894303,25.30401805979781,618.9163203481588,2
17.051673685770478,6.7385398679785,4.93719998042673,408.33639875576256,2222.735736599453,691.6124709507966,46.97583512268678,56.21943315158363,29.330285189531345,527.569977171117,0
15.913550475114823,6.126951177624628,7.921143402633668,396.5336713915884,2297.4646864335496,682.7525154302949,45.65781405240201,50.402822217415526,24.54732913393573,559.6543661815849,0
13.975514541856926,7.719113342071383,5.421960708268523,388.6383750145111,2167.1452011941624,655.103855257105,46.5094607521738,54.39462606341613,23.59625899289806,554.1473320868713,0
14.43023186723485,8.386263890958379,5.92374001441139,451.43837046676776,2189.7050695466414,695.040639866205,42.05069812455183,61.086666917171755,28.517768163023508,567.7430483062097,0
25.64917659337465,13.130776946578779,3.6245937300752544,453.7490767639118,2631.4288901695495,701.9617157473431,28.697380828248228,62.58701768168836,23.760060501001544,651.1974524573236,2
17.107922240608346,15.118237641827251,4.7941401238717045,463.67076904957713,2477.320555761371,702.1813766842408,37.38862248495439,63.17386053138839,24.445699537466563,625.5506378225648,2
26.01450431855533,12.09876470663701,9.17003589219176,455.42253097709596,2223.0491224322072,628.1329403207568,29.447383741922266,31.406669437186522,33.163991163902146,555.3706815833722,1
24.114771812929572,13.94320026203611,8.747018299480592,428.65757065543727,2213.1388527900567,623.0339260486822,26.40327466816764,36.504972184723556,33.69089537321913,537.6303817017998,1
16.788426657026818,7.697539542032044,6.940812789361381,442.97551981355934,2324.529714048876,682.7961344107705,53.25444578256569,49.191530006232014,28.140395441179344,575.256183084072,0
21.7746345347033,9.258517758957794,9.308468475994552,309.26051880474637,1994.1281718346304,614.4798150189428,41.741117509420114,48.775952266002825,25.279780654149963,528.8082890573072,3
22.996815001980845,13.525182245612573,10.107557516770308,438.1158547583557,2185.4092723462118,623.0214522866243,14.521987627485814,34.36985321192034,34.73221554699407,530.0183567215547,1
13.308677934465306,7.148239692430911,6.639568090774252,454.0424546799589,2223.877292596164,683.6143851293997,40.745272171914266,55.960133055299565,26.885103102330568,579.6630985263267,0
20.82772493201466,7.030814523066698,5.495026781286899,379.1448727717619,2206.2570257502944,669.6497495616949,56.51678083688972,53.171720936879254,25.60783604444927,565.1852998584981,0
19.405776817582776,13.031837286020384,3.9065081034948617,494.176024208594,2337.4094735348244,679.3168844993196,13.96228940850311,61.29732928853467,24.89226192209067,635.6719491810013,2
14.271123495471077,5.656643955949451,6.356616665677554,394.6736873501256,2241.2938978514,672.6174993256734,56.326327618025545,58.59902170095996,29.036221113511566,548.4629200680204,0
15.961493317811819,7.093444262744999,7.810926112400514,437.2747880664163,2212.8283168594257,681.2993457430358,44.77957163794018,50.27401264589269,23.661634033922788,602.0462779462478,0
24.809156423077862,13.758744148548498,8.190256017665517,419.93911321698965,2193.604174855057,636.3033774590808,22.275543456981985,35.19225470947083,32.1479860765524,549.5717564372824,1
24.239034588048114,13.889763604000391,5.081879984046222,461.1728101247261,2483.4959041257557,701.5028208691026,22.14650514373979,61.81276477040918,22.921923748139843,608.5694040591959,2
19.84968028760409,8.325390964854966,7.953400117728214,306.2162835633141,2041.9966235672373,607.2331550472894,35.00033859381522,47.0267771965276,22.95345612226923,569.2706777872013,3
14.50944430811578,6.898676894355705,4.614815419467682,364.52924235459585,2252.44176354734,676.4833235321204,44.05388334724519,51.28907365795331,22.60824303771777,565.8488467571985,0
16.08226322160906,5.319387491297464,5.623786941038024,395.09825891618885,2146.9382636995288,669.5029179193904,52.55720247457931,45.66463543738335,30.455661419736344,555.3993583307204,0
13.475353083944695,7.31351103954924,5.402222086059791,448.3259057522082,2278.022585209561,652.0954405822655,51.33743480983968,56.41755848105048,27.613702447344693,566.7501318047846,0
16.0968558416596,7.588815029027976,5.7800983290934145,423.6589531524973,2137.6039312093576,683.7692724955332,39.34519889492604,56.91734063315907,25.71897478942635,531.6808614728403,0
20.638321674546745,13.90586965641262,5.275054733192334,449.14240871108524,2612.287431274944,713.9876367931581,23.879518256591965,61.27895013571172,25.407379668367124,652.8435408227305,2
18.80445826227984,10.629962191346571,8.047988997792576,300.1597095410126,2108.326515814885,642.8964571629664,47.152270294618376,55.46165454451803,26.963980474005027,561.9392775289392,3
15.849931794872298,7.376786796583765,5.913799565340296,424.0909015845606,2198.5606968718585,723.9195722287606,49.50891918610691,54.37902278979626,26.61541520540287,546.4053533010506,0
18.94842335405132,11.968651404810995,7.441747818146516,306.5612688655985,2053.0590136792657,667.422612856123,29.874258954167928,52.71980130817484,25.49990245375296,552.7468223691262,3
15.488208777956704,8.014228741680034,7.630954288756565,378.66750535074704,2191.9257533100995,689.3855047384064,41.1323985732791,48.32965680288336,27.577261363351685,563.8348042916182,0
24.131735582185883,10.843005760235307,4.712515609389402,380.7038551435212,2368.5787842696814,634.8625687329414,28.826615014063957,57.22283112097704,20.270368999520763,648.321430656626,2
20.709718849188466,15.43603075279597,5.001263421740903,454.0251264207141,2516.8442797918037,719.1709370071513,18.63179377231337,54.11632578536104,22.169416870493745,641.3783319978918,2
13.020923759936272,8.409012925183871,4.994006391168202,418.32032539160645,2281.6981283041523,646.5479870243397,49.00590878836021,52.97739230413401,23.261648182538696,540.8758738501956,0
17.641323311056333,5.913958407765907,6.5874827043855255,423.4442643388012,2218.9559570175525,703.7451816087215,56.88137921382784,51.96496172840285,26.60444478431028,556.5392876650391,0
21.274620123072786,16.75127171484324,8.494422963489896,449.50126178505934,2205.073452950123,640.3038709380967,12.828522637851373,35.086218351434525,32.34451371561383,530.8390242322304,1
13.441035206549161,8.099067512641026,5.882718201863189,402.0922954952527,2149.426870856799,684.0450824540438,37.42729192516474,47.439999927111046,24.67984006184396,554.0857285506663,0
16.8952992196966,6.715689457776799,7.345232151696559,396.15073391237166,2184.878309529264,678.4009105712128,50.028635529037984,53.51270437243278,22.300076291990443,565.8092836805613,0
22.943847444160376,10.593144495839004,6.879698000792873,358.81917045897336,2037.800826157746,650.2595160987665,33.87071150621705,41.90684416978892,26.873743361922468,563.0737989489689,3
24.796550329119327,12.978417157235631,10.238958502856654,464.08206366189034,2119.813525241888,615.6864767826493,22.265902856776826,44.71443697755286,37.337579861216135,539.4028554648619,1
25.9283451624821,13.182843607082852,9.446443091759138,430.9313042170754,2287.4227346572525,649.6963091145955,19.74621204215559,35.61085041641974,30.372044766520812,520.4452347474962,1
15.34517583544424,7.828741145031205,2.736220133687604,418.51718003526423,2098.851904737555,662.4673688097494,42.76464534551061,61.448611261051866,25.83804120771596,573.7004038146517,0
24.026793834949384,12.703719588784136,6.796441340295393,396.8014230510359,2180.279831872662,630.1713431934862,21.50207848219048,45.190799351179216,31.70439250993605,537.919823886798,1
24.342440557350322,13.340695941679817,8.935192787263786,315.9257339422538,2037.2530516798513,604.2560740899318,40.08531818305278,56.35552924449806,28.108299820950023,511.97339971391415,3
19.351190307445457,12.568259681379642,7.5385680704388305,350.11316344405657,2021.8750517808492,657.9644940521007,41.01006457605442,50.43468579798211,28.549302907730503,544.8958356120914,3
24.176009920486408,15.224847373245494,4.025067614453403,452.6344966208685,2554.2187333288916,690.0952136018594,23.128626158151363,63.540548733610784,22.85482912723987,660.3312638899089,2
18.71176292822754,12.340308562772506,9.158966755844181,320.8406215229826,2041.600422298166,645.6959493769143,26.787979602067264,52.13395768567471,26.993200003248475,554.6014013053474,3
24.130019492792208,11.663930168258634,4.237935269049071,466.7927742069846,2477.0965159017633,699.2385123053733,22.6892852151322,55.536918751502746,24.706666750136957,630.2276985169397,2
23.31886502395873,12.190574189313047,3.616549755358659,421.0520998631177,2527.3901011576654,744.3284459491215,29.062817963887397,64.36027054429981,22.732615882441134,603.107640662125,2
23.48016659231751,12.743684857049473,8.534051354621369,430.2806619906075,2180.486791002265,613.1574075823007,21.98215353909288,41.88741588233379,33.381202838020094,538.3990390190239,1
28.424303394588147,11.704210493956746,5.962721863241642,466.3154811045397,2442.0912596508792,717.7218581408888,16.498254513187646,67.08493456701572,26.633805547816475,638.5593711073968,2
15.319983227146876,6.508023249319569,7.686189158556082,411.92410407134463,2212.7209879653383,676.9783095752622,35.36676433074609,56.10439509836185,25.06345839707108,558.7998715031569,0
24.720651341474532,14.201517565960662,7.3047957989533865,451.2903063275089,2263.552213036989,634.6294295069275,23.348056020617488,37.58838731473612,31.092976731586,535.6173920870356,1
15.483319439641676,6.985613797183332,6.193229776984827,388.1922512320953,2195.3894998986434,686.394157630454,41.79902681123756,51.93192073824646,27.87448491569047,539.8999395460039,0
23.741387153245164,13.365798130225643,5.036269166629041,464.8440298063681,2445.459559590918,686.073612121928,34.14582775873387,57.016018662354234,24.72813183882257,649.0099337528678,2
21.576846015690204,11.638475204328184,7.72634179656129,283.45580038001196,2090.4990605877056,600.8969066534945,37.623709531377486,50.50193836027686,26.522098341409258,538.6285825180263,3
21.55147889529963,12.598841458725254,6.348454864388556,298.1491458012922,1962.5064140113795,648.1694404623107,37.85472535400489,56.873519262699,25.60747965826628,537.538509699321,3
21.79139966956444,11.167458806638255,7.985809276188648,324.97657257055835,2068.654211017334,628.9523006249393,49.42562882740489,44.239472808394524,26.606713294609733,519.4326833448749,3
20.195347453191665,7.9407378965907105,7.172342342866518,428.9240049243806,2159.753347093118,648.2908629928025,57.3413676005846,51.839802302446095,23.403052534460066,557.5621224987087,0
25.44226816038075,14.298954436332124,4.439903465425072,474.2684751666619,2293.5517728272675,664.0757857576799,19.9547813034971,60.31711216203538,25.13221844573577,663.659060748455,2
26.90403089620458,13.318236792935922,8.071040382955147,449.6163051907715,2242.6285002416994,619.191858325737,22.5927596451559,38.83499347125564,31.157642887540536,540.1803205941283,1
21.573195669222194,11.189117387449402,4.294335178168794,427.08953659610756,2365.0073337454937,723.2440523823235,25.172620643871912,62.65318821939943,23.252858332014,619.9711186411424,2
15.904667901286277,6.356317102922637,5.8053228604517,396.551306790673,2096.761265645113,664.6439999460406,41.17041609434872,61.604768666955316,24.34245423065661,555.0066325051271,0
26.23818196738057,14.095395492008423,7.805466452253689,452.67632267614135,2234.161871269352,607.5675593685094,13.308956123202453,35.93401432836468,32.392800033501274,531.2579026397015,1
26.521462274511897,11.695259541208877,9.285183248188279,448.87870320566077,2260.92851647727,625.5301966143571,20.131296021343594,36.23029277227412,36.856657700923904,551.335925475553,1
22.479169961849575,12.76350566822386,6.152189745748573,338.1227457089862,2077.2803648830095,639.9773300182611,40.04483611250181,52.2166703253434,26.251177720382532,537.9060197043011,3
24.811583302386186,14.730832410407007,8.167262281584064,429.2656366930688,2105.8124145399615,599.1891272673708,23.035914538209227,33.72081280077321,32.55675266001043,538.8295551370534,1
15.981533417987638,7.477992533083821,4.91019601065159,387.0393345463909,2193.3413882426653,648.4730266390131,50.521203041179525,51.909626855094274,24.575323589581473,566.1205574951916,0
19.256939464870328,6.976851987376741,5.93820512935328,404.77476313336405,2199.6664590135174,664.2994109138325,46.342509688716035,55.50489637219079,24.100715818655722,570.6110637864555,0
23.10934635553267,13.476894094423974,8.847935062813674,478.50456417228037,2135.819999850741,644.2643870866682,23.664272761244227,43.48223408561879,29.786470321496502,519.459785720648,1
12.27051669559687,7.391157340595569,5.804132882654866,391.7372922906402,2181.575217193565,669.228944394872,50.52707450198535,56.273105117837446,21.80013605808233,522.0497871229411,0
14.18584352729935,3.9003887764433096,6.439936165800791,391.1726827636691,2195.4630915405914,690.9454512233856,60.42649559529969,58.97882915831765,27.925034665239956,594.8137958879208,0
15.26211565209229,6.880303759109788,5.667898787186875,428.05686945819326,2103.0096351011275,684.2889991499084,46.734226323775914,59.52996137563981,24.953653111527778,558.5041171280894,0
15.261528375823088,7.322707991576899,7.8132464547946,406.51402146920736,2186.9997098908884,711.2747214062944,48.29363035624867,49.78153326110156,23.55225469034547,569.3346601541084,0
25.68006169150277,9.71818906168076,4.702401007566228,461.92201599260864,2605.3617109115366,716.5314103061468,17.625771348764033,59.50148120749966,23.961018308932683,600.7794073969785,2
19.283295201740923,7.492502976481978,5.898001914099383,380.3883453638934,2283.93546525751,644.4828603453466,56.63601462726826,53.65286816590558,25.158807630391436,549.7053916221279,0
28.52931368817418,9.968214696650692,6.790061281693283,314.8794194862651,1990.181926093818,611.2995737535101,26.770841570842123,49.843939279544,22.299470749307517,525.0041850803742,3
12.038926974869968,4.487502291194577,3.999521308265819,407.8276298350837,2266.5368885248085,668.9213064695971,39.61876254430328,59.29407233566398,24.799152584364304,545.240742873046,0
14.40535327460473,7.367909174446936,6.6237209270437925,422.07322260030566,2189.1505500035896,686.3281735479495,45.228041985874434,48.79439266303697,21.905537346821973,549.4925534048568,0
21.419556771846917,10.229149786428692,7.391139210449969,296.0166475544497,1884.1036475611522,649.6542952885478,40.327515215131235,44.13772194049474,29.712974167534444,558.8435283017143,3
24.154213583480207,8.96094979313462,6.030349309420547,328.30776408846276,2009.668939216305,671.0065302412338,39.98380405377434,50.59146356082021,28.283455520650307,567.756025515655,3
22.690929702995827,15.576158769758885,9.202652577249097,439.5308428052653,2210.604278694442,601.4176662149758,26.37197060972251,38.11479243631757,35.24915205936078,525.3318510799628,1
24.53816123967382,13.309971520261922,9.690500067105138,431.5614307859263,2222.0973576722963,598.9117977067716,17.13638203349958,44.922111820475436,33.68719718167873,540.11560295824,1
23.347048416014285,12.770301887582004,6.014939377965026,448.4974334564912,2440.6540876958984,689.0267459077835,15.213270129894848,61.392843374953905,21.517651641777654,618.0715855632008,2
16.44281555148668,11.454092961503276,7.106151409409124,375.28727776154744,2014.9256391764582,677.0908470811297,42.25930640409239,51.43261450330152,26.601814764994014,559.2233973881521,3
14.594172030408904,6.889552917977124,5.941656697391026,424.09182019205144,2235.160023028099,685.8761449583582,44.18859581326602,57.38060967650037,23.753932210164574,579.1414577520096,0
20.896944545914433,13.006527627500065,6.6671532644184275,318.6034200468907,2078.1929289278814,643.9866370875916,30.84201694869683,46.92849214875941,25.356653368414616,555.9942263534037,3
21.755268315278638,13.319162895976527,6.586950959195673,324.5184850536565,2022.5311870683365,644.1463496223233,41.645278720884264,51.3253953404899,27.75913419431549,556.2528363911148,3
16.641056950834837,7.073731038898955,6.808668355954839,441.0142832419693,2217.025865317915,690.5425691855106,40.04964220304788,43.84033404978148,24.61872506081608,543.7192318124136,0
11.33818834830494,7.595932246388718,5.945514805335595,408.1500404238038,2155.221562776452,657.4978071561061,39.78093920872713,52.82534066856022,27.86249315858003,550.5672019829811,0
22.00932845635505,12.856173821591945,7.609602862145696,461.92265662244546,2215.627528600035,644.8143131734219,18.28916097061575,32.19475103671561,31.447919081907443,562.8372064483907,1
15.994321488107529,6.9170047653901765,4.583396284710595,354.67638646497426,2321.426402736685,658.1902967534216,48.757686823425416,55.001997502401466,28.004710942551988,567.782355460667,0
28.62356201373631,10.895036831350136,9.129412076239399,481.8501932530586,2183.0935067475716,620.6273575309622,18.997231904602437,43.29862270619453,35.490314706730935,547.6352138378425,1
16.002470010985917,10.339027855978536,7.35865024064267,281.1001900345902,2109.810315692139,675.9486080349277,43.251746467600455,51.30182032825761,23.846856196512693,565.703657817644,3
15.06421534794187,5.282337149667944,7.08992969861824,369.68303264926,2183.022627352377,723.9560550718581,39.464348409140285,56.30425423149835,25.37058303566897,557.724385984117,0
20.737533256092284,14.01586134373519,8.37310283138888,440.02752675643507,2253.504147445242,562.9974871041778,23.18276137248405,36.17840207663741,36.00571713831583,545.4960544059012,1
25.189787079532472,14.491456595950236,7.774134081710967,420.74879995944946,2247.0203327468894,617.4315362552315,18.882625214506774,39.70571261650399,31.587065334392456,531.6823108246356,1
24.566288264353595,15.13933133676136,8.302574067636575,451.35363569225717,2162.541910489981,639.9678451013473,15.187767214601244,37.03993139273291,30.964041077021406,534.4130186632859,1
18.641292315293605,7.170843139475021,5.9009367917351545,370.7271484283604,2277.158948529873,697.4959193034248,43.75486022397632,54.13317090238116,26.912255829550112,550.6580255187898,0
13.602139142842507,6.819073734194782,4.781684467638741,439.24255445259746,2318.682747863072,705.0423029598923,45.27745359142352,53.40254044780002,25.562018510973623,560.446034611035,0
27.76910441984687,12.026159263853403,9.14877749771573,463.696129872609,2177.1425171360456,587.4145029463451,12.698630945611265,31.706341386357785,30.854555349988416,558.6310501440294,1
18.69565002591209,5.846456371793197,6.191496037348107,400.4268277834108,2202.3261608479515,676.0279570863419,58.2593955355643,55.66801152337274,22.406983338722007,536.9334001648825,0
25.168501110946256,15.36464782854768,4.0176316002215495,460.24040054526097,2505.9406133882057,684.5199533569588,29.30161584743076,64.46770144318252,26.89944341245189,621.7803205384421,2
22.378940314159692,16.12906266362492,8.486638783658783,435.87448983682276,2177.606298650477,599.4704182937159,25.015746423885474,39.76347738579213,35.7182533792969,547.4619634531037,1
24.93558860379699,12.17357353705519,6.215493361413061,434.09888182706766,2634.2696882796936,672.2617296341855,20.463988742914673,63.07632845215206,23.644436749529177,630.530001364774,2
14.64154674910049,6.324507367037224,4.843163287120353,370.3314081229945,2215.689483453083,697.4986567140928,47.64198911663683,51.013811678368306,28.182523939600404,568.9274014344418,0
23.320345605314735,10.34883251783026,7.587552882041069,321.3953269191041,2001.6174170291313,644.1200397037933,43.19144751324711,54.99216571230872,29.046687115134453,558.301012446837,3
20.532600234682974,10.106994539125962,3.8772237116334507,426.68238377805733,2529.733539676459,687.7403743427303,20.830651744212183,57.54844840748079,24.959979515248673,624.3545754677011,2
25.17447058286205,13.295019173836284,7.831793255950162,416.2832908523746,2267.2639910293983,607.9418655105397,20.7133437790527,40.600542782321135,33.07958423736025,555.067863711718,1
24.16455445144851,13.19234099220001,8.245449505658966,453.29634316949773,2261.6411209114235,620.8286640403787,26.16153224309214,35.873076814845334,36.59883990747956,554.0226431259996,1
14.666144139782869,7.245027878807519,4.789131082143682,376.243294688605,2159.55914889252,678.4406227356094,38.50226748166658,54.65978650664619,23.634317451068956,582.6108438154569,0
22.338931996089684,14.478531257869223,3.9201426000130177,429.39209450473976,2361.156618516922,673.8587591330131,19.387978547334797,54.14457263213972,22.00703307969691,588.4746921621145,2
24.400377472008586,11.691187603093256,4.002331108881924,466.53793838724397,2495.191722204465,715.0542346388493,23.1855317964716,62.607054000307414,22.596217244526922,619.1084795543646,2
22.277781644744213,14.434858352251226,5.21748295143724,476.90451896705304,2496.4238029230355,708.5561828426798,20.75193155990896,60.26110899836621,18.96570571683764,592.2185000167528,2
22.89834721139649,13.930492789631428,6.2084395763817035,427.15656052030994,2265.0849901363804,617.500833402566,20.176682582076893,33.14228488433946,31.88863712348494,556.2445293627957,1
13.941121145267852,8.189039543755035,6.643936891553356,394.6749632284095,2167.0640067975405,660.5575545954282,46.09076116720449,63.881943684156,23.521630924356366,578.7374857971764,0
22.23809887219752,12.774821301566357,4.863217453035188,432.3890561508576,2487.992834046345,669.4781722918408,21.636773795275595,64.15996096773675,23.237628350674647,644.1170047067909,2
22.08837654285024,13.827361841639938,6.2304686930571025,277.85440595720775,1985.3619609566242,614.3921825525597,42.04641157555112,48.854624518378266,22.493771152841166,548.59530427119,3
24.663672943127512,11.134363003111783,3.2505789580455504,407.4900298518331,2493.709986153745,721.9085866778139,27.202320475726502,62.591497696121095,22.418850936277625,613.5509344739195,2
15.681582816004212,7.404212331830319,4.713926417387521,342.8922350382194,2184.2716902069083,657.6475273954591,57.47401866953933,57.635846248401414,28.321926108121666,561.1105081642155,0
24.155147163136867,15.6318566488823,8.860290845805633,466.21774184850733,2169.10655047912,614.7668551988504,24.76572317523947,40.06427415069881,35.54979501388428,537.4178038514359,1
24.55581876495125,12.778187894512309,4.503007105258602,440.9256552441391,2556.4731769139853,732.6017729430012,24.72612173222167,60.806142293845234,23.891323477000963,665.2848358623235,2
24.12301977906811,11.47831537472916,8.648006540350679,412.82891011381844,2248.4962666604815,630.4267467460127,24.66868354092665,41.73627556866361,32.164233700424816,538.1322604689475,1
25.1062603777176,12.737405418949791,9.001354560898848,413.18992855204897,2175.4213429329934,641.4136731191846,17.62581573104197,36.20817385899857,32.914083498737426,536.2399207348279,1
26.663713476047203,8.046924819601248,6.9520955134716855,319.0436358241651,2018.339195961304,621.7740738515319,32.87158901590551,58.177650131289376,26.933389083702473,533.3054518156512,3
20.631479594402684,13.490240316288032,5.0145008670327345,494.6111316357333,2455.6491016307546,693.357947456594,31.718522891311714,58.27598610155454,22.349705081168356,655.3759641980193,2
23.275376128558243,14.02816810007275,9.124234748260834,427.28593211456825,2189.568595301374,619.7985633474993,25.80221599562919,42.42858003061603,36.150392217307896,520.2035535339535,1
25.91252796817044,13.73520884926628,4.724481112228941,465.56535335144787,2503.589915576248,681.7287608812095,30.99163727277095,57.6803742413292,23.257322930773142,657.4784300722448,2
25.932785871023505,15.620211025793026,8.599440286175223,420.50111257538447,2169.910663691612,600.9861584473583,16.807912474905493,40.709505183901854,31.1607943300629,538.4201107852888,1
17.808093124544694,11.714654559237365,7.639421505465658,279.09423330304986,2084.1314653387662,640.782027698593,41.88251233914159,41.65419179263587,27.75168546451833,539.409173905188,3
15.827780570745386,7.75465498681275,6.539692508412923,417.2435647880729,2166.8263563358682,682.8628180629485,41.736506152065374,57.70964959854465,22.396805297778815,519.2630469882845,0
22.465584677499763,13.697260431679268,8.701841239887314,449.62590118413266,2160.642439125923,617.2085809941464,28.8315970318234,32.96124677339723,31.923206547637626,525.1630246274583,1
21.970111482971877,9.993456755649204,5.545595258859079,356.92169550362655,1963.8118471041964,657.8083808953985,41.51396396332542,64.90652235184129,24.00779690011222,526.1593968608652,3
12.935474658844326,7.434315637775727,4.849463792814258,427.9083769192665,2266.9911563373103,672.0012879906486,57.8914483378432,46.94694949644537,27.075978580041554,523.4815328362616,0
25.89009753899287,15.124262996120555,8.891179617561578,491.72082932877646,2125.673756742421,634.2076358038048,19.167160503122044,35.31414495787036,31.122209092842958,535.8020307053661,1
18.62267141656478,10.535006730989748,7.508226364795886,371.9749486077714,2078.7180922808125,633.583130286339,42.01474319989949,48.88499932433125,26.354524695379926,552.1036143202192,3
12.437861586308337,5.40947299743241,7.199136381696087,493.9909166551193,2282.7696283230703,703.7815016697244,47.445850758972725,53.28670943367852,25.01442492566727,547.8725388686717,0
23.497003675615755,11.878040315405642,8.611524313716503,478.15462408573944,2226.9404821644584,638.7696106798868,25.00882965775146,38.00136755631309,29.96917072317994,529.013754173164,1
10.33276776030339,6.330466738178731,7.506767640418973,413.4011161407567,2329.504278393875,679.8848348646114,45.57086200594891,49.23462317385011,28.76704126068809,517.2210514591467,0
26.093951906845234,14.732906697368502,7.063085372672732,487.35497436451993,2216.098825844135,655.3040028203163,14.023199490463918,31.713344352907647,34.27645478547835,534.5657403191753,1
22.141255000079262,10.658719535692347,7.723608584525707,313.75723063253383,2073.8861702625222,646.8806585512391,36.91162188171867,52.76910549564074,25.6330581859097,566.1547108356983,3
16.68061627491479,4.258953445751896,6.410844916410854,383.7030552745041,2238.4936535493803,666.4141725890493,41.22122761022369,50.782561454584354,24.925353241900527,546.6992378243291,0
21.6507605828356,10.262894737304702,4.0990860604233195,467.8836836897765,2471.510153152018,645.5825908237393,22.844869662255284,57.932522193388195,23.97542798414677,596.8023126688538,2
17.83504994158355,11.534487333692844,6.870986088157574,305.6685958522035,2031.3669308919204,661.8352913561907,39.74779736183397,53.315263579206935,28.071245195166444,541.7855148066292,3
16.979167869189705,8.694761952206248,6.416235396553312,452.6322781420935,2204.110176553104,672.513343583022,54.62510029301816,58.63053875224272,27.8072139558002,563.259856803455,0
19.562870537102253,14.80652835028571,10.286229415912432,280.8209766869646,2004.5564398706858,623.4912431120201,35.88796112485195,49.13705790721439,27.69055698273271,523.4700866609254,3
18.81012042812894,8.429415210512028,7.442660293436234,418.5032430723391,2220.30421262461,679.376387420936,39.720116004577825,57.00405274514885,23.51186157416303,566.232175014992,0
24.99160389901767,13.214202511046631,6.5141543133506925,331.34208459596925,2034.0881415575611,602.7955742722991,30.368321839914564,47.06159599093492,27.475173253128624,530.4777859033342,3
23.277752167861653,15.117633789633881,8.866259790228515,409.0138115824842,2169.0920610122994,624.8669566387591,20.760709275086743,41.84543264925331,32.3736456753584,560.270500277378,1
20.35147076039882,9.06987770104053,6.367452132513518,380.1784889157168,1996.161492267143,642.7591034656433,38.425264928366396,50.51309885268753,27.858384546631015,536.7634355072604,3
21.05786972724912,11.691512265080295,6.275492090693027,472.3123760824164,2425.3215211009147,695.6641610692262,23.566053749183936,64.47801936340937,23.28241176820828,619.4938931817765,2
15.16540296030113,13.885825515010746,3.80732438390248,425.51157867100187,2506.3244760868743,694.0815064349702,26.100286602227534,63.71488574355406,22.73881295963343,634.0614300765183,2
16.633551734401582,7.090954884448845,7.304506718589227,380.97529767874295,2190.2277104510395,685.578710939158,57.6577863421898,56.63433292849951,23.524643644431006,565.5960303989506,0
12.760928249458948,8.954826316168033,8.293927005727989,418.89149060350263,2278.1135416972884,646.9580800791447,51.03963545807673,66.40078162242553,26.905594046230625,525.9141440696199,0
14.697896244786142,6.119169379544788,5.46755746566023,454.41359101792057,2265.498895812728,690.1484763610076,47.747119117723855,61.54943127288551,26.752810049474316,569.9649068565731,0
27.114450156884846,10.241219542349342,5.156575248580637,460.3357982700819,2415.106615777211,691.177999540793,26.486822291080188,58.12525989673401,20.899022602807165,596.9612790504175,2
21.781370171804788,13.639796369573824,9.110924669252892,391.4686827942203,2154.7467441268964,653.3089019632658,16.73741306217405,39.677098653601035,35.61394453036187,548.0714976897389,1
26.652965943679206,15.591002229481116,4.729522804100735,460.43791003873673,2443.781326715589,687.5584757189604,29.503199718857,55.82777078663172,23.488914310744807,644.4977871408892,2
24.954386493761252,13.851808839890301,5.504589319994364,394.0625603933395,2553.2802011700455,674.910058616725,24.28893818564949,60.80972008887288,23.899672871000618,639.130845856859,2
14.737826698624547,7.337501324428654,6.04468192548735,412.3535039233373,2170.695516413165,667.4052810430073,46.01369681116752,53.07619814736846,22.67321779180955,542.231415854629,0
16.800369128039925,6.386314165807801,5.377439017201254,386.54629310800016,2286.3120229855576,690.4207243351962,46.265013609536325,48.509488234553366,28.77111380712822,538.722735882965,0
22.605992519019704,15.079752993303666,4.080521067791895,454.12700835769476,2491.9503768411714,701.2743549548632,21.241132238665756,63.427677803848795,25.444747875894524,640.34553480174,2
19.383153217516657,14.157394246905897,4.668471650401465,465.0450240042774,2504.129374745861,698.2757005183341,26.206090171717456,61.62067050590938,24.3631849547972,591.6275499566957,2
12.448627353324156,7.740380733652576,4.949180377617307,452.80954301679407,2150.081296204818,688.8937704479441,51.747290555330174,55.07156742960754,25.8103502803851,543.4956431973443,0
19.376500395478434,11.279463389061252,3.0652874856254355,465.86493262438603,2488.92123923427,707.5208945184185,28.352069348304283,63.165502445486034,23.078603849840846,649.3228192929313,2
24.338619451931095,15.50307404655019,8.845354061784766,432.2966222025143,2217.5678401151604,622.0207528785429,17.820512036147814,34.268438414329026,31.569420094361305,539.4791754205211,1
21.4993177623426,13.138890688269449,8.15798609793906,436.20556584880205,2217.2665743640573,657.8603705727129,13.800138134742195,43.29993741461677,37.9683493616521,552.4432332774537,1
14.449715497546633,5.573023234648136,6.132532313097641,424.3907159179259,2124.441793901584,677.6923887264519,52.84258269392977,44.54503095048363,26.486813682556527,549.2993817489883,0
23.262893641624878,14.280950127381788,7.838630183289686,470.86073465567597,2176.2925981557605,615.6870257616993,17.73725483934652,38.99119823141193,31.0477335379132,539.4732394267563,1
14.651654532390085,6.607918391540786,5.406362528702956,387.53751128057246,2208.9345630077887,668.4421787473758,59.10512180574761,60.1817158130547,24.34949217282879,534.4739889980849,0
17.03398829658073,13.764316799800966,5.462236631164334,466.0074312220284,2533.585200692408,695.6526917817423,17.52834739005229,58.663620911350236,25.62492476752036,622.5175153777375,2
13.275364081048913,6.109076533675973,8.13102467155807,393.01432175419995,2347.1507119103558,661.4498176623873,46.87114388917142,48.31589288743286,27.097958531111505,545.2641856648324,0
15.497574619602165,7.3055554755972025,6.103466900816669,416.25948745620104,2243.0723499770343,662.2839488690474,47.475772377041,57.24674557112078,23.220356727562702,538.7101702427718,0
18.464623210819887,6.895244786342663,5.2642851272305995,433.16634432057515,2253.3038862873373,648.134310957796,44.229374392907204,55.153863974776385,23.933166084167,565.2531306472755,0
20.648867564543316,11.993797479932622,8.16198771939245,311.7734593593156,2054.3568547353602,616.9230891932706,34.87131590868545,58.88368692799964,26.914228653696107,560.6422326910642,3
22.93013246550295,9.425993254463327,4.905059191853364,473.56695058176575,2514.430095747353,667.1172239808861,21.134270552454232,61.25290143034268,26.007012073118347,639.2385853475822,2
12.445967110059543,5.756764096918764,6.8603272047796935,431.4038138733346,2199.1053996740297,667.9110400804743,52.58882563035954,50.29616698117729,24.692623862964997,553.1663680990694,0
17.548894433882477,7.843556363017073,6.635376993902231,404.66127332762943,2219.211629751845,687.9713167593208,43.601290012304425,53.888633606827675,25.201563457900463,531.3841993435999,0
21.878210625209213,14.198677385577035,9.168068020903794,474.9283855631789,2191.5881757626694,624.6407983984212,25.336624093643458,37.95509262365349,30.88103540980123,566.1672438324049,1
25.27045555792915,13.489227326848363,5.284198555266871,428.6528383293919,2410.6785562013833,689.8239073982445,24.743206226691253,63.48915728485862,27.173765552986943,603.9099718522781,2
22.940131653626594,12.581064843715403,5.401334857282627,489.55660146536627,2334.910015251131,684.9314385133036,28.219730358924096,63.302509971146335,24.028967834378193,614.7383715806297,2
20.683538994731727,14.455623150433494,8.373602192805947,427.4023553893617,2223.5229714571306,580.7226355601043,16.672310205409364,35.4303383444331,35.099978907268834,535.5894120228197,1
24.652494652070477,12.584812438487901,9.647805274198214,446.1763805225881,2198.9098517036855,621.7997617970711,14.57928741116378,39.377909906900214,34.55835561484637,545.266722692299,1
24.13969504489024,13.451041234719856,4.777344753021338,446.26575772949207,2457.3609067105403,703.9661409239227,23.925292746329646,60.977273491408496,24.919521024785084,585.0480698483269,2
23.32166038642999,13.162371495968676,8.35961019400048,438.2354724965945,2196.391198106947,638.7352668427677,29.532087079796845,39.03825571288017,33.63373530168955,534.4264315557232,1
15.524071624148762,8.114225728850956,5.335619607804551,438.05326283068354,2201.2721647732487,677.9247411393102,46.79318293295028,49.85013611510113,24.858931566309668,554.8260325998233,0
14.825811657894981,6.825173470012956,5.779293635893766,425.67080641503406,2318.1721467584075,668.7818665585486,45.48249694409399,50.28539616045482,26.018083937186983,571.5830659075824,0
14.288603368857931,7.670413124838908,5.426486002819153,357.06151842847197,2226.1980160228545,672.221763745898,50.800060788484586,49.63020574938559,24.690896217626147,544.8553584363088,0
21.502235834169852,12.067683011240955,9.284447588761426,308.2345816251769,1978.0805989127443,631.8546738270031,34.22635291687678,52.45053851884149,26.40216062436456,548.4244331868242,3
11.216107493376178,7.133877481149253,5.919123929366277,383.3782993399264,2288.1367436570404,669.2737318642637,57.26434828800314,58.53005213785304,24.36532577046566,576.6837669403219,0
25.786760182645644,8.699853951083632,6.034521047215136,315.5334637161331,2089.2622749786465,640.3809420903726,50.97086010363244,52.694791336105375,27.868767157651515,531.575979540018,3
27.077979097573063,13.600146182209327,7.6320353010691555,416.6587537119844,2188.0315372083633,625.0313875010404,20.202279946721447,45.10780337135277,29.872395305834264,535.2876095036432,1
21.39995743908953,9.202928810178612,6.435262028548385,338.16373599573967,2060.761336431176,630.4332391913842,50.64730836504851,44.91478079123695,25.02821510367113,537.1205834468731,3
21.09225222518662,10.495032834920845,7.6627071451184765,344.9446122372742,2108.823620473699,649.8474353608897,34.16359194462992,65.25294616601123,27.72872657320982,545.4636341006907,3
25.977298962700544,12.493903640973894,6.825496576026316,445.237743344078,2199.9961325722966,628.2337567307295,20.757239196273677,44.55098983681909,36.58258094363234,543.8896582476176,1
12.95300501475627,5.820955203374047,5.892679446029003,442.443514088856,2180.627840592032,690.0040224989264,47.784127822851026,54.97052054024416,23.922052983441812,573.4501647899613,0
22.224653200820974,13.314367033757103,9.071989833199675,296.7550311265057,2167.0169215298524,639.7222307617429,43.92465389203888,52.3090489452746,24.562448575251025,559.1970048794639,3
15.43446238962105,5.5236455306986425,6.34387700411218,385.13374511599187,2236.612263530518,697.0238506675839,51.3676831584073,53.00810028700702,24.114405356936757,540.009001720695,0
27.389885162521466,9.344985437178167,6.072578351221201,461.56823296020485,2478.422463445702,715.936444445947,21.326368638006887,64.69957441163565,21.20124967598731,631.9093716569137,2
29.1269069734591,15.110954312156606,9.91559058847313,443.75604945909737,2202.0944945305387,594.2891242232649,25.82468680813936,43.644478780654524,32.5475866028513,562.2672592965862,1
15.877986317476598,8.234400060494561,4.358649200265946,368.5650820552768,2178.8221119646523,648.5201581053977,48.38330535301999,49.65141318837548,25.181852016956952,577.0433127983908,0
22.61323083404661,16.284089821975055,7.711709439376665,430.7257151203166,2126.6487821335777,607.5389805074612,16.63262153228737,35.50431083686837,37.19784567448286,558.6879777554369,1
17.41170724177647,8.155006386263729,5.766396560043858,389.9327197998974,2240.787944431874,703.3388883158129,57.42836998170462,45.06690589935161,27.09570220909598,577.8908027861579,0
15.869768542927295,8.125839911714303,5.603501579601892,467.4630407471858,2200.827716872476,671.2350592329286,43.446090816041405,54.067009291090194,21.008394545056085,604.229528280483,0
23.61936941360067,15.255106485579873,9.136084109632058,429.61792218089147,2214.813111974024,611.479194363381,25.589369690965444,43.490177136388986,31.606753750160834,515.5733206569116,1
23.986668849413686,15.373844300580178,10.548228563991618,434.16930570199355,2174.4161698074577,618.055373900329,20.796051282889618,33.25553447308466,30.163016633853648,543.1663229452395,1
15.475471204664556,6.764087222917434,6.779585341155973,377.2345301873913,2222.083399696928,677.7524921041459,48.437549350302795,53.22876586301953,24.25964197875986,551.3527808139442,0
27.603547487015042,11.765221799250627,7.773193606192837,486.1552550114593,2286.944533934899,604.7052627429398,13.381404857984222,44.91661291474541,34.62650844449497,542.6989125065905,1
12.035629205114358,8.355552687899337,5.198539188440994,431.5317682625019,2225.3676293468498,682.5775382404034,55.14314822973385,54.66706540785412,23.95526728151741,558.0231446335807,0
14.6909886415002,7.980298806694037,8.034386246197682,419.09305654850994,2240.187943967449,682.4353528110572,50.48653997687183,60.32971792074299,25.114319672003653,568.0645184920564,0
21.135616048712514,14.601421152659604,5.625963026561605,478.68719608464977,2483.7791640231803,687.8041182510233,18.77590166313761,57.697662356818526,24.004839769942443,650.9852688397713,2
26.89571866024697,12.734452267414431,8.290958076866595,447.6166341387644,2188.0637548339296,628.8181094752595,25.03142972195807,33.390519295980766,34.044199104047344,520.4656028824921,1
26.96595285873449,11.013364739364148,8.146095787722954,462.3317961148046,2151.6152435852255,630.9202210471252,18.627790831027767,39.49260989380965,35.94554697496463,580.1715015912814,1
15.885091248408106,8.352881169113356,4.910209673702802,365.10018569831357,2170.2750958618008,683.2194221806002,48.16076065871663,49.87722678933548,27.562870194913312,551.7332679559628,0
15.794066600030982,6.4314119137734895,5.446756308172391,441.9052678535458,2207.0768703576186,662.2686134524033,41.2307357657655,55.26348244388805,23.39457125255717,538.9721448152169,0
12.511588242278261,8.452492077264594,5.820037290866312,439.49719908336215,2243.3576449263164,653.9614435604035,50.06890246733873,45.283501611463194,27.292378755329725,594.987545307402,0
15.855780881389835,7.414489155943593,6.431238328067147,393.58985837465013,2186.7002781670417,657.0782238444845,41.97682449829491,52.226181638222585,26.051630398309698,540.0195020147692,0
14.49324486210397,7.653565197593638,7.247058696031102,448.4837856830814,2209.660049416576,655.1334574655062,46.03354549999942,62.25184583909522,23.2583454712775,542.4580813258119,0
14.65918483767159,6.048686696229758,6.7943504681243185,371.27760389253143,2181.007253842479,637.8302412451804,41.36877095509489,48.06401300516317,28.58912605676411,558.6187315332754,0
20.961231624584073,12.085119267083048,6.831033263232901,292.6950121276501,2004.9338895837634,646.1004244161879,40.02293101068324,47.72958928378855,27.915761300174452,522.16733781933,3
16.04837568562554,3.6532574107859164,6.6479587434636995,399.9520388817918,2302.5881029947154,698.0167949830412,41.48207665271113,51.817577608174915,28.372915233164996,547.3612656983237,0
21.945580411686308,13.667833972290937,7.081707182175683,311.4872703134425,1947.7197240698013,632.3879875375329,52.1186020488369,56.105322616472904,23.491514236468593,518.6869849339616,3
22.633695142994597,13.593800119250655,7.898425524154314,488.28311027303215,2174.2644226664343,621.8679670404599,20.183059198859414,31.590578932235342,30.682143150264107,532.3446004090541,1
23.68012344186996,13.116236314275662,8.581971840090368,455.99353489007945,2312.2159673812534,646.5952729415692,27.973320511964967,37.78338054310986,33.795838679818296,540.3756732630735,1
25.02885540951012,12.740656008139608,6.937591110686068,435.9301104055417,2170.9123456615903,624.789930760075,20.551191657733117,37.24835946179472,32.252648901214805,517.9875006613488,1
22.37644885879062,16.154134359021903,9.0875979205885,464.84330824324445,2196.462577040247,620.7072865218684,19.010573078498258,42.743208171397306,32.42173128349985,505.80481809181583,1
22.72487182639379,12.41853119382882,4.62143756213155,437.7231867022997,2461.4469391894927,709.8323507324534,34.0114164040436,67.82844729105369,25.121403818343286,614.9953231950614,2
24.0107749041604,14.261048839001667,4.199470213531307,449.46709625861416,2548.247193639112,690.1440443729203,26.250167870040677,63.62959196156997,24.543958899960785,635.7509143492475,2
15.012033360872143,7.404750094247752,5.7001654195045495,443.2303201845128,2168.4871200314365,675.7288745165262,45.96926552254851,56.0162568529944,23.901556962880058,523.6588710063523,0
12.968841837584916,5.548335001106462,4.7560559285313575,440.27299411202017,2172.975837050039,697.9198061662512,49.23395352531603,55.69136111913606,23.848012195532455,557.0262638744265,0
23.6515007576379,10.616928121783433,5.614880680119211,447.8891158022882,2438.1791659845317,715.8208069838929,31.77144205898924,63.014682629413926,23.362890462074045,654.3393699595426,2
26.18816134655156,12.898005200410047,4.743681276596737,442.49626762270935,2380.225392348791,718.16046145333,32.48589394097669,55.20420679987459,25.668176837564268,613.6461738193192,2
24.36477169538577,14.604023164714942,6.304248417084937,447.69572868602137,2208.857116853701,599.1579286906857,21.8242380607444,35.45887900053945,34.618316959341655,550.7267066511444,1
22.771192332856977,12.15917264264541,5.0538988997896,456.8317579274613,2492.0442645057014,641.3251058307142,20.4090038869165,57.66636702378657,25.573222955427966,636.4241300633979,2
13.512823542374871,9.875128332667169,5.359492139152007,423.3938306373556,2050.9833351048287,672.8557766209552,45.48968958230446,60.53142693259652,25.869575252429318,567.052536297595,0
23.109609890533736,13.455794382814776,4.397472892795983,445.3073540450723,2398.848358650658,678.4208200976396,33.256403076064764,63.8874687917168,24.863792186547478,580.2154675742581,2
22.416007548379923,9.348119589950414,6.345243388907518,299.0893388354983,2051.0966352979053,630.1949833203366,34.057528846054915,47.92784388814061,29.487060258458477,560.760560116117,3
15.861642006015765,8.922360187974528,6.868462067244298,421.4006989714584,2269.770518528164,714.5068623569105,49.437501864873134,52.717372213287,27.403460062079102,570.5586632822088,0
20.948438781647127,15.196042922698865,10.593218293202003,331.9964842498241,2074.5184905218653,665.6177054626353,39.0216379252523,48.68495206859121,24.307563259100487,540.9075992890737,3
21.366303083710342,12.036737349030917,5.709080752266063,324.6030928434424,1944.8128667692542,647.160335457721,40.393224015029524,55.431114310304324,28.668617209974055,545.5674736037879,3
16.08518892658392,6.234568043730224,5.686083606946916,360.8183028360629,2277.9993533098145,677.2391848288876,45.90543501996049,56.49329204810501,23.87125671234869,551.5326628922871,0
23.96748198897384,9.973983903795748,8.383159416467176,320.6639232032911,2071.3497288575622,648.1302103393807,41.74529732872947,54.82932563248592,28.23834422761054,536.6813103645,3
21.61134574414065,16.03936506769157,6.4295382574498845,510.0493519539609,2182.1486383613733,628.0957974986717,26.701623689249914,32.581677430112,31.951222928634483,546.4896157430497,1
25.58184602284367,12.25461881587909,8.566893654097994,488.4337476695634,2238.4368684675314,651.1231606804663,28.681179620928752,34.99263010675889,32.034511305290586,522.5874897457993,1
17.21257742011978,7.303806650305754,6.076958675219365,398.07549995211707,2181.9391777922283,695.3762248641349,58.34336296874317,61.761835033312366,22.613727928579483,555.0572515185413,0
27.395966042650254,13.088951605761423,8.29224990093947,434.17334485182556,2212.642422151004,590.7099161532312,18.30222008245161,41.92407970743888,35.907373733685986,549.0354599233426,1
12.26368160150867,7.941828857598361,6.771006335959187,377.63128438854096,2130.4051339216835,681.4639519371741,43.392267397559095,47.48839297449984,26.410067994820004,532.7569418784768,0
15.184253316868219,7.331382431336505,5.584755543423845,431.77123949956166,2159.1708277863427,663.8954811165959,57.096150747297145,60.14613790313091,26.495698708386342,539.2447391968345,0
13.69042460914122,7.146676598754775,6.2163681481389546,361.81229545113854,2134.490945980608,693.8591151221933,52.26690094160715,40.80860961854446,22.86991126008888,543.9499328625736,0
22.63065821997959,14.54638957783238,11.905429152393861,478.36312257729895,2255.3316388802127,642.5693082754985,18.02941864192284,33.656086466753834,33.6066915725983,564.193394684574,1
15.627816422915107,7.281495803003203,6.158956440651471,429.3533806298336,2130.747796835341,692.3436362822403,53.30270976757177,56.35792403922944,28.055942357446032,547.2503053568328,0
15.46432264613344,7.416436731631678,6.19423764944203,374.5821698073953,2178.6380060491238,723.5494408867522,43.173013082745534,55.90981516742404,25.52749396468132,557.1899825112189,0
15.024988237455375,7.244673403705892,5.331574302100542,432.23845300955065,2182.5961965284373,692.8474674902291,38.96923234397608,54.5569253066554,24.299726452050734,567.8717075886625,0
27.790102555044637,11.529112949643881,9.267373715491631,451.4215510726781,2175.6584217776226,659.5046822470059,22.300643012166,35.49621515397211,35.13042811397518,545.3024446134341,1
20.26210980021792,11.71878333659035,4.706684154192401,484.38257840461006,2489.5013260320893,697.134012659994,23.209621914936225,65.1393325332443,24.394712987340913,608.819399651715,2
13.04808236777019,7.954555552332364,5.90870215281341,353.83533492699814,2288.232810040619,677.5956464492368,52.2422443505814,54.57906341461047,25.840964025472,575.6838019153354,0
18.176552214298525,6.415244239635694,4.2521671672600885,393.75199095698235,2212.545970021349,670.9128112692744,48.44153466611686,60.558349884084166,24.867976283509535,544.2707371176253,0
16.85487696311636,8.251852324897824,4.267135121647293,399.77310261664945,2243.707997092981,674.1309873098215,48.97255085135304,52.092469901481444,27.793340943896382,530.6173516430479,0
21.14068431498309,9.560700169499192,7.4775058732863755,306.6660389941628,2016.313509701831,671.1901162812151,37.11624598035087,50.87559718932034,25.856014243615956,526.4512772198625,3
10.496445418761907,5.625836201067346,5.283702403138491,465.51389701531264,2174.1522264311557,619.426607166679,48.20526070999679,43.661385341167374,21.426670946208965,546.1596943906119,0
29.51496572089832,13.369257137991106,5.504926275002413,457.0802520203149,2610.062543587241,658.1809324797747,15.943207247695923,56.681174826431906,23.72505141507752,660.0058894523594,2
19.171289258555014,14.749312884582235,5.618173111005278,465.5771640284049,2496.3202997405238,685.8588376875159,27.206863158310597,58.93471897709935,21.182541216463413,599.9377787881136,2
14.247687857539802,8.679482320923237,6.123990256272144,460.1336368568974,2205.271298447865,650.4933863683481,46.58240132981399,48.17169330047144,21.875393026151677,550.8625785381122,0
18.929867905990896,12.159443740600159,7.613659920456425,320.1661523115048,1992.2335732448757,634.8091234555558,35.415896375370565,52.15879052601409,28.326286043253276,539.435741857101,3
20.698687490448272,11.104246134703553,7.502330107959257,306.1277167731103,2009.5549318878318,652.584102207352,41.248612398674325,52.67441192516503,24.796941612507073,552.536060690883,3
20.055162790856127,10.268268313118597,9.076830336678091,310.51763325888,2002.4592115243222,640.200354963069,41.868304653488416,51.36394958461165,24.211693993861395,529.6294174163635,3
21.222547295035426,10.936399062151915,6.977206575996082,340.747517873219,2003.605600765767,658.0895049531845,38.02265302732362,46.703065207329686,25.896756043918245,572.2528911574827,3
22.7625228884906,10.942702298793712,9.93563218066176,428.3756128128012,2294.1787665580664,618.103954950249,15.953043637809238,41.31230397019268,32.14105514277186,549.7167418916159,1
16.9477882564348,7.9552848073226405,8.831762415110635,434.6581160332603,2181.568011965185,704.7230129172099,52.0024011031497,50.29737294374851,22.13391046006264,555.9002155098269,0
20.115905704716596,14.211422947301935,6.644446578467813,307.8321691200908,2071.4814227231086,619.4608124727499,42.60208633081082,53.61216070802772,26.797038815625285,554.9838962597464,3
15.31409713489069,5.9300627389948355,6.965672089883819,414.54622387295797,2248.5506648876253,698.7667307671787,56.77904100125099,45.047244902740516,28.64672394540076,520.8511155067501,0
21.219143808257748,15.213377229255574,6.1110703930637875,463.39005283183934,2431.7624427033384,684.4713443295698,25.680435485008793,58.19000800892208,26.39554211081367,623.2257393857593,2
25.535072119001775,13.165325173898678,4.963496132813957,482.61655100161875,2329.441337856974,714.5126201907981,28.957011088473525,56.40954748585351,26.49676260112258,631.1979560448065,2
29.64380005127593,14.005065698530561,4.860790386988461,464.6963152805808,2536.961985729141,656.6864949444961,18.889743351374793,61.05643297214216,24.793587850107595,616.643415363116,2
22.31173015095461,10.877398375258913,7.4526272435611345,332.15494209650325,1985.9490165059185,637.0513436131073,40.04069668657405,57.4576991559742,21.300708867551712,564.2158365414614,3
26.148971531080967,14.080130140418772,3.861180603320084,441.6420196377305,2403.492571120759,675.9907025514641,29.612269145792386,54.659107629233425,25.223987258943414,626.6186665161371,2
18.205800316879547,11.295974463121864,11.242791084497044,297.4199333087196,2063.1287452995844,651.4663590355003,36.45083227159644,45.45009201443983,24.060932753042945,553.1557200385813,3
12.058387410994683,7.187233588058168,4.876520220066697,387.7845253849664,2251.7533007981574,705.550641295145,50.04373217094726,52.03873190931924,25.200668579674232,566.4553125683792,0
21.305012037225598,10.828351212777823,9.774580143849477,354.399326361017,2063.297393906236,616.2013042282533,32.40123908408868,54.95996672565138,29.56362971978502,550.5890399638783,3
18.122876403607147,8.906527619908267,6.669675756694491,402.3308088485661,2265.132961224871,630.9430123498074,48.88775079254875,45.93205094020288,25.241420708355925,537.6762717373601,0
23.694262641231052,15.884804084895231,4.29295878438212,519.4119340971286,2474.575043667063,694.1616689273261,30.020720658092674,58.76207436575608,25.087089175225106,620.9099488715492,2
22.547500753300977,10.779012855509794,10.683583448005182,336.2788163193426,2038.851796794661,618.2139451384713,34.74443790637075,57.52294818377988,28.172239074847575,493.90630857578105,3
21.363650115893222,12.542221787190082,7.9352937218664765,311.4693289776428,2017.690532711401,648.0236069382821,37.06941114990972,48.947888948292885,26.230029537565507,574.6883809263827,3
21.624312922439444,12.616590173681228,5.159706129994469,408.1580626224958,2506.2467737589277,694.0435197368109,26.745935129749665,64.57437407555966,23.479071140685534,640.9305270679536,2
13.61298767085544,8.628366844212142,5.828326745082941,415.1286605656252,2203.759574000397,683.776330467234,48.127844942130665,47.55423172335743,29.70432986689891,534.9022618336031,0
15.51645764664539,4.542975154748397,4.983206820729744,389.39187135002464,2237.8668412181073,701.2085900166303,45.60425362950056,49.936265194771295,24.410728325612574,554.5852028906879,0
25.34928921700811,13.683079402810353,5.8347983803461645,447.456910452563,2364.7852821907145,697.8554002265705,20.594487646598004,61.21161456750523,22.972912183965228,643.136963008296,2
12.918912121684931,7.739974009615858,6.948256424515988,429.3505006794518,2123.2050120423955,664.370861953864,53.508877351247,55.338087545155574,21.651875073476866,596.1560446917081,0
23.33977927929564,12.934046968654645,8.201127611045212,292.6670427039332,2004.7734927253293,612.4335258892681,36.2392735974449,57.412810589612526,23.549656928564172,544.0837658198982,3
25.06725724718102,12.928345663502343,5.47656778400271,480.11018630415725,2483.579713692594,651.273666078671,15.970854899083877,58.46307018348632,23.44205351077399,627.44797383443,2
12.931383896651202,10.064342159488707,5.749371886943009,396.6763563690345,2223.694961030969,698.9834093735441,51.78255172788099,43.037300793977906,28.10972366205427,561.8720452471943,0
7.703174349570433,9.856983138950294,7.223559472265032,403.4101498418433,2148.2791058524645,677.7339840665443,44.99207884369033,51.8013849925838,23.77743492586608,570.8907943631871,0
19.12190250002375,10.743162154647322,6.052672704108308,319.7984517042585,2030.4740422734321,633.2665591436272,36.29962044710515,53.568145393661666,28.02219400613524,528.3906173243595,3
15.484993582542444,8.939213761483565,7.057778950869443,363.91183057867266,2262.0938394874956,665.4344572398361,52.516810937650625,57.20651857378664,27.618121896558804,521.0104690642711,0
18.950454264445455,15.609718915437988,5.607180460505555,421.339279956992,2506.6394823099313,664.6806463807278,24.19469240845321,59.11269514549704,25.355648823216658,606.2740566684494,2
25.645803147927268,8.945439487866652,7.750154553896372,309.6021645079545,1950.070712671476,618.5497474221881,36.13523713744626,41.57329666425312,26.991055387340385,529.6484971789342,3
16.972272633921534,7.085657055583279,7.065774925166555,421.98574268135405,2171.458048665746,699.6560737853772,58.18015042339473,54.9225427686139,23.21236901309617,557.2792215767449,0
21.749501770193284,10.583014114006229,4.225794325989463,298.99839927582417,2057.9449984964263,620.3395125526565,40.03811990375199,51.32234615798463,27.154626515374886,536.7913261539431,3
17.330615071094353,7.237256640586265,4.570492602640402,412.3357017280191,2220.7179659121493,636.1737175880531,41.26426086847011,52.130986905935124,25.30960617994932,594.089818239229,0
24.531116406460523,10.506603637499063,8.73037774393286,315.9803048595091,2081.799567772814,649.245074328021,27.242392563439292,53.13971402119197,26.475058589627228,570.4230555538956,3
12.548788472465503,8.139070590858191,6.708393297267304,433.36489151363094,2317.4330105367712,674.1975188439334,41.97786357820135,56.377511665759414,22.97684554087961,564.4346717770027,0
16.478825344601894,7.838555248657726,5.918796539902901,384.1795087050642,2240.2405520071984,666.7378009440657,50.88704453204723,51.61020543716217,27.008435937975783,540.863032499014,0
22.534674062426202,13.082855019753321,4.812208322012774,417.85533736466516,2393.591452335968,661.1522469116566,24.474894730285044,60.02792728180791,24.22786264272562,649.0964641067703,2
15.505769629939797,8.895015683953208,5.79888027800211,425.50971416483424,2142.36545099831,678.1092848873828,55.00069897314143,48.219229402289436,26.727091015462335,553.8826174024312,0
24.004082116875004,12.851184259806598,9.442274494561389,320.8711621658299,2039.2697278629257,653.4294234989507,39.66405233103044,49.713249002659595,28.728670304072363,581.4210862856943,3
14.996160293647307,8.626540937224648,5.128152260238794,454.0629123396375,2185.6733419715383,695.5214394030706,56.34859907553187,51.46404178434576,25.774708095988835,575.5885915212775,0
15.262971633610904,8.43453710369461,7.266202819625682,428.32523093410066,2161.8289862132424,678.4125416723816,32.65392157299596,56.59205981267332,24.034525111353314,541.5781821456478,0
27.116514226817475,11.17640397021583,8.738407709132124,483.6034500301662,2217.1944524586047,641.0439861927348,23.761000538303527,43.10865334941914,36.78169683244507,559.2222897639382,1
24.36241376933955,12.404429809903107,8.826884705834269,418.6951949668413,2259.056030201408,625.8134695814077,20.47595826178644,35.737310571199764,36.278440735312486,517.9594051117954,1
14.80542680317302,7.1733026461809475,5.685222050998077,441.9293655874155,2318.2091411741717,658.8786505409687,56.92494346753497,53.1704507244946,28.015838834469733,514.019177396196,0
14.660560407159243,4.928194606514275,6.5357333602801635,331.63412605042,2246.391147029622,659.6440888053713,40.42395292789006,49.03543813051359,26.412975511594272,560.490696742221,0
23.17345926534446,13.765354535004752,5.373708064978507,496.09371372092954,2406.079772986464,683.9151064993451,27.06648560445323,63.57800696834262,26.218139909961234,609.3192146057617,2
16.70257114968958,7.743622507574607,6.222467424237227,402.62837679013404,2162.2886740247404,658.1437545556478,51.39840811595547,47.53458195992105,24.68160753082324,532.3011993239446,0
15.955058674533591,7.720811788140129,4.896465553423727,386.65628474418224,2222.564476353671,677.9033356079402,42.205126084894886,56.83203941335803,24.23457553475409,549.5988065289393,0
25.26018057499064,13.148187901274087,8.549091146922438,445.1167223894012,2215.7354977177583,662.3712614156934,17.393626111218747,33.31355154266444,33.74075169433809,557.3691967658131,1
25.11424499739483,13.63023437556497,8.378198672358163,325.9428090093526,2050.9038179517634,648.6681605533356,34.650959437334116,39.44674330162978,25.379002023464114,530.9455137010859,3
22.14081128596379,15.430045484498395,5.083971009723056,456.03516485210326,2577.7577171248367,670.314847994541,23.214098073728422,56.005552238181664,24.861198932153084,613.1858078646902,2
27.573005744663075,12.188514053784747,5.441021141964073,484.7174382664214,2404.3679070691546,696.7292869624072,21.660024724360937,59.77482144781172,25.222449872985354,622.7680202399932,2
23.903525241393858,11.504901948646731,5.992482459334113,361.47363974584766,2075.794403287732,651.5274187096104,32.47517665341553,50.393607338177006,29.299334370610286,561.4255500311497,3
23.729653008900513,14.108689060371526,4.107264713788382,449.2929426335329,2405.474049027258,729.6773694293375,21.232889833596463,60.43663333881748,24.69656098102038,603.1733710564691,2
22.405766284813588,12.13697483833447,8.792174873566285,415.3553196595583,2189.871283684934,616.6443427902707,22.1289884870686,38.832301905897175,34.50724744005463,540.7026931848487,1
25.055944335775088,11.441771927820032,10.870913924917987,444.4156714501027,2241.972608614864,628.4204487882689,20.439877416184924,35.37723364401171,35.213145720019796,539.7743752761461,1
24.296870196560704,10.992077474513904,7.036688021366544,298.28191479340495,2050.8106104203907,599.0344726484745,37.82889074576904,44.464107623205344,28.97776726642723,506.88477349404025,3
14.68672420468382,5.765569230842277,3.953662988879519,444.05824194959564,2212.452531399006,669.8254722722512,63.561288012415844,56.171962632924,23.06624781653873,527.3003375734851,0
23.474967700067857,10.733392217566827,4.281137306329057,446.0547728906442,2352.0323832275544,680.1478433128099,25.38460521938721,59.7914443461851,26.275437431283585,595.3543559476581,2
27.1856421731235,14.363867501869764,8.421031037430184,473.500552801082,2205.6439430835435,653.1278491556915,17.270546926436204,41.99643660126144,36.050150544316566,539.1684371731012,1
23.155150363130545,9.283720268705009,6.053741904117306,309.65132798994415,2101.0736260304584,598.9054574432646,39.596695611021666,55.8880823099811,29.07720110729973,549.7383881642887,3
24.946387328361062,10.507152559324913,9.888226694976815,427.47562279781056,2203.988813151168,615.1268237148837,26.645623225917685,38.636446226211895,33.01579033851464,524.2677378806841,1
26.618910140985115,13.996529587205252,8.446283376705667,466.05126672237117,2272.9998103658054,626.8037446716893,15.274644207070255,40.9185039676741,34.26777160881472,521.8265045539927,1
22.07365028104135,12.85832284303899,4.286546986658175,508.32620844441226,2400.9035731387594,709.0130936782058,33.811616207152255,63.29835010351215,25.38922288178532,647.6659942482628,2
24.011683387310548,12.979575490947132,5.354456530616172,443.07455641482215,2502.397687641802,681.1378724366565,16.568562483811544,64.30731720020039,21.181529382675805,627.0630907311564,2
13.355499965419359,8.394588339534382,7.122504331523122,408.1972325673461,2229.839044143785,672.9457210665021,52.870554590876154,59.60502203458151,25.26325862285835,554.7617829822836,0
28.884470191155785,9.770078809409542,5.1924875707468745,498.99282342624093,2490.0959651173794,714.6692435694115,21.766894686089532,56.050975302105094,24.04829013754124,630.4546213416962,2
14.186112502454883,8.430417641109306,5.118385447469566,439.02651247973404,2269.00003982112,652.4370652581587,49.002919725509045,48.499949231252714,24.882174441005386,556.5154965603772,0
24.36120430409606,12.073516321700813,9.255225027556019,458.24357060149555,2176.9309171928066,649.8299591136766,24.247994051140697,36.569613486680915,32.50741620423244,555.3850480569637,1
16.693167971686808,6.811218269404284,5.396837323069951,449.66407682235433,2182.7352992901206,701.8436458954644,45.153512427804934,52.880089181271146,24.995317223626085,528.1788652408443,0
24.369777703739462,10.912510696379309,5.2359070777307375,438.07359803265786,2525.770200682092,696.3876548049823,23.728933603989695,63.606892172039835,24.49022835614868,623.939490528861,2
24.81693449514543,9.55316470075773,4.559248627094637,293.59852512673376,2064.7748318966037,633.4832996663234,34.0227094437825,47.53027349858191,27.470760249811644,540.2058812535024,3
15.88762541876621,6.626300330695411,6.848029577617252,380.6826130660443,2183.372618233239,672.4752598545347,54.915495473408356,58.32194471339466,25.502427594592383,578.8534446683133,0
23.172465175791253,14.443178959075126,4.281227365744568,456.3338619740881,2405.980601797864,684.8503257995906,27.028487975747463,60.21381775929315,25.232735052999143,619.8476512296304,2
20.16998594313439,14.57606798802671,4.932738120524637,436.60859523896477,2511.386436442207,695.8387899407237,21.91774933930223,62.65499756724028,24.50068645893992,639.8375288391835,2
11.018376009752004,7.861430074442033,3.8862202651710738,451.0220458321527,2279.3518078628313,660.2798419962046,38.60683663518937,46.51326625639866,24.77915619898318,578.3846244994953,0
25.255411812616597,12.228977828478278,10.24527517856528,485.79301090271895,2172.641873549045,587.1102709749174,19.204418132466675,40.41364254829238,37.00127006027993,581.5039337080904,1
16.831805084712027,8.399203598969388,6.626407309893258,408.32163703864194,2298.558606844515,686.1623402389931,44.088545471881076,56.06954205369533,29.375853993738755,554.2129187937961,0
23.303977475434838,10.848485747397145,7.238922721383946,332.10290663475917,2078.7210016415142,635.2673115431365,43.344035019978406,47.933162194234384,26.400701682930965,584.2777680548819,3
13.844922225288698,8.727459322505597,4.6879557456407985,391.0455293275166,2249.847199060818,696.4601857192331,56.14402550399884,62.22018157682443,22.763694343786007,551.1809447425699,0
18.75368922256334,9.144084370963261,7.269937230941231,401.62337242364947,2143.521816150317,687.7081860203658,50.25657220532395,53.8878784586511,22.63060506373989,569.5517381488737,0
17.962911095317946,6.177409432841287,5.02591411501795,400.8656657676042,2226.495690575355,667.1845811573336,46.4113693745716,48.21435675703042,25.547254549069223,563.8121184143138,0
12.687304679469335,6.203076142073598,5.578403830001897,431.04052515034476,2287.5010130653204,679.1728381297402,46.6151648070719,45.81190348527901,25.38827253189501,566.9903398013153,0
19.05810516715417,10.475077818553402,6.41578877430519,349.257816232638,2039.7313700135503,629.6025741918684,29.19058532853898,50.050752467531005,25.920712222760994,533.5235520240966,3
25.771567993652916,9.408971289867054,4.824923795680643,501.2782478440029,2404.0226595280687,707.0058838956535,29.599577217368235,58.740613337741436,24.230505686575857,630.5484322638778,2
21.635749695127206,14.54917949176751,5.472111523191941,430.53749728727433,2555.360989304218,695.5510849535384,25.934974295245546,62.63943503579364,23.379004156798402,622.2987659373133,2
16.33314533721907,7.722550003148902,7.750943482686692,444.98864919597463,2221.892412279204,660.5787577040242,40.49256728643005,60.34472570716563,23.558204264691188,564.6681463194652,0
16.659038084048145,7.308891076502608,6.158796083906254,422.2925365886987,2291.338145807014,668.3547568742586,45.93762797077287,55.11862079163102,24.473246649104052,564.127563707589,0
24.581531391254572,13.853241501767199,3.913058672807438,441.50578996589394,2482.9640299543357,646.968819397013,22.665928619231096,67.05042121218395,23.978009617839874,618.5951868249779,2
25.167819319618946,16.597792857132482,8.618274367195324,406.26843105428225,2220.663409883065,608.8349581934707,17.212297375772458,38.09688982341185,34.43094947410589,524.5053595135387,1
15.77540628252403,7.2879303775028355,6.265496774166279,417.05869127509607,2248.764743053603,686.8250588409654,59.815354900932974,55.07429944447396,24.014862996076484,579.6612054964554,0
25.790219639200366,11.493352610705278,9.06795559124914,439.8361978198857,2234.925165144153,611.2928081444585,20.061311238072552,39.32556267407232,30.72087398820941,509.25776981671794,1
19.75202108087186,12.537415495769777,7.833898928455538,318.3751700352488,2054.7734480657023,618.9948480542689,36.75651748220454,57.26516772925277,25.659832293212514,549.5652287861421,3
14.508476999974198,8.972872397969603,5.691463367314843,407.3621777174031,2139.301690358228,645.328666278968,50.02024315053784,54.63626015148608,25.36739366952014,571.6415037658346,0
14.367514815312836,7.693406301619156,4.752712853616189,402.09568249462893,2268.823844123115,650.17195243894,45.92302758819181,52.19490782636854,21.673205175313512,566.9558176905916,0
26.5128858891406,11.087997394726857,8.608347777627811,299.2070324700259,2060.697488766077,667.6692138990461,32.41559772416706,56.25247701667673,24.021438808654054,573.7019365497619,3
26.328082694606554,13.99557824193236,8.045348457124636,421.6703233594138,2183.6110687718356,607.2840062163608,21.912205988100972,37.96075671277826,36.081514922156956,538.3623412019234,1
23.34312244170638,11.113448324179622,4.210340818184119,465.10591660659816,2498.51597337558,713.0310956855736,21.784267133564327,59.142025106956496,24.649176252399457,625.2040970421132,2
15.395580163883704,7.248307802400555,5.213484349080035,460.2978439473709,2311.239344218622,673.0900385338072,41.122194565627986,53.80969938278996,24.10187674951082,557.3473150219263,0
16.56968807321627,8.45677834328851,6.767725386779474,438.76419968032883,2154.6860383207054,670.1500641584394,49.25521495491984,61.49485831220436,26.646281938734603,534.7997867765185,0
14.595833509221192,7.9867416734056595,5.315010275738276,449.285769095432,2262.9512367960056,664.5853641720344,42.10816616630609,51.12766524822331,24.908227811729084,526.9979544356469,0
22.995711187264977,14.112195124463565,9.073758184443104,477.39910947571434,2140.089923219908,643.3257756546286,18.38901075567584,29.363006346347042,31.329749710417666,535.5136558398184,1
14.673114202950975,5.32874011763327,5.493880951540046,382.48853160617716,2150.337205164804,678.218842732321,61.37877069116983,56.35533637424695,24.431296366790882,565.9497366764497,0
15.908840676428726,7.524114521036744,5.282985775045639,413.2146521851797,2232.616321382085,678.3289768789646,50.4939958195987,51.59122676317706,24.947461140656063,555.8322069739203,0
13.818585972073027,4.595261508245507,4.247492526699945,419.7465415647375,2128.954512280705,664.3452865392945,46.16525720608961,58.699529329228284,27.992976295356762,553.1863831078427,0
22.356049171676858,10.306466618877769,5.362210190762339,305.37463621537955,2030.5283501319914,615.4527430140271,42.04570765362955,56.37298882706626,24.85829772024141,555.1742262578364,3
22.659824541018665,10.814537321969762,6.639258449402849,299.3498121328619,1925.3070421334182,633.5621033071002,39.118584268421635,51.776330439476624,27.629129344971567,562.3331266957512,3
12.354600775291196,7.767704637632971,5.619692977150466,384.6857006442583,2205.621833605483,651.2710404361488,55.00802031195955,55.05555371810565,26.969282976666523,575.5231256154442,0
21.768998796122748,10.739382455218205,8.96005720789478,445.07894306846265,2219.4782477263225,634.6630254448106,24.272763620291165,37.98512133964842,36.4579314687303,536.0882253530124,1
17.08742417518814,8.176526955746226,7.640498712917877,348.9883389637692,2066.2189933586556,651.8493848704343,41.487177902890934,41.740724756963466,25.16613595849835,518.6051104659817,3
24.787351674674472,13.563913835640054,8.196348280384509,463.03530933898236,2185.395087481074,654.4851793688588,28.377216692819186,40.96272413598141,34.827602589982334,533.4890873637079,1
19.765204565368148,6.071363741398541,6.355912031299442,435.627195817305,2271.533294757406,672.9342316992289,51.36274664975283,58.72475762584607,22.85172530552019,543.1690776250172,0
23.667076508224348,11.31458788714986,4.907457442853802,456.4524916378825,2331.609746031778,685.0440222710852,27.524341719754112,60.86254933539079,27.376867546484334,664.0271033727126,2
18.535213283977587,12.556590268022077,6.919615106270916,302.0754922207965,1967.7746684851709,656.0334259730804,38.300308695214326,48.970210407043425,27.041696962916525,551.2750415405184,3
23.70615003097984,11.851589900931682,8.938899170919479,289.0014865814652,2026.5268923298884,647.3717522777093,43.41031075520016,53.08728205206573,29.308856797084225,564.3581504565541,3
15.645416434349194,13.177051157578534,7.203075234592565,328.01936929712775,1993.2454888228992,635.2556087005947,34.22198190030629,47.70930031745631,24.956928263861577,493.1099714662456,3
27.322076076237774,12.64663110307811,8.965523514209476,448.1413368510111,2264.886520567517,637.8949883353009,20.52223691382601,37.47442357769413,31.317939323653025,556.610511033346,1
25.02728333591186,14.330787294525479,9.058082181598621,459.6990236603277,2142.234853535754,649.1847172238937,25.22931617194345,32.54618216474833,35.557635558354896,522.7756108957532,1
13.132764639980246,8.037380206800005,6.880856204950871,398.8888817101668,2220.5635676209295,674.9034325544678,46.91268104216712,52.36653705706525,22.746403284480117,546.6854257131595,0
26.922358730873434,14.877602649910841,6.033374113752645,436.87884839885106,2413.0157494403097,723.809138695321,27.404978437076434,64.83464212994346,26.400040434007973,653.959492142291,2
11.450075880715744,6.367033726625201,4.938017644686624,448.9804079166062,2196.5652936372912,674.2658560876201,39.239198820889314,60.3888318179583,25.202430731514507,565.402244648456,0
25.249728315535208,12.567887329725973,6.00337700193904,425.8031881909689,2508.926943226663,681.1716880529037,23.85679561268239,55.642231070230764,24.360493920129574,642.1616547618919,2
24.425088461181904,15.124118737934126,10.0038980264361,414.96174269257676,2172.918960864592,644.7591005988454,17.703723321600457,40.0070338936147,32.61300729578746,528.7444973771479,1
19.105369963891782,5.541661162363641,4.968477227333623,398.75632541845226,2135.5153272525404,714.9657796668267,44.634425994725774,67.28404745735,22.692846736636078,559.1467793922563,0
17.225931783320526,6.270587926183926,5.540385968654225,427.7331954329167,2105.4767316003567,629.5364473975775,39.235648164168296,55.8715911368505,27.91045679278463,540.8903870193927,0
20.03494807506784,6.480300661057362,3.580525741376947,428.756357917384,2229.385856796253,657.367446350474,53.516476750440596,53.48882136018929,23.855048401730848,563.4902426886268,0
20.780925289901447,13.502369912747241,3.380773258849464,462.3844795087192,2601.837192376972,693.2217178763933,27.300582116933555,60.643882282322245,23.196524075984023,632.4209397051956,2
12.530373826177042,5.4635945083019815,6.035119943151665,370.05065719827553,2240.8863703674283,663.7379984503939,42.86330887781637,49.88085617046744,22.924626624658604,564.1796153773328,0
22.580640849524197,11.521332817013974,8.941312815369853,465.40649036467977,2265.953047476868,630.4254197464501,17.46152216939464,37.04284011249438,33.52365543826995,546.2896846869407,1
12.813057259076034,8.232635649553735,4.477804033912551,433.70226648416696,2228.1498382829277,676.7802450735804,51.53610300983005,60.25730354590313,24.8763756181939,555.5378412345037,0
21.091315730723302,11.803557509405124,4.530965958876196,450.3119455281726,2482.891590043905,742.8466110634176,28.985464209123542,65.03003864662644,21.613467206518244,618.5107574179834,2
18.734730611623455,10.445368375700614,7.31423409002925,291.9799053624471,2043.5482984088273,624.2636342431485,34.83199905312153,46.791028483675404,26.324522262007562,510.98956262415203,3
25.550971828204947,15.103413648843066,4.433800991144889,477.39388393401543,2375.140946293971,677.5533807147016,22.343035132419494,61.43494985958126,22.006877712932674,655.7458467395026,2
23.024621208420005,10.842373974619843,5.914681638802126,298.4724814961937,2132.958562449156,625.1558674337904,41.09242879499353,54.29360731263477,26.502175565425087,563.8463427787163,3
12.765231774020783,5.181208221850769,6.9335687028756245,354.41816414929167,2358.638978068688,644.8325322533631,45.877019774595524,50.85327694717802,29.094813127719874,563.6565380958688,0
25.506347069801812,10.98527927475353,9.411529403469286,296.19648248229527,2082.9963604441905,631.5277922121686,30.630826396603105,57.461481586259694,24.98591122875517,564.8258305146254,3
25.635187322906063,16.04365789594116,9.185375137896616,409.49015358615276,2200.4698264864637,636.8079757929178,20.368916944942765,33.35373946704923,33.55059577313224,561.6780832614322,1
27.041311225628657,11.634629111190206,7.80972502430834,485.10455300365254,2228.5996980568475,628.8790215964355,23.828736093096104,37.05618060063892,33.52026866246844,560.6975362617275,1
19.50279440365141,15.484712435833954,7.481983297347094,291.69949810873663,2047.9214209134998,630.5753503400091,49.14282484557517,53.99067643820058,26.990306791983496,533.5519525808404,3
22.472737902301677,12.494111022131495,8.34874204830639,398.2385712734428,2110.135018039513,638.9083033245784,28.012339390865716,32.185950085902014,33.301562472372915,523.2058982434395,1
28.741760226479187,13.023712509200168,8.928952264835598,460.8886142810558,2219.954603107663,591.3381825395629,19.12618505699043,42.012446937350596,32.33531854319961,524.0203144896392,1
15.061262985188835,8.15493361169308,7.168784631903563,416.4652390790527,2261.053002079813,653.7370257968915,50.480839758633024,49.96088807344253,23.998317686942933,549.5065067150813,0
15.132061395122433,6.652234626930333,6.711238044568947,426.6438956517594,2250.463197615336,684.9427248077219,48.469372886141024,51.687105763564574,23.453407037977318,557.5414532485902,0
20.530841660655728,15.664994985456378,8.275514900531514,315.0875106090069,2073.927343826913,634.2293180007684,47.24876122786339,50.503007170311065,30.978890874613526,531.5176798788137,3
13.81119929560253,7.18390105569023,5.586203138150044,420.89789237742593,2223.7100011337325,675.5651074302009,44.488895540840005,52.791811914188145,24.44586138592292,568.5956838659652,0
19.1561603737296,13.018739885989694,4.656611145014339,462.79565853180543,2258.3205482194353,668.998613398245,22.457922499833995,57.42891734806662,26.04249104021993,629.5514968164115,2
22.177313077008705,13.560121179949903,5.009217426094745,453.1673883202476,2464.565811946053,704.7963494287776,31.454619358610028,54.85663070744864,23.69996065521381,607.7834589842763,2
13.980442141742673,11.486840639415666,7.538813777486333,330.5750636267616,2058.1893324499656,630.0650178981562,40.90303658232274,50.78858522715761,26.883369881234234,517.890214739126,3
22.319393010729375,11.78688501798147,4.056688488727536,412.55573596247905,2508.452318376423,661.8122901174564,20.412590657121108,56.3558004015271,28.267883751423316,613.5265174960698,2
12.773223916156304,7.49753707302225,5.564849353385564,411.27867569236116,2164.0106201927774,714.4978217071472,44.71341822991876,53.65711265470657,27.740566235981152,553.5983239794468,0
22.027789455611988,13.623276528101634,8.335367579871495,456.43811358202237,2162.3476576516396,644.3995860320214,21.18122729393897,40.002753005932874,33.95108623754104,557.7462769891495,1
23.596768189564315,15.672603108953421,8.07834589055956,447.86981325591404,2226.1136020015692,651.0966129466772,16.111632048961,37.231928962637674,34.38207820662708,573.1405015094539,1
15.930160419000613,7.025027450293421,4.469122747386509,410.1292292702948,2250.345054797408,606.8257584705661,45.658768235000814,59.13802180700587,21.25210438571348,519.7309878870218,0
16.625202575507288,8.603445776752661,5.945630314343885,436.999989932892,2266.5395404665323,703.9220821988628,40.778398710627286,54.21086849570575,21.796020973587353,518.2281121650187,0
20.927458537850246,7.805770368634439,8.779301007943666,346.70732136587,2047.2914331993293,630.0823046365939,45.57754523099547,59.17893437491031,28.08474619232294,552.2661321803924,3
24.468908440973603,11.517033925349379,5.865893106101999,270.33856531688775,2078.8915836607985,628.5001071552683,36.20087598546212,50.346985177472185,28.21087687011061,512.6388180210643,3
23.349175205691054,10.595801219506063,4.9458137263098285,469.43482148476767,2431.8160778871807,688.7707578675335,20.630854157544455,57.30197820754944,22.578832570336886,628.0216371475944,2
15.732098702490347,12.073349178233222,7.0809515039341795,349.38564672345757,2099.173136665467,611.6844967292784,40.99020092153916,56.51922836351356,22.42515048433372,547.7504322905146,3
16.795630816821095,8.07565880854045,5.028769833765361,357.96842712653296,2235.805939030395,672.9003058738824,48.80402685700746,58.36883127028098,24.569146281115056,548.2003579820642,0
21.346962505921013,10.12568013301599,9.748096612535669,325.1879655510604,2019.8555016361493,665.6334093277673,27.145549265343664,46.86365977287381,26.2306514989174,550.8906572407354,3
13.200610427024493,8.610607891810535,6.285198231477707,437.3368401557194,2255.967130150762,670.914610243854,47.18280174729613,45.625268425123224,22.662857000286284,544.0823283239428,0
21.769603811175344,12.309625355835898,9.606990899525329,331.7589719303225,2008.7322360416674,588.9154451845042,33.98907566041909,48.713249287557765,26.210569315571714,565.9654457548897,3
26.10656531555707,13.654644048764705,7.012203933227783,456.8179906842194,2224.849557446379,617.6340812717635,13.761247988363957,33.90790387402995,34.041467420270315,539.0598494209916,1
24.041636829479977,11.871992168056789,3.6082926576632515,425.7154954156745,2394.478666386449,722.8943171394804,25.418515588809132,61.10144349787714,23.56346981519523,613.6411542962537,2
24.527615990842627,15.887108717583356,9.854097444405857,397.85506613791074,2248.8603693832924,610.142113260602,14.72373302464646,36.22227610126182,33.8553532155244,535.8023632529045,1
22.866937541205516,15.24428445497451,8.230114889432269,427.74795583498064,2228.3685711239077,634.75767299822,23.284829080601796,38.608055380463675,34.91511950509197,530.7087486463724,1
24.21365181800784,10.324708432320786,6.800152619165432,338.57513663226234,2041.3168539676894,626.2798353349099,36.284704782459585,60.89851785761703,25.921106086152463,554.7171078096276,3
14.928778527619817,9.108262566746136,5.509934226062748,385.7410859038233,2170.2153718791033,690.2230109961264,51.33041832042807,50.964164569279944,20.862646092228346,552.3537987413114,0
14.326336064718815,7.836832725629679,4.975869278660523,407.1763680629654,2268.630325629203,673.4159191802398,42.37794942842547,55.46660435842754,26.420618303933157,553.0180281626376,0
24.38326941374818,10.261284975451334,7.479881733318827,344.7421883927107,2050.013340138175,595.7048132404489,42.460363602491036,48.67404098170801,25.374347117460857,513.4362803275063,3
13.273309470521237,7.189446372617314,3.957615537969328,426.3763651321743,2263.5324412646655,679.5891294888933,54.42979103933443,51.18209381448037,24.30809673966691,559.5475997719683,0
16.55553477816985,8.531003773790559,6.3543300046323905,380.56738525651167,2234.1231079832623,671.7729459126177,51.339354768559936,59.17994736692961,24.22823180327705,572.7210270532138,0
22.868681578192067,14.468974276612094,4.950991871782475,476.7419913901773,2518.8754340669248,723.655563007504,20.730868516178933,66.8604872988435,19.4477457592875,647.6078427410066,2
21.300184624313466,13.770194165708718,10.876578069450963,428.9683239000038,2214.1085100196356,623.0689043858672,12.497606701877416,34.974670317225446,35.862963787850504,525.0012982147239,1
12.250208383260036,6.782971905367777,7.371335816082367,408.7897284039796,2231.666253562217,683.5142918916981,47.00541050007676,53.91356278554506,26.36899680573729,548.2985776007494,0
25.03816910703832,10.392237225909435,7.52776798194311,239.72813994361843,2134.450237823627,630.8985201633634,35.69874606869906,50.44436894428903,29.12108593379946,520.3874648432396,3
22.801400169127078,10.992614579585329,8.36132767384975,284.6947266246237,2059.725801695062,636.1319889993435,35.42666732293374,51.0580814093421,25.73612058444149,542.0528599055488,3
23.920245782335268,11.20571710062359,7.955150193596354,343.99453041687616,2008.7472517001263,638.3712050404415,38.1201229689015,44.29029534180716,28.41692860482409,523.0657113554465,3
25.195397347561258,15.015459772788606,6.096062419026381,472.7274151187948,2525.9949083706133,655.143218244429,26.018369974507195,61.64518323171488,22.45207318732688,631.3546657666064,2
17.09106454957936,6.101850408624599,6.16970592563913,386.4296891519749,2202.8538650102496,631.887862428329,54.880467632698185,63.61665339603229,22.403681976718765,574.3488092027582,0
17.55705976393749,8.184286088989387,7.289328135193842,247.66917208346734,2000.9427034286816,645.6072528715339,44.11745097831225,47.05752941869545,23.413177812369124,507.0153744415219,3
15.069223748370511,7.771923560788776,4.954679535022431,387.99270969496877,2342.7482380020815,661.131733376653,50.830203990375786,56.64276741774166,27.55789933927093,590.9020893147366,0
17.90245814112353,10.655282856811644,8.522373778803967,330.5613403458211,2015.5414840757335,628.4050716104591,33.64746746535272,43.098124599535254,27.155155969474457,568.7909528040045,3
12.72114199781685,7.482683844767873,6.712152395976778,378.95837027945765,2268.5876695749826,655.7333585906091,39.54378367464875,51.94224152521239,23.99259780577237,567.6568952884841,0
21.193643030046037,7.490627733210337,6.285589442643418,309.90951299804925,1956.212541515838,637.0293538692296,44.640528631710325,51.80134462441025,28.162275204239418,548.3160413987587,3
19.405647990605473,11.408282167728936,5.840215335445158,452.62442500307714,2388.4588637233956,657.8137759359167,25.02783438540304,65.0103100521591,25.197181251398227,610.3388830914957,2
17.15248031493277,4.671369183204375,3.700793657438756,360.5666857668659,2172.28249845052,695.2562741039075,45.27684084987488,47.697029906000715,22.70431754369923,553.8326150946325,0
11.820865013382061,8.274726291977215,7.128156620895797,392.616797432549,2251.183386277105,682.656914177303,46.198092161033564,49.122359104926296,24.236397671245644,559.9584600903801,0
24.273073845790552,15.458930878629097,5.498746959070275,421.1373664146806,2453.6212394811196,728.9051499019531,24.515362705210297,66.60540919534938,21.510270951615727,605.4471574592916,2
27.153515605989206,11.964485650376162,8.362927784295968,292.88306298646074,2066.3904255191205,641.4517847669971,40.871476614656295,40.686479734068776,26.417609404712596,538.6126908484765,3
17.619101369721054,6.085212999443305,4.918761552563949,404.3972559558694,2264.064810475495,705.3877535129102,38.889809114760055,53.35652880727648,25.87681040676474,571.8976005246627,0
26.447650858088327,11.138075272409306,5.020183425179483,432.3715667341297,2454.4640027957607,690.2969376680139,27.449162046684528,59.90784314817244,22.136991560791735,643.150001898413,2
25.179521280602813,11.75941571620502,4.149870792522196,469.2546465837649,2466.705691523324,702.4696467169476,28.174792665775925,61.810820183924015,25.78547753433824,616.1088877645225,2
21.77790222413929,10.397721228138508,3.9730536384009256,475.8435840041896,2268.048797131589,712.9132448083578,25.73201568652236,67.40401157009705,25.264341888006324,630.1643034097997,2
24.599648921515183,15.221578560157766,8.531206578442015,480.223702664549,2199.2518068712634,620.677745431933,18.730880802046947,39.021464470722236,31.739337254333275,536.4888066634675,1
17.199959300684167,6.369679564590468,5.841180020349177,349.9155878442251,2132.514266595182,687.8902817736439,47.17531804264126,48.90693070800296,24.427925075525774,562.6155386928881,0
20.551426728349945,10.431081611746041,6.517827976501467,360.91049737953097,2003.107267373313,639.3919251150594,34.24218172980879,47.36635593761533,29.660579354821227,545.0483534451665,3
13.158299204381745,7.77244215267175,5.738982648971591,362.153742079532,2224.4045443542695,654.9304118099183,63.66661607032705,57.56215059246518,25.221987290142515,550.0725391250394,0
24.24505231240384,10.623609116079962,7.002311835446533,308.52962042091804,2039.1113175908995,609.8472725129883,40.18355318346884,53.38579359738982,25.198091819301105,511.47654302150926,3
26.68774153342042,9.536846312166698,9.150713972807962,459.50818614862544,2211.286179629725,607.3116524614866,13.828890644206231,37.63346579217239,35.37778521744736,528.0228270335284,1
14.906825459321322,5.44057682103655,5.767525676082545,410.1555934597706,2287.097981212738,666.2640887978434,58.744336432087024,56.6253205499197,24.92248867191024,563.0350382001137,0
21.55621281497888,10.954971503246027,4.859037679033636,440.81344723152995,2448.122371655485,702.6358001169561,26.38820691055789,63.809485656949946,21.39210640911399,604.5224446480563,2
24.951439159498673,11.66462413340733,9.407408433978118,482.43915340217836,2159.0633997209425,630.77712557016,17.956419382028837,34.35427374854619,35.30436785591084,541.6986405324857,1
22.898239122657895,12.800099527376583,4.757707381149616,433.911600245147,2375.8560581836164,686.7182798414578,29.27341368176244,60.88507637933077,23.753627354144438,667.5140807016434,2
26.74018197441331,14.742426001494497,5.155627979793992,492.1631698970225,2524.302461172319,694.9604192049753,24.88843655319291,58.43169712697595,23.672431834558694,620.792012321872,2
19.45814654328017,9.839168259942493,6.177113233577629,297.40442056813924,2037.7413684583305,612.2563970240574,45.43397141600005,49.727209503844705,24.40791558783884,521.643125522495,3
26.555491855415468,10.550070712666688,10.277439943907286,428.37712929901613,2312.9588468630614,641.2591927380511,26.574844595269273,43.84926853314863,34.26220018921972,558.5744191234749,1
15.495331802217887,6.991394759886461,4.830601422261379,351.83742118989426,2214.2367340493706,666.1494706892233,52.45696403973332,52.06518701347284,27.244848818599642,544.429335876998,0
25.73845675310015,13.143544635288501,4.217706682914686,483.224212152551,2550.7430744958197,693.6962784089687,21.032787399581352,60.49944916929965,24.435834051660606,633.489053765652,2
23.318518746665344,14.197306958770064,9.432186199827592,429.3018611748295,2283.2060397127857,662.8833867750335,17.063904789184726,36.12923829370809,38.853015813368295,566.0182535555182,1
23.661443111576244,9.526421111348661,6.6142296849615505,462.79722691725357,2394.0585109715557,719.9359380339621,25.151794898867507,57.52725478434882,25.022691837455163,591.0912447262083,2
22.595830860532633,13.677665778165185,4.988078076171649,485.2442792315395,2511.5258335630356,670.4348783249407,20.560377346666538,62.75526943621541,23.489623713438938,590.401927967217,2
21.865560285213164,13.917597698809232,10.516632797206938,444.1950467149348,2232.361918205594,656.3225878751458,26.832955999910624,27.533001580176943,35.11264485205773,553.2555836042123,1
20.718160905915735,12.107546178135651,7.1834122535928175,359.5816465021497,2018.534603617301,675.7956707665005,38.666847383077325,55.49266633306427,23.41356294408772,542.8853003491938,3
20.342061559418433,9.594543557745943,6.9560524199579765,255.50231671617288,2109.594926905096,629.0948787442194,31.778796064535026,51.599394355076086,26.79800595216718,563.3305423728352,3
24.64126875831488,12.187040429340417,8.340682929577865,417.8160339069032,2207.839444171172,638.1439017153023,23.07673832474449,41.12161438995353,31.139028354149534,518.1578256359502,1
26.784365609348523,13.805389511825966,9.087112664297912,463.0475695967794,2123.7548954584204,589.8387185368713,28.123322195045677,37.593117907404654,27.293808099268958,536.7437696577032,1
26.63447625908563,11.553611070526106,9.042823694113427,275.7479847265321,2109.083668188627,637.3175189873579,48.33658685894269,50.89495139761466,28.041469744407575,539.4774737552424,3
20.12550825300625,10.88047482001843,9.060264956781484,329.22574177578525,2064.475533178748,617.6162549954865,41.13160562350856,59.8687886974836,25.80848088922798,539.6865981916621,3
23.006154588969043,9.581324416731409,4.477967319937577,466.3344552992859,2457.4546033364,672.8648773625246,25.727638262194503,61.30442338550027,23.52684261393236,629.8278025599557,2
11.114854517489682,12.564985033277459,7.483503344320056,258.64476968220777,1964.7613755984817,610.818365980479,35.76612748980553,51.534740121088106,23.527516509475866,555.5433139757909,3
26.29702515030599,12.53327936992449,4.236546484674511,441.87466081226296,2592.7000209806015,681.8246655058692,17.77955039734337,62.53825653987029,25.14196469704433,643.9138721811998,2
24.829787254259344,12.030316992003195,8.290766146124888,431.26988421436585,2145.018894355412,602.5170324603926,22.15128403327555,37.09827060266647,33.447432084915775,546.2484466586504,1
13.789998574382539,6.228616417328681,6.845640120209266,470.9701107413101,2154.032899579678,640.3215519354068,52.05682430866115,64.75109607211364,21.699620216069235,523.7403829672184,0
20.4316616094537,12.577878242358423,5.886777484705096,406.77119147274107,2548.789209305436,698.3940456923493,27.757636813716665,58.803399383670296,25.415758010399742,593.2061844707878,2
14.674668158910185,7.172119546979561,6.634525547369058,394.9814556203404,2264.9938551300966,660.922413179004,41.15270852663507,49.137335833797934,26.322983467848346,514.1268382765375,0
23.748980336126593,11.435444939998805,3.9181287217552376,471.1274712379398,2502.0823758699025,708.8798153416485,27.97337658593685,58.57670213048841,25.898279290500973,619.4770388246328,2
11.545359153615303,5.498778995808516,5.3657995667411145,399.87710737681476,2089.207032048706,672.3234028448993,44.10984951825044,53.737771167522496,24.36313935106811,502.5669215619164,0
23.120020345520288,12.158797468012704,3.3026368419170984,451.98285761029365,2585.4911695484725,674.5283776486333,31.06180775023902,60.40513999619185,25.33582082868632,610.6247677602247,2
13.357226641551227,6.3437352223555745,5.6050201138802125,414.1467027642291,2187.1995582799773,693.5445297137758,52.53492902513023,54.79148518608958,25.424733055975892,586.3999078676228,0
14.41565762839289,10.452894632661991,6.923094630441539,401.4770298391765,2243.519992038386,686.2948451698081,44.11790026829124,51.948885029052406,24.254506599384356,545.1107488538794,0
18.457395288811185,7.937124526028477,5.762750747447873,388.60858754926056,2146.06699816408,653.1868005126144,46.4500778563733,58.25744063456935,25.060139208227163,566.8627906108794,0
15.468618988348561,8.15028724399203,7.497775160391719,324.6876789414623,2014.5548477654427,635.7229457404931,37.632382485247746,56.26964510011382,25.07234265598688,552.8881237702315,3
24.85020963395617,14.892212332023384,5.5155875228373334,431.1061712732358,2519.4838337330457,707.3119974186982,23.329360303215417,61.579259355585286,22.772407875808966,621.8555742721837,2
21.613359032112132,13.187101502949952,9.016677786011769,457.57929693772815,2215.6870799475164,644.1214360204298,21.799077338623174,34.44614134506466,30.901266641519044,549.7046743371856,1
15.198069642014401,4.977405773518559,5.135413327741403,428.8248169001553,2211.132381285056,655.6762925585513,45.44828881681134,47.5106851450392,27.166365829690353,539.6739775956144,0
25.675873500620682,10.828291499660732,9.884588263064375,416.6714926214039,2220.1511813017864,606.2828061930569,26.457131814809024,37.03477726926691,34.35082996922379,510.89803676488356,1
21.139838458220712,11.697559624288672,7.765287631559399,303.0885361017226,2000.0852183993152,648.3145324470626,38.00762475862135,48.923802713273474,24.4902408668434,558.9778071549403,3
23.983840315254024,10.061547938062224,9.429332166739435,418.13965877218953,2150.650659243795,628.3344781486493,25.38380909479033,32.52126879025283,32.12919548328541,547.6446795509567,1
22.842923144696723,11.056370348625233,4.931017064284826,492.8713167603958,2470.36986212087,720.9443135321944,22.24196902973435,62.02676330409524,26.444144961376193,622.6089884486626,2
16.741111218839453,8.307167667345423,7.0381603014898495,405.6165790521637,2225.8567407031474,697.7165969770026,58.65418819419428,59.644122314612524,24.383488177309847,567.4003442818715,0
14.328121549919704,7.851429869373115,5.049275381734887,382.7581270301255,2158.17227150096,661.2858675785405,50.526079814763314,55.00025264531968,25.34530256971351,547.1928559358148,0
25.823787019732396,13.645665615634744,9.278483062344973,447.2490102887052,2234.582475645379,654.9459465451823,22.950422894595537,33.69860550553269,29.522455913170127,512.8553404770728,1
23.466953675860772,14.845241360848924,8.385861239098462,475.33334957356544,2222.769155195861,634.6625373267206,19.90382112406964,41.31617226008755,34.30167175371734,559.1374742438915,1
24.608893412502447,13.99593113158747,5.40684191421626,455.66213295741755,2400.0448584819965,688.1369193827661,29.000893443443438,60.8252348627776,28.304920943170238,594.5083812320848,2
19.81700125306351,9.42943489955983,8.185553429196107,347.61163452649134,2019.5478981489946,648.0680586756082,35.19069953478803,53.42402245614808,25.862859367537318,544.7962045315392,3
13.333262388101188,7.857754055570635,5.846058138577115,387.03514096873255,2200.2765955553755,612.3619036251164,45.67313588775436,49.33164607791049,25.92211195629028,541.0459085872451,0
24.66730365862036,10.544350194294873,8.971407576604228,428.51105265893074,2266.177485919913,635.9760334115082,29.71955723312786,35.69643593188027,30.912882600370608,548.2583668162929,1
23.982759873502076,11.437218874337596,8.543580837023743,405.38192454467696,2241.1216407923275,644.7025176847129,17.282099911749924,39.556345964938416,31.51273457602997,531.6396508958807,1
16.965479022046114,6.144588445609269,6.046683149610744,431.12045222964963,2200.0563977259694,675.6150509706981,49.592544273837646,49.99453353832281,26.83015704874844,574.6860531095513,0
19.820588357229347,14.672038883307106,4.9196135356307416,523.3843295340017,2548.9772995085254,673.0366672901375,21.59025490362596,54.466161196848546,23.907537979796867,595.8868976353358,2
23.866627167097207,13.27174297794456,4.415999559290122,481.8797101570973,2488.6069219873657,695.7911402472546,23.59222112371667,68.11830860714947,23.43842121180955,622.6493835562966,2
15.840377197449875,6.564873231960128,5.336199558648565,416.9302993176654,2251.811900890926,692.9156102207452,51.19305695907092,58.576341933232726,23.956905760537193,568.6589358627665,0
17.824497847198245,9.625023356145006,9.03466909728141,321.4416274976192,2106.7112349211466,636.0551907452684,43.48144168393715,53.68142210585127,27.52123231778939,550.6003996277182,3
21.162405413596648,13.427354888415652,4.533406400783269,439.7158830712072,2430.1255283944224,695.1827538394286,22.843627493129773,55.29441126821294,24.172154639875217,624.5957982831787,2
12.875171176280874,9.60421129248161,6.849498605863319,363.5222847096727,2143.128486548015,655.2825005001491,46.59428578603581,48.07462978348372,25.501481239822656,548.9779280972892,0
25.717264216581952,11.45795360026096,7.469285293826802,336.2591820786356,2141.3599340850815,609.4202237840678,37.85671534414712,47.368357757933936,25.584883113143928,529.3672316360286,3
21.65007247780197,13.264676048221142,9.671641245629445,410.13077349224994,2197.9196886096897,631.0852910810909,22.54929088396759,33.66658416758944,32.73991844499356,557.3297029149174,1
21.15648047159189,8.88122800413667,6.280438396855453,313.28001151320575,2061.068957521048,643.6001388898788,38.93509808330115,53.62499584950728,26.17620354495397,556.144692834356,3
14.24367489192122,7.420869397525879,5.26046481807886,444.4813052287345,2195.614656626008,663.7039329779515,54.50238468364425,42.31629311821306,25.070301158781017,566.981778923305,0
14.406858092930584,7.652337342834447,7.156763157463963,471.9168360697,2272.5045286508766,685.1823513810194,51.49647864394859,59.37420087851304,27.472287945457868,530.6055332380024,0
16.232269336004478,6.886125718720318,6.346111830892447,387.6141573932885,2241.5634164121057,737.0377160748973,52.982386494645255,60.919812830842794,26.497918996397125,561.1770111660753,0
18.434216183263395,13.627973088492688,8.553627139000755,377.1144483021492,2022.7584522262769,610.1698318020551,38.7956877804146,49.00430422260963,28.451906746699215,542.6379531077713,3
13.887616082301749,8.319166611589344,7.329313478967295,390.46111620919567,2158.9919576518346,644.7755462700819,35.01553877116158,48.44242172512705,24.25168681122158,518.2558000934407,0
28.59710614114723,13.83839947583726,8.33600063332647,440.91684295461454,2178.8143553990817,634.9211388686942,23.381054045766923,35.750781697773824,33.281424179807836,534.1094688418533,1
14.46722501998209,8.165484361901804,4.801976406706122,349.3265883186956,2217.064383556432,675.2472226381052,37.55808260799347,51.97447414134705,25.587318582303418,571.8389666506525,0
26.453712058789193,14.226338861629342,8.758204836603568,462.62950814925205,2176.726823598447,647.459353693505,15.945645751996297,45.861115778603136,30.74567516678257,556.8454407185741,1
22.495018393564266,7.488565362729561,6.621472598392502,339.3270107241303,1964.1227601440473,645.0307558310408,36.56685896394849,53.54529621504077,28.980907926748095,531.1025220806297,3
13.210545962088347,7.2815839512613065,6.727742399551205,403.0289828186969,2233.7663719965662,660.8452244104012,36.163774654836985,61.96250816836148,24.650560939787724,532.3897200698964,0
21.62432392244567,9.838814484094826,6.180689837001405,460.2255884302897,2499.935715462895,661.9548576880833,23.87638678424437,61.23124039374272,22.13866572423651,633.7805855258811,2
22.584202598742113,13.010033973703575,8.885272377840503,325.16454337946544,2075.8411205574353,648.9730887707776,32.301432043720425,55.12873761078021,27.196447846108548,530.2634514918577,3
20.59203028115,12.18546687423553,3.5527107928127952,426.1017200799377,2462.468765849507,724.7528011303986,30.991125365868605,58.07572713138673,22.975068764046405,646.8681927025007,2
15.571652279205086,7.8794253102897995,3.815856776871004,402.16206826876237,2147.1589785557712,720.749000013063,46.514321801253445,62.59370079874555,28.346867962541804,592.4009701691243,0
19.885921382450512,11.338200433375018,8.697701483516838,338.2337701219248,1988.1735961461786,621.5097132150828,31.958557949244536,51.02565365048125,24.902941122733584,539.3819115113288,3
10.417420982803801,6.393705571584388,5.870113158733216,373.6289512082082,2278.18091224709,676.3154335037532,51.31637100539858,55.234269645656084,25.864367249320484,563.8403579941656,0
21.65296335695041,12.804326062767307,7.574513545279941,410.38984670977453,2231.290924384674,620.646060430496,17.09812704651892,30.789150331868694,38.6980562895811,555.4525471978383,1
25.520543259345267,12.228754206434743,9.685145170945546,442.5655020615725,2194.9520268268734,606.8174160246714,15.55339112198242,44.26225928036581,34.40102842626142,537.0865011197262,1
14.25656660682861,6.523834289489916,6.586199268652914,390.9051185045524,2218.6088153939277,679.0633295348208,49.64330362955809,53.91961082736576,25.16195615869998,553.9059636956293,0
18.75252167967375,9.921335190015851,6.859454986263855,299.7203047593926,2109.7171574985064,654.7016678654494,37.17349853601556,54.10096203497994,26.860227671747534,563.3570547224338,3
13.195153810414975,7.969188863273968,5.26648047431712,394.19440412038466,2256.645800538223,686.4870856655847,46.67715250448209,54.74142303395793,25.856992957986478,551.9936510114721,0
15.44615948525055,7.866432274210291,4.8088936844126495,431.80618591089274,2308.776265766347,631.8488565139609,54.9293118643541,64.34685575814444,24.000417471688003,524.2433309644571,0
18.881532967297556,12.337068340701407,5.632278238201279,407.387172301448,2512.8675832715417,703.3828220752201,20.135633965310404,62.40973900826912,27.62462844545528,635.7363458827716,2
12.984214100752911,8.432286895584744,5.746697131008846,420.8543883381495,2217.3136027846294,695.0341844002968,47.51468127782921,50.90431978529332,24.60845157578514,548.0340176170289,0
24.500195868120006,12.269489515885358,8.985348674242186,451.09131812535406,2243.676532261436,594.4733948761547,14.44842613295554,44.37472931789656,34.71331674968172,537.4240391306759,1
20.34718779343769,14.31313213962384,7.316016655900183,327.72023415125375,2052.3113738840784,638.1553874756829,32.64440043941839,53.438179336816276,22.768911567700968,541.7511843445105,3
16.32533194077097,5.9188874771461375,8.192676723018241,373.1969379634509,2123.8315083784064,683.2073740534307,55.634532961704295,64.19386844408943,27.304674049848607,551.3430020538142,0
20.285788928255627,12.509407634238972,4.612878182703233,438.849780194936,2423.0820502743254,680.8176401082541,23.57481675433818,62.79127268052533,22.29958588212321,614.4753841227556,2
25.33554585228765,11.482115858964912,6.110473372290215,346.49617091181466,2069.927838826089,634.4105127214739,33.69662182983504,58.76932776418669,28.388771839554597,527.4532224159677,3
12.958753960973326,7.528610877970148,6.380395964858603,339.8075565287781,2205.4569708001413,679.8603512269639,35.086517612258184,57.45641049461458,21.415650085003687,546.745370811049,0
20.507655273997383,13.09029526124782,7.158642371903425,314.81172625472004,2137.6870351082803,614.8471212234396,49.52757063632497,45.791857099701446,26.961391098815692,551.4408623628265,3
22.366558243546965,12.308246375427446,8.43492317953803,274.5402908381344,1966.964714094183,645.4811874468969,46.76234026539928,53.009329935589854,26.73883484566923,543.1481709675787,3
18.572338613198177,10.451875046079497,8.996859735943888,301.4116503067851,2095.8744037672795,669.4641769726596,37.343998691171336,53.42706209376322,24.209473046879722,513.3532872115619,3
19.688325651054328,10.87990126194273,4.4888934550128115,447.18240279136194,2440.9585046799366,697.9355954723633,19.744129820471304,59.90947550560923,28.144809838099548,629.2742621483775,2
24.766569959593834,14.010012718480084,5.961210137267096,486.6933621204249,2434.29792803936,723.4852504080595,24.967233046876498,61.341771807753084,25.73965529499353,662.9463134366415,2
13.507803486694973,6.4952150846834655,4.982441601670034,413.4554264945837,2134.1797889331297,717.6632103600665,41.72290668161647,56.84568220933761,23.911795636771977,545.7490751661635,0
26.233327064518615,11.049651595834112,4.134740520450843,485.9252157017381,2478.4047861822946,704.342176699695,24.148625110709844,63.272658892978356,24.902117805082366,632.8443203387426,2
23.184003621487367,13.405326463005338,7.941840957441614,426.0771943923877,2182.478897125032,623.9695959212992,19.287153266347847,37.71303765044104,32.897817356324616,534.7595822358404,1
18.67382705664263,6.406299729231821,5.108230256997687,402.19314108310635,2221.0630083017063,686.799216907258,58.12797264881078,48.5862984305202,26.112355511462024,574.1360253982974,0
9.654331133794123,5.24869861364818,5.48836056605028,433.25687560552143,2116.253228960914,646.0151703869736,44.77097870070957,63.18211853706711,24.159690174498962,575.8901908654254,0
21.240733072176436,11.275168186655726,7.869376758878403,421.79023358027354,2140.6625479231143,616.5935338885643,18.39878840673088,36.41700701576454,36.698295168963305,541.9101371567966,1
25.42152374193988,11.195328245840527,5.867672939212918,339.40658986453326,2036.8229193743532,595.2906906816896,46.21569327071528,48.37567377705314,29.359282969252863,541.521925113209,3
14.176723355567582,8.386238235421756,4.895192496785578,382.8070682216851,2195.105958319033,664.9574974211904,39.907946061756256,62.648563953746184,26.050314580060544,589.5974778915324,0
16.18181264558671,6.981000188819686,5.341918198331872,442.3794696929636,2288.355671112753,660.6756176977747,48.576342834704654,59.89681156346539,25.735406458359428,555.4003380436701,0
17.38228590617773,7.051428846804408,5.842631024437747,466.3140942599493,2261.6990319475494,670.4464474162835,38.381999510829374,53.05339838716051,22.29346221457895,529.7349476437461,0
21.732879862911684,12.500658912399516,4.022453772110515,471.8306485536061,2474.948447476526,688.5416467147539,16.783401147821067,52.44167307718369,24.613686858478683,620.7132848441099,2
23.684497828862597,15.190382422970686,4.430176881363316,484.3676861160072,2383.302994672426,703.5972763860688,29.31927102430408,61.85334374673319,25.350283943271013,662.3977694569272,2
15.638800527582458,9.483488954729001,4.602411710965843,331.24559947709594,2286.6461898957887,670.205724429384,47.75197631421654,44.67948983923928,24.073663590950087,516.8939246087039,0
19.11997475596637,15.236512740421091,9.782187059681764,512.1094151699084,2188.2351397037946,626.6835271109777,22.088366972702964,37.77455559512432,34.37496939867075,544.1039787092376,1
18.67477335097504,5.326556493373344,5.3987450606801755,445.8988360696103,2129.1728992167386,711.2406778215757,67.7631246502089,57.303861032079666,24.670016499729645,548.8153855209903,0
17.03773442525364,11.445718488976572,5.543942044127335,296.5919064655512,1997.253717041438,615.873692865287,41.00373955971914,56.324122209200425,27.06783944810989,560.4736246636814,3
20.779683128084482,12.577884336398654,7.437460649776275,280.8358153797875,2082.6733631043076,603.8046964458658,37.13628297945648,51.63299393296105,23.990018103201656,538.2665844491288,3
21.81047858616188,15.796076445158114,5.227370727376129,424.9693644994221,2541.8006516609125,702.3275995562116,22.12635938572984,55.66081948925743,22.89134067422448,607.9633931760725,2
23.272509973948985,13.442979625147684,4.831940229867821,474.06802486161564,2434.9547677470878,744.8233104291571,25.45046126792961,66.13525391758017,23.848228960774485,612.116801292755,2
23.71426111682799,14.577081330915691,4.890504375457601,448.2553671005871,2492.629810714558,711.837571782119,30.069422268021217,60.957011938429055,24.30503998757428,631.6319974995748,2
17.20935843080506,7.878184054571723,5.791066132108029,440.3019109059478,2336.359640653438,674.3995310438306,60.97165068713102,52.90599464868636,23.64638339640261,539.6810811994661,0
12.046284366308537,5.8752136375540065,5.312886439184822,484.78216599915555,2174.054084113358,719.0220627750919,49.97941728956376,48.01649941207742,27.205564494655146,594.229036475273,0
15.483289043353503,7.202399227698105,5.961919367285068,423.3842301274302,2211.8991427555993,701.494739312545,45.4974706371483,57.12604129799952,25.143242057021368,535.2419909266039,0
28.405834447027292,15.127476802625939,8.49785042814992,446.6365343889576,2204.698311297921,623.917311685932,20.565431303819402,33.0341921497907,32.45446160384436,549.4141350392462,1
20.37489639638867,17.275225616258783,6.314677913272224,420.6357554627573,2446.98742617121,702.8649831028549,22.048957606471223,61.372884260105735,23.58521276502338,617.0829312762278,2
22.016203269079217,10.294483689982819,8.067037050918875,303.48996495822604,1994.055887102028,658.0297211166013,34.911186907580316,47.46701578109176,29.84291207548729,565.9320178045206,3
24.439329910072697,15.461581037954797,7.867308013647717,430.2620024933614,2271.160982081883,658.2055796960638,21.554685133003055,32.12388017104792,32.930371930618094,541.9440800302145,1
19.089107174938665,9.80737010481193,9.437902181791788,290.56188499189085,2048.814205690899,619.2553678576522,35.46822868837011,46.12701681666794,25.642179928395123,548.9949963819133,3
19.47453631818951,10.497365257036565,7.983142023986514,373.8337715945461,1941.1842909165453,653.5629561683405,33.06692726114643,53.02788271001234,23.11861885767237,527.7289389908029,3
12.982927916113784,7.486320949114132,5.28636373928509,405.0304857294794,2152.335691882078,679.1071136450291,32.02820797705603,57.98025308743164,24.263898772341424,556.7049754271887,0
24.488475736811914,14.081365488988581,5.984929907108826,418.7379115248584,2466.6585815223953,680.8146398186806,20.647706712406862,59.76239049309895,22.71818106951936,634.3909282097309,2
27.89346010705713,15.611247560922493,10.200102884101998,451.8559663174395,2226.370322554248,631.2902240043371,27.086631988187804,33.35639776628645,35.54345814633193,549.0113160103015,1
13.889345562361967,7.684744824882734,6.28033429588138,399.25811991286474,2186.066127293487,662.600926722143,45.293992623319234,51.375607459289796,26.20483877193817,550.647058895286,0
25.17540797197609,12.411371457626956,9.344841045878177,446.8305302616749,2189.1690621847133,619.5928102066998,28.583821199393228,38.773581937446586,35.15987263211454,523.8214853798935,1
20.704155630647385,16.137323461509126,4.2798122349327326,468.3439643922836,2516.7879331304616,743.0931630650596,22.52608285409134,58.1352300582156,24.713224324802514,621.7620566148717,2
24.120203367437643,15.019886662676164,5.536429038533774,444.49977915085776,2451.4065815365316,673.7911216576817,19.714144853889813,62.66546999874644,25.301488217563534,597.9051942981544,2
16.62752737993242,6.610013262041419,4.972415759265338,374.28548735934936,2239.709395805772,682.5693387858597,41.43691715221537,52.49043392791542,23.602711608253838,517.4342991527336,0
25.974243528718624,14.08842049436865,5.975167937963328,424.3931314912287,2189.0955037099448,582.4321274302398,19.54023814506809,36.33143360553897,36.21439212850396,530.412116183321,1
13.243695266142499,9.287577650317214,7.091029055184135,379.4124647549767,2216.9488191059017,687.4838622843471,44.11363414153012,51.61049230113283,24.309270777590527,548.2542598431609,0
15.892644295086127,9.357945241107675,4.659793143348842,427.7096171895917,2217.8130772714503,684.6527099891155,60.82904682291125,48.53732008113942,26.310651949158355,563.4002552734433,0
23.12462852141468,14.0002957843434,4.331567359183261,498.8511253291029,2452.8343362066244,677.0530063064333,26.267518915133014,54.35564766007016,25.113378378814932,624.1885757323056,2
21.02686776519696,11.793390318492811,4.766194124589659,421.63589798177384,2480.29302968118,685.9391258473054,21.98391442207506,61.45348814292262,25.123900663146824,598.9832266788397,2
20.237752747213502,12.387602990210404,8.996162545989561,436.2154235221143,2174.3753132128086,627.6884480985761,21.60877152708762,40.94299811904248,34.58621044474706,545.8869814074619,1
25.989966786777067,13.359167241167237,9.160452055730737,459.9975108495725,2147.5173439375085,598.4583136469112,27.36526193192815,41.882353867398805,36.018676952423974,537.1194122875229,1
22.379956223979413,11.683853502397277,9.18383971910712,318.0460738293691,2142.642028916084,648.3305248106318,28.65010668894804,49.57698297586628,26.20472060852406,502.3802773308401,3
22.636682600363905,12.961653316038808,5.315815638437174,455.9122217452662,2499.351067149336,697.4120842714614,17.02877014660891,66.34652711549272,21.92349889690491,633.829019677692,2
17.98988262246879,6.246480653849934,4.990546270902672,419.61348541538115,2281.4665808313234,668.7760151153682,52.405340994156816,51.08724928325917,23.86711622400641,551.4066502343871,0
23.328895354237407,11.449894759390787,6.397316013764719,357.52710765545464,1994.446595423488,605.052955715953,40.45998773039632,48.53105257463304,22.447684233283518,549.942152415734,3
13.844211783844688,5.8984672530765145,7.687923971529466,450.2076320285549,2150.0975939426944,657.5893605454116,53.941598986229664,61.92300094901765,23.67784534029817,566.3367600397854,0
21.638847774964404,11.734903850263485,4.651613694245665,458.35850872534763,2539.92203294918,659.8323240331497,30.688112094874555,58.83894156199468,22.150314316099447,571.7302092408698,2
15.66859025699543,6.89715105001862,5.099915970354111,430.04593530672895,2377.161019150559,684.3298563349902,40.23019812915341,52.69086403432127,25.728082162226407,551.1349998633633,0
17.33211705412652,11.933864715874504,6.167334239345553,272.5497056567741,2051.133806800221,676.3931376043679,35.74948117205917,44.37737149178927,27.69027784098945,559.5904847986094,3
14.425233276901647,6.9383650462746935,6.799674019871989,401.6571112103627,2137.8238215354672,655.2868766206664,33.92527054497962,53.901699064574565,27.80094489439556,582.3925173806921,0
19.804064494025013,12.52427215387269,5.964768315345571,230.36218345623263,1990.8091209942554,628.3174292009468,35.86056917005967,51.87386374653064,29.0585082517159,524.4924117873923,3
22.36996564175662,9.873262355657642,5.017419162210283,442.85764171798445,2484.9403114447955,694.2617473117685,28.084258851878886,57.78663786885094,24.06344478685264,631.3491186974397,2
25.97544511547878,12.613265169784126,5.044780956027048,460.57399459089953,2445.876481882627,690.7216311507642,24.96437019290804,56.7803285413399,23.923737725740082,634.389419419956,2
24.051820882673493,13.613528805548954,8.782804673980365,470.58966616562515,2343.125060121117,648.586640192315,17.306472503352623,40.218016336576426,33.49719078463537,541.4405532056522,1
23.31301278457223,13.237485953442581,10.209086447089886,414.94723102908745,2141.873455246598,621.7763627043873,18.937223564221735,30.65887281025555,33.150318992083314,554.2748857263352,1
27.468795752813776,14.150856229589406,8.354498730163295,480.65195305531705,2073.7389846619303,648.3908730409688,23.28788007698823,41.454592005058416,34.62098541019672,521.3373940570783,1
21.87811431717929,9.813828341878112,7.218397196588327,304.99378682137143,2022.8551803790422,613.982797953292,36.68407782645114,53.64557231360792,20.742805538530646,529.0223510733078,3
13.884457308021153,6.638428424010849,6.865685174720047,398.9721360151944,2238.4715120087203,655.8823482394415,41.862300430915724,61.82885237727207,24.214062271765464,577.505354923753,0
11.592014274779249,6.238057391077859,7.183720361192999,404.7871283191352,2331.6705144917505,703.9542596654815,44.56460009027257,54.99179583659417,24.99419013280521,527.4898969317272,0
23.888673444256217,13.526817648762602,9.5550314851657,485.13525107465773,2130.31687869606,627.9455712528056,21.9665025687362,37.91937897988867,34.59962756074265,551.65104564019,1
16.117097918548446,9.921173044679106,3.884434835531006,410.31006689547064,2167.085757846062,690.61082218993,38.52168781683345,60.31741672091157,22.265680599003094,560.6619783869859,0
13.223732292532695,6.971087447598542,7.693048885422543,391.7489751228795,2321.172610155241,668.4371433570668,50.75898183878896,53.539831038026755,26.522932830377982,571.5105081475815,0
14.61739135023677,6.013647420678473,5.183824915825476,440.0550190864822,2209.873788733556,680.067958344424,57.66540561848626,47.68124840296739,26.12206559403882,546.9435065777836,0
25.720265731877078,13.813130239817797,5.508633170448726,475.5683826225603,2652.989692380836,671.6642279111593,17.724530809562122,58.97377516109627,22.435109252780478,617.2445416916794,2
16.803680108745482,10.196209191193201,6.968123116652538,301.40860260163157,2024.371909305361,650.8521879062655,56.110650270104806,47.27533481424259,27.993415035128265,543.0111453884186,3
20.63108465188269,13.275779563657181,8.460848611555317,303.0096509529998,2095.3947019481834,624.1430605001004,33.982507312050586,54.636448449176065,25.93502588566331,540.8339932929998,3
21.260503069710722,11.591807775875223,7.832730800068891,341.96369471061024,2050.556927288464,648.4915587215984,41.20138559133265,52.22849815647838,29.25679184120706,551.2025902578102,3
20.660331075303482,8.138490609046405,5.985952065367062,332.7341176716333,2075.819549480174,667.177633103613,43.32951255337123,53.868013990206634,29.958881221233835,581.8934966110523,3
20.91969468371654,14.472100978921342,5.99086560273649,277.1737418703161,1954.6711683979058,636.1364630592656,37.819656070350156,53.58659475978566,28.766018866684494,528.7485516332217,3
21.184876979063297,11.78275351681734,4.879480535151548,439.6390227326311,2460.3379873280796,683.6547289858097,22.531677505455573,66.53419578375444,21.69989461131727,638.1421217952193,2
15.423219465590101,7.6688700313066755,7.0597058528804055,478.2961606862927,2209.9856588858315,671.5679880324986,54.59260573417784,53.040171287687556,22.765384274779866,573.2141502665032,0
14.118695156860515,7.092815516759119,5.97570045616485,396.81609459959327,2194.0949856312914,678.5446029053622,56.42373632130007,54.37864179034206,25.82376023506775,569.9805998223314,0
21.542589171825067,8.648528481467709,5.581858783115517,269.72413106852275,1993.8038065170845,613.7203459574621,42.61910639400133,60.998085617774336,29.20687752238635,569.9616794819832,3
25.201454688309003,14.52415126846184,7.580375806957138,426.20936558383994,2277.171707327419,621.7628928357747,16.864545269304546,35.49505026634623,31.284982790862383,536.2016057468601,1
23.753275726784704,15.03844371497059,3.8722999043081217,486.5438889320272,2515.1312937853795,709.6257897785298,26.17090441707786,59.95788576561675,26.41606030684794,608.4546723337619,2
13.999277845206201,5.8155901003202874,5.851832098992847,367.4897326069104,2190.2133276013146,687.4488209351892,45.809412143935475,61.28344425458131,24.17148595169034,552.6510424945533,0
28.009250489354265,11.52477207505874,10.199274675344926,429.74871577005956,2166.7453600795766,625.1674526197685,21.255228369654994,41.58531419497179,34.3777035791912,524.1421764898043,1
27.632401463277706,13.04891155172437,8.64665697550725,399.08165577946636,2190.7696390387337,669.6292621387868,18.56332715383311,34.54242712137565,32.442468485193224,543.5744457342779,1
28.052255001152446,10.10927048603265,2.8748665420996558,456.36696076091346,2622.876370465646,699.1423000869985,24.432452188398777,65.19722193592945,24.928810051541134,669.68217753563,2
24.744053806081478,12.709974633175586,6.089250603189193,468.38554545445936,2528.4240154576582,711.3033922929902,31.69471723358358,64.75396610048128,22.993747838179747,648.0059221419139,2
22.017114866442267,14.82369172509871,8.737333967099529,436.86665162328643,2261.491081616553,641.8129052940191,18.009914686544978,42.37761713699696,37.699659019524866,534.3112230420859,1
15.525498450294277,8.090434683575388,5.713295299157876,433.7752223501782,2241.4117965107425,674.250938300334,50.93775686323441,52.48471907317156,25.442459084001246,601.7199190789454,0
21.839969938031736,13.587719134587449,7.950561623645385,423.50860467989946,2125.577710803298,614.0907113819057,25.17564398566593,38.677930307331856,34.41579475923108,548.1857343803073,1
26.992369378160998,14.214819463858,8.266292450716145,436.8139843109574,2132.8103648093547,612.4606506154078,21.79215664096293,40.42174807652155,36.55264678449551,529.4627306925612,1
23.506395989278694,12.122066642638922,5.327168921453046,444.2593433788973,2500.109890282541,706.4157891979886,28.100397237755928,64.09363451685692,19.858081261745895,613.9346153219752,2
18.163008215037287,10.440092654442763,6.409941370230183,315.7659581128792,2042.985020677421,619.0737191133848,35.92406510499849,42.27107632760327,28.070567140995905,541.5309669834988,3
25.420709713785268,10.5055375278469,7.899830845700885,293.6906890496382,2025.1433489524957,648.467180125182,42.92344181283685,49.811376455069556,27.28212438908654,581.3860906713466,3
19.070146605462135,5.493883620786512,4.973190894606926,386.56426921558983,2141.377596890009,697.3566880109945,40.24419118801265,51.39332083898998,26.725238063597843,549.294036752249,0
13.494216165542758,4.790528339034395,5.044780580582979,385.82246664146925,2275.7643258756516,653.5399969180329,45.89158039196711,53.37435985877631,25.938681932428377,580.9438618138748,0
12.995312038618398,7.990556842039432,8.271809076055469,390.71649291077824,2308.895496446005,694.8776920695585,54.788142913519906,58.634752089853095,30.9181811812862,569.5885266786435,0
13.958823174289178,7.056997395206496,6.295272946068597,359.9972620102929,2239.261687382219,694.2432908629249,48.55359360085907,56.995870783899946,21.716403332897826,576.0635613577634,0
19.86349164725661,13.154613403201456,7.491360688134758,338.99700998955154,2074.461842735739,620.4702065459871,35.14579449143607,45.29501178492358,24.955573631085983,523.26047192666,3
15.689209809500715,6.8407945106979335,6.821222289219133,408.0142210193372,2181.6837048122006,651.0589128915353,51.4187876922346,50.321349600774376,24.381368795890978,591.9756381550809,0
19.808822371075866,13.579088705749344,5.42120787172826,406.68552927255615,2509.622924492479,708.0028276161634,28.939100863615298,60.630149135840774,23.87694993751519,631.5796653214536,2
19.907568348887125,12.63856780036416,7.154972306195629,312.16964097719455,2049.000011403664,656.1496279073281,35.5714586597667,44.182027852054915,27.80712983832864,588.0088317858368,3
22.305212705892735,10.88916106642024,9.731516505405677,272.25287439389274,2126.5525485760227,619.2459328610746,38.06436129499048,56.27598294818727,27.84787216718322,574.4790419898536,3
14.621511318127189,6.4604482941694705,6.280241152511767,408.51229076354184,2303.573857362005,711.2253536311824,39.78905139886568,51.72278168665175,21.01700187510064,555.2638731196288,0
13.880855427901022,8.170945573188293,6.627172799621222,382.79189044712297,2175.6289561704925,681.4358273809698,52.66760532016526,52.82958963459927,24.000910075637726,539.3534793845143,0
14.145494707326932,9.32560949072122,6.281028664763655,382.56271165017944,2262.1401181767656,715.451788093298,37.35541981629417,56.46295775822436,25.406400676201283,553.4205163796504,0
19.007808677514607,11.525243042781806,6.6854138156829475,326.9552915417231,1979.894528446229,637.8267764982801,33.19622372494041,50.92745040805971,27.842151278292953,548.2273258886605,3
14.21907210107438,7.4443598144517615,6.549765553658123,408.5028382673986,2221.3502407822193,684.0906374373762,52.60064575357872,55.2419703252327,23.52960712367537,543.7102255305208,0
17.671568672640465,7.609810422644164,7.337357551897802,427.01512121059085,2217.2034360589896,673.9130386973186,62.07439823376605,53.879025558843225,26.788048806180516,551.6354057454895,0
23.37978237375412,11.858845435725021,9.442614438593631,426.7405527200149,2128.6313789753053,649.9938334298279,23.841740715938382,37.368740721129214,33.12709143517346,565.2752706761831,1
21.02542167017086,11.927090176724848,4.3460640630561675,474.43573282223025,2356.4679071447927,656.4537131961463,21.74338845308602,59.84507887319878,26.899315970286484,624.8872261451737,2
21.387369253227824,14.3353742291461,7.261732279212568,436.70869333506374,2153.351144181466,601.6123903720886,22.917875216763555,36.0577715345506,36.59347481456157,531.2476823651906,1
16.174518333605583,7.4841913401456335,6.879009639236113,439.4874861938529,2207.0927751242757,709.3619999247965,46.76860696837579,54.970087247469955,25.904043271568455,560.8912568765562,0
25.63443664050487,9.643439488012605,6.344450855145116,284.43070608992434,1898.2449802275482,604.4433761368795,35.00230922500925,59.91510385357792,26.24585956280983,545.3319426346003,3
25.119351931204438,15.58401768120758,9.34058432435092,448.9764374513523,2252.275308769069,606.3519637315552,20.254119693526192,43.45059097202898,31.91874669993942,506.7132710004834,1
26.345346136409223,13.248637743383679,9.301105382145257,456.6062393417896,2324.232750424292,634.2197082543009,22.382012197961288,38.575102673054886,36.03384813127335,543.7592344036057,1
26.520825888244055,12.353463843498389,6.16367533509402,460.9783491097199,2415.1607418884796,688.885022281513,21.615087725374842,62.08631547162579,22.372828756138396,642.7317112243499,2
18.221873990023788,5.399196716661794,4.630389997521172,421.25324491262575,2147.638504459906,697.6410273442136,39.59129311365492,48.657089636588154,25.099737688002946,523.9681999500484,0
21.714292504023202,12.3292128559229,6.553534185617856,327.14306278716634,2075.5854834532815,607.7694763824362,39.86301854248165,48.06982523644943,23.751265914955276,519.542820732095,3
24.609439551733228,12.823573109964851,7.994871482533911,416.5055685799473,2155.6066232857706,609.4911798187634,28.483611181788884,36.26153522007894,35.75333524558367,547.0711848607486,1
24.686985858000007,10.918489969899582,5.8173218919945775,341.3991106741014,2001.88918583178,640.995419131846,36.56403282415771,45.32885606434451,25.025360446736926,586.690096311149,3
15.183040356346416,8.377775699169739,5.713040024393979,390.4161111846262,2185.7223949104628,702.4148901494996,41.07510638647843,55.4103599811365,22.968866676189027,549.7917657285518,0
26.312319021262546,11.33755302984507,4.134933037604327,436.32490377663595,2395.189069861044,685.0620035701837,27.233493915321453,59.75668613106014,24.223699088774744,604.3434026897646,2
26.291908407193297,15.247824573113043,7.7124445969297994,461.16314364648724,2140.6380078891307,623.6093314240177,22.15450304626581,40.8440196765457,35.839628902838186,543.4826218258947,1
22.503257439138252,12.232565425557146,8.410881479575561,357.813773086893,2090.453111867936,649.5146442999644,48.43034010776894,44.8235898691094,27.202693761284042,548.8271004796655,3
23.613321428399104,16.69845683140708,10.688070229624792,435.2118289087073,2249.3856823493966,617.3600751877419,18.553580400222337,37.09003528098597,28.605032296957866,569.8281225780238,1
13.691433446624888,7.594041567397846,6.414440122892475,386.01027733107065,2194.047719375322,687.0149032576952,44.43662802626559,52.32673571159197,21.990789542672132,534.0857986134328,0
22.36999181133867,11.632211867313215,5.509204265925396,455.64641933430124,2559.612108144836,687.1961544672035,20.150649489690295,62.32928843297462,23.237544770885904,638.5617774858183,2
20.43007234947306,7.645989272727103,7.556586439680868,295.81117363925904,1984.7670789843837,626.9600667423136,44.68137664308363,51.6888275719892,29.779032174445238,513.159276486824,3
15.67316625321087,7.238844120872437,6.331223228592581,400.4591769857879,2204.998087378093,669.7550628292611,49.27189529862967,48.38188865225007,24.873438142166425,544.43778929223,0
24.49211706529895,14.904090034330602,6.278436344776699,489.1543849384167,2443.3483873053688,694.6420674080645,20.383382342662397,65.29107762317103,25.285814254971523,616.2201926027096,2
16.863146025748488,5.027257584023527,6.408451736429679,405.14836990876256,2244.6570338166007,687.246898401969,52.03637627098647,57.955654835987794,25.24833046426676,567.3970796065306,0
16.936556709182963,8.208264195233037,5.056139072904365,393.54963386404944,2199.679956419694,689.2613856370317,42.95625775701513,55.20460356228077,25.771636935743956,577.1307863718489,0
15.470552223176528,5.8798373355308335,6.506532512897827,432.7815562649223,2198.7323996631444,699.1108112896057,44.44257591402436,46.29169327708687,22.941616313457853,538.9898579880867,0
14.276459045111658,8.627546406345171,5.890156827667573,391.0023739317922,2211.4165074547955,669.4336488057668,46.580366853310025,51.100470863440364,26.77768755770886,529.3856512656324,0
18.067767345100272,8.717483702346575,8.545941642211028,339.39420285123686,2150.975121564803,629.0085721286498,46.77942846828983,46.24365988373952,23.2885213605386,543.4106016372449,3
15.135158138977783,8.690351996176574,5.927362475656485,397.45194828908575,2300.611309258994,682.9465661652573,48.05359123866419,54.08875486103587,29.019615497942254,533.7861498753635,0
23.98846521224095,12.635998342882187,4.926307541321397,437.2814349403808,2395.882385142544,725.3329474612817,19.426649168542543,62.7002082121095,25.070335598643492,653.2539622832003,2
17.884609582372487,9.26683193039478,7.015482416497694,370.16202458019677,2260.712268498313,684.5423907575894,57.77518808885335,52.50775537254947,25.82723977094922,544.870457702297,0
11.12606613458917,6.636196189801528,5.984366707175663,384.85942458722946,2224.007753080567,701.1002097769285,48.823422773805746,49.418824994606375,21.776383464797142,526.7601484569955,0
14.452298988907526,7.161195457565742,5.646769039741786,379.2721299692341,2285.807416300246,697.6277352391662,46.98109778342956,51.369036270040645,24.581614959787938,560.8084778259206,0
16.35782712614379,8.368396213612908,5.4356227071067575,440.7427020125232,2185.4973490745715,687.3913041225109,51.8485979084023,50.17916121057888,22.344623445122863,576.4262568874522,0
12.95543943670534,10.571482764115672,6.643174310022669,426.8857376054717,2273.503579878966,705.5260639997288,48.56706896020544,60.89443349803105,23.35690712101313,548.1269344715391,0
23.545932831884105,14.420070799019271,4.732345309541331,445.2381994783637,2470.141330473972,691.0907095611733,33.812681000768094,55.140737961456736,25.202005462795626,586.4080020019987,2
25.934164056612506,11.488259349029157,7.746126459882523,353.88731427630364,2039.3644751281747,650.1678504892698,28.764274626188133,52.23671097753365,24.450644265247952,554.1685652784879,3
22.033420664089952,12.136804015739159,5.8225896305538685,469.53483508659485,2507.454366531338,692.5762553520926,29.416728715228533,62.18955399090896,24.297394036779195,626.7549741679918,2
24.257963060337254,14.962033707417934,8.803757472409364,440.441228561884,2169.7697990642678,628.5738559981088,20.26285673098949,39.04739981835818,32.351681807827255,533.3292361919445,1
14.189461469101337,6.554626384371433,7.527418286628101,381.6423034437987,2160.18738341312,673.9804826938949,48.693297138986786,54.03682968925187,27.855959538216904,590.8478375680778,0
23.777687093271695,14.963514770853307,7.58206074945836,464.20748721646083,2194.492113227409,632.0420349413212,15.438859760231377,35.22624917552895,31.95310329475643,529.3046019884963,1
22.92437352880531,12.897345680805486,3.5595054001060378,487.3992016805755,2553.15914316339,698.3287438802142,25.250834557409163,62.10818327524204,21.468231480078053,629.000449110293,2
17.594418063699475,9.446641249725449,8.019880459704005,306.46473932934794,2062.961635861337,633.2743168159585,35.70397215073222,46.95197497151813,26.192070612640514,560.4856672654586,3
23.31643976025723,11.838330827874032,9.60372226639333,463.3990800930694,2213.889941226568,631.3776667490791,24.27041362408699,40.428569866510735,33.015728463641246,554.888781711141,1
14.295732899023541,7.472143255330963,5.993181579813198,357.16131786072367,2243.03388055103,638.0824225074635,63.38707990975655,50.370679787533874,26.062348887367712,549.6379261395122,0
18.017466169650163,10.626503377798402,8.754849599919618,329.4709288125597,2009.3920514780868,650.6096850250552,43.655316159696234,50.61214244579955,25.156162106307647,559.1511855759696,3
13.608114776658594,7.91226563388668,5.529603057904557,413.7409183295404,2294.700128090774,693.4915071319037,49.31363308242982,56.77195667586817,25.03561324297329,576.9883288193968,0
20.75939803157443,9.289937660140838,9.083034623325277,332.0602115384541,2056.2224391734862,642.7842048441756,42.21813897028494,50.68587091337349,27.971831840243567,574.0987130984365,3
13.473885580610466,7.55152058819675,6.304444647662468,421.4248775851302,2234.1732646702108,684.1040544927429,51.51363385085869,55.54256682306645,19.29935178959727,551.8297521886706,0
23.71840259509361,12.547361571685482,4.859746536581832,430.2697938119141,2451.6849752296425,678.1281711035842,27.076157421626597,60.240034177466214,25.776775934491283,624.2006182169733,2
25.37972650641386,14.07010334261881,8.56030062985216,437.8849178128716,2213.274553876461,633.8939228270904,24.575793287223945,40.6101206907961,34.61147568168028,566.6923812316467,1
26.01780123359883,11.82388793432409,9.99407559566512,439.3996369119597,2136.3012485068307,625.6679464485052,19.738277411108488,42.18043767505726,34.97620848775251,534.8439670313913,1
25.02404143893643,9.187776100316936,7.858496309188896,404.5866956473962,2261.6585399384703,610.482216009686,28.090091724808545,40.49018561019624,37.096622845861035,531.3286787307527,1
16.647506263752366,5.852451541071444,6.3913207288524845,358.00096866055765,2207.920286644542,679.8227938400005,48.42758829347139,46.866482775002616,24.964972525696798,574.1278053268394,0
21.41321723234699,13.932904851216216,4.415642935435352,489.20607229399656,2559.990776381119,690.5115148097468,32.85109100252695,61.977379857804074,24.37603217034748,659.8133836666965,2
15.76678772870699,9.875678209691458,4.486832281800062,368.1849454389612,2179.625959252106,661.1569185661426,62.664601813958214,59.15706531470352,25.09111564222719,524.9724294904639,0
24.66034365536491,14.682672825438564,8.810967423787348,449.12059076764933,2199.8636513367537,616.0345631050303,19.45452016104247,41.432108976596396,33.06451968646702,561.2187925014257,1
28.108342301071946,9.347611382863356,5.852325834532545,439.6012026281531,2487.2666280551266,699.7905203006537,31.41252502134897,60.8473974271964,24.295211808986725,607.8266835829996,2
27.856550322049088,15.559205571981881,5.164401947817716,433.4913906960212,2377.9434109372855,674.6428111464077,26.21796205233502,61.770745689509,26.036194510554434,661.8760922904877,2
19.196170564802735,12.4341433869227,5.5712078522405815,447.25805777436494,2473.8090828050204,742.2239854311186,25.408502169515863,61.010342385321024,27.30687267537968,680.7534011171814,2
22.75847861649628,12.212883043525053,5.409011913145341,442.6933996388807,2392.10097621466,662.9022918927086,24.115127751016157,65.96908219581186,26.5888438924756,626.0187297311417,2
24.77811729640786,13.143160115675247,4.590906489114491,462.0752397499601,2480.5121928602166,684.5674090975824,27.029889877211435,63.20550862277846,23.75519741605114,662.0217332881773,2
19.371756668385974,11.20098831472933,8.07794578991303,448.7485549055063,2219.94945710457,622.7743486327782,20.44487938973014,39.37276302316543,31.945666821655394,525.4920850775981,1
19.39445809472845,13.77549846845434,5.4760612528636265,456.9796387339585,2418.476750637143,692.8323154680668,18.784017448532406,66.4322356249258,24.215415374536978,646.8182260130512,2
26.523975460213222,13.38302924715836,9.497348226530482,446.88006024586815,2216.5219513434517,645.8310635348842,23.180137154138798,34.85099068262839,31.361601312926283,550.6142816803708,1
29.3596605057959,9.229653159456658,5.080975032232323,310.3255454832774,1959.0705244834041,661.0391307895206,44.452305201384036,56.03598456940129,29.718855249211344,528.4592702707833,3
14.25617083735742,6.321257542317509,5.61670244357274,439.3577859099489,2101.6198797430143,694.7464618805391,47.13856412017102,60.87235607995208,24.3379496377776,538.9359735278152,0
21.574815334169863,13.645422871385591,8.414964008523846,446.68525673788145,2219.264334796217,651.9672513431768,18.770045115825816,34.588364788295465,33.96455606250874,525.1828692889025,1
14.82424651516876,6.279339517763232,5.704116397434029,358.5125396754635,2245.374256159214,676.31949006212,48.24819698208524,57.81171279715725,23.241805552971915,556.5606145104017,0
13.246278443664824,7.403647854171375,7.279462143852193,377.78892761846595,2238.322839264131,669.9099789318677,38.64949632169874,49.21508466580943,26.760613904185128,566.5818780701748,0
26.071603696902855,14.055333279283746,8.341218817630523,455.40378893185493,2158.0129650564622,619.5521523818235,18.02496410258012,41.49270571206641,31.037943326787442,536.7760906963285,1
14.41244215969574,7.375125952973729,6.795634806117832,495.35883184722917,2173.2385943673517,679.0463636111671,52.77138131186228,58.49085895253645,20.691940357292587,566.0196457189134,0
17.37170363554909,11.017949830522113,7.724140333606034,298.2009754592539,2058.0855705002696,637.6097538792902,38.44887805954608,50.597449998286876,27.71887607556294,546.7177019717213,3
19.812669611765255,14.318998128316839,5.017531811140706,468.7861757782417,2504.026125904915,676.1140080968868,20.080036786698997,59.922763634794066,25.540571617942224,631.3738090594611,2
26.749114989476258,11.438259038038455,8.360500375791284,456.4608042246383,2209.5893302937316,619.4960143857386,12.715905964805563,36.68260376305354,32.72346331161667,539.6549685653528,1
27.215432464365453,12.094177197379901,5.462342218685555,449.16552063433875,2441.479586232085,658.0886288978741,19.51440728054047,66.27639929021518,27.829039781404862,643.7873553759749,2
24.62530690940571,14.016065029631601,5.555652845049449,436.68447771580736,2441.103784252188,737.27113719324,22.115010849053103,51.38091728438765,23.588187406325684,632.957049460135,2
15.736713225401317,8.619036890103189,5.264912846623288,402.69415874825415,2274.7225578661664,708.7964524088203,52.916436725188774,51.44543669116662,21.3522582899592,554.7851085918261,0
24.3853315120963,12.483425252030727,6.558390654866755,287.41481366709536,2125.0165444559007,610.1703299901809,32.08213698131843,51.968599099897986,28.984210362140374,549.9849885232236,3
22.991179102225175,14.510500406683104,9.307933585415533,433.34747508272983,2188.763220389371,649.8898764055199,25.24665269232436,30.36345073486927,37.03459047631071,543.4622796948457,1
17.95189809610702,5.508216685262628,6.619104168912138,427.8407063411055,2174.9508934799974,668.3375046823272,38.03404866595787,57.26750660769257,20.619528361464344,530.0880946087743,0
23.053321797193668,13.817548139204717,7.935848270588725,451.9547507340593,2272.3008298168925,612.4029040702853,17.427159979209122,40.709599521436814,30.185721544201584,547.1880855141943,1
22.440997106806055,11.802795542230463,9.878890397000179,308.5857033280003,2037.2460482826673,608.6872438120774,35.42921653110019,48.32651535213789,29.213545464811972,552.40485488544,3
15.343920664874119,6.561747007268691,4.023632361153779,431.6660512689937,2157.3464158456145,698.7378268919816,50.15895399772134,46.95333377267342,23.974910244644537,544.9356587144296,0
20.93325911602143,11.748253446183819,6.51191607798023,304.40794471494326,2022.487916799019,602.3002517691843,41.06538457804827,51.630852387851405,23.016520972566997,533.1018623148783,3
15.578718313914223,7.305441164496873,6.00085029727593,426.55864688916796,2127.5006833854777,665.8854997831897,41.27045393008126,57.03296578779714,24.05885502797816,565.7408506672137,0
28.33975904136543,12.71331868075644,9.29615795024799,439.5127433731252,2157.1276959812244,625.9892520941042,18.67904272189029,39.34185050571856,37.16009832630707,526.2265550819234,1
15.354792229273881,7.511769428166612,6.131541695133692,414.7728872656702,2184.5938916103564,657.6924467918698,51.727509665370334,50.03005286084041,23.529105361520212,527.974965118073,0
26.1155024414438,12.676729672747607,7.898487935594119,310.44767795632174,2036.0544250700302,648.649968631935,38.290874984821365,47.41678043455782,26.32352458013825,550.9872141388469,3
21.681166375905935,8.698198489027899,7.428613996733031,358.08560534017937,2060.5327396044563,643.8610488080278,28.426386478060664,48.18295683531381,24.775838039305153,562.7471569927093,3
21.297616216710985,15.037511728349367,9.048731565660164,468.2860227329592,2174.2021320255767,629.4809742566919,29.196584143386815,35.556976374164755,36.20361996735592,552.239245145057,1
22.299328821512848,11.211301942580004,7.998057803734538,344.14470223275833,1985.9386723074772,648.5544008487561,35.16431828372262,48.759774739560875,24.896272565439784,554.8005351099242,3
11.538656788985563,10.049527860031718,5.330134750780427,378.33698657132885,2254.6836799365833,708.4794899054209,52.55600262875081,47.39932675011251,31.87185523196904,547.8561184383856,0
23.498772933905016,12.377378487488425,7.548739527913664,467.66798573850457,2263.5065123978084,623.0492168088253,21.133712217389903,42.400037741949745,34.67866162299594,546.9908316234795,1
23.24641706648984,13.30738112575304,9.867195394989572,449.59923166584576,2179.958598461922,614.679990682591,20.140032919242643,42.66616080517755,35.35544923999827,541.1289053099111,1
19.083883019415424,10.846647978431985,7.463981213433706,304.00888334820223,1978.3949477229366,655.2755245587596,39.37019695075542,49.18719232863708,24.24406460539633,577.637547344089,3
19.26003757306941,11.915777071707922,5.971617667958143,514.1713333111442,2395.2770227767446,697.0833592350912,33.08043039250819,60.965812187267474,23.799927009851736,617.0390912798322,2
10.211479390199056,6.01800608673067,6.464292302055635,488.79454727110704,2264.7291723295803,660.4403902927177,56.29881083917272,47.08632552785861,27.69884043396737,569.480066170737,0
13.088749665197204,5.030227143755106,7.57671984711762,348.7742344805744,2237.8682693423752,694.6046753744532,51.19440783742714,48.281421110128555,23.34941964752533,597.230586626202,0
15.763792068983808,10.770459123564695,7.867910112722388,348.68466880540683,1949.1028103234662,626.2083226162171,41.6176952848964,50.906147350589066,24.296194165160887,557.2739556211654,3
22.477560506667466,13.053152778058871,5.395530351163763,473.82411032454064,2472.1374766305407,712.3960454489655,21.91600679240107,66.01593379538905,25.760696516271075,618.199279480133,2
28.951773818384403,14.567760888291561,6.25452407141371,457.2300679435959,2449.0608175374336,691.6757498875872,30.954034610127025,59.078474267262024,23.82219056320668,651.9163194107073,2
25.21805498907798,10.34663236499614,5.858055731569523,493.84436282839096,2433.537940519757,699.2744482752295,22.77340326013951,61.66949014040116,24.37585582126224,582.6002940180254,2
25.522127100675316,13.187218262910752,4.598641289670272,451.70809078542294,2452.31995826412,706.0446188102596,25.84702917026452,55.93202307913816,24.91551202187061,612.832716485342,2
12.83260234528388,7.477538427292037,4.393499372987767,481.51583113945617,2203.528276006461,666.9800304239523,40.02328911202555,53.11528059389331,23.079192536006296,547.8593470129368,0
15.088424756208395,7.463501912615933,6.311513701919191,445.99189341032513,2241.447796930876,668.9414841218871,43.841516688070755,48.75212586732522,26.13489286074092,558.9061617009113,0
23.526902888790172,12.638720979317652,9.272483359002358,329.2961723137768,2043.044551599527,663.9120389707871,45.44354341099583,49.56576377629817,24.755019237281754,537.678298707653,3
25.358075680150943,13.249563530928686,5.182311936826682,460.8385154709783,2487.2375317308783,716.0347290985821,24.090532498691907,59.87157641867364,21.940182735412975,639.4594061713881,2
12.835145605223426,8.973934722859271,5.402805690082926,412.0430289031316,2192.7982714811114,658.8551238908117,53.02712009320882,56.27151652869903,24.462844164489212,565.5978109919982,0
20.93658800977309,13.465901885877717,5.3425196970624,454.28175408875205,2436.2119731574066,693.3313386142883,22.256714353584616,62.161006286514606,22.381792662456068,620.9309353079378,2
22.787867300637863,12.180937265591393,9.39417394033249,336.7132502271016,2026.2860684514637,626.0487927893167,40.76816562968011,50.4708257652888,25.362442810785527,562.361024492573,3
24.109731517528306,10.277434658772062,5.093821591092169,470.54602029079086,2621.8785915421995,690.1436128239792,18.721636702264995,55.813326469157595,23.645114389242806,620.1485323688624,2
14.578619971273687,5.937735272521904,5.80720706037637,358.5272514686505,2285.8249190002866,713.1527194088405,48.91128889973575,55.642921707618214,26.866660041728,571.5519054712685,0
15.758560068730326,8.006537178115725,5.262903010433886,397.768076851867,2243.5665610760707,714.7871911716322,54.18914264996221,59.48593037078117,28.606938655911613,575.1994729907811,0
26.478502151498834,13.851783721933815,4.251293024706271,455.6885092473852,2586.0714882341654,661.7873731519851,27.716539669700236,56.320494219793915,26.411366092455008,631.4362842693519,2
24.328832859568656,10.925240409221663,6.924020868050809,303.1283575124372,2095.6291675024345,648.8795555340163,43.07042412063601,48.66816808539785,27.339344249662336,545.257565359152,3
17.718375150480874,6.00257762010717,5.005956458301147,398.6842137563279,2226.4057628278283,662.5191712024158,49.22963594192145,50.84614147404388,24.11684372930401,545.4897500322443,0
23.856424629260523,13.499908195297996,4.71511525491118,439.2510827398715,2592.3307232808793,705.682694658873,29.008854011581626,57.46029853105041,23.180566302571094,606.669167718312,2
18.070240890372517,14.766273784379255,5.353509289915734,454.90306691661084,2505.733832038157,682.80772245156,31.752344989875457,67.94282453982085,23.86807567639672,595.6445574915094,2
27.12931518914029,12.341717954211616,4.149725729046614,444.32636314268314,2501.6852850019377,723.3532372819864,25.817930558398572,61.839264143966034,26.784338719157937,608.4625766321309,2
13.772046397214206,7.5383470408729885,6.839369044918553,437.8263733194063,2251.934244069584,684.2148402023693,46.00345981002075,49.89902776709563,23.744724366721567,558.0634381451916,0
14.76491566534374,9.959506911644784,7.321700452736959,403.6536019075841,2161.816805450802,636.0039764869393,45.05882331913188,56.62660484026526,23.50120843817047,521.9186766947862,0
27.576576030844038,14.639912123071271,7.122689218387687,450.1138107021564,2216.0376402566544,642.1844651090132,15.642533694829815,41.001354413461506,33.88868692896341,535.705767789965,1
21.90008052916469,12.744007337454674,6.691606232292708,421.0342068582329,2202.306291993518,640.3744801115928,18.665558640467,42.11653976413357,30.71868650305984,554.3828639931294,1
27.876386075215272,13.054323639452862,9.04821161828231,431.8025418168538,2201.685632599534,629.3868855467406,22.372748507583108,35.00566851883336,33.38662170513846,546.7544660222705,1
15.449196669726103,12.15720939022685,7.979496923225653,270.9147791026482,2059.6154803846734,628.6677817874711,45.62083971779903,49.40456698108689,26.649815748948424,542.9322097175916,3
14.328785263762708,6.236111889657954,6.086891118292605,398.2084118724191,2214.8359495414898,644.9788113275697,50.30657662571795,55.97729324399571,27.59995670575514,547.3268811389466,0
25.587771408268328,13.451980417254902,7.1965879073168,454.47024013394866,2198.8819386577134,616.5393595289262,23.3661201821149,35.765456843789316,34.25028885861422,552.3673671216665,1
16.46154938227729,7.637441386839916,6.933789272564011,428.3222646738858,2154.697229001575,673.3481707650968,47.31326993809015,47.58727685148006,26.404605574042694,559.8381679002973,0
15.144067146465156,6.54893061586581,4.82838122698704,401.5395655419437,2118.096120171428,693.6936412579266,44.59800998435255,48.308872751248735,21.946808533270566,518.5077072590561,0
25.333141920575645,16.573010984534093,4.439553596040369,471.20952775280017,2484.6338468070544,639.6807970704999,24.00256417497075,60.80432237003463,23.691253918790824,639.4180942488135,2
23.78933841356487,14.346937841881404,5.959435491877224,426.26110885639144,2427.5620525061836,714.9557296960143,30.74037224542775,58.428195645410746,21.81027002855982,631.452437703109,2
18.59512233328928,5.859206877538471,6.552383732712678,420.53929027963756,2125.8653343649225,703.7988627820132,47.18932181456023,47.524801615843,27.098140836754492,571.2659470784041,0
23.76475995320417,11.857162404045859,5.729073509894374,443.8821735846581,2390.126888015434,707.7874563390228,25.514579534442,56.154876024876,25.916566531153205,582.8293907747255,2
15.655990967428218,7.0690258181263985,6.38870327821515,408.86734896654406,2192.4881827684057,654.8978722230925,55.59560175934091,44.58062519031419,22.27200582804591,563.9001312228203,0
25.317503315519666,15.46413945291827,7.505221343784735,427.25940614764704,2209.258698437862,642.782089857072,17.95275446976139,43.01190757953683,35.96485741935755,526.7042285432503,1
18.031558747566255,13.129625998307446,4.539175349163363,457.38825734234854,2620.521841787267,711.1747724891268,23.41003800647893,55.407030239330304,25.602593091897887,606.0331246416558,2
14.342949553754213,7.623152644700607,5.102442793403692,431.63676118399377,2263.831902951552,662.3431309029577,49.33739497802303,53.67050981095558,27.40475623315551,567.8944950812842,0
23.483451399419007,14.315531086549527,7.87270289220015,413.5241864836694,2246.6017710262995,646.5771220949788,20.24693049613618,38.945168794386696,29.485543724418882,554.0902659216011,1
20.666879782853442,12.258675450606404,8.26933593174785,342.15736825999664,2154.1846713975115,631.5644399394025,31.2668284155967,49.87049484505419,24.81848980872741,549.362223448353,3
20.570755837859352,12.68873119594707,4.977614214098285,468.67768739309633,2409.377529349363,690.9965660536243,24.232642394657795,56.199454512626644,25.287040290599787,646.9124731200807,2
14.836824460629758,5.984779378334206,5.257996096474029,444.4622704946823,2172.1294479139906,685.5603735938904,56.74672016826841,49.75179482432058,23.669783655944123,537.6025935487841,0
20.56834700576325,8.828852507733997,5.413310630022322,455.5879353886398,2493.725202957105,698.9683956393501,25.744193378779606,64.24637129120295,25.282251085952744,644.5877593737332,2
14.552282366239002,9.044358784701174,6.219464892853248,402.34507474935634,2283.598771329446,669.0571052553971,54.391676230195195,41.00232750814881,27.077137594824787,532.42151288014,0
29.826064734449442,13.570078867176306,8.153129870467218,423.6852039151885,2194.854880319179,608.0630729261267,22.536535703377858,28.53786312242296,32.24365588440996,558.0355938744342,1
26.365070877070913,10.76695222459362,7.299169488919759,430.824576122961,2198.482249792822,606.2514345451585,21.428423459488773,34.31480873548041,33.09063800324436,533.5905965257004,1
22.686174692611964,13.441867484966517,9.410592674555664,485.610967082285,2220.4464704889615,627.9910441556578,24.979876776641873,31.596220917091905,34.845562559396754,535.6013370524473,1
15.766754226364942,5.782225118485416,6.299788104295799,451.8827470773423,2207.006270205697,638.0600764561875,45.78472025118714,49.65295777572664,27.941147478449228,544.0166828340381,0
24.674036900573387,13.472875313916857,4.220530270278729,443.8574703221808,2487.1215406712886,715.8755933025894,26.68881116422543,60.44404512921623,27.709228005088775,648.7374584252152,2
13.3338016255529,7.732066858021609,7.974322084097909,296.52474218604715,2033.0119348239575,632.2532791406711,36.36183983664833,43.129614142838385,24.820500819130036,498.33932389330687,3
12.608320708821921,7.0020746695245375,4.059497010972184,395.45807715353016,2197.4312597701614,697.0493302873612,51.07137547229546,49.09689594616289,25.16956657280162,551.49766094657,0
16.772787919135904,7.854387914360473,5.680971493399874,411.8483103856843,2062.1708986329772,692.0991950632938,42.34691401824417,61.828942746194926,25.32846427862493,551.0515616467073,0
15.26205423238684,9.33261940830927,5.999238041249239,426.7554554482269,2138.5883036381356,699.2624650093094,55.09863245128842,54.61191161802408,23.86256028175329,557.6743361549302,0
15.07115295396925,6.260184165941799,7.065159945488327,378.9766658141087,2174.6635435480316,649.2132960519609,53.05612322386358,62.53428962083665,26.22735995870891,571.4085125866542,0
23.42114725852027,12.565078788607972,8.641279126585562,484.46779428265,2215.1236828167735,587.1632829521831,23.48184943858358,39.17137503975227,30.25387905663932,549.6699946105831,1
27.131346966572636,14.158702874103938,5.054661311808769,399.8390697544439,2489.88184563278,705.240261401404,17.213522141125555,59.49541887137305,22.715939356475893,592.4915416777734,2
16.391579469884668,13.988310980262295,10.782971459870083,321.42549629740535,2116.628753649253,578.3177516898177,33.98863124274291,52.75061646311368,25.83509169199631,536.7166740973688,3
26.053747187866104,11.467314900442542,9.97350522320627,402.73468992309984,2194.473779416358,651.7714121091615,20.82885770549892,37.13615559386257,31.557113366559058,522.5123000936172,1
14.496045243586229,6.242540683657806,3.8391544015304673,469.46780900436767,2316.7750998197116,677.6513941979131,50.299014135937156,52.22965595315271,23.1055001995414,591.2850976669694,0
24.691949444845292,12.753188275259314,5.094547464713067,462.28447329390974,2512.023170586531,704.2674728089862,32.9782887436727,55.472866796387876,22.01783417191291,637.2892516490888,2
24.977243107917367,12.56936069061982,8.491028194981443,424.6159301904207,2198.3719795039347,624.8816995365155,24.044866200726116,30.3572852109852,31.44142216739924,551.9481144473963,1
13.726769433795528,6.916264296042584,6.010864602088087,403.1773810773303,2194.5935645903132,658.1707969381071,42.98219148026447,52.02477942734865,27.3737408978113,575.0732497747558,0
21.819583858632395,13.695004539494379,4.717528077345192,426.99694302788265,2432.032446067044,718.2029107298448,25.09572115645055,62.56354350100864,22.429508316079595,620.8500123564633,2
17.87260351312658,7.4860660498049105,5.169038402867869,385.2768050220799,2264.1822822993345,688.3964684183287,38.61717899876597,60.68671612838079,23.93771558328482,555.8704494337148,0
20.256514009816186,12.586458325126216,7.064350013430275,329.9411980032785,2028.761667505439,626.3826306053143,37.85132763798645,54.475019967332145,26.944301686093088,534.7987797888321,3
23.940642250705846,15.513099214519794,5.300796455477824,446.06284925235474,2379.8414743545263,689.8391718304961,28.61722642823628,58.970865666166866,24.49084551964085,600.5015281894689,2
22.413009407821274,13.496238703816434,5.672040867691204,456.39733388883,2457.250963286678,670.4451966959977,25.297313596181368,63.69482202279994,21.272507736550686,655.8037877574484,2
23.859330582643224,9.731846524709267,6.540007087584507,308.9275992933356,2113.5875067583024,628.476202117586,47.061333810475524,54.37174819783297,22.324181642663753,551.4923025093491,3
17.875553879832925,6.525832147769292,6.024289399416924,416.58208009261716,2280.1444023518948,648.3570848861671,48.995731889412305,50.40226545520934,24.932974418679372,546.3423625363806,0
20.927830976180857,11.99480130479969,6.681521602308818,302.89629380595136,2060.8121694557394,643.6596705650311,40.85859822992257,45.58182459483544,26.98352391148511,532.3703582520315,3
14.881434707948136,8.120240751994872,4.783983470591778,398.1224610676821,2233.87902072378,669.6474587020784,48.98328461445624,55.19177546639286,23.305566084737276,554.6248008115274,0
27.642761047658112,11.650435791742636,4.759645246253377,446.03646143779963,2511.8758952660723,689.4700698312649,24.36873644180092,63.97536433913998,26.167270304117054,629.8485550807579,2
16.756900602614547,8.934151148311841,6.015098135819036,382.4687307649922,2314.5509988512613,689.8128541968615,42.48011933355782,60.74659024225336,27.046819554896576,539.9558053671389,0
22.89395780049872,15.715581162767334,4.062468072129724,445.70699350635033,2417.380661556009,704.5855127914723,18.947874379463137,57.360019761192405,24.394758565419746,606.8975761577276,2
25.60591609492601,13.162636602227087,8.933060906772997,443.9664600911224,2200.108073484471,622.2642832336937,27.487227713235267,39.2904897180637,34.41191581257323,536.3695025168232,1
24.513658707802257,8.077433871373453,10.062424609576002,336.3874349903423,2077.218417604865,629.9351588410157,37.50678061538899,44.983649830090854,28.676743936871713,552.160059788356,3
17.833169705803876,10.93920228206652,4.264745038561366,502.79342401954017,2536.7284295633276,690.7576789771067,21.51739780216709,65.01797562534888,24.53733917042774,619.5039311958413,2
23.55494932205251,12.166347938809695,4.851323160502368,440.1346976575701,2498.7320333171774,666.1029571147561,33.0576047940181,63.88382236516751,21.577122973612568,644.7608638226552,2
27.978307104518123,13.9209223154276,9.006714853306669,403.103955685256,2081.2802271128794,628.686086985391,19.688260668849086,44.10448323509876,35.33557068979146,536.4137816811127,1
21.395338842766296,8.660582030566655,4.612515347752668,418.15618495691245,2565.1211073456698,744.8509670145096,31.875947755728518,65.54183400511734,20.998727288802016,612.3156313287686,2
23.879244419789163,10.962952283444656,5.860908492188997,476.74771320120533,2452.2595505559225,718.8591384370799,36.23431473709312,56.068450698801335,24.27319015844645,613.8505240210294,2
23.709745278365283,11.90785515091585,9.86187542154547,411.3347156784535,2300.2458127425193,615.2279645226812,23.764149611113304,39.90145033465681,30.566074748493172,511.2878676092853,1
21.965470518568765,14.340762807978502,5.066665360146208,423.8090933725565,2480.5935915874043,713.2705800117496,23.983847343023424,64.2186385911306,21.76005862336322,627.4614495848627,2
14.694954935095282,6.697381507289954,4.540586933293866,425.3212384764054,2255.428158543359,693.4266039575537,59.801211857476005,51.18111510502264,27.836141108249528,541.5521231061196,0
21.53232449174014,12.955514803654104,5.6445948624523465,464.6645213788056,2474.59464595954,718.4857535023726,21.484171231897086,61.25827834368259,25.781743377383002,629.8078929907248,2
23.875075815654387,12.649525261520532,2.8286331288328155,430.26017890830366,2547.595657585394,672.2993254270551,29.33709461151757,61.899837402467604,24.981621705524987,615.6451566390479,2
27.920052794248726,14.1399567266926,7.933564977333896,455.0461861766203,2205.603982360729,629.2658650611879,23.406355039246943,35.67231355219058,32.530445206160024,541.9752697640188,1
18.232419363302416,4.954538260726816,6.619343097059747,453.2243779401279,2251.0590501767238,684.2229278271967,44.44106095597151,58.09013876861886,23.43803609769686,553.4788250939711,0
12.191461803818502,6.644933140410504,4.638266641065654,451.486167171222,2253.907925835729,671.5793575676454,45.62120470772095,59.83273352873604,25.527786956023096,538.8747897144742,0
24.89676504286181,14.184288956121462,7.048450793395208,487.8855274449808,2170.8910688235164,601.0316255732138,20.162042688150887,38.86582817381454,32.83643028880004,554.2510087309769,1
23.679057302197243,15.02857621313789,4.691674474500415,473.8446863447254,2455.160782669442,673.4163171910062,31.91085462050198,55.21735682456349,23.693067414159536,626.1063365204901,2
28.055982046867697,12.56164644166764,4.738909091556295,496.0427166827916,2479.94232078177,717.4387734529955,31.702294561429916,64.0634956263442,22.303718713984527,661.1793513753067,2
22.042614068756745,12.467143205695425,6.99519767069167,284.0464654925003,1999.7207361717744,664.2212138759085,34.05615274415332,52.86270516318685,21.425303671358222,526.284124492395,3
22.251364700251877,11.740801461170955,5.311475421070031,284.6180563550122,2090.1769156306736,610.7394542429131,38.139375943086584,54.468298172924165,25.455906544887622,499.9741917964941,3
23.495350240936745,11.933716459695214,6.544303952607808,464.6157803345849,2271.1908115087135,612.862565906321,24.934614380843566,39.26781597562333,33.85503418881418,529.5881021665487,1
15.973944961571164,8.746133099181904,5.817334629151307,426.37381279549857,2313.0773335864797,653.7969220480346,60.44670836885675,43.06853377186534,27.554519114424096,587.1926740461819,0
23.033803565317164,15.300719226785157,5.241970460653494,473.97749081819524,2396.9222732918824,670.1049569453221,23.932950901114136,60.59236320271692,24.849984953100094,658.9798640320142,2
13.95456260766064,7.92754938733045,6.6257136414253095,456.81052789623374,2338.4407359943984,684.038445667873,62.38425953758622,61.79863566250645,21.663128015542917,599.9862539654171,0
12.909912580827395,6.8291731617645,6.087290761036364,403.23298936794185,2249.5586373576493,676.0310912664992,45.10061575220723,55.18816933520844,29.07992832014392,607.0673555361528,0
13.720496934500504,7.639451517340725,7.985863766417625,387.0105395115288,2251.2625238516152,669.9843493164445,55.452831711765484,42.13111973232287,24.610479546538627,547.6382578142686,0
22.030079819105634,12.85207205081908,4.487229095622269,449.68574281108664,2516.3190557195353,748.2522128821925,21.960968036037684,60.65556519693293,25.76947293709412,627.3943351306789,2
25.159675157182974,13.42706627212009,10.204476908663924,407.4443145855191,2182.562603449401,617.767968321212,21.233042913066136,28.55984592534788,33.18955842487958,563.810366045379,1
13.88454222500957,7.313792231676451,7.427401339464685,405.46494857928354,2246.3891276028367,682.1075242134019,41.56768936575793,49.00536074428406,25.39964939330318,545.3944994275116,0
18.554146045838927,12.879823592885337,6.301179565791487,308.86907494802455,2105.710511353014,613.8622603799702,31.26462809546434,45.30081185799087,29.10278518717959,580.9740420392338,3
17.600089189397917,6.59147366348611,5.445412452748641,381.7052022689183,2164.5573671019283,684.874454289205,47.651768832565224,51.934568061695536,26.14565624677531,589.7508486597419,0
12.496705571787722,5.237444101850571,5.764175253334044,420.55792312455975,2290.84363386442,693.7599789010683,45.6062113480385,49.150659885945295,19.5805405144381,551.1736079988768,0
24.135698634636295,15.56005270725531,5.572675520661638,480.7674354349513,2460.9511648682496,678.8399816143917,27.29587392384641,69.63050565003863,22.204507291357302,594.9065489642495,2
25.649840583901725,14.445230129142479,8.651378124036475,463.05177981352494,2194.078286863415,631.3205915868245,20.468351343467685,41.83437632310938,32.19383127342049,555.2621980222316,1
16.607170038757204,9.715198500270528,5.729987141187199,420.1892530014005,2190.311643334287,642.0839765582198,54.66092469529606,66.75816636645061,25.408335734905048,534.1508197781243,0
14.382653888907175,8.836620389919227,4.191814188788459,401.7802470530899,2213.3434371321014,685.4144179740348,48.39101439818539,58.59035816807541,26.166694132329205,560.6666475871384,0
24.138109099039575,13.658282901004327,8.272449916446643,454.77326379610327,2175.0580826598148,642.2875266299912,19.24342562183281,47.73813067539663,31.70803829417858,552.4889675893778,1
21.601560332956318,11.742632503716656,5.753789611779099,347.31673989468163,2088.572475484785,681.7582881107361,35.9253044446296,53.6300345272059,27.07611463467932,509.41643398573024,3
20.30715615571718,7.344869582713539,7.67095154081476,299.3391154993239,2002.5176551359161,649.1959428819599,44.2918370424905,52.97095128122072,30.779445145908337,550.8634571022482,3
22.389758019612636,15.528675565638526,8.91181637381344,446.43564436949214,2113.916198086096,600.1852421776968,28.75880060411051,33.396040365052116,35.49287862432542,557.9400370939954,1
24.579644335457782,13.980922090777527,8.78738913617385,437.56021424449176,2258.4719034694513,616.8423703715905,27.125160711666375,33.15559763896027,31.670896814477942,507.0428606517875,1
15.771693105113002,8.360959527510014,3.3607503614273844,421.2577243450021,2248.1927246387177,646.800930199711,47.5428259678563,54.02252532754675,24.603907658550444,519.82918804828,0
16.33117047262686,9.019642376070404,6.424184272469533,369.61816016465036,2187.389077132378,697.6906489739443,44.26307498086305,52.86747377010105,23.84388052025203,525.8960516109403,0
22.444486187072783,15.923305392075378,5.608054837316057,481.00395714236186,2490.3282731051404,679.705393933407,23.97657107366217,56.66653781522232,23.226560985446312,624.041299280788,2
15.628154447739599,6.733640182719818,7.279590373650935,368.5178548910412,2250.7653537019046,638.2069002039507,44.83314512184063,51.62957609026516,22.586003440694,573.755830770501,0
22.829540630185384,12.051160337536203,3.47436237469929,458.040923757394,2517.2799208618085,665.3188675176057,20.233012592823222,61.53145560681235,21.05453338014599,575.6931738106381,2
21.302268928772012,10.94185645293966,5.617089140413907,457.5867822410427,2449.806131688149,711.233535770064,26.72345961407308,60.13981616998607,27.157562194677727,590.4761115775208,2
26.080163476042987,11.702537887375192,10.018034025014305,457.3818499896374,2257.0468216480567,594.7267725596812,22.60866213781046,36.160609129414574,34.14016827755151,561.443235223083,1
20.357353803708893,10.928138590996152,7.04239837706334,286.0411671973827,2010.4724034670262,635.7805841205859,33.7235108355889,56.56942134985399,28.83775826433011,554.8226460260067,3
24.410617249212947,13.680382032997128,4.166705747373498,462.5479398555469,2509.497514441306,664.975874365258,21.862978693651616,61.413011802957236,22.613897922663067,642.5246514669445,2
27.29143258922127,14.680293359763393,9.421042524648252,435.15783040191326,2178.1373377986242,602.72796738856,19.664996555047534,34.31126434115966,33.29778813298949,558.3797990224489,1
18.20355778264183,6.705900698778421,5.150737080389864,400.60873142221385,2167.8772515398455,675.1064601325421,59.34438105660723,54.74479270621175,25.19225437878461,567.7101193630599,0
26.968928766895104,14.399288116493656,5.166668944198298,452.7704599436291,2442.1827073097497,683.5790178462881,26.881094852003468,67.08990830493663,23.769093231345625,584.0080674543923,2
23.04230563320769,12.71408888447557,3.536352850118463,453.5488165689445,2353.998723104677,719.4608339695415,27.340090138173988,60.33995231259251,21.97025096428763,636.4761040979124,2
11.510828026051614,5.910280783418743,6.590340581784703,452.1041115430251,2217.694415881672,687.2026100759422,45.31921556316678,44.777515030944826,26.391711512053554,556.740217082515,0
18.740534749551923,12.047676501964194,8.604610340493792,259.93701969048857,2042.5152746603223,653.8809706936681,38.12237251414641,47.39125218234258,19.65626328386568,542.5457387020117,3
24.75329394551432,11.55980684221795,4.119623946638754,435.8747518216961,2355.4447747829136,688.1074333084003,21.39429429439925,62.77205562019052,20.51544704370013,642.7180500479501,2
15.531156291086866,11.829528349388097,9.865989320327321,333.25230135554597,2079.5449976233117,653.4311709561445,48.01024289206876,54.71356703870995,26.475558268450794,569.5486769928044,3
22.55891884319704,10.48839218462219,8.15016052151435,295.81982841429175,2007.1374938913666,657.7156228775748,43.545506808456054,39.7286188906055,24.762733595949356,579.2297233249845,3
26.818819008134035,11.228691174988521,9.725558020347803,439.3014631131621,2148.6306286476515,630.14816619675,19.254043634782366,32.87979930179298,36.496668215559026,533.9281278118827,1
24.8652463119726,12.882859667060597,9.704794275177866,448.073115445183,2261.9707622709216,606.3268161015967,20.30370013850136,38.34153023881526,33.321932621750456,515.8655301360744,1
23.81183258955517,13.103259628990985,5.477010660010363,456.1746045391564,2481.9859103384015,710.9064396010477,21.435555269239952,58.85765126041028,24.270706307442577,581.4460487423875,2
14.877351308342305,9.495545769278102,4.934060116167714,453.85397502641916,2181.442754680671,671.5413377432014,52.31896788558825,57.16600217354655,23.79571583872074,530.4119819603068,0
19.792735995536333,11.009194990873112,4.61835341637453,476.2385212759784,2487.9535841437355,708.4536148776054,20.831024707325746,57.46819441384605,20.742869700331653,635.8569610167308,2
23.93079500635656,11.012922424747206,7.202237111292389,451.89955518537494,2266.216449714117,612.5088862585458,22.901291491515156,39.63038822168654,32.408608987170794,542.0495665112566,1
15.664098392162138,13.425809630064002,5.105660253902161,321.0262455755233,2036.4762622737135,581.5580423150253,44.16705741753588,45.42936417866206,27.514151547832608,533.0703866596077,3
12.09035502948442,8.558462746097014,6.165487345038504,451.6097818972651,2259.3253196046467,685.1532353777743,52.55854183810886,46.01139141062879,28.29144522723642,544.2148503675836,0
24.075182988775097,13.821296573029972,4.9070031586519995,488.76580514116677,2384.1268822149523,728.5458586786413,26.0832413076091,64.13107412114621,22.890426875287233,624.3168437088675,2
20.986399345501432,11.110543435595972,8.132154051028289,366.5017536153264,2059.5643886620296,634.3428237799228,26.84955849679256,42.53713289270373,22.502546985392875,557.9612614886669,3
23.154847112945284,15.63217477595595,8.369621881453936,300.3269445187223,2094.4956535271076,656.805984329455,41.51946983155916,48.55190200365588,27.044435854234806,533.6273900912051,3
18.168729667051142,10.430884543647846,8.189268893298259,419.70678176871746,2234.706050047904,595.5853675448601,27.87355584911548,36.91760115370534,37.296182969035044,559.9589573199446,1
21.416122911221525,12.897500111793391,5.477571096330736,476.5826181590711,2543.405341913027,714.3855312235893,22.225759961841074,54.23037498963072,28.84483448348679,617.7598228196978,2
14.813402700693016,4.612772348940023,5.506596908936026,389.29011262466673,2120.546934474779,664.6230937343764,53.454369046830585,51.20667886478233,26.553652877298635,549.7692297724851,0
18.19054507149618,11.147838598479867,7.221223844600772,332.1361540392051,2026.9186958269613,605.9897000605971,42.38161665639005,51.98397221713868,24.712350783250443,535.5373582465995,3
15.000168786182828,8.628496275952493,6.588907883383239,446.85183105003154,2175.0645242091855,655.2496444030261,40.54524907525555,60.86627570820237,25.072405278519653,556.0403221852465,0
10.17443933814102,6.863279463794323,4.535569638822786,353.42715168286617,2116.0581037533434,698.1644533759192,49.23138655021787,56.44557168121525,26.37702919622968,557.7023020616841,0
15.970322225091476,7.390137660599682,5.17639749037064,480.6746354479445,2332.4652786662155,651.907961734565,59.83737512868288,50.07489797366564,23.04206994247252,539.2440222274665,0
15.52743440871304,7.762263334207443,4.191193290730028,390.45877129797344,2313.157143241937,657.114339562359,53.067425158298875,62.98047322826184,22.379567212566734,611.5165393790182,0
27.102310502633628,13.640294171129728,3.8189779980358907,485.018468736223,2391.103109191982,706.9644843083446,20.77929542855157,55.39217257256629,25.915406308655253,624.3118343898502,2
18.45470042832837,6.896542264418603,5.353930621541166,362.56067655467024,2138.156879083748,689.372432507821,53.300109826552756,38.99136079055331,22.223231398020285,549.7813075320936,0
18.71370661535128,15.415132222369499,7.371724833993824,451.12026657803506,2309.9896530133037,639.473735058978,18.036625174284595,42.3271346686565,35.9927294189524,541.1948284214448,1
20.655773151832808,15.126260006059933,4.828995751083108,449.4636330855392,2475.4730052562527,653.7256872624068,12.63767782067936,60.61522058253598,20.904975240322184,612.1998560717536,2
16.586694470399852,7.294786459608011,7.04721142114245,423.9898631651125,2193.731873866675,696.4506672942039,45.9213824868894,47.392143939002274,26.211865015293593,498.4098939550193,0
23.371595961156682,13.061176669947775,3.708937150923976,456.8271862927018,2492.6250144819055,676.7889715714203,19.534873619022875,60.503722550194894,25.759370512249482,592.2190197613339,2
13.333926554407977,5.670457917581393,6.44072911020292,412.765313225805,2236.7568224517004,708.4936933348279,44.826449645125535,48.107014749994704,23.627806714518396,571.94322986139,0
21.87228774042685,11.413183601028773,4.499989183799763,436.17042170737005,2439.085244092273,715.5871613984989,26.1805886364498,58.69506440311554,24.19197367608453,628.0925568821732,2
24.60225542553126,12.34383391570199,5.309458438255841,458.28486074712185,2485.330557875385,712.6714400070424,27.31706248819177,63.313004672070115,22.058844972639818,623.4311621126855,2
26.83015580983209,12.178326625199338,8.414623276483779,458.81061454367284,2127.2839489195126,609.5602701196885,15.348292413359733,35.61796272354052,33.95707666682283,542.99661207071,1
12.073115996325994,8.632342286227653,4.897888861818949,416.77579508949657,2217.0763931561632,688.4122862101284,46.2572209551573,59.427680665906,25.362011073461694,551.6515174635812,0
11.994993087918207,6.76143648706293,6.00470668602053,431.5727913826501,2234.7597443410186,697.969905971607,51.66947619012484,45.537196632141956,26.130256081017663,575.4350217530342,0
18.204311934286746,9.451386639823903,8.680411273943243,321.3118209990755,2012.64116970005,628.4261418747684,22.24995279995568,52.6013413233658,28.11275380613009,562.0736018272999,3
24.5586333044018,11.955616645489448,8.459233679821532,487.94508766993,2140.319831642406,585.4515046377547,26.87218611446425,41.71407940321042,35.08228127698847,550.823343909694,1
24.519524497117317,14.719502713075196,9.227335626079087,430.4897159534214,2294.6238376730485,647.8834200919183,27.367518543286455,38.81665206129531,33.749240173284704,502.82896772798296,1
20.211851142911698,12.025277165122581,7.965589258075427,303.65794262679515,1997.1138548057081,664.3304965601199,47.103132925548124,43.802462810336124,27.754085636589398,565.5203057714948,3
15.005986582399911,7.639741375885861,5.729284408275538,389.4427157846293,2129.185223251946,679.3887991723986,47.73145415258523,50.21342677263089,22.341621736399862,550.1797351242908,0
14.34747598995392,5.923728324678339,4.033038101869946,376.280847127117,2259.217616086249,690.5471012547573,43.37564909101075,62.790273476567315,26.631340684743932,580.6719726021627,0
24.236028226364567,14.573553510988571,8.902068848905147,430.8179956522247,2226.3558118909154,620.994114096757,23.64271284615293,33.39122221249636,34.51603883292273,533.3672746808664,1
16.108233002648188,7.417577061433704,4.892382493899399,382.386327312521,2277.4470541727815,665.3020001444233,59.956456805011925,52.393450447310585,21.641152530021433,552.6438782491815,0
23.360739017486424,13.32821642011633,7.435168461492728,458.89345753998515,2192.6825007123057,634.0761837378458,16.145534530243033,40.99965167328647,35.16886830889539,527.2152899386506,1
20.928397687744962,15.374088795690973,5.211211755770794,430.6888818232817,2477.834709345542,701.1283197398237,23.963555674485292,65.22095628117492,22.49949665159164,621.5692834204676,2
22.32370517153406,13.395765205002961,4.197876532069959,463.57673826978225,2639.7134210205227,668.7334572764497,35.87038866886318,56.80022879802004,26.131658653054384,642.0316770868851,2
23.626525690394327,12.337090073230272,4.130069720728852,455.7048252268617,2339.342612580255,712.5791519830664,23.565835292211375,62.922828901547305,24.643730267547895,617.7430156061461,2
23.021609264039746,15.755296372812179,4.413759367515877,453.4594121025008,2437.7395729139234,713.0538566385759,22.799700592542944,59.00243273290347,22.804315210327964,618.5062030155867,2
14.401470592229487,7.730945525963653,7.230919018824352,429.8757838934384,2174.359988978586,673.9331407550654,58.56528684019382,53.20583641765873,24.639730739764868,575.7359086500041,0
13.189041889279878,8.436234483783277,4.986609587653323,415.57503732556745,2209.6494478621908,674.4033783811091,52.32997175885694,54.038691672108094,26.610489259456045,545.7199122617321,0
21.327409750391958,12.892981078614197,4.8637593654495666,463.77479573108343,2422.9492813853917,645.8905411322714,20.32395626016005,62.739050520873484,24.005793075968,626.9399137489472,2
12.315649667258185,6.46074116933265,7.2099062172750275,455.26158869967736,2103.449283288047,648.7274378199168,51.97867428639439,48.50164645995596,20.941672562343477,580.0450489493124,0
13.496488304372999,7.397184791258299,8.159771934329612,417.34817681133404,2209.660278405423,680.7318709458785,46.19930944208992,46.22960589489689,25.149530831789743,517.1110770416572,0
23.389148254552353,14.23391974286875,3.155075348215507,464.4899548863614,2527.7711922372137,708.8391543035664,23.432782621915084,60.28271056108804,23.734687966222488,629.653250045356,2
18.12943604333981,7.614871895761896,5.757566189920891,412.3901821780269,2202.035716653771,663.0160452993415,39.72861513838735,57.79525282761105,23.619485643219242,534.2144874153687,0
14.620152317955485,6.554020556566105,4.855577121596909,400.11825387761917,2109.190703548662,682.3629311039681,43.64509983160065,53.63706526346392,22.12606140506157,582.606114554616,0
18.071511983991982,6.248969003450503,6.163009247714516,401.558900242829,2199.0761981459896,661.5070356363535,44.6381953386111,56.26530552947151,27.45658231386625,554.9361143421787,0
28.398617763544724,12.006162111188255,9.011388006127984,430.8917181238609,2173.1922466127685,643.8722180001593,19.68407083299199,36.41975754595253,34.54270209918923,555.3270283386212,1
22.464722444056886,11.531273237551293,4.741372329555935,441.2180774640681,2487.7820507995893,700.9225275675101,31.942370506815088,61.16199245671049,25.222727185205855,624.6925499787563,2
15.89664813194632,6.5274606374363096,6.37185918263671,435.8185256701089,2220.656124325811,691.9135073690665,54.3752010978595,52.928278066014364,23.366661332754557,543.8222575423671,0
22.10532678802106,14.002464135343311,9.627993435347094,491.6868493158654,2227.3459405132444,621.1501474399225,20.48624312439586,34.879694357139904,31.11931400338833,535.5022196971486,1
28.72681057454211,12.01117680685248,5.262216490851034,422.7078096156725,2444.337448655357,700.1077683106251,27.263593242490963,58.75544477002589,24.924313146277715,628.1481752848192,2
17.934420440038153,11.941090359870662,4.950653444972233,469.06686226849183,2374.3280866679456,725.2919793617417,32.19950314581089,64.23739751791501,24.325721861590317,631.9023229726956,2
23.71473807901777,12.6316236213355,6.837581179931231,299.55107557201313,1940.3744324317827,656.5083937516576,21.0941448097244,64.62103430349559,26.717529608631413,572.3436220732751,3
26.738236672972555,12.493615150633266,5.204838469919598,438.7128920395394,2550.459445271007,718.2757069760492,24.72551750151865,65.44382101892683,22.85592575303325,618.516903780247,2
15.896198727872408,5.088221150765442,2.938481629899327,371.84434446497346,2186.7451444901653,674.5730716185888,48.23536756657054,55.673724534463965,23.730107229076914,530.0492307880534,0
22.683234685986175,13.616628298474112,7.2174269925198695,315.9002011000017,2110.645531078787,609.0870797865982,34.02152363499433,53.56616610501355,26.060626763467965,550.1918650845818,3
12.928692494348377,6.616567043161144,5.715480118488526,471.85397458194825,2156.8653418645495,689.6298861960973,49.89348752518418,43.13900930072206,25.49236056465087,568.1376702248078,0
29.60450682531428,13.558969518454129,8.207934284507543,447.32431357056197,2213.863763862346,647.5342938130473,23.424311834830693,37.35039992037711,29.722590741689142,520.1858851271709,1
21.72512796655483,13.609607461208638,5.014287941878728,455.51722475275847,2575.284708282528,681.2193121881762,22.790184044105377,66.68903027596014,22.075387489537405,604.6901643896355,2
15.116548661870894,7.3145268461852835,6.780673294327426,452.19846600951934,2169.877868119648,704.9684055130065,58.08184263587001,49.05122107129589,23.37197941024251,552.9528053202049,0
28.549135006933675,12.293082815502034,7.3778427480881765,498.1019396544735,2240.058015738271,629.8611486084873,17.627038701649795,45.36306320893918,35.72001566821793,536.7236305296713,1
26.941627676928068,11.370423925235354,8.112119627951326,453.2060560589996,2221.5219691729217,589.1901083549693,24.05720048612607,43.76434892151732,35.33672427405951,553.9556629534703,1
26.67227506506219,14.536970024750744,8.164283788948962,304.7359616889524,2069.3544714467307,653.50496948135,32.73660201544362,47.26914023361923,27.65140268302905,547.3335197234464,3
14.690941035862396,5.288646888334167,5.8676712580627095,411.1793919807289,2154.4134940269637,686.806221891106,44.98198492368747,49.61940584150431,27.385705429905418,577.684340603317,0
22.555193174223003,10.944595692748816,8.145257026778545,342.199479266624,2084.447653446361,670.4548525011749,34.255109931926626,50.66974727467675,26.08893028396378,531.9194925029192,3
14.001408802921695,9.937959452731274,6.884586391463845,379.73102067235243,2195.3673473522945,653.2952941771572,45.74762959847861,50.25621006190169,24.740902724431344,586.399563922145,0
12.115401728881178,7.8117848493313415,5.772566645816276,417.69376732575597,2264.0987750445247,670.7151091325818,49.327118912047005,53.24161688453356,25.08344722654116,541.9190993004081,0
14.705115020163666,5.068322044389246,7.76612747137559,421.9730961589476,2277.3295424366324,651.4005663677465,51.225178969163665,51.364818839681924,25.770615341425838,520.5727490730462,0
20.857979651245522,12.602813537395706,8.507118031386092,305.57004778882185,2042.3035766752223,667.922902018386,43.26463374163701,54.12992039313308,27.316477187641926,528.7757086217051,3
22.882930501113457,11.456541826774231,7.986595455475641,291.5829898207618,1956.5750892908313,648.4297312561927,44.377792073825105,50.85437708700071,25.540567608081133,550.3521221607466,3
14.314427698271242,6.775662310063627,5.754441873245459,398.70215830929544,2217.673240088007,688.1782116896175,51.1504322451724,59.85762254592389,27.590936734026304,567.1587906747887,0
22.471223215616707,9.095491418430697,6.631660848298812,339.0511346448779,1990.6574563209629,601.3405949237933,37.77901188291634,44.87495651343602,22.324384976385954,542.24647386951,3
18.57033680414426,7.3108248459053495,4.97810822845696,361.45318191444824,2281.7706160643493,615.2835493178015,53.40647304142593,53.75472863269318,25.94170898882705,590.3071231298725,0
13.857101561606525,9.235904019565021,5.037804068962751,452.47742823731807,2215.4406637085144,650.9696106816256,46.902535258873755,57.07067762058353,23.97146833747355,542.7927673699154,0
22.043840718655467,11.118421159804813,5.607365287968692,325.06668617952334,2101.863361117267,639.1440339660702,29.87541350199862,45.49493593452076,21.365864455685376,568.1891194732159,3
24.16819067126287,11.196426982372413,4.168189448907567,421.6567550790254,2516.8691539179204,682.3997731760246,26.78009769801359,61.41473179357323,23.84268415386809,663.410641344497,2
15.878173357859152,8.299573729289481,7.3756775921706605,367.62076932196334,2210.686162113825,724.7850833804672,41.509801693902475,58.5072335016768,23.856557777645758,493.34160473886266,0
16.413699281798102,9.093321845918263,6.091205201131493,378.1386122346034,2162.213485542177,659.4878104147679,29.622791260954155,52.9212218832609,24.165578661568507,577.4948839780347,0
22.36903018073508,12.833589669414879,4.40848005224019,471.4180391249994,2411.632210782634,673.1576953882768,27.15159275639538,61.89027844099927,21.74272284420973,654.9591272715714,2
26.909910343752905,16.263374634711745,7.494424877873217,496.6940626628476,2244.712123694771,624.3837692604963,22.85684237927752,37.942278977119365,33.56343626591562,526.3151381705349,1
14.331087655288247,6.748545475459843,6.090733177866822,417.089728460846,2261.225279640938,679.9255618298772,47.126033560815394,48.45979726776915,24.567964089381324,538.9386971144297,0
15.104933596712486,7.989465612519815,6.468555343256735,413.0050891398042,2162.22690311583,630.8011108076759,49.711235558194545,57.31106690953193,23.875856249779762,545.0932566196261,0
13.34658990616621,8.005473613936438,6.900370680697223,412.57997195015645,2172.984079568697,699.4925871519961,52.177244771016504,51.38944758927906,23.901846397302364,557.1552417735264,0
16.165310483975414,6.707592031985869,3.4278044719364855,403.1670336325597,2169.5604596284334,663.416100309502,51.741852597669904,54.16805143455789,24.044749393290854,595.4439011385115,0
20.71848451973052,14.509348763122293,5.854438010983166,467.7127269132191,2566.9266395376694,655.8434685094246,21.96123074796792,62.75731160743582,23.3947279642126,656.4238323343848,2
13.213738756830274,6.668385416110239,6.775984050294052,419.63138027494506,2266.4310654881087,647.3447678781434,53.98430750223821,62.89008038403644,25.495570117693763,537.0944046021825,0
20.756668529813027,10.615028286990013,6.541668705562254,293.9112727428667,1982.537874707809,627.6903763556095,47.825643186571526,48.51520946755649,26.758414858795206,562.0054046276181,3
23.169058691887173,11.056075795628715,11.116146840525655,443.26257613033766,2236.867207545291,611.5046306676287,20.76559054555966,39.484538410839136,32.41082635881388,534.6103496782596,1
15.13983916198965,6.8563606369617895,5.529603444196641,427.6620686864344,2205.695790329975,654.312844598126,43.84017463679746,54.96854733067578,24.1748137001784,575.5545955029421,0
25.48198081363596,10.235146762815262,3.5340028785114255,454.272972754916,2428.8642127299736,668.8409711784219,27.89631821122397,64.52609236921563,20.633364469645585,646.0525947927314,2
23.602576247376398,10.636521463395411,5.546775789778678,436.08180254554543,2499.938142439051,684.7851197741323,29.5908556276035,60.18399895128179,27.476679935339945,633.4879695734732,2
24.760775331181947,12.561140656576292,9.82533147778088,461.9193198696494,2243.710696518798,633.9535509056177,20.617543813798296,42.11132635372918,32.91436328845911,564.8146012697238,1
19.24628709754168,7.87633435065932,6.431642376272677,301.6552160250608,2049.0836353268883,629.5631536726398,35.97322374407628,56.65267347580165,26.93739561364485,543.6101254499904,3
14.43440850170486,7.217616167867654,6.6590460581777355,390.63210192626985,2259.951808225943,704.7031268987571,51.39813827442403,57.484593312264806,26.48317999968509,566.9386646279946,0
17.254482413936067,8.558681486615097,5.998578620681517,430.29843655329574,2212.6807956893804,685.631719714855,51.3015784256408,60.17739298732073,23.170409189649405,589.8053285472172,0
15.1260047366694,8.55478932115442,5.215970666777992,363.7254617659532,2204.746398516348,669.712686129732,45.069530063606784,62.8815964902029,25.86531230515938,578.2467313562231,0
14.361786805978204,7.672052244304917,4.600882873854769,391.13163935201675,2175.1592464163004,670.3223897816413,51.494115644202736,54.17685307173721,18.473466594951947,571.0433526288048,0
19.479082372279468,10.391894397133635,8.242323468817807,357.8022731723568,2020.4660861064551,640.1140901648181,39.8302595571816,48.515442292469956,26.677141545110945,544.2155554545567,3
16.58161224338016,6.07173454928914,3.943189598059834,404.934722443911,2187.9062141664926,668.0513765902762,49.48534190813277,47.85704892044077,27.12364870403546,553.2541171024101,0
18.947121877682118,12.226803063736885,6.408997376375755,321.06474803107676,2090.984228381963,646.04901493768,38.20033750008793,53.15016286414641,25.210592184520365,530.2038322009857,3
12.407055343850478,7.628783307252752,5.492872926914214,385.20970469513276,2196.2338531750843,678.3749519045638,56.998960783372866,44.31905319870255,25.97319799549722,559.2868215074062,0
19.308707971163294,13.195306202940412,8.096069351499782,315.8145669960756,2085.5660296733317,652.4631382246455,43.287486938723816,56.44199033351489,22.98082233285739,577.7290686544343,3
23.341710338860754,12.353558794418658,4.351158049955238,452.6284190222199,2488.000425551082,705.6951563021045,33.10610117543228,65.08002090222203,23.6651490931879,635.9042356675601,2
17.440795340921902,12.701956153497903,8.011258822971254,324.48249846663765,2020.5957656588378,646.096899727691,35.67955616439514,63.89407561275742,25.878185093043594,528.6419418396749,3
20.173773764031996,15.665548954421485,10.495426314355432,440.57160300305907,2272.903609035989,652.6417464555478,23.107692074150012,35.51400385831075,31.043607148913924,542.4742093228662,1
19.852253733079014,13.496269874104081,5.132972737053512,422.4227858520042,2475.0827693083106,663.0081879630565,28.17270165408926,65.71746464425475,23.347690397353496,630.925990524919,2
22.134418976786105,11.950304124812863,9.387153901244359,425.9974639730188,2276.1953561070372,625.8759210110394,22.797037496104092,36.30956752044937,31.12613385859835,565.2185302332907,1
11.795480917882148,6.158167883231064,6.017440415303261,449.20998660212047,2228.180049675615,619.5608873874814,39.69525943794882,49.23744215953246,25.316607074181054,546.0066692156415,0
24.85839822014538,13.867571425903906,4.700390783729529,475.8285462441621,2447.155574132016,694.5060553730619,23.137636526483053,59.730552185615316,24.647266869979514,642.4039798863306,2
19.744071117336,13.25695365973248,3.8907862595128626,469.2832614225509,2533.250574582905,686.6994420670629,28.73306325334702,53.014796315418046,24.89702976327791,629.8909554987869,2
23.63798876145541,14.721942770424477,10.274062276220928,492.30459417420576,2190.1564898715515,630.5532127825146,17.03570285590137,37.63823941202554,31.014147953183524,521.3039648145677,1
21.606526338440094,9.679794144907822,8.27849821697217,322.6560944349332,2028.6640077740044,627.266157081105,39.37894061498556,41.490068888830734,26.155922332880106,561.958863085177,3
15.59283600161732,8.717447771205643,7.086590131287233,387.76944260663316,2247.789713376302,689.0207205374421,47.89483051030694,59.41098665299653,22.29889990250821,525.5545876833263,0
15.353146716907421,6.750066372181037,6.94025328094428,365.68376109616906,2141.8049959129394,684.4734378163361,54.43141773709595,51.20924107052141,24.624583877216406,554.9162848873648,0
26.766407876923303,11.431786900829659,7.101877727509075,448.9680562640622,2262.2823059256802,631.4960535350634,21.64145466275922,47.119486302998304,31.720910441227918,504.80866150154486,1
24.073857825774194,12.064176501312069,8.101258200919931,322.9286635919565,2036.6930727162292,640.0909700962806,31.587704197871886,56.53284693777538,29.527772857621795,528.08266672226,3
14.966397684991422,7.3420174960658455,5.001846642245166,366.29043737656195,2281.71704109092,645.2505761323848,55.58867908230021,47.28623025358745,27.017587078484265,548.0233461094268,0
25.249355474285988,15.385918351701612,10.71758421235666,493.9581568202879,2240.255383196973,630.4040977943921,25.620319888794217,34.47052271551133,30.19678955157817,529.3388157893504,1
15.13309163171841,5.847614507758964,5.055017061274358,450.8737473200064,2264.501461861208,701.8223122336257,48.489181675388934,53.3360177352967,23.829572995879627,549.1255592026425,0
18.44153966233197,5.451434504496532,5.4285822639179315,415.58158530956564,2263.2896443154013,682.6579019032339,46.71847525270056,48.60703618331633,26.39901961291749,513.7127198031584,0
24.22441731409782,13.176270134386892,4.931401659160027,440.72025512402513,2446.1503520801325,700.0868093899112,26.942321503956627,64.44135008699322,24.150232684952226,617.3317491874029,2
14.58912488426474,7.3327357470944134,5.50565227647275,420.2601037226306,2220.01485572485,692.3613299770235,53.02153671374475,55.69240306844516,25.099600069043873,566.7714003127543,0
20.929120413054967,10.536134417906856,6.386542093550569,447.0708071384626,2590.247383208097,685.2241694554937,29.194883575121906,60.55435613350882,24.146774077940208,616.1788826809365,2
10.735907438537382,6.892015060320297,4.406327515633828,395.1575470842286,2215.539106389785,642.6226941343962,55.43503237252818,47.692124688011006,24.478975691600564,564.4885887968684,0
15.358551269912633,4.91024350412968,5.031644340452087,400.21268955128517,2225.5078601853043,681.1421672516484,51.84536495125274,55.88202285743614,23.164152389815335,515.662154982439,0
26.127412792712832,12.53321353676265,4.79829703334473,435.4896196740119,2394.2278033043053,679.4505142101801,28.11113333698677,62.549523068910254,22.19597262096877,624.9735053654659,2
18.626814734538925,10.207649909953657,9.21154533850741,334.01551358129643,2140.8113195129176,632.8352226791561,35.75422439586147,51.99101887262075,24.15170444578776,561.7146186133559,3
27.596366050617902,13.717120570751119,8.485576319487706,483.0773729058762,2311.7528087873657,612.6010655406916,18.43028204295493,34.36071429904178,35.22230579397808,557.3406562372832,1
23.759220448023516,12.840358709352222,6.545944470768525,356.21256771347254,2048.9624545409874,621.6695467824234,34.36698025647671,51.809097343013086,25.0729210452157,547.6018502474293,3
20.164735911132265,10.107433078634859,8.417690523174855,312.24547695761277,2055.1444427745505,659.8755278525562,40.48786119458976,45.149230305397325,24.18976840210331,513.1001791506421,3
27.659055942893268,12.491395264175852,5.383446390373673,481.0343574634635,2447.172930317475,738.8849292008668,24.240004268733347,59.589008942140424,23.9270548791738,621.8580234960771,2
13.941014581872395,6.166989985771716,5.813898209332511,421.8542845709518,2217.1063348819534,714.8949283681823,41.915041847158726,56.22606355123509,21.194196875813375,549.8380225404095,0
26.032471968447915,13.13562643256234,8.86967746906433,439.25089168991514,2162.7328306370555,626.8376983553443,28.241317519058967,40.663097064094266,33.771828804615126,575.280716967761,1
24.091885923982613,14.779764237426022,8.947386032043765,426.69109297463456,2133.3000597623304,634.1984604473416,16.013650023828575,33.815377486059276,33.51467415166225,554.944049089777,1
22.708568318957308,7.902908303341157,8.105091212469526,302.96141234986015,1980.803747400535,638.1945049077701,42.29829102385186,61.40239720760182,21.813141554039515,556.7136144442701,3
23.214279155872983,11.236431181807541,8.662271288095605,295.64701389151656,2105.4535152450203,647.0065531863103,35.8768195843787,56.54340546456362,25.12560393608133,519.0188358065817,3
22.011449933486006,13.038565122059516,6.114236939094678,313.3667324225635,2111.1588886855866,636.0886650702398,36.24535001530705,47.72772641202504,29.263017088876833,547.7545891337467,3
24.490004615054406,13.54038885262206,8.332343650417851,449.04405990589777,2219.279275706364,620.3807043618241,19.97306429431658,40.253897131889865,30.93133251174563,548.9041356824107,1
20.358273848700833,12.089194654026736,5.63917666910618,341.7310783141974,2028.8534874862903,653.6041841324624,40.38997674168416,44.69513341693872,26.73849332566304,553.1118803883968,3
13.572250351927032,6.404758309973683,5.5556711448204705,408.0873720502806,2145.651224066518,729.2109353769276,40.98819068406377,57.730501672724515,25.9840123475767,538.9630601992002,0
27.92342932444817,11.877417022939904,8.076027040163936,435.6370756757631,2145.5731542705294,635.4361381694114,18.628549082881307,29.219680885706865,32.91531665358497,541.6386462170354,1
26.533827914616026,11.742234052970048,4.429470341456731,449.3229588154401,2691.1635810607586,680.3452065643067,23.77518762716535,61.46787201586378,23.18540665519078,618.134655675797,2
15.498072244613883,7.803658402052238,4.7679677548384225,387.2716482637326,2048.9231564184365,669.4081769296495,45.753108663085094,56.643083607772915,19.566526823209365,585.7931814593983,0
24.337479911409588,12.308613983101095,11.672183851250189,437.78738266231846,2179.3706728637176,631.7053239436642,21.53913591130442,39.11882963353985,35.32078943963618,547.2097479219128,1
9.996600311680691,6.387270979188867,6.021982777676271,389.20439161572665,2141.006831992793,672.270525762433,42.56213104229697,56.05407794599728,26.528744592685875,553.349645283688,0
21.245450416977825,11.252416857262475,4.876189904311652,431.40896628058294,2434.9992049322427,705.7354028344897,20.230413481130505,63.89569628748393,25.63102110938334,653.8368806053137,2
22.488215353505172,10.551752441991976,9.201202051021976,485.5682707658912,2257.745748195154,604.5454523836212,21.577176586872085,42.05087927663481,31.679633869615202,528.0838219677609,1
22.606407820014397,13.345311981051868,4.980219636642042,460.17410569041107,2575.9573466266525,694.3238785515608,26.546873053636936,65.40616991260536,23.530341225803557,605.2278440437403,2
14.031661133332843,6.663410811204064,5.855939350132401,382.1502760763292,2178.638420264614,672.1984911755007,47.1737313553166,52.23073989565074,24.25850252012016,544.5497808238388,0
26.564218087298286,9.912956123552215,5.175124288455593,470.1394130272072,2445.108794744712,714.2518381320908,24.029004169809063,57.31652374838724,22.53986773485696,641.501381921641,2
22.383452816989468,12.280936999316724,5.037226233527879,435.83337894766555,2494.5177819679866,710.7297308592352,32.148344246159716,67.79636377140507,25.622479383736987,608.2111721092605,2
13.309909344061698,6.430148735060584,5.239551190205627,388.1901688277796,2205.8126348717415,660.349918893521,55.43495999052261,55.961285385355744,25.513517360075838,540.5099961611015,0
16.07236582870595,11.639274969759189,5.123256744832272,312.8958082351538,2080.2160879946578,641.5182440886746,41.883660177815244,52.43641277019616,28.328455089929825,549.2340077096808,3
22.59965386962146,10.17850730326046,6.67945188041855,287.2240421443591,2036.9292042688921,610.6132640541377,37.08952131919254,51.19268220125883,27.6743524415715,545.8308172438942,3
21.533708026629657,15.272086460816645,4.266067911659548,452.4603129626309,2486.942449176226,691.9422678241974,21.129235617216036,63.340473171068545,24.919217056783054,632.4500727723573,2
18.877290883882267,15.358860097408808,6.645483545036584,290.4147740055814,2054.138995164311,645.6455039065403,45.47403796833659,39.79475271162906,27.864203379791448,548.453326735979,3
24.39288709010796,9.285215464213094,7.499238266389786,319.7630791059716,2111.174641674607,625.3971477092615,34.628708830341274,42.95409282580134,29.79290343583237,547.0894166093044,3
19.18633661786119,5.324538785592181,7.392912089122808,380.64677359875697,2268.7754480839562,691.9773184527088,41.11120023117324,55.64658865972717,27.253972504562242,571.2065203353704,0
12.733425571993038,7.203730260222764,4.722416752396287,412.56114144807765,2160.4511247742253,644.4682828662463,60.722221494255145,53.253834574100054,23.97568031127738,547.6083914633914,0
21.663123056520753,12.79020696434903,3.972078049777974,413.1992212004858,2543.9281696922135,718.5482034531856,26.70267412714681,60.008151007193824,24.812706336227485,628.6080828916765,2
24.14975794162052,13.076092722783448,9.996793143668949,440.39805298131705,2236.633579387848,612.4031063554349,23.955957788146563,37.671132823520175,32.79774852434986,540.8085506355169,1
16.40390725244254,7.027166807934388,6.890659936088132,402.0080877442247,2261.6415102770943,697.5916170845492,45.01084545939378,41.65734937714182,25.332189722520422,541.0820422569992,0
12.855733957146281,7.179554532795045,5.109884458848054,398.7561477562975,2237.2241084032794,658.774073304265,45.72997179285659,50.35692818730357,25.41427583331416,596.7542807259031,0
21.529016567731986,12.613935223988335,5.156950673777951,444.6908634927596,2423.943022900667,718.5936187789014,18.06577313851606,63.92829458090959,24.109298273674376,627.0241777536507,2
23.620095504753312,13.286384011615743,4.860778788427592,448.46436070849904,2502.1905317010746,687.9592808519916,16.503005505974123,57.57342380605249,23.34395900379642,659.765907036169,2
17.72772445962782,5.319530099717475,5.2562171956472765,452.8859592370532,2263.606591518472,682.7627384661636,45.13676022633081,57.14698972761692,29.219970828166723,551.6904689314481,0
24.848937770522305,12.62789292512914,4.9675124062709415,447.20374191776733,2430.067336358618,688.6831921418596,34.140767753695876,61.43915829445083,26.405284843190856,617.7101967716916,2
22.07874389159447,13.314478977641627,5.564673497679482,467.83332519386846,2469.3194820225835,708.8636455592036,31.857991454930502,56.06155796849135,24.349065821750443,616.0225962139144,2
16.37365331487783,12.228825932399513,9.105570127969283,335.8254632405312,2094.4305630461067,655.4876146185425,39.19587105478593,57.57767972796792,29.68106808421541,577.709795051399,3
20.443874620487023,13.817679979100529,8.248699687688335,316.99139543462326,2111.2953096475276,617.2655317947061,36.35159441707821,47.67092340137077,28.68552071849894,554.8847485076808,3
24.50742259491402,14.874717491377915,5.14696702564082,498.84230497342327,2376.5083069108487,718.345170743945,16.078658606375498,62.340090334462396,24.84833018162026,608.9631857436266,2
24.353209094237766,14.92138435112181,8.518077030023854,448.64996896410383,2240.915493115057,643.2829633656264,21.040837146251018,41.81033433853968,32.97771949048178,559.3882355384184,1
20.14124648177226,11.829285809488356,5.458361727318522,473.3000563686163,2323.770987840964,702.247332892243,30.213252607323064,57.5597443609214,25.030587522220483,612.2858654892369,2
14.902563196139765,6.445818323835852,5.306778154494089,328.8854695977998,2289.852361365981,686.4006839216804,53.84244176058799,54.813593675164014,22.794478645465286,508.31208674212456,0
14.624658018143096,6.019900825609163,4.804309773158193,447.07348678982424,2249.496578771455,689.088233371122,45.56614420492298,48.020606858642324,26.273910726173916,561.6436993359084,0
20.223785559876983,9.766619750361409,8.310942873617897,271.09370555224655,1944.6647106087553,652.9810403488757,38.96913775799176,53.63002041455482,28.54412174625822,518.8666782064415,3
17.910091152541423,7.235308290701967,7.1530735775420595,378.5837371976889,2202.315531844034,677.3352017574513,36.12448513989733,51.94332883864851,24.997237839543317,552.4054996197882,0
23.205921826268913,14.231676968628323,9.746432947867632,447.2497117277208,2181.633455896378,644.3700208009244,12.479709424965918,37.73721044543822,33.97753227770711,535.6933034388882,1
15.957751077040923,6.154540713569023,6.619447572617897,404.6895924177069,2167.9115445098328,633.7894210575138,41.927825994500786,60.54471578268232,23.160020295662846,590.4113521807396,0
10.992955415866973,8.30538089567375,6.011713784170597,370.2923509579583,2085.891442242121,587.2177083027033,45.613227565046564,61.44819045395312,22.696991377253113,552.4980255833643,0
24.048150591330426,13.559021719608758,5.469731888591243,503.7509206640873,2385.5701927066634,719.7273081960893,23.58124054747951,56.61933619513411,26.387633850225743,644.2924812843005,2
24.246332549454515,12.636731784592598,5.438126699278497,333.6022120076553,2046.921972266175,614.6334377086596,47.89792827262603,50.220747613060695,25.99131345368314,551.5589690458709,3
24.762263597242534,12.057683077249736,7.563289551828071,339.10009528611243,2147.327087921981,653.8289288609383,33.15807081972434,42.54577680063302,25.507599538165604,566.9247983392834,3
15.879273212033986,6.67201475456435,5.907105030009472,438.12568765249273,2247.8236785494446,683.9227565447957,52.91604552104664,59.3921803820434,28.280565621509997,541.9579525641378,0
14.989756266559857,6.9941225877403825,5.292599423599574,426.1791365882862,2164.2261943913095,700.9190537656852,50.707376313131,57.78818914757871,25.298662052204765,527.497335230228,0
25.60361525785997,14.871978576110902,8.14411541127281,448.3289394920763,2195.7096454373236,618.7420441991918,16.585436769108156,32.944143829740945,33.14782460688074,545.5198709845239,1
12.555251374920193,5.434661718738132,4.520503204086102,362.375215288061,2125.0900846170452,663.3529280107686,41.69294431639746,53.551294306353356,26.47341775555995,580.0530981111405,0
18.257873895247982,5.29548203904211,7.457376120232496,414.10619962068154,2228.5135734488113,677.9896820147902,44.30185768040933,53.70249735856632,22.8105890342275,575.7426987735057,0
22.421635869748503,10.705132869757515,6.163976514801215,319.5429780260122,2024.2710708635052,684.4192777882245,39.55508305080463,49.26516193968323,29.116695713258036,498.65691917278497,3
15.785654936519839,9.247023216653478,5.258016599773807,369.87368920121315,2163.1664377206034,691.9934050489699,37.63820708654121,55.73344078012806,26.36987601140404,585.1615436908819,0
19.826850931458562,11.522372585542293,8.710277267526356,458.6828889780325,2156.174252052946,672.2750215361629,27.100476439529075,44.61071286487373,30.72422538976876,531.9524680860043,1
12.562373879152744,7.153754085787905,5.813375812715862,394.2675532108687,2233.462695608926,700.4918133076268,48.646117916969814,61.65198900726954,22.32169005052085,571.969836981532,0
15.73306281447446,8.207907126159357,7.958659010704833,459.9432817624481,2236.11921592968,697.646318850947,45.7475990161486,42.06979263817965,26.44009482099463,538.8198895017672,0
25.445739460955263,13.39170669510494,8.392224936823837,443.75614631012917,2164.0087911358414,638.2890176097382,26.580366149283144,37.31079458084727,34.763460154886886,531.3382179287629,1
23.864914271875488,12.646792289132803,7.64829703817895,328.0570887715047,2034.6058794164069,632.3665648039503,43.735180778250125,47.66882688251785,28.417540524662968,521.0013806660228,3
16.02244362909507,8.254744833241071,5.705984825914844,384.8653022366705,2188.9868927896146,648.1121039343338,52.99098871257828,56.38538795465106,22.397831128788237,552.6254537819926,0
25.40805834915918,13.859656650359076,5.768565394644028,475.20757639335847,2441.545905870576,692.2291375490512,19.85958073657026,57.27758940265218,23.620680283590715,642.6129370249995,2
22.28130742432539,12.673377288268528,7.028963926664811,451.05157703449345,2132.386587818005,636.958802073037,17.411294234377003,36.353263964617405,33.15366759533512,528.4517802273806,1
22.867664692461556,13.045964652074458,8.680017556127256,428.04963853698797,2317.81583280584,659.7137677714029,23.149104047824608,43.56538159194595,34.93635124538948,542.288816805148,1
22.614832854431715,12.074682777097937,5.276206244747636,459.36702419622065,2547.8610918492095,696.015941591281,23.861532560132062,66.97728054294704,26.176996247885572,630.1242121280936,2
26.178305641701822,13.712155978828727,8.640086842316425,436.9990561364572,2152.798395153955,595.1511622652081,19.646634039794495,42.180170173045816,30.612456221202393,531.9980486431797,1
25.26191815112486,11.501032348346829,4.560947325574201,449.9884159794105,2498.8427666530242,693.8704603572162,21.791073426038537,58.54438433416295,24.15308859995405,626.8967539498005,2
14.236524212003342,8.858049112053356,4.797624254233782,436.0928356149487,2194.4940284211357,708.7514024161284,40.973460085779564,57.76392218682186,27.27994397212585,514.6261718656675,0
22.21716838920804,12.204570848745801,3.080215426327489,470.54632163787375,2445.8967167322994,697.5518390328733,26.285861260560637,61.5769779409739,23.8269085053366,603.4333111778237,2
27.684054456744366,12.335857205437597,4.9204125864426524,448.1916632591605,2472.5522357225336,693.0794372004653,29.489276846808252,58.40496772519941,24.519624260657018,691.5494457285989,2
14.63027527290948,6.963737161555309,6.355145681944831,441.92628466574024,2309.263539674616,692.4499700428611,39.76934665325419,57.43433480667428,25.575949987428295,568.0731349117128,0
27.447735530177187,12.72916480658856,7.459298993855631,466.4415373791517,2152.46478950978,607.69703225278,17.42813447194459,36.43273846986662,34.93511682525533,537.5007030052552,1
22.646623299152452,14.366513443300489,7.883415072629609,466.01863417309926,2207.6560730612073,632.9411753634603,22.32839791255995,32.73409278495264,31.710546288743743,528.2427668325286,1
23.926013558673557,12.928458465611802,4.385886506826529,462.7925937317696,2362.1009150648724,695.2465949085494,28.663113826424954,57.15895826770634,20.003285604400585,637.9789114173109,2
18.471405906850247,9.808065539353713,8.468473915700516,330.66772831348135,1995.801833564657,622.2684626711945,42.91641157566187,58.11706215138403,26.678304695493544,533.3333591325842,3
23.518646850925272,12.336567370493366,4.484531815921924,427.2176579447418,2459.606020101464,705.2641465407216,14.602445685361094,57.84152569054123,26.24031781222797,625.5931208141672,2
16.23362839937956,7.116241457085435,6.570698782094763,420.7013791710786,2167.3927302533,690.1745604130867,50.76134803923773,57.3736103062512,25.361740452831306,575.5623819195222,0
22.116793308018366,9.30287148823156,8.513708101738167,317.07953611174094,2025.8704950402432,628.6799431628177,46.531225087490164,51.99249058213167,25.539747405410942,538.4222099242024,3
12.656056814198411,8.752211962151245,6.059287641534908,427.84857374530407,2207.854966794732,645.5956875580504,49.513585584020596,54.391682299765634,21.444659877673217,571.7533173375595,0
22.209388223131768,11.39146894527313,9.012166557927747,433.93931063050945,2143.2069595608573,614.3457549300974,9.6759176026371,44.1967169788319,31.20588192625508,558.3688126689498,1
15.260549042945772,6.34519552270475,6.131995493456935,424.5393053393511,2266.4166488990354,643.2949075478447,48.77425397152341,44.81019258472513,24.295098895559125,577.2590045938452,0
22.611097047252006,12.44150957679226,5.344352694327529,451.8311088520573,2461.276971999666,719.8392797295346,25.16428497745001,64.33867904061852,23.961150934982825,652.0181286947413,2
17.48989475729289,7.160046312579675,6.010534670789246,475.96543560447,2166.3288914520745,653.8272546409261,44.28517825514635,51.86867563661108,24.912314737950076,540.8392943408302,0
21.59092745786825,11.464448142305557,7.471824682551893,292.4903357782445,1971.884058237997,635.3702057178652,44.171326126270465,54.57014674327417,25.573610720295058,551.8633227013077,3
25.186781961473365,16.40415420045377,10.300275231789463,457.26648988534976,2228.6250045326433,598.5253513688023,22.32190431857305,38.92977237602388,36.37746650005783,544.5921603594586,1
24.655548211500843,11.334110549743924,7.208855683579803,319.57802950888015,2078.5375024036157,604.4539891914632,34.478668028582256,53.271682515225976,28.773559793125948,568.5839625953164,3
20.225224431013686,11.694731958545297,7.21095291833685,336.38891320430486,2107.7140517552816,642.4327697897384,34.94555420384396,53.165944515588066,27.323969180698445,581.4841012945866,3
24.77505829911879,8.696437502056193,8.39921311612268,303.16892197128675,2019.2607459037924,634.3649766786899,40.53881568661648,51.54513710671681,26.545836175958886,521.0515365224807,3
19.473809315097622,11.864115503626413,5.310503726873621,446.14264285944,2472.078703211281,682.82488039184,28.046075690858345,58.782706872678794,22.057562775664625,648.2418490966223,2
23.776854224700855,14.683941566916056,9.244980222330282,488.03109593748854,2219.9053255779813,631.5103788760995,20.35510244118384,40.59624752223557,31.66326152619984,543.6459795170916,1
26.228566470207106,11.049265391670806,8.233612624542442,348.9483875525604,2106.47514526147,632.5544131214581,41.89344328897747,58.79053113634339,26.38333882117575,522.9201497705751,3
15.666140745236511,9.597017013365715,7.235006177988935,433.5955025399549,2185.844353485594,678.3347033926672,58.41044377508565,54.57174554910298,24.137681510388944,530.3176583692156,0
23.262370823640637,11.69509617581739,7.628085944592949,336.2219415695404,1961.2930068175817,650.6623442906707,35.61212598237314,46.427366935255634,28.990554291635593,546.7408874235274,3
16.251180787934672,6.907324667787195,6.403006853426676,428.46755863583866,2199.1943130449686,685.5311450098715,49.94084450095403,53.16700846175191,22.425218373768807,558.9683114981473,0
22.14775199027408,9.018181790528025,6.919252587214428,353.3186198190227,2044.4933593852409,640.3706416415993,32.833331284772775,50.18978906129322,24.673764883684342,538.2379223421398,3
24.909237669356457,14.434628600273776,7.886141637007047,414.37554776854626,2237.450790919393,612.1611988762781,26.697520652885295,40.734470066203734,31.577431174776112,564.1999054864629,1
14.549137101543801,8.289675412221582,3.8263173235913985,435.9745100953946,2268.951493675875,641.7826624839583,55.73943316057002,56.86863228325646,24.740939228125217,509.55632399128297,0
23.229546890296653,12.02885565348256,8.929842717022781,446.98965612081827,2175.9509795420204,631.3288800176133,17.22273946397019,37.8615760018776,30.63770841016303,538.4152161923016,1
20.029948732386213,11.355885201600959,8.067879997679684,313.7963160001199,2050.991931184886,651.7619638432291,37.70085775408864,56.672648156248364,28.67242219499746,555.1716913636708,3
20.89131717715381,11.942912972107784,6.533181428020447,286.2086294172004,2013.6540320962192,636.6397238702879,34.9886195632788,44.70216929273572,24.583332408128047,513.9093167376606,3
15.215760888686066,6.87488624381063,7.616526996140105,456.83559599529445,2200.5797017720206,635.0818482776042,51.47960305037571,52.53664353324072,24.870582810180444,548.0581363576963,0
9.138811248294449,7.0901519766981504,6.322843760749031,434.5313481878874,2178.1662875844236,686.0832297016435,50.56169766473511,52.667075576884315,25.014188950651224,562.5700265057073,0
23.58286749083863,13.26547503731507,3.5278671977371037,449.2186970052412,2551.268344674526,711.2369703256722,29.85593933910389,55.6124990060016,24.485523403445647,618.4703865284948,2
27.3998932304998,9.012554048952545,6.434951120006984,341.17287551785415,2001.613290012896,646.0839522501959,35.819837982110094,56.53216209087629,27.002871460852912,540.6952942667813,3
12.568218151791738,7.026858745775694,5.2647444333694216,377.22337188849764,2225.627068359487,699.4271225862668,44.030526693458626,50.83183957527427,23.2538744473795,535.7417222506836,0
24.843354838982354,11.104919836725163,5.60407028548318,466.89135277100445,2397.4659896579724,697.2452542441515,25.409705664984877,59.66664882697413,25.886741354678726,608.3483634000846,2
16.581603442357977,5.557998842938659,5.810802084856015,427.34464750593565,2232.4332774006116,652.5686787744468,41.32600851131187,53.343632624568066,23.846234067047398,534.886431657023,0
23.36140441023141,11.77035909891552,8.439714781632379,310.14929651372796,2094.686007143351,630.1069399425346,36.88829559295286,51.039703010273485,25.834650455099492,522.5878639382462,3
25.95907605734942,13.649823381431831,8.693139845496468,371.40280828293794,2197.0401399050393,622.8304790786009,22.633686744954286,38.74869760246085,34.417965800892134,535.3779142512083,1
12.894202978592102,7.759413194636773,4.152503700952561,384.6169359146801,2308.0864257842486,678.2829472015285,39.93415725884622,51.25256411219518,24.046613190071128,588.9873579509081,0
14.331753118598376,6.621321025556495,6.0614204127299685,414.9683645069795,2126.630772976503,692.9846214362221,50.387907345377286,55.95656800213673,23.099620006247974,579.7955661721406,0
26.264885111010727,13.582551518767687,3.8244077107787797,429.835147526825,2560.8590219620696,690.3733913146872,29.467081760967385,56.909147425427506,24.65268399460707,633.1986032896388,2
23.769542175406748,11.459959207243624,4.839506916175927,459.7282853002926,2580.565749812318,700.920124270439,25.98492192328723,64.40071553410078,25.111297994204353,603.162378324806,2
16.4294919601498,12.40403645433377,8.435238301906711,319.63517213452434,2032.7490588513808,622.5567679454434,38.1401575274417,49.56624043743064,29.948948385990253,513.7753086490395,3
24.494176311258574,12.31120699006047,7.67595103899202,443.0836770038299,2277.6103363218303,606.3270519882603,18.748635708848575,44.49221695473421,32.62807904390304,551.7883205362031,1
15.577833334337413,9.125074925622016,5.352927408132135,414.8498715913866,2291.7602434901837,674.5900887565434,51.61761612754755,52.51927203904553,25.31943276879108,543.5405706892125,0
24.805562887308405,14.791532265332375,4.075388057758616,468.41088499107855,2447.934621938999,700.5095228406726,20.20584270659189,65.05226184590725,27.783191186725855,608.0012371836089,2
16.058826814251443,7.0936632656961995,6.857189270241365,407.75712309760075,2209.008026584438,621.6616504393421,45.771443233832166,48.10246293957445,23.857307884264284,552.5370742140158,0
25.375675970840604,12.467724857589428,3.9445755808713234,435.12515022400817,2412.2344204218616,724.0668572302282,27.297480018354975,54.945352440220724,23.628267639101644,609.5072113250036,2
22.861703584911883,15.063680937895022,4.306227695819477,475.47713237514256,2480.641335877052,703.5950122504947,16.56865713299035,60.00039288845061,28.513649933147207,619.540669992542,2
14.640961573434799,5.998450280692147,6.941480768103218,432.92343216505367,2290.4519314829236,648.4021795511884,45.481293734899104,52.020658027086135,23.352216910597498,547.7942776648381,0
27.380310276661024,9.670678678533543,5.529318935988519,442.45376648012797,2442.419986874373,713.7624022264413,21.746178220040534,60.655139339679415,23.453173885547926,626.4349486613578,2
26.186942354287485,14.514534706807362,5.026857927849652,479.4021266661708,2374.0143850969944,708.2926276391006,22.37861615631611,58.02257734303309,23.838568320854673,607.162284944515,2
24.8499445026587,13.30525802873071,8.906695794852057,465.2941111706937,2268.1680084652703,616.1149662860006,27.472203364211353,35.55041364966594,30.234949727367166,547.9240431924417,1
16.161554190659594,5.802206284246752,6.139808574490431,406.1824007304414,2185.8233028549084,675.8476245739225,57.215442295455794,56.763005901773084,28.146358057746596,564.2955772420105,0
17.31501551604227,7.782112642196536,5.23328697468985,422.4583907079636,2252.2017427735345,685.9391903003208,39.125204675149426,55.29584936475041,25.37122701538196,588.6452649745336,0
15.454958824939236,14.424642398392256,7.497243270502925,316.90262594888054,1977.8675729727915,592.4877175146148,34.066312693977174,49.41464056616124,23.526705687093454,575.5564730293652,3
12.775177056033165,5.29332292298553,5.1009781468960735,425.75287921917794,2191.5856380913892,679.3392364722905,37.441138418781044,45.5651688069573,24.346995606218947,579.611159518634,0
14.394760481059107,6.0075625474722205,5.954079992148868,379.72548975899474,2226.0599317779747,654.2654630648263,44.3628783141952,46.23241228877347,25.771117611096944,535.8125054151623,0
23.20752732068439,16.777555383347284,4.992286971970549,481.7552767015604,2446.6936546660627,697.1149694224065,32.70672426757311,66.62240704169035,24.537781112947496,667.9108525281274,2
19.77668392191906,13.344696023781044,4.533434699604124,412.9705688994919,2427.275202759962,701.1695018346685,21.78982997286965,59.9299296625377,24.873178755178248,648.1940603681315,2
24.815117333225523,12.871167902346954,6.06614523959292,447.67228418785453,2433.6711198451617,706.9811900718763,26.046958327216466,63.04447985369325,22.60984600044174,626.0865014465611,2
14.86403948803119,7.255868967993433,7.235978124801775,430.89235672468305,2074.2377048986004,648.414025541564,54.95280516380407,59.57701331548473,22.33853512627847,563.3591821008553,0
17.62961574301181,6.2838728192272075,5.015857706529591,398.5812545880091,2251.361049715165,699.5306949121319,50.331751644866706,51.06899661710513,26.917025718114967,529.2453074619851,0
20.50647474227146,13.207821835956524,7.261721190654145,285.10892283247165,2008.0995451539036,661.753573220215,33.646707701287006,49.48231682095591,27.59796701840569,540.7117884770697,3
26.027764791834546,10.526265173765745,8.950329363947084,273.10170213471105,2084.7255030507663,652.565541712085,35.591572976657226,50.28883393213297,28.8837225047653,518.6121172992642,3
18.994593061495987,8.50141819311596,5.94116901883264,396.6138420695821,2134.3806226325155,635.4266866622129,48.97443630505636,50.33302832660975,27.567523996397398,522.6115251313042,0
22.92051629956196,13.386956418921722,4.338746020184404,457.7435115144269,2443.829313588379,653.8647718553058,26.105089406223247,58.77635503614006,23.46762321504616,626.9422829244309,2
21.58512748410762,14.475196672667261,6.41753796075385,309.28621857568965,2078.211871102182,677.3975957375012,45.417934594344054,51.65569045670717,31.00451124221702,548.0526576375314,3
26.980285999542073,13.77409362831646,7.26287474323018,518.0910839401165,2166.74247099629,593.3541534223951,21.714647930787155,35.39033230241453,32.82871946969897,557.3123249217034,1
20.228129945434095,7.126901411629889,6.987404194982726,321.39962256575865,2025.3622319236397,646.0923889488057,38.257094959893685,47.34956678114587,26.03549995443127,540.736465810587,3
16.671615792628675,8.552825713970908,5.372435635407875,400.1283898385535,2162.7382275228165,649.8105759124788,56.665502378414274,49.34849928680342,23.84724950489912,522.2244068686949,0
21.525900617534184,12.502908721644964,6.983307219995495,300.54163546098,2041.1670554054522,657.4257508908336,37.02730562367369,51.13628816413469,29.45447249539579,525.282544631573,3
15.027970443730585,5.806905652335914,4.781882388481314,400.7741670584895,2219.0183248939184,678.4922369500241,53.10292321921145,52.24017785587746,22.478401405558635,570.8943406461328,0
14.33702365580549,5.819897407017164,7.820639698775832,392.8659225692079,2177.919713020642,667.0593840084255,51.9640374780135,49.50779766622959,20.145383510409687,554.1740536931887,0
20.38565984360814,12.12137915753422,11.158336132059745,438.7728934790746,2214.7491900742266,618.0839886991544,28.781887792458377,44.96689531480061,34.89991770347102,535.3047135374171,1
21.033840733062963,14.377034869244145,4.501811350485506,434.20162626995153,2373.685350110052,706.9670380456685,29.031170413728823,60.23861529020119,26.854437217399294,657.6926129070227,2
23.36243458950342,13.647400590165732,8.482384075088673,492.5865074955286,2184.0136240585593,630.5618300471481,14.0489954260741,37.96416841441166,30.23337426745585,527.1863581605685,1
26.852099220509544,12.223985194692052,4.269522773376878,432.96255458379926,2446.775060282211,700.7395033809672,27.757873850834624,56.52447749532408,24.665164140156644,652.6472642490207,2
22.51014939244643,12.2407611402687,8.178350000169065,306.8989765491675,2034.4886627501237,614.857522707953,36.728684825216,49.77682850050399,25.59546356118263,573.2909764493623,3
19.785546133958825,9.555133105106055,8.64844745715428,291.78483897430374,1973.441858192408,652.5936314599797,36.201729142566236,51.03074374154489,29.135707494318662,528.5651161592268,3
23.228524432903708,12.842497097569638,5.848903873163361,494.89352016913983,2571.1874340844965,683.9888754755129,31.90540342342014,56.06432672652773,25.526867685225774,611.9401320539743,2
17.067349900799634,11.115369472623211,7.2909621765328465,324.1850891882206,2007.025891551824,626.8680964895168,32.51478398728787,64.82034630027823,27.22357450981348,500.35617235700755,3
24.75616124728377,12.311058848032259,8.8766583169672,436.0548802470872,2158.492740032801,623.9895133826259,14.36465609335255,33.80440837480862,34.261629028722936,562.3321909942033,1
14.526299470980632,5.961123576534183,4.91253617525784,443.18018874508357,2237.7905778022837,673.6967676371862,44.33635562220222,56.27844959277461,26.62283076335944,517.3725503523001,0
15.47089673661986,7.209938291949513,7.0868422626455025,389.81086946817607,2328.965999927783,674.3068729717404,47.78192325799857,56.96609690352055,23.00645849638969,535.5134612676618,0
17.637155167490377,11.090592151581625,8.045128335178605,453.29553866941757,2237.686453414983,597.9944399646629,23.810672739780316,44.51750069121053,34.28043872116828,535.2786586278694,1
24.02565471111133,13.099735091852589,8.160003373192945,452.96566419513124,2218.2796560998813,612.232812565276,20.164807174308315,42.0298669346633,31.08364862863766,525.0617587294485,1
20.603903217332526,11.742014210306843,5.460905359684084,492.555820762381,2490.7349106908378,737.0934743715096,19.947987676195215,60.054280678556175,23.156628189176054,639.1256067006259,2
23.370588708604675,14.100229445830063,10.34758732808447,470.6389588929425,2186.448271380444,649.0872322608337,23.123973112738277,37.91999405061315,34.332033260767524,544.6442872578664,1
22.977339981430667,12.753599019751334,4.910439405866736,488.9602849824398,2491.8913067058934,675.9494045179677,25.781004455551166,59.337654703312694,20.6960903661442,613.4256210018219,2
14.283966623851141,7.004641204040872,6.482392509812793,353.0619344449551,2241.3703424703567,664.8375801516862,34.095430498755,48.455793093563656,22.728407826220206,519.1446634179964,0
11.868481855638972,7.056760560867748,6.940209478936735,378.4948364095787,2198.6416353277045,673.8812601187916,50.39778411696043,48.229661368728955,28.227501696478,574.0902969320567,0
25.96822773643353,14.378368154659347,9.376651114303495,448.3375805551683,2280.842593655057,622.5140076382635,17.085090549013984,37.01473429077352,33.48444894285131,540.3246085024379,1
27.020514818614203,13.190960651386321,5.1168508674308075,445.5077334170049,2531.7779060515522,720.0796757800209,27.68633590716743,62.28573601863433,24.641423279072765,632.873401877047,2
17.35256426641592,10.643248186395478,5.655580725238925,324.95867188324365,1996.2311995917594,621.8015946548526,40.478744071129015,47.84872315685772,31.08622538562227,530.140006740423,3
23.709144683065595,13.14402289340016,11.30419366278705,430.55826538137177,2197.0216197068075,613.8887088745804,24.619839794336194,38.971878711923395,34.99172899956687,503.80200594007124,1
16.270301893628808,6.2397459640777795,4.513092559463625,393.28488418840703,2304.0708447861625,661.6282428510502,46.78338386601709,54.58956334833016,25.578974530822506,570.0549314299668,0
28.222628958197063,12.078730696981559,5.451578851526213,448.25611955572947,2490.9734531097665,717.4444449120339,28.212778719565552,62.89175459034727,23.415822026959216,643.068018994537,2
20.752833938842677,13.744747527894868,3.8633816969542245,462.4561378777064,2544.943708511758,675.4273961675786,28.179846846268994,65.713697341724,23.50644008613102,633.777612698474,2
13.325203552345076,8.55005270604963,7.582293792704712,433.5486286606375,2217.6945109803873,682.7229380198438,54.73146641444475,51.29770761985622,25.839993500139986,559.6244841858904,0
24.694103202710465,11.862210249625273,7.737766606483885,320.9900220370537,1959.5063702102,626.1217599621283,40.129938613665544,44.6472281516961,27.77438458418443,552.0148690606677,3
25.636739068263868,14.086694132969612,3.673206441505176,476.86668095602306,2436.6135468267253,682.1126592302394,32.34166051499224,57.99828777334277,24.940530453041912,627.0676641160128,2
18.41193713534392,8.34653971511022,7.472802176951303,328.70575504143625,2139.116343630223,645.8466880601211,45.42196629423075,52.31384681981362,29.486701842930383,562.6555442849589,3
26.825518667938926,13.680190148866863,8.741038121353494,449.82774503637063,2205.614261931428,632.2771923207663,20.02743818564922,43.761580214399686,36.176358333716784,540.8999787649966,1
13.492944839285244,7.809694926238879,6.068162780955316,404.64284096318437,2229.251319391119,655.7686921775634,41.95777065428935,56.87445958956965,20.865972342396624,584.3466762415496,0
27.11546502278143,12.898162591204724,4.513417657496378,485.95302271119976,2420.6433459608993,708.6689746269235,24.291597353716348,59.4340360005103,21.39101411702837,652.0476619845933,2
23.787945811013998,13.646083912755266,8.918812984987749,493.74905746765387,2156.287074758189,641.0615527791318,24.389248167223315,44.210719724948675,32.63242040998618,537.7816215174201,1
19.494779768017573,10.313052494219653,7.730381409692706,279.18527306249325,2013.2164338572359,615.2632603088784,32.59037243959829,37.14938690904612,23.2476055613561,563.1224591405669,3
12.103745481169906,7.8928830930231,6.491062565866877,411.3860982744486,2231.000291952004,667.346794782716,47.37353375318596,53.89991484984537,25.645352873073936,550.1152673659112,0
13.858112676956411,6.955116581941878,6.3411308382180405,429.07530014797794,2182.135133531768,687.6567826470322,42.977798080656655,41.894110713054054,28.940979930967956,562.7371586874281,0
14.803029030981152,4.416467127898539,4.868926512057897,384.4192065609554,2133.437758820526,679.009354421525,39.60356569030547,51.87922370884529,29.108000576943684,542.4486279452833,0
20.948437631689064,13.153835964195528,7.563923690927455,315.8973049813464,2034.0694014184262,664.3928741664704,47.1695512623304,58.50289955918999,29.503655085556645,562.512284798059,3
21.36394413024857,13.643303633230444,6.900220441253817,325.53550305101237,2111.311698708161,654.8852113586745,39.010922015836364,49.448612070947064,28.89506808649764,552.8170985024964,3
23.222711538543265,13.014013443703242,8.27908914656078,391.74629104622187,2173.0918262288524,614.0517025176464,14.6020311976364,32.04495581826299,37.446189072277434,546.3729282158265,1
25.214525348938466,11.461014788344572,4.110536344493426,468.39215590667715,2504.866611483049,673.5892217129388,27.49724620907169,58.20170210215481,23.301939213990064,623.4591667355718,2
22.347890893329463,11.035523159720368,6.873808334200805,455.7179918226537,2193.1283899338905,628.7157062137592,18.538756105473034,37.21948622357532,34.17837973825529,532.3861188573104,1
23.97631624741754,12.483418074016534,5.311822841474945,471.63552434587064,2436.2794450583515,697.3671659720053,17.834137572195033,58.464660967319276,24.72788655596852,631.5143433837364,2
22.54698618912017,14.126946413774245,9.594862966271018,469.9325437077259,2151.651826814677,639.4375457359356,16.222424829829716,39.72110147372286,34.126183869349525,541.530495023723,1
26.066667441591854,12.83214510630476,4.747564660852734,473.35794658754025,2543.9241250164296,669.5902566148094,22.408235397964628,59.91235319306776,24.514221075588555,622.1508624812416,2
23.59173055395505,14.06493447701924,8.956234131901253,444.1015099509675,2180.381597168561,613.7659959812668,22.817834491773816,36.18437891224665,32.652745002815706,557.483303908323,1
13.072723111262391,7.576582824128546,5.542478801090208,492.1851239932492,2289.0337129187596,657.2283075048607,41.73466790654305,49.115957534625146,27.151538987414302,607.3634684716083,0
19.209803212471417,10.219309764736435,6.027360491171686,304.0169204581478,2043.0369462791286,586.1856178029365,38.524797538987364,53.15263716775943,25.62571345217186,543.0797307108937,3
11.836811201092114,7.890655811999874,6.568965871573745,403.05659606933625,2227.516107843961,680.7767670331875,42.207259932528814,51.532088743359665,24.940077903201757,566.6372986890842,0
23.313451752408422,12.402244751546618,8.932501180252421,431.2444562140803,2194.8158276477507,633.3350432876058,28.127838325322998,35.90379509152654,31.590994877477122,532.6991391481992,1
27.260951199917542,12.549794595554546,3.4104935358898807,487.7056408640358,2450.4259299131786,712.3688571226373,27.344816865615577,61.2562663357442,22.266701293527145,607.2694340696926,2
24.9019385704993,11.573977367397593,7.8314159734259,305.4377067133244,2091.159530832085,649.9351683857673,29.499682132719904,48.576423768122304,27.484437740618954,532.7194856191713,3
24.09714361551533,13.635927777935203,4.552442010051107,501.36099379520437,2511.7284324074735,682.2803142979889,31.853032312164963,56.81122367128273,28.896941629387605,658.4937647494238,2
22.255507405104694,12.654404170231109,10.40890657705404,454.95650635675236,2217.9646132280595,645.4283877827895,18.497694538460824,34.94511531523046,36.24943798099125,520.5854164587071,1
26.178990914321517,12.250939678826807,4.639901479686139,490.62375435353385,2480.901915946235,694.8160391715561,26.970824594513182,60.59747496204044,25.49780751729178,635.8692696132275,2
25.685848933819088,14.992761124800495,11.26567737804997,455.87513444508505,2211.6526262719017,633.6155076998765,21.880033222920332,38.911165200488846,33.93782504311133,526.4014034798681,1
19.663832036923537,11.741838671114722,6.581012920186709,263.7533964752812,2150.9989173499825,615.7045849247461,31.814959809376074,52.38319595911768,29.4682940040278,534.6461162766557,3
20.521015678998236,9.279372267562083,4.787644904168341,318.2896544680415,2050.6521650927075,629.0589784351425,36.61740451168025,58.322540313146746,24.29218014869229,520.9673210794301,3
24.69786447080618,12.854572917277585,8.468623709786653,478.50968332566794,2250.5891582829163,607.0664849570326,20.442779591377032,37.54502705156874,33.44070602215725,579.1326668494329,1
23.209541088829,12.2305367699112,7.20491838836863,320.715838899623,1960.7011603287926,643.5117401455426,39.63635526762763,42.97173579188405,23.763905216334102,550.4366489555127,3
19.153961058107505,7.59634793473991,3.714971703320122,453.7451242243733,2195.3565496221763,675.4061601312081,51.59896065276391,47.11594499529766,23.94938599274317,562.2209427039937,0
13.755664599491483,6.9166438898664175,5.9186641697239954,391.147766639094,2263.7445477586193,665.4516275718458,45.507044014564826,54.64983146057998,24.518600311794785,557.914428550513,0
20.81189095458747,12.287597334850961,7.988987435505106,413.2075861425077,2244.8474054115545,631.2366298054342,13.845378463703529,37.98827829669896,30.926908594153314,526.2704397586187,1
22.715101874937194,13.80325874548211,8.617169095060822,438.1954001332761,2246.03239236535,624.5985657984912,24.276120360236213,45.82224335427075,33.490268563557414,533.3542318789739,1
24.22251988742232,14.068835018641472,4.637491577728065,462.02057207822986,2401.257280151491,677.641593538985,31.419099979554865,64.27228909745327,22.828603369577426,658.6312044168145,2
13.319687046074943,5.347649756973502,6.646304062307729,388.3029294217748,2232.4359405524406,659.6882417342335,39.826503120795245,55.01606881147346,22.781481888190978,535.8322465003147,0
13.000575542661238,5.599830817518959,7.067623560803905,432.40540431902883,2333.287124463686,675.4772884237916,41.899442550968836,51.17405985884557,26.75491164430728,532.7272568869798,0
14.999084724988347,8.575170031518741,8.143707604637152,316.2799235463681,2074.4765067715907,663.5558732776032,38.76156757103345,54.43148996277445,26.820487624987205,536.2753640563939,3
16.47116618485675,6.72370339051465,5.277587568568976,407.86051798622196,2384.7931502468978,711.1659818898745,48.256605391847756,62.16349792733256,25.217397800030138,541.5800077204728,0
19.975994819213188,13.757873487795164,4.419121485630262,412.45757573422077,2468.5207555671705,676.1342874367567,15.538124527844264,62.60255076602094,23.070339222808503,600.3574121312463,2
17.11718324826227,13.92906008756918,5.817710385263051,410.5819538896976,2514.5297710298146,707.139249810323,32.588915541708666,59.95891032444161,24.005441301898145,638.6417130961989,2
25.970941888861407,11.850739520027256,8.17115742818632,440.8409506287031,2222.8806589053875,630.090035397191,21.68595669371811,36.297561025890296,34.24312084338766,516.4359669195005,1
28.45291495234114,13.177918697098704,7.716562132566638,471.9360090563231,2259.2708764063173,626.4050478567235,12.813387688813235,35.00178345524145,33.031004512575585,529.9096768063741,1
16.301185575649402,6.8679598918971445,7.059114849334736,369.13847507442046,2255.243182383895,710.4159544345513,48.181479389135724,53.54670912131412,24.822452641244894,531.6271649287121,0
25.77774687966699,11.372511470815672,6.5448645137893,327.99097954866835,2018.3555857469391,639.6365941168652,40.65540902054494,40.135293081604416,29.069813403527373,528.211594847503,3
14.918474947729132,8.789946815257958,5.344518751145182,433.216735427296,2260.487934424358,650.7845284494979,56.74362517967136,46.485294563763794,23.568052150548848,561.1619306902816,0
21.718220242563618,13.385453250852425,7.966441375953543,449.4576900789637,2256.4672855723347,620.1356426428292,20.399371850034743,39.11024179821932,32.111109008733585,565.8833375140841,1
16.614016563888942,5.289584397310254,6.0306723023806255,397.5918427176675,2128.091750333885,665.3711995421899,43.079932784162985,57.071339840126235,24.79327643336207,530.9845026815386,0
22.170441575146363,14.13652666382703,8.143945250747976,415.6098747922331,2277.318468191978,616.0948213481944,28.056964307604662,43.0520983071241,31.060494493918885,548.2752098442936,1
20.242279518378062,10.973687056399166,8.875120977219824,340.37333493847996,2074.809326678638,624.8020718553267,26.05936623401829,55.745224229411804,29.10874229441928,530.3096249690528,3
26.071770159935586,12.721201683821816,5.395765735043498,489.5355194937663,2568.10865733776,702.5828372479502,27.545035502957017,65.3160414849451,23.785413937048748,645.0621844731047,2
14.379032047608112,6.43259593093503,5.774360939652325,464.74637053421344,2131.2035310250285,690.650363613448,56.6464606694401,55.790012170970634,26.528572384740027,543.7070706757621,0
20.86717010706701,13.615345596603074,8.916250386021972,324.7287423382562,2051.1450140320026,652.8739546641682,41.4828645215201,46.06234592778249,28.244952591215448,562.5403090510715,3
23.88458256031475,12.424122486588804,4.314689716125252,485.30065842958504,2548.945957233276,671.1743965894955,18.607724441019847,58.80175951842443,22.65348543498458,628.3451462700194,2
24.003902894227966,12.18070198002698,9.626051935488103,455.3214129499389,2153.099689327268,613.8170677520941,24.471759432101056,31.581827671060722,31.98614829920717,538.0007326779445,1
23.44847101482059,10.740606761120688,9.791494441021584,460.00223888156506,2219.275536835269,610.4179192622469,24.245974967893282,30.162432782976197,36.4394586783874,583.1955594803701,1
15.726908675678146,8.493412026894218,6.2539956314469585,417.4102012245252,2221.7361117009455,664.2257620690186,48.72734510213614,62.68012572930088,23.805996482957905,565.321521526781,0
12.655985614810369,7.549477700216856,5.783163276266574,444.1387030820015,2181.2712034334018,658.0845441054821,44.7931762697244,51.98557021412182,25.636946825548783,522.1762953955117,0
24.357041841820944,15.187580234531424,10.118539416769703,430.0039731251676,2234.528539451663,617.133518340518,24.357141435974658,37.555131505069326,31.578585701048848,545.6006744904615,1
14.183222745490546,5.726501339169788,5.740957782694944,409.05935897970494,2146.288538823292,714.2401132768449,54.093973700313974,55.99440902974034,21.63442908912124,586.8423929597759,0
22.896943869509194,12.894391665045136,4.8712243570779865,431.95363708574445,2468.447007183391,663.2465102599828,26.424096581682754,61.57285006565125,20.711910217043567,653.8307801420092,2
14.897605776366806,8.096726461372146,6.1055801919024795,378.31203775127995,2252.2620285533417,681.9336149748742,55.36470778085193,49.9173808163732,21.66453520883403,582.6622908213848,0
12.63011246716595,7.557013285422666,6.35092438089354,396.6829509074373,2327.5080883476185,685.1099208841655,53.42295413165711,50.134532524224596,24.01322906293358,551.606136668675,0
25.660734332756366,11.848188994354606,8.560621190209606,453.48595963293707,2162.0390637183173,634.1433444207254,17.839970814251785,38.06672471552309,35.564741759104265,515.0038350235191,1
21.74308957484739,14.700018998645579,4.962043850597136,463.9854228784992,2488.2786587044916,694.8056214904335,28.521973947310947,56.631968487473976,22.998572733582158,635.0888824451805,2
21.50669944898297,13.123581698929867,8.345350785823443,254.20648822807846,2070.9964950366752,661.090120067872,43.34025357398066,50.88502011947471,25.04841619828474,552.8317403149401,3
14.33022994002845,6.873990739575249,4.8560464752779975,408.1545296118609,2281.5497896668066,654.3272866896218,59.07863910546864,49.44168811915623,25.292191571464798,533.8533231304667,0
16.937995740551717,5.909116849625722,6.969270109070171,372.4008421296451,2276.072888311073,674.118297257844,50.60951807711968,54.25693335218093,31.466987326497026,550.1792911490403,0
20.678452959112878,13.798385536581087,4.930518808672658,421.59077277744797,2483.8454917313425,638.7815275855785,38.13032878863012,59.04266345653271,24.514578033320706,610.1402542758201,2
23.16566364131811,10.098142202999785,7.414199021884682,308.8322487981819,2080.648790008866,641.0435026044603,34.164205154910384,49.48841692505506,28.400882403544777,548.1975543364368,3
15.203851774745315,8.182516740416931,6.055193351756016,379.9004782891495,2265.22261235582,663.8159505254856,48.31419793914082,48.20448453316199,22.443180119920754,551.2904004819148,0
19.491986868304597,14.78740264693651,4.766647944478077,311.2342403704501,1969.7552254979835,632.6812267872469,32.446813783456435,52.32792920573055,29.35804882800147,539.0102582884504,3
22.674581349508163,9.885922941968804,4.33880771079229,471.97785051559504,2459.433156111153,705.8759856449509,27.248688658187007,54.996451452133385,24.921791847429173,620.9019528183211,2
24.28441707022531,11.520321491098448,5.9257343055570875,454.58405618878004,2376.6315199806054,731.3571579973898,18.339394616235733,60.98623996136509,26.296359740410356,642.8609539616551,2
24.834879928452107,12.150480134853597,7.467345719781318,435.9290699841628,2180.442055003808,622.0439715291694,15.714423344597677,38.8427428538762,32.752781910216015,551.9723774293029,1
14.360657567285397,7.823592688015803,4.724427713856985,443.13485075616705,2118.991938869371,698.8310162530029,44.52228019394265,49.44448727464476,26.00962686080817,591.5147617375419,0
14.732354070967919,3.866406863125713,7.009264568425378,424.80295964551084,2188.333281155898,678.4222779706254,45.28083159618759,63.239048557248026,26.271071981868023,540.9682298489001,0
13.91300898413473,6.445954670256626,4.902507029145338,420.43803431548133,2251.6441032494163,679.7715222010095,45.2853579629237,50.28866681421178,25.379101691828332,589.6704607688422,0
12.969864188542367,6.834687884571999,7.16846939376513,364.3305730817582,2215.740862280229,692.2808725214846,51.133965257127585,47.958600276670694,22.834696551754487,543.919981082327,0
17.03299173289121,12.152962161943817,5.347761560242936,454.85894143668946,2462.949154582448,680.3151759128704,27.336112265103782,60.2468899917959,20.808727520176642,626.0444687679453,2
15.522230972703632,10.533486903804004,7.011556680101303,324.16383188916603,2064.050511980034,641.1972231306,39.909547829527455,45.01187583479523,30.251644751308284,513.726767483573,3
25.461931018137754,12.07930415888343,8.291114717626002,317.5601491216526,2031.4642193794377,636.572918483633,37.51152397319122,48.76773762550109,27.961229572462226,549.0791855745516,3
22.282367139471862,13.66364706667798,9.058843448983893,499.317665590498,2214.3421167151023,614.7419180466434,23.335337232514668,31.03634046497303,32.999151883124675,550.270228809292,1
16.259110772511875,10.40099530816073,8.464845932579774,368.9549613993853,2043.8078871674663,612.1965194578307,43.494684982750464,47.999958867297465,27.519433215076504,578.6255930454178,3
22.611017268785712,14.86661922165321,5.287996967753901,426.3501178826269,2348.8140877479727,705.9847468926969,29.013140427789697,61.90773562059589,26.30928085535149,655.2692262518785,2
22.943197651581546,14.691087696790682,9.082225353829312,434.61888827353033,2146.88458292818,615.3500202641436,14.380627539968314,38.53405352156485,33.53416000040636,557.6604301191115,1
25.653609959943857,9.708105632110337,8.347823579824501,439.4845915826403,2255.8567696376126,632.5523395852181,20.494617588541757,36.16678152066257,33.229767984149305,539.5879121099651,1
24.13795808014279,13.006100083841805,9.373024734788526,296.3872230316621,2013.3689965463277,626.7342908812261,32.91610971712857,47.942161503512104,26.66887195651982,571.6017296704284,3
16.739525200884273,13.349306998531244,5.381629199962008,460.96997026718697,2444.9338133355022,664.0953561134193,26.613558039428554,55.91080539787057,24.934900346240514,638.8794301155093,2
17.718441200591222,8.123083449644554,5.122488454308233,400.5162538409454,2142.2570270963497,640.8382458917335,53.7669432823071,58.612278666181034,24.721485375619007,555.149592928581,0
16.331670974238783,11.212112939503982,9.107603025373525,308.53438499240275,1990.427738068272,631.3217710747195,34.94863032102727,47.53576242542781,24.79905481657387,525.9332300102807,3
22.162468376859202,10.655054003175866,4.626397238617374,452.5393529208975,2534.474548745408,657.5710683834363,29.194548210163013,61.32039230293111,22.409197280845216,602.4441404686465,2
24.21498038455579,8.020566994300072,10.90814969337865,313.5914274056396,2027.789735732577,653.3948435235467,46.77245365639625,43.33150395369289,29.09208444701933,537.6041429102015,3
27.644663808222905,15.997414276759018,11.520317384315824,411.1958985737232,2202.8355325652255,643.0451929968054,21.05840093418886,34.80954536653257,31.917251194869166,539.371310566142,1
20.683812608071822,9.895313553043596,4.978556269442244,441.34884137571765,2423.2000643492206,672.4167241327863,29.76343858808687,65.08891291979154,25.224656859046416,619.1648818929311,2
24.102160538772846,11.026167242611903,9.45280277845055,507.0855975020304,2227.1572399070187,629.655333824158,22.11785644668137,43.62466422036926,35.55278858820397,534.9765333240333,1
26.550546979747445,10.196661826389501,7.901516407586603,455.2460744566567,2164.5551553767514,666.9527924101047,29.756744311224345,36.57941722061972,37.246765281626914,547.3203308670959,1
19.479033145635682,15.437579021573235,4.888052277778024,443.207057983051,2363.4518733848963,701.076384296233,24.672519997513174,59.006653442928496,27.172406936302636,630.1318923260612,2
19.8414035502903,10.531825548450403,3.688927166946545,461.1186401818681,2387.7869089491137,704.5196398406756,32.26060910307523,62.295633506145016,23.104190666669272,590.3407442327555,2
22.429777393781993,10.244628608930471,5.22036863708086,447.35887477156956,2374.059065848006,682.9182368209174,25.14763243355238,62.177921378060404,22.557512752721824,669.9235566047992,2
23.620539600552224,16.306732715441683,5.359554437490681,478.15634391963226,2486.3769189983927,685.082746022974,25.04874427215661,59.129869216084785,23.637081663196287,631.8226888700393,2
23.184432674515957,13.30704298931846,7.579746488695378,337.4977087286009,2010.2505390517001,594.894577566631,36.40264346962121,54.53921131885728,21.512595658389877,559.2643854203214,3
16.012006881536845,12.037636376368834,7.627488432995445,386.7192244006361,2055.467013418134,611.934254633418,44.28052962034581,44.523733134080665,25.96120260523597,527.3056050975152,3
20.88710088180045,11.290719621074153,3.773849263783316,456.9214100159386,2499.293840989054,689.0579573493262,20.250788757614302,59.97713534704217,24.935790254985623,611.3975027585517,2
25.781119658165444,12.308560881923341,5.800488820967767,408.9754308051099,2427.9802711314205,677.8327258276051,23.23021942927124,67.54330131459379,24.21197773267225,618.9713302937898,2
23.791823489671525,13.04771759868406,11.912141078429354,443.45731630315373,2231.3562913822784,617.9034711066989,23.07889798413564,41.829273499650526,31.517615052017,547.9109013361556,1
14.78054509661142,7.187764661249945,5.970508186019649,426.4136691631802,2229.7233200769733,679.1733179792797,45.47845261379859,49.9651728598869,23.674769699651975,578.8680265288516,0
21.652670868335594,10.445738792571396,8.989729786932646,312.42386517756705,2022.3212003110416,655.5271931677166,36.797787272380646,60.03975759316738,28.187306651172506,524.1646604501217,3
23.691481504518613,14.964262551448671,6.266410901804965,411.3832612109078,2389.8976080880448,656.4104544613523,22.167924573065786,61.41003121196536,18.701645859720497,640.2201702749823,2
16.060129411202933,6.832121254455531,5.251927066755177,387.1740576485547,2284.928999432658,643.1404909743972,46.04904358197747,47.507947605190296,25.913359719564518,534.5337743846821,0
16.428792965261316,7.539682305611987,4.314460840477726,412.12984146274846,2223.7383484139996,671.5014023599232,46.65160947472007,59.45083016845331,25.733117607099377,540.0428234510618,0
15.7657714727701,6.563013806244424,6.688983180404648,423.0883835969859,2220.1181994235226,660.0263538294265,53.43874872487418,51.43093258297014,24.44364675666785,556.3760725139012,0
17.0983472428827,8.519029866657375,4.944473547091424,412.7457931771658,2335.8432163736834,670.8645567289622,43.43379657823928,52.42173145579693,23.34490197719542,559.2978249350692,0
15.949394176926404,7.87597568821971,6.342195285724256,471.63635283862334,2133.917938302478,712.9076725095333,47.39694697911481,53.051281479968004,24.764811032296937,559.6918093646088,0
17.942983945986313,7.726789235266674,4.140112118580312,411.91933134106563,2179.560520603182,687.0470567778505,52.71794200974948,47.33901143354494,24.677919438407827,530.9763975394683,0
14.16928547964063,9.552581520939633,5.179481379351338,428.6111718179407,2239.715276700172,687.4150964128152,58.32946150378149,61.54342453901986,23.458267655809244,553.3443180060467,0
16.50173797746252,5.273674503440919,5.364269911833261,426.51300532804356,2224.1209893211426,687.423951189058,50.35499362200968,50.971801241708334,24.352225950558818,565.4255186090818,0
24.540776165628387,11.556592295688592,5.712847625081241,468.1075384738122,2331.260144649467,651.0671822762233,21.817847516255057,62.05903359743375,25.332221258316302,638.9704603087173,2
25.993792356633353,11.198910175167807,8.725606406796382,401.93042196364155,2190.7436765940756,639.6543501777984,20.069346027781346,35.85856478691626,34.578505160516166,555.4719777951551,1
22.739197965597857,13.353290616068769,7.35757524145213,442.8269515743214,2304.73737935873,638.0259558653545,22.0716764974006,41.031870858738046,32.81946465819668,519.3744187153189,1
16.500902391612914,7.3315773054888105,5.086180502781289,422.55497223651156,2249.733522662089,709.1906923125254,46.57192966272073,43.38181270478535,24.214524843540865,596.6233548859493,0
17.67237220002434,4.386842527453588,7.365779531203254,416.8538204519696,2173.248670775824,694.3068422448555,42.74496027586145,54.073365835845514,25.118451788569107,549.1580727395709,0
19.472130497149482,9.673102247054095,6.916479335043992,306.48413375707054,2049.4590085518107,639.9711760476185,42.346290961880314,55.6116504250738,26.996624954364442,555.3477615979483,3
16.21752294444888,6.101011827244275,5.670263796811497,402.88220842707796,2257.980652505084,655.1493438500562,52.20939283164281,50.062978033503065,26.10708100994219,566.5203482896893,0
21.793991921689063,10.710818364646329,10.28538010240293,301.2838790649583,2061.926500614313,624.1257831256993,43.03748922436884,54.603638896580904,22.003491913228878,524.2211138726994,3
23.339948514570633,10.525429776426744,8.988221521016019,340.4896604397547,2126.1767408489754,657.8549381652136,34.10493217401165,44.652073188094306,31.295616408362065,522.8393630979351,3
18.7643497604081,8.123828271666426,5.81323667280167,385.2613228638616,2301.495457699817,679.8855656455182,48.684705426831684,52.464639705737454,28.354838720028532,567.6604189657392,0
17.025431635639656,9.403471007676025,7.280099203713916,411.9659774249015,2249.6173819502596,666.9340937415875,51.54632085385485,50.606611690520104,19.78842282494555,571.7879343419983,0
14.58967662226791,8.189312474861977,3.768380431336973,421.54169943755704,2170.6090235622187,683.0463078271323,47.175882078482864,52.912453966848574,26.235941515107882,528.0840880498998,0
18.04413446545186,13.099244294055087,4.540832087359297,502.6076384463762,2394.485503890941,680.8942334160499,24.593027250108783,57.43797500566728,21.799299697354442,667.1867092661291,2
25.74935613904555,13.783014222539286,8.268538767542776,502.8016637800741,2206.5446581036144,671.6391190224226,18.55728744981827,31.82394661949995,38.071984969343404,545.9815892115629,1
15.632988523346617,6.527095003094706,5.561563649019697,406.53995015577993,2178.7379511366826,687.8060473533147,55.51263254705155,52.667053181826965,25.161850466504326,538.563862001708,0
10.35928797522771,6.5076043543469595,6.360329178232257,407.1804370164614,2253.8054226445,691.8668978384995,46.139428148463416,39.515026371713624,24.4714458117329,551.0714215598766,0
18.33009856988207,9.15427484885885,8.951112924666889,296.4293347688858,2037.3831318637447,641.3874406487654,32.44696240263361,48.24887094797971,22.525279366987633,580.3993845662383,3
19.258494224056598,7.509168505105393,6.611735709996502,427.51359635878845,2225.5718880334293,690.675195347956,45.39926802133281,53.77585557834897,25.998639136707578,543.2352074468637,0
20.64635112240728,11.168466940446823,8.700856459916414,318.8684743838723,2004.5301677773764,626.9272937678145,39.18461713138925,54.11561708264884,26.52728427860146,545.5772775140755,3
17.127703065468715,8.638223803820033,4.984173352015567,411.3892989438242,2241.0131665954373,640.7906390085345,43.379231504155875,57.365808025207336,25.523492189434396,547.9120411161229,0
21.22910024499626,8.508120865161073,4.1287535799862685,335.7628729652573,2055.0276969392253,663.0751800041892,36.056166694251836,61.75966099258655,25.854369423449622,547.7365831053258,3
22.98020526871708,10.024735728065167,8.0511866987375,324.381120239044,2041.1426726995317,646.8358731998329,47.24245232107059,54.53434980822631,24.156034789090373,525.3723087100202,3
22.553967674099667,15.644975583000878,3.1098397182522657,424.34023310070427,2375.5261916084155,675.0998795816706,22.227969840834554,59.47907523970916,23.149197059489662,612.3388666841525,2
25.708485956662898,10.187384970623754,7.7653485007530305,325.0737395818239,2089.120605760864,650.4405491565614,41.85677919041818,42.19005828395891,27.66928323623274,559.6471327697703,3
18.123210910370446,10.506665838629335,9.510749744758487,354.7616430039431,2006.9314780135346,646.1001148996468,28.956975742948345,52.52598000082479,23.27983427001915,545.3118729688778,3
22.768477766415643,11.326281345245235,7.91099913068638,340.52393386731984,2075.909037849625,623.951995644941,49.25032138463774,49.22126541983085,28.881941225041626,558.3948473931798,3
21.607915603013204,10.023339226142333,5.09559503805289,360.786475796495,2166.2390421646396,626.2057522112605,31.973507099043374,46.68097524990709,23.228150858092533,571.7013660145734,3
23.92389062500083,11.055306152526551,5.019583944376271,464.74786584902796,2390.5446012007433,715.3346938701308,29.283333106215736,57.86426905830948,24.86868162527777,607.1741544112068,2
14.263502086423939,7.26417795218628,6.451540620643959,421.96945702107035,2177.7246457271194,665.1395148923516,48.033245056750786,55.270953382788285,24.799760966126826,544.3836808919605,0
16.498867799455482,7.751647146017985,6.604880565862379,404.9037654926078,2183.369130232178,680.7238988510863,43.307532757989826,56.39562108981543,26.062766816941107,565.2906505074891,0
14.681630257239878,7.74304610277551,5.6435785208567015,386.3073175962566,2233.8847123025816,682.8406079611505,51.79389204280528,50.322471461784815,28.50395820932593,587.4021227891728,0
24.857700158013127,13.057574707390941,10.39674610903059,462.13804816182056,2179.5118367103305,616.1891005973737,19.56149216086555,47.174021293303454,33.38714114160732,552.9577645899532,1
11.76025601121646,7.561862768175485,6.996339485370247,402.1368733176611,2258.4820301444074,678.6191991484226,54.58888951312648,56.28532457088431,22.981434941501245,553.4271146325526,0
17.35482377795539,6.746632160690074,4.8989659707450475,413.05461839309896,2205.5692028109406,707.4957007979959,33.00041565550562,50.05417650363797,22.309209473284618,575.6402619535884,0
26.8081628237584,16.031896430079186,5.961493565455821,432.8188191653069,2390.0696532368047,722.3785633098954,25.195988074423095,57.15143792805439,21.2277103615315,625.1475202316981,2
15.077162245961834,4.583560549514173,8.190222710651804,366.69659609189483,2219.935650604622,674.141178340865,42.18568514286122,61.35836650335439,21.729345736901724,526.9402002969058,0
26.19930232540225,12.191105954679504,6.989142261381717,428.79796803665994,2194.5365460683443,649.6491009438042,16.727614233366246,34.29258254118482,33.72995035112519,545.4050030174725,1
22.796907527931353,13.469367330275666,7.946274280783026,435.73375198790677,2185.2414241162487,630.4682896176814,30.661784647241564,39.17521424303805,34.37752496704264,554.2482519229283,1
14.009520573823458,8.742124694413864,7.338528625343943,327.2301321505664,2049.231936010786,640.5249792318776,38.80066622869256,53.173798847636405,31.762070916504285,503.8645003466595,3
13.281415074233523,7.127697784318456,5.540790740684916,420.21321330504634,2295.8907781364915,672.9004663063067,59.69055932460688,54.395499102729104,24.39350194117897,591.7657565533746,0
25.217816013688918,14.17089343022127,5.1023656386183704,463.36069095827446,2498.12796753843,678.188731747731,22.64790541879797,57.0876923864331,24.78639022089036,619.6850187595204,2
17.256037714698607,7.286421170300462,6.098918152584151,379.2080463765442,2265.5366047095963,678.5258524219291,55.28832884698669,57.54262027054908,21.057545211911265,553.8074473521917,0
23.34507183462163,12.805978067423144,8.046477154496614,424.8070005912679,2222.1829336532205,616.9337365053152,23.24296960024968,37.33952139931034,33.42744794296809,572.2680707222397,1
24.077179609416447,10.212679278160476,10.067724697683001,354.2740296388497,1999.6312953729202,666.3051941068578,30.340878058058706,45.941309413240944,27.67633733972326,549.5975234867171,3
11.938569485486587,6.6078381490153495,4.69119702506196,387.0043865906339,2215.608449974184,692.2917039105531,45.31548513486194,65.22784712669595,26.079769974498465,555.0154741846949,0
19.660742900745014,12.38468589500617,5.090177659859062,450.15355619960206,2379.9234218918814,708.2588565364823,21.83424296896997,60.88017113964909,26.30371615862251,617.0636970790764,2
22.34211227451856,19.7268620955594,7.396659649774487,431.43690300189155,2172.7436005543054,616.8612799167672,28.178854765658354,37.0549901409208,34.56081291843289,544.9428448811793,1
21.981896966215544,11.468236392758064,7.676045257884798,294.54597323812095,2037.6126571353589,708.6501901196442,39.171558513373036,45.47385708382321,25.02503269431006,577.4774146710695,3
24.685314152597332,13.651287149856572,8.799417535143549,481.95433611058274,2130.2787938473143,621.7302796847757,20.96193925806611,33.76951842149772,32.29299216901116,554.0575463393805,1
18.354706696449018,10.48088527730473,8.051527454434575,293.843100387314,2097.4759879808857,656.0997429595883,27.09871233646175,54.78671008155327,29.95341996864611,546.0591233944153,3
12.882927836043182,8.713124788275582,4.611119846402395,442.2716890248258,2207.4892804815963,704.0171335948631,47.41498062649946,50.496036945405294,23.629502213230626,557.3532635226795,0
23.970961958592678,11.559400981337488,7.015707802616183,319.6661648711676,1940.6014719150314,650.8410896429509,52.931449692934414,56.424350857604324,28.592181232457385,570.2184129178968,3
14.178145538332526,5.779046001722073,6.904940488957726,353.4328128666959,2246.11489775747,653.2692994753141,45.9509171137116,46.50927307792338,23.02205740723909,558.3787199151749,0
16.26396296752279,8.084203837104061,6.539326025674903,391.7269056853004,2232.5933464615414,670.2463272318944,51.263937685935716,53.57725820883179,26.437284470621368,541.5773785657898,0
18.982728471843885,12.791608123983762,4.116953090941681,453.7033554668329,2440.9375970411884,718.2262435596298,25.967811276508844,61.92151368560163,22.646604666123622,610.8410138167029,2
25.13151773294002,12.808464072506828,9.841538578866663,411.72257452402044,2172.7147984186795,618.4467473349379,20.29949944772511,36.96193257134775,30.44092356238046,541.7966124071866,1
24.155254143796267,10.760270889382452,5.31904355690961,439.76663786876065,2498.634445562041,686.7138462327921,20.241048785638128,60.45210483895456,23.600467924596234,588.223621330745,2
24.014005658655687,11.554698761944712,4.8386649555032415,503.35132632518975,2434.345255054895,695.7197720485174,31.077735005530734,59.61577113597012,24.947668320711035,663.9027849347475,2
22.912722776062594,12.649351540495815,9.960630604758041,421.783630451942,2157.0230047813575,615.7399269106173,22.88816033235367,35.908350659885556,34.996049615364996,533.6318983389459,1
12.551061936559,7.884644443366183,8.077430448556099,424.63974112413763,2253.6051077903894,673.476021225604,47.8301199860864,55.6252237059315,23.569718143034237,544.695195117362,0
17.902357698042128,6.361583476818204,4.713965446965853,432.5127066321073,2144.2044262156287,715.3561874321178,40.174606406440546,61.96107567879527,23.85236159341409,602.1539846005273,0
31.165644455518713,12.907987642291594,8.826463473369499,391.798688267549,2281.372498944338,648.3345483515984,19.251138532555622,31.535874338775894,35.95114304543027,539.2522676058934,1
28.095424456078163,13.968559930380113,7.463401375217664,449.253040428949,2157.2917634754485,624.3980779683482,30.745578552139165,35.614688587962576,31.981536490980094,543.0809652873432,1
23.98942823421157,10.093663660649637,9.564892371075567,466.3653298766107,2239.4038780003707,625.2451495296699,24.149480665777155,47.916538298901344,36.68170144220372,547.4902538115288,1
26.35507586436119,13.153560629728394,3.5070540603989526,437.6837340309182,2379.225478677544,731.0813472441245,20.54092521420785,54.15986985129723,23.835369919892422,616.9914417684396,2
18.652144597872642,13.035720484299455,9.068075270908913,323.6448225196956,2102.0806430481175,651.9826846691743,51.9874090804002,53.24505723088105,27.31246419744319,536.2472357097593,3
13.386802191385256,8.629667568349698,5.658597329174622,408.0486298184357,2229.6150629861445,662.8494191808917,38.22218345709423,61.135247291196045,27.964579598723585,537.045852020495,0
28.07793854487449,11.730153952855872,8.222038373381436,444.8569954957011,2217.830224506843,637.1380853292364,19.547939982527463,38.09266542523931,34.99233046698581,533.3350877844997,1
24.2209905095635,12.172201576494075,6.91517921396247,422.5385285105641,2217.6155892196107,608.0291370709149,24.080469568052212,39.5249171943122,35.13485565447134,536.3784840606862,1
15.393552193313914,7.811877898171843,6.048913598675029,374.4594606901303,2222.427639316608,646.3949343351527,58.41013799864326,54.931079311790675,26.632083810510228,548.6895999750656,0
14.780531636739633,5.545020898381694,7.6262093469067995,452.6008375336131,2297.693434534993,706.0235426578453,42.855925484674955,44.894272075562455,23.27465811149234,539.1710748254367,0
15.619240163818334,6.256828070482374,6.891583619377472,440.78569004320593,2190.3259891626285,695.1937147703765,50.28560968109142,57.62237725082606,26.7385990919377,545.9752614349891,0
17.657921180873977,6.948709407552471,5.366767343376979,411.2100921666407,2310.3188930561723,678.7951312232531,51.088705421774456,54.85314725192297,26.91909212528957,528.5730322934766,0
26.38502267150565,13.44563665844693,3.830586353457114,449.3295791355865,2572.8155363170818,702.7074409295957,26.83094977833257,62.30812444724125,24.099860982283815,610.5580862559189,2
16.534859223914808,9.950953636616513,4.369906277339527,462.41918052753124,2431.7158304068435,708.9709892395015,19.89153639897801,63.08061049906162,22.985336008330396,647.5046874232702,2
11.696481703641465,7.978072813486455,5.4342832143537905,428.95414097635785,2214.708258438949,684.5946503104502,53.64829170294207,55.00284569283425,27.85159094715451,597.8254443090804,0
21.851235046296946,14.375976043377706,5.065597616711735,454.79869902722083,2455.8240868005264,680.1028799791362,29.99301130036034,59.153862769461234,22.726939910575798,633.7833599952027,2
15.565173965838593,5.583836941464521,7.642150658568264,376.30466053736114,2285.7791298109973,667.1000545740366,55.74534871583645,53.70409213544892,23.885954809863918,550.8856968198104,0
15.061834556065397,8.075794546818635,6.6007191216696555,419.38137737824405,2213.3577282829297,716.1095371723724,45.65080539746744,50.58878101933475,22.569900945852254,590.6696974037372,0
22.824111043488447,11.12801446293598,2.5990076766745913,493.50514102164885,2341.3248081808333,674.2764474854338,24.92176126161981,61.017692259237315,23.591992490166565,634.2213805511111,2
17.996748880593465,6.9725333861528656,5.743558903112893,405.858587741554,2307.600065081076,690.2821644736755,52.441706001917495,47.08076753077207,23.820808448317084,553.6938653566904,0
23.992561902610422,11.256276604859414,4.822736429671317,487.98285638034855,2592.1751716459107,680.4577065640608,27.384496074515788,57.237806022464795,26.328890118343885,628.0225546397334,2
15.627027694900391,6.820562754502575,5.760901078783447,369.2336826223095,2228.337441465074,649.9629557564018,53.40388249713264,56.3264493769917,25.651037605678535,576.4370545730975,0
22.110854579583258,12.45884916942851,6.340663470603093,345.04555496023767,2053.017471804118,627.9887016339329,31.783930837397293,54.19469237067325,22.615109383616943,562.2159774661835,3
12.918827894975134,6.328781882758828,7.641255614426904,407.8649903344074,2290.6114819756117,700.6246112752515,43.4578226048972,57.82048019675855,25.790906526593115,562.8563705242982,0
15.065564185752521,5.097481712727635,5.5573809525997255,436.2302728533916,2219.5750545391875,663.9594746368116,48.46584345916302,50.26939717550757,24.498022358823278,592.7138333157118,0
10.379793126734711,6.402448799924243,6.615316072171633,415.31148042529736,2266.6683857963676,666.7664777532187,46.51047880420693,51.00720663547661,21.867770372584005,550.3080698057794,0
25.924000359205074,15.593233369117549,5.55743153914647,428.1805282559882,2406.42743298391,717.8207232000793,23.799046984710895,58.39167872596787,23.030188764418252,631.3705314978392,2
21.090165353946176,14.898261565861326,10.007023931597132,436.4024852305189,2241.1608854124497,620.7335347550626,21.085226231242295,39.18140158648421,31.16806455824021,535.7844327210319,1
21.61549350834744,13.876541620154754,6.380333494446491,470.7531979373908,2549.876166423005,711.2267277223306,30.95767449961306,63.01165760439227,23.929213469673048,637.9581962628358,2
25.808706891229725,11.506081457151266,7.69363000207222,333.9225743244238,2088.2813451171737,624.2387412398368,33.80518638401937,44.33132882733685,27.778382839852174,546.4471326036742,3
14.972706416409407,5.788559620027881,5.165669006474454,373.55995018074316,2177.3526081794307,666.8149938677964,39.272136762851375,51.95945619161069,26.089354794344224,536.9174938688051,0
16.354802737384606,7.761383739491588,7.7721959519438135,473.6502495519782,2209.791398585612,657.8443999601631,41.80212464580882,60.6388644775711,25.4297523472208,546.7830613980157,0
20.264697577336772,9.933154759753204,7.975597184335004,355.47543376538874,2000.3465778177986,616.740472657253,37.671248137407744,52.032261657321484,29.8192671605078,526.5373630586995,3
21.93678698715431,12.222407885175558,3.6650143355470757,468.99673193785577,2446.836386621377,685.5981950255185,27.19214474121666,60.802221327489,19.897962684226194,602.8606740059885,2
14.730975747784889,13.607187276042083,6.515952463717263,322.6383614648207,1989.7232697404,641.6582877959303,45.268768599299634,54.0265601444969,29.754617790375917,584.1740370570329,3
26.654938721951833,13.055052353628,8.10786322759143,463.7280792984145,2198.6501063783803,625.341815830217,25.062624250191757,37.135806846232086,34.33902857689341,553.3531037170169,1
20.505402992081606,9.311681781037935,7.379759804003941,316.4074150571192,2080.3845843489034,613.1745622016991,48.010494886107146,48.17927592348595,27.60673283670244,556.4257573267876,3
23.307943003364272,11.919818133285364,8.547395731822377,469.82291650504817,2310.9233325615396,615.3564606774903,16.927400259988236,37.15568074528188,37.83369491100783,530.4623978911254,1
17.723576025557907,11.965918692914501,5.802761007794841,314.9818756051917,2041.1876500822939,617.1997124300908,30.72828603206546,46.83484417980893,28.014248811091203,533.0697715696382,3
22.924195953326315,12.127237964440024,8.19988599036767,384.2777422726659,2223.7571871375276,631.660894298778,22.88754860204722,36.268122377165035,33.231836799727255,547.6433832696657,1
14.082649430121334,7.452349549303376,4.858462397770198,435.85275482610103,2268.7127109509,670.1726109059726,44.20466378191622,40.24925753997426,24.951096362506785,535.4638047276975,0
25.419846611844772,11.559541316040166,6.791560857583534,437.1295987460631,2253.429140545666,641.2372027427646,19.88383052974627,38.26801736720193,32.86694442971875,575.3154019471268,1
26.0509863292135,12.654678513698,11.019099010948203,464.36901838487836,2267.6347992264427,630.6159705127411,11.588990774873695,34.062675585710856,31.464889161963022,561.913832074245,1
26.349102450427182,10.41271064402073,4.637638330153623,436.0400763145186,2582.635720378444,685.124521628653,23.44227387955093,61.563538297527884,24.341361938993803,638.723145876104,2
18.9852823956575,10.836063250804113,6.042422049172615,364.27520628244986,2031.90566139182,618.3560721272029,30.463082245161452,53.10839317061681,23.138640518108367,569.7825986189372,3
22.37005345278798,10.086272750348188,5.224736707889587,449.2936276503339,2524.4867809894818,722.2113568499036,24.275491487857607,63.80834804225677,20.1720816341217,624.2184378856766,2
24.717758689726008,13.527672868080314,7.558733949200136,463.02057741713077,2218.3568616896437,616.6440392940038,19.76924493824415,38.93691876578468,36.02589997154139,573.7275373556464,1
23.782469520288647,11.093861997467155,9.78855062072932,433.4385515491395,2174.007939281771,661.6533280406952,20.02950330987461,34.34113525859468,31.978173040384966,534.9775739716044,1
27.754252610997973,12.368324898232201,3.502162933593532,430.48294915836465,2508.971873676146,728.6779085851038,23.299782718252,63.96340554501772,24.91464370464522,609.6370346120937,2
17.310624072213393,7.603681126427847,6.795539328162682,412.6852699929144,2159.1379628416666,671.2520155819203,52.48801357641538,55.28274110927082,23.88666328217983,575.0581973789616,0
17.005515650609208,7.061401344841278,6.166332933650043,371.54446256814003,2172.3231202042157,684.7231062015277,39.26665847212746,46.709347191805676,24.34311644219098,560.4233259367355,0
25.397135813107393,12.871535245024663,9.168653944210702,428.58749375925555,2241.660221717838,646.4147800476928,21.207379554640145,37.37960099240451,36.81722313775665,539.0339415557282,1
20.67204012275487,12.911023415381655,5.261099487122146,423.2093871443135,2414.299762563895,638.9137110511862,26.316094528063534,63.33726562955724,22.23242685397288,601.0754815114678,2
19.652833282075783,11.45027211395284,8.689444247369453,319.7937513607023,2085.515789589815,615.5809767515875,42.65280062761603,56.44309230331113,23.992991188618145,573.7589241503531,3
20.408480213517326,13.567389588524126,7.22920992985238,341.26024948963243,2073.974490058679,606.7868979692406,39.57341947401937,47.53461976276178,28.538543921610845,547.3983318074788,3
26.60718036209688,12.26278255570402,8.79808087683778,449.3821302160981,2211.030430721351,633.7201617481891,16.089803929471266,37.014422419164156,35.04063491430915,541.4021040033459,1
26.102654812522008,13.634297679622673,5.664356068787447,434.4033098406963,2472.490519205367,732.4372558460749,23.63778023945696,57.303119183229796,23.891763513894947,646.2583876278668,2
26.79567276759449,14.91400895973913,4.626902784193193,425.58230884016785,2545.1615438327394,675.0227806373013,28.183506098064903,61.94871806679195,24.87711744040463,612.5121619601606,2
16.613102826197824,12.348665155935528,5.633418935923904,258.97832548305837,2008.0439510458818,655.2044035573339,48.695313801231144,40.444351870459755,24.28563719800489,555.484366847934,3
14.19601483974159,6.949161292767096,7.375920288545389,380.15680642914066,2168.6332751044556,687.8798535706247,49.16643526164341,53.84230608951116,22.15348235129297,565.6132985105494,0
25.15568737270722,11.378201523083955,10.903953120448886,440.3535157793952,2262.5211815425205,586.9559612883332,20.61787156398544,28.16116460644927,33.63730908892462,545.6669834957762,1
22.809368365449746,14.425440324448664,4.8160147646592595,506.4591659028178,2421.1994805279264,689.2200310743702,21.42031827627583,54.942927568176096,23.308989589732054,617.7709341604394,2
18.146709804950486,7.474524034714726,5.445302697040322,494.43342359798487,2182.690756663737,671.7924672810948,45.2503339900963,49.84056525168092,24.762871694057132,544.2582776076302,0
22.033595732833376,14.96966981037595,6.009829013717459,462.2437988570169,2495.0103950153334,707.9526891441094,20.293557366897574,55.92854100761558,22.60452636576202,625.4790900640487,2
16.66206371533595,3.5428409215766954,4.200050665915655,406.6087888738585,2239.695698696257,704.0417626407863,52.64215134659261,56.041757897208186,21.92401511286084,538.1668073779281,0
17.59845659557213,8.35518908698421,5.6231408064272035,408.65801197436394,2280.287830149544,680.9233916925748,42.25564364355365,48.471138523923464,25.419437828534647,577.8615117701131,0
23.980187001936986,13.190441357506453,7.988501662398161,462.587969088851,2176.8830757774285,661.2336234243843,22.369061699087926,39.4332217567837,32.18776613991382,537.941403122767,1
21.084068448070735,12.073189189896386,4.1825858663851445,453.4410357984217,2536.373758131923,643.4285331499815,31.28098824236728,61.19185770943213,23.854087153023645,673.6986851632616,2
15.892144402964162,8.748676514785409,4.709552747449522,400.60538183275156,2187.5565267645406,651.0098234488448,49.49502300772908,55.887734267829266,25.910119713826422,559.2302002686495,0
14.321933848198874,8.96754428662749,6.237655673534306,459.32905130701073,2335.0417999167516,673.8486047518919,46.50579176433718,51.12490151772793,22.06111659056063,552.1807627701896,0
20.755340178267154,12.690454186287738,4.191344121904325,483.74576830573574,2334.9440932615744,668.7306694394578,23.76514293479313,55.52174236387522,24.685262677472,598.3602394761658,2
19.31769022035066,14.175020175689253,6.971108587356021,439.9032339590952,2276.3775221253927,653.8397757045875,22.57828356618464,34.198288336278566,28.449185438955233,553.7507337327905,1
22.476359775604266,9.622666108579214,6.375523775310283,329.0622768589997,2031.8263955823033,618.4030495896133,36.75976246966284,42.430640472010985,26.674278394298184,552.1437415135135,3
22.94260571637838,14.106380454950571,6.200535529411049,429.73009575733715,2550.679898581244,693.2122123416042,26.155994571335757,60.89236875647872,23.70082046967608,618.2549808778095,2
19.51497888777507,12.141419100621047,4.6938619962407575,423.3484944560122,2472.035591082711,713.3067634934882,22.189747640158707,57.0458173303028,25.03512766036435,623.839445084893,2
18.191581808817467,13.259541329807275,4.225969614783773,503.79835416883753,2428.7458400590726,730.8442267836796,18.810861338197384,56.906328361387985,23.745196434192106,634.8334886061369,2
22.245491125060756,13.171838339862738,5.380355444223368,479.73034924710987,2511.145265997678,681.182828209714,19.771259729649294,52.58415623522153,25.136194692426454,629.3451697455038,2
22.753013513276052,13.506727693308505,6.527320528046465,451.1285685224715,2457.9658373592088,692.6414570811952,28.321670123498656,60.40826894290538,25.14462224072076,621.2666676124466,2
23.461299351735157,15.24564733519029,6.001407761840654,446.29880001884214,2422.9491918987364,686.258757847665,28.392005862379214,57.04028323879478,25.026003872202722,622.8258806308447,2
24.997816973995207,13.262202213374543,4.83203727943367,450.38173811299737,2525.7683764553126,708.4352046009367,26.60568198308783,62.992052355227734,25.84052512576024,623.012610216895,2
18.849115335375938,12.65941604124552,6.60181656343271,337.73466633684654,2049.447508287331,631.8900382670427,37.37927929327151,55.328812407940056,24.31196575150202,550.0427241817277,3
21.84144637812675,13.356026942622254,4.442965089705533,435.6664492264117,2521.123050274988,701.6760118521698,15.977150637046744,63.40467790651284,25.11941738795579,623.6430608488259,2
15.353024842744894,9.971813306508093,4.640160714233034,400.13240388999867,2144.4822137237247,708.405608415755,44.85490256246999,60.128782243618105,26.28264277693071,573.0341016264472,0
12.92984377191872,6.443900987693197,5.379491656563109,374.4872270881942,2239.6299867068637,706.898736466814,45.593737095485466,60.384868303750814,25.95489920824921,553.933993142302,0
13.161095427996777,6.300223994058579,5.500346935944634,360.1548524078447,2241.7029681753797,661.9020871738005,45.29736817304488,56.74595247116516,25.59564888497321,564.2632174225456,0
23.157888420107984,15.282501707343485,3.6480915796386073,475.2432240148839,2537.6564896244013,739.098597111252,13.75397872202415,65.28361077777501,22.25065763253052,659.7634662292952,2
21.23891130149584,11.096117310811982,3.7544325776102694,499.2092558861844,2306.1818317203624,684.7582013048369,25.281211825600657,64.11587236450197,24.873891081287038,647.6280185195078,2
18.738975227198157,10.821780680029697,7.9671729086822545,327.4284854647416,1986.251514607269,606.54456327894,37.19428157811689,56.170690035077335,24.750290065621883,525.5629740210132,3
17.171029684557624,11.677720235474204,7.114136277004885,311.28859522672735,2045.797570423357,656.5394876485001,39.895282862971214,43.76603819658746,25.191557637514403,530.7149559819766,3
17.866429013212347,7.571269884188334,6.767998804553864,445.71802036603754,2225.5495844330885,675.6463094237515,47.81049150472121,64.61098752136122,24.85704301267602,567.8952993914597,0
21.674377468909203,11.726114708729314,5.13440043837915,463.1660904735834,2365.346155736494,698.1009521936229,17.018500186408808,64.09978325228623,24.301820463854956,602.2131427287485,2
25.867460099322717,12.128942861139935,6.674463448004914,467.380145722156,2218.8357033827924,617.5490703740195,19.55820138735882,41.79311749687481,36.285321296951125,552.9876406266269,1
22.282031153068914,14.085092512289657,5.812248184296524,431.24269360680984,2483.564758279833,712.1380714754122,23.355794472487464,59.67183463484688,26.58771404221094,589.8613260934161,2
27.989382581786643,12.9796052927127,7.586084515926511,431.98332588477007,2163.6249168234585,632.6373086421224,20.719136138906272,35.97538699700561,31.698896880752613,576.5309011014511,1
19.065293382467495,8.08193742927643,7.703542417231469,306.5516615020371,2008.7787501254843,622.9751062491681,39.02242776339492,45.75869878221241,23.184759898413013,533.8269557236113,3
20.221900627412165,16.23747737432523,9.449408698461019,405.8453307269881,2187.986885067023,631.9818302240783,23.231804325571744,33.59288045370072,32.37508337341962,558.5964020895277,1
24.222036575519404,15.336385308218976,8.591730111164177,455.9531373110237,2235.558850647095,633.1434181248638,24.506326330930996,32.73113944161299,31.513818001382493,533.6456283473995,1
24.584365346268,13.850775808400975,6.885247174794554,347.60649251434927,2011.4572647518905,626.569033699261,29.744290140562335,49.280683265397485,27.688195871123423,561.0340676510892,3
21.80530991290792,11.6102257664481,6.699862846696622,298.6170023107078,2021.030094131339,650.6209771091094,36.16742197014133,49.243365393322705,30.4234794080266,521.7020317702937,3
26.483141010329994,11.569136669723417,4.836414209704495,373.5979857000059,2563.622763579388,699.6040899858259,26.542761335743048,59.4830932603054,23.80771097533572,610.4573908963611,2
23.594034652341126,14.598872437901655,5.46956955715183,459.4225917167548,2487.934478650475,708.6525590549228,19.86722206902159,60.643980430132636,26.51103337134908,636.7956083602769,2
20.902713839960462,12.944284255754068,6.005706750560721,452.8964733183851,2451.0183169082616,739.762869737043,26.9721249643323,60.0139398059528,24.83075847166418,607.5552245519859,2
14.468322416169242,7.062948129866596,6.7194236766469855,402.41833062280824,2230.430227446231,671.5495602803203,47.99392060478031,52.58481409564508,28.328232217539213,548.0742071934568,0
16.71003864859456,7.19932428345245,5.926165196430975,378.5647934339054,2103.124443130334,646.565425171026,44.55393534913669,59.12843342116733,28.35849897549221,587.8181301098863,0
27.04796863080596,11.170677282603291,5.423912926382306,468.2142798838277,2508.121922699168,686.4647157393324,23.488598793195564,62.24406051995811,26.44870725880198,640.4046634764748,2
22.591437877087003,15.618842208912362,4.518890062055622,479.04561436433175,2584.890789159303,709.2914633430663,31.53371335282836,58.754650450424116,25.66300038959767,611.4148714393325,2
20.068335726832963,12.482164931481998,4.8137087589611,445.3304434480235,2473.052003479469,658.0694458518803,20.845993878761085,61.7622530425534,26.855317077926607,605.1121772138854,2
13.005506344797036,6.738904904543316,5.814072082873505,369.5039776311285,2183.7276267104703,703.6803656947905,40.39746958122015,60.2371316841184,29.01738728057964,522.0621503590268,0
20.91456639816401,14.17529095846715,8.910505197916185,479.50961835152975,2269.747417693142,612.1492337440194,22.13763873993055,42.49927210522336,32.08842882857856,563.7176783027041,1
25.687402959729912,14.29698834983241,4.869600108795778,461.91084068691566,2469.5994894722708,680.9075620655027,27.425551972331583,61.740047283623305,26.145285572428975,572.4734980750547,2
11.280329186908743,6.8390824981839184,6.531813394320888,378.30960609489625,2178.3699569979212,668.7211509050429,60.109593262753116,54.498361037734185,25.737852321852433,563.995303187356,0
14.735542686937656,6.997617895919457,6.942589222790115,387.2039622396525,2129.1660702618356,664.262617342584,50.51069621390953,53.03156229175188,23.114941465544607,551.7063995510931,0
22.33005502954219,12.860786021042685,7.306890052702428,323.54510562749186,1999.5657015091688,623.5346861118645,36.34747963080965,55.8412666023288,26.383394915290644,533.7801173653414,3
23.15738233804005,13.599232104396355,5.097819373812418,477.0628534450497,2427.535953910468,698.179244011141,26.24176194370003,57.25498534608957,25.75579480212592,611.6550846753802,2
19.38365801395966,11.844845614342951,9.089627039813104,300.39635485140525,2012.7564588437654,640.5216025992407,37.94535026356341,54.450278805137835,27.28741663187681,552.2336792159887,3
28.543926732485353,14.458683536480065,9.477970038395112,409.6325176197669,2234.6574815026083,602.4314467075876,17.543648104087268,35.459973883251436,34.37822938537239,518.0888738904375,1
25.831297605595733,12.362853066884892,3.922969666951714,477.3681547592618,2395.544404590472,655.6182356559391,26.104380549403103,69.91477700528796,26.071159562449306,617.5238027574803,2
21.50001403324924,14.306723587412868,4.284850235296541,449.9656041169021,2480.0224661909774,679.4191873075847,29.802468738256728,58.92271058275405,28.502421413363525,624.2742175239906,2
17.131960461575286,8.981902544080622,5.745295563150728,396.7585306290215,2242.392139176455,639.7382881153214,45.2786905361663,51.43251874400972,25.192522499537944,545.5596077343597,0
22.125173700868057,11.006599808895198,6.380595713514969,323.78973404212013,1956.2991377206015,591.9466696291244,28.47327316077895,61.76309651206306,25.12984180640637,556.8718633240993,3
22.506703625722977,12.936852099031077,6.555017484096053,472.82849286616914,2455.935066258383,698.3955927822643,24.352668549127987,60.92278529166662,23.52004567359366,631.8717030760955,2
22.75397229151928,15.114980908289382,5.730302583122062,489.7526921916506,2549.4190928615185,681.4090571943362,22.495897051324523,61.63681714720238,26.98146054855446,635.3506829063805,2
23.43043877282004,13.149167711844054,9.169929135409966,437.61020041955857,2174.5272582146767,634.7654786292671,15.349998397538805,32.75107352162979,33.64519009420402,539.2079224151947,1
16.90410730627978,7.8078997850283045,5.0142037306172265,418.88099231127853,2159.382463390506,688.2643088051299,46.33588042841389,57.78243357460819,27.15234731056917,558.9000013433538,0
15.546408045704245,6.755066196645526,4.780239814618536,391.4583677964438,2154.518521513768,651.9396923613474,45.83917161853792,47.18968911707772,25.299655397071387,542.8347195691232,0
21.118992398591196,10.891136386807307,6.762758638362329,459.7155134291651,2517.3503966769304,682.6348245610028,24.235115717371134,62.30125556955829,20.176810832408158,652.0063612717508,2
23.382456678068664,14.261419147549578,8.575719945246725,422.66776538479365,2223.2409600770447,651.8517646685225,25.368745315337677,40.81263898344532,30.733002173861763,555.8119471638992,1
23.051745475656062,11.016335085276602,4.076706148357873,455.03525412545685,2380.8694816418956,712.864434296836,30.910713342311304,61.92189593683277,25.243337435768115,604.1767081612802,2
16.6019475880358,10.653045422759348,7.867507076136014,278.26452813695863,2032.6897587873027,653.1504566787544,40.86783337591252,47.223643282165696,29.27442376783315,581.984798640458,3
25.098267457449396,12.968086476273907,7.957769933544964,474.1300789615225,2210.8333286873,631.6136652256207,21.977838397071864,35.07696622818974,34.8129653749752,541.9779965969178,1
19.726396002712974,10.117189332160727,7.459669098628765,304.57599628235147,1965.017503878841,652.917307125916,31.534110528532672,47.97166163645886,26.546279515656288,534.4427755586395,3
26.858420901486888,14.316932631335003,5.456850341684695,360.6601258486347,2031.0777882280076,668.2629525348908,44.31453753155146,51.77179399184207,26.570957515713552,518.0135757984032,3
14.509878697618595,6.457264136890364,6.769804487391745,387.7395972533078,2223.8824266479537,688.907542957213,42.65635021795449,58.41098819971589,25.91580186101582,575.4014683285974,0
23.67839240665646,11.863195835040981,5.047335592815292,439.23620846575017,2516.708286571465,703.3632477517815,22.97983332594551,61.59945466540989,25.841501964463028,637.7921303007095,2
19.19400171315938,10.42863712737318,8.155509469720942,313.20962200334395,2070.9657968961865,662.102337810117,46.65657224011351,50.40830186628139,30.97922269932164,540.4310352867494,3
13.265989487353147,6.831963254608875,7.30123586382721,405.280465014546,2141.7554243187637,638.0582082815939,47.60672074930223,56.29702776671042,21.251968450139323,539.984034534159,0
20.41391081980055,14.263883045698414,9.662493001241966,433.45301832157696,2262.855520433621,626.022339387196,25.874574356075826,44.023776495915925,31.48328125731492,557.3215338840241,1
20.607882565942536,12.619648633240617,3.5808750205478237,441.5220209116278,2361.5080669853255,731.9429410396867,26.823307147192992,59.59052936607621,23.788732594635892,605.1082921573818,2
19.120596341048156,5.970565304504392,5.337478616057174,421.2719089283707,2175.0901005591804,716.8755770164544,43.110184160003875,54.77682873057796,25.083998174288183,550.5189858753102,0
15.138762270265557,6.945919436946727,6.189037590433763,412.1040655509838,2228.002117586942,655.1013111236734,47.61608606622861,47.17923070618155,28.86762879749135,553.0596868490551,0
20.55543436525888,13.224037718672452,4.81223581464358,468.2480506151493,2455.633442954843,698.0371963657457,14.044871127087093,59.99578446536041,22.24576505145253,643.2972470932632,2
23.57251850261193,12.90340467131081,4.375345494506959,436.50545728967205,2470.865442281645,720.1656937525979,22.78232174627225,59.32110825563404,25.012590792255,644.3199446376564,2
26.46577486295449,10.574872671970281,5.077324074327514,461.8183098411857,2519.1960168345063,665.3921866501051,29.31333429809632,61.79343246207113,23.667714260429246,646.7392540699683,2
15.769901932211726,4.500259466458072,5.585725057445535,389.90014709365335,2210.1458703732624,694.1702250756022,48.87678984574169,53.138899309529506,25.062813575159687,559.5762118387726,0
15.895627433445421,8.171033678223807,4.884774278846676,395.3395229311111,2257.599580121385,659.9924938334705,46.917299837237,50.33565308385706,25.184984822641216,545.0042931751279,0
22.507366807776943,12.488577932481544,5.1181754228830645,479.27164398730974,2379.9094890906026,684.8956043288224,21.841332462031026,59.72858921462152,26.193281859245808,666.0156932498315,2
25.71762938305392,12.577329736611997,8.14396874523822,434.3567482362721,2178.263502422647,629.6900237050816,25.459888142426184,33.095815608457585,31.444016584794745,543.2029882470458,1
16.064618371106697,8.782815837289675,8.006525307140402,435.89262554136064,2241.8478729138446,677.4661880888492,47.270408457920745,48.67731487622001,25.09272015249941,528.9326678016797,0
24.706499094199728,15.076910920465142,4.703449657806327,502.3949902845601,2529.6034439804444,706.9167213235429,21.122475884183938,63.111624831922505,22.98306201494626,612.1699870894281,2
25.716769055163734,11.07207570191812,4.3649670398822815,464.1778518097909,2510.734221519313,697.4714301969832,27.157699569508203,64.65092157681747,28.587806315890063,595.7063677315872,2
23.81626313746116,16.216067494377565,6.780310310913703,483.94091860041846,2199.0851526191764,614.4866834964473,17.330724289123058,45.53424505347978,32.506960379928614,538.353934672713,1
13.325073191829615,8.368582886060771,5.560228987106408,456.3334843435602,2220.6551058936748,659.5864148065567,41.81690698567437,55.72415854738523,20.51586255972866,540.9269632833682,0
25.434463718594117,12.226672619510579,5.286465241665749,421.5734840627318,2589.9611981056773,682.4286461732892,19.319285477371473,52.31857887924553,23.892674266325212,632.7874551624483,2
15.242355898598923,7.797507521123254,5.143513893181276,469.83285484043216,2155.5532906464196,665.0950275961269,46.52959457043981,55.43415435073338,23.075262010351874,540.5178155379275,0
26.625525668197096,14.18161995887784,10.177959656744102,418.51280179105163,2165.70462052038,594.4666987730708,19.440928682091382,35.532355607526725,33.988941212737814,577.2889952471686,1
23.042158748221777,17.85240989412026,5.0841163552435,440.0672167948887,2432.628149836945,666.7612526888696,32.834313008714375,60.954054575145015,23.15015869637494,606.5756342625717,2
13.090416365738356,7.434124767771466,5.610754303431608,440.0961760885325,2266.6876594819287,664.0710388490402,40.620333070450656,52.199958213450444,24.80062094022506,563.4701153185569,0
13.372454543504244,7.2742997804159515,6.1240892223200465,426.9475184381874,2297.4267342889807,693.1652281853465,37.29765067143267,51.83083179545812,24.654056907470093,557.6010150438727,0
27.027984838590555,9.413577196059656,5.628615721033665,442.12700820791287,2446.8415186602942,693.6086141051771,28.188527131767998,63.23579120179762,22.83534638156948,622.0555644424803,2
25.58801875858894,11.343236830749929,8.274252768107328,343.1704665686945,2026.22344890987,622.7035734503788,31.997162269941246,49.458291277805245,27.135007883656804,548.0269268710485,3
23.207607876539935,14.542713641276947,8.219468644299747,426.7493278051735,2201.1901040469206,623.7672243767176,22.15744249846426,38.81828659880131,35.247132635267356,531.6424900638116,1
16.08630853661039,7.210206752067784,5.467831470160995,385.34494110777337,2173.3311263556047,657.0515855845714,42.93686954877397,53.459395808915396,27.67276947486384,554.7143877520614,0
22.22402474098438,10.719012009158806,5.178133111638182,435.9103468481168,2502.57934601535,711.2335877267665,24.894112194082552,58.21206011535379,24.839465262934603,614.5552396682938,2
18.159453966422817,11.038379944393435,5.535137263205158,486.3551349605601,2405.419662667089,670.4189819125244,21.497064202726335,63.569405719104935,23.270846697971024,634.4759833903493,2
23.07095382646909,13.05024400180379,9.384155873507982,336.56450707619217,2050.4723022377257,638.0345006735793,46.07950491184219,54.31984469676555,24.44116322190308,534.5407541375168,3
25.72804694295345,12.144418752866438,5.570390662622535,437.2087030610805,2533.041596019714,655.4282719643852,34.31139158300646,60.87321458217036,26.678707360402495,610.4920545771532,2
23.425875649811786,13.896702882818712,4.159906980556207,506.9775862713112,2433.564865221511,707.8391570456866,34.381401805186066,60.706492917696856,26.01770467948253,638.6214615403461,2
25.475385847776682,13.692568511020385,5.008604697075187,462.69310049455737,2587.2882961470623,649.6764326113073,23.935666066745537,60.861250852100454,21.098922136033835,608.427889430489,2
16.076068879856503,7.354345910989519,5.686646002160193,356.3982021846527,2216.38081734103,701.3047325748856,61.96683201855955,53.009834007805495,21.63107177091532,562.8466750482871,0
23.275888875765975,13.99497613826555,9.512618140405126,449.1932291928994,2279.5991232492775,605.0709832405621,22.083102441061335,35.31505675560992,34.175593749273986,551.6634188681428,1
15.825465223191976,6.496097897914919,6.222289019125359,428.813288004475,2183.2393924185258,666.1982197882573,54.09199094629112,47.26735393432929,28.446821513876596,606.4804725054674,0
15.657324004564963,7.172777669609224,6.207728369618039,450.41969724840675,2186.255159239097,667.9656167695669,56.83934607383682,46.25077106005375,22.92751805483375,560.6628451900942,0
27.241599195355587,15.84878883055729,5.035686368743971,449.2645260823243,2425.9288396089587,705.9297445221927,27.780202646151672,60.74981007172814,25.358975455721335,605.6154457380267,2
23.541924266726582,10.253459032419977,8.82949513663555,242.47293919202943,1978.7289092830488,631.9807370567776,34.711476249195904,42.538648408673204,23.222472068704068,532.7602914481023,3
15.907931158617393,7.074050212799793,6.512997425345099,390.5776938289515,2179.1283775845054,688.0736541762263,43.65999204280661,50.23476630403388,26.4225893695873,534.555133317148,0
25.705279191175393,11.845159852665708,8.535426708301793,438.32302774754186,2128.1864277379336,644.1486101792591,27.49484878223315,35.07242817621541,31.67664142530626,575.8361572869997,1
20.383535421786313,16.355201412938335,9.386818663875319,427.9468432538857,2281.1336018969137,623.264304461579,20.695674814200004,34.041882459721506,33.44671262641359,528.1339130470733,1
21.178943006057526,13.381790076116044,3.7535632101889274,436.62377551226723,2538.1121100702376,661.5189661606996,20.87487536255152,59.165034421267734,20.098740758254124,644.282359574129,2
22.466629296203376,12.881839990959593,9.336127921056585,422.81770719597944,2248.1780475291707,657.938632520748,26.63566774048574,30.013231820902405,36.50403249090045,539.140127582462,1
28.152833401740537,11.767979004742605,9.42239272929551,465.51428995037253,2246.2137198576756,646.6353397807698,16.724315252362832,41.23553990415027,35.67766788889669,566.5934384784592,1
10.70542194052269,5.608324676017742,8.56743589203226,409.29731122397556,2196.7397159297625,713.1758071691394,40.97132888384239,57.578636405373864,25.43336565731883,561.4591058580008,0
16.113066885502526,8.559227784623507,3.9021855001002232,383.2541163598389,2233.7677811254753,647.1176831249317,59.32404567753568,58.22992089878396,26.90844731086679,572.9824696799823,0
13.059700960697175,7.230154453459241,5.115443975820199,424.636500260587,2068.991237426244,699.0756430605089,47.22744854562198,59.31323682015902,26.129782813769285,580.1955571380714,0
22.209931579410476,12.090588760705273,6.947538620948611,307.19243748474435,2038.3767345300407,626.8496271505797,46.679988168478964,47.92488845626731,26.9875687473309,567.508463380579,3
24.514489543419014,13.306466819079283,10.066750876956013,464.50145840325894,2221.5669283832303,594.5396511724884,17.945609369488256,41.279563085316056,37.415394684694476,561.7219869406343,1
23.781471647487496,12.341762866636643,9.3664385067791,489.8578966310642,2193.2246429954066,610.9832914653015,18.11097873673603,44.38979322425766,33.516993536276445,516.9393477853655,1
14.807642126153336,6.658338658842726,4.259265503735918,410.52610705019174,2201.438797828036,683.7503542673423,48.74409191163363,62.15522771953976,25.7955089521507,553.6525790553931,0
15.316238169810218,8.655460430067787,5.692466255733936,411.684300207325,2183.245149708209,686.3662261793176,40.72178648880776,53.671767275702116,24.64386680671959,545.2504656255868,0
20.65307335268145,14.09554929139157,6.607879901349948,267.2839882758105,2092.7068451768646,664.5477225907069,35.73359262218195,49.817749841019804,24.746186399038006,549.4953589801902,3
24.447988089844475,12.112739228964495,6.386869293132982,473.43038788901515,2562.855970924945,706.4424111037462,23.481106462433658,64.37391805037788,23.868990139513784,603.6751828786851,2
13.268337768613513,8.764278081369705,6.4774848420913935,440.62648463007423,2303.112511149752,702.0198187755693,54.88111053090027,40.15563389267819,22.767784014631324,554.3474595498218,0
20.098655905214006,5.969507846666515,4.498065429836496,354.42731255033135,2112.89821588706,667.7561773189004,52.87821442132573,55.06904852318666,29.814651442949586,550.6140007949862,0
21.292843568228918,13.657736826783909,6.383700894451062,440.56049825495677,2191.2991750499864,645.5362201313551,17.651364147470897,37.42071568796141,34.191583842516394,542.4000348942784,1
29.25981501213056,11.749908235527492,4.730693485301856,467.3761409619616,2555.6704176143635,681.2015028873776,33.6646278899925,58.21230863647298,25.79827820551219,605.5581450719327,2
18.64259770162622,4.303070578762755,5.73668014028904,358.7480032113996,2260.317947615241,674.7741830607833,39.71021205638954,57.728143034617105,24.103287079854756,565.0861700369321,0
21.752593070070617,15.120627702133474,8.591657065412855,495.7590860250775,2210.8476370346016,647.486720567894,19.000608009888584,35.81990928033292,34.785633150334036,560.1861564659666,1
26.23802441694603,13.308737311427764,10.170483600497938,439.41782313979314,2142.2502513477452,595.7375330827696,21.423548328328714,49.39530050924928,32.576297238132575,548.0598158491011,1
22.637361575157385,14.964594922795687,5.059580371528753,278.24356328656717,2077.4175323561803,610.9419861828844,30.42197614097587,53.38616271300548,24.964343427332548,534.9694111973167,3
19.622302540937433,7.7966639193014124,6.211742012701035,260.1622549420512,2082.8244437366557,636.6596889715458,31.860708429940114,46.24499662706315,23.781248133609317,530.4234173342269,3
28.566017247432807,12.12100821704375,5.300655377679133,437.82802385139144,2534.3292823037054,690.0721596035664,28.92595376140716,61.51396960443025,25.961115955251966,621.9783344532331,2
16.731937276834305,5.567707874889391,5.728001407560211,432.63930851517824,2245.787828139804,670.3972761377672,46.26201270104742,56.344608259205266,25.609252838958483,570.7911250839383,0
21.394640166427298,12.06356423885494,7.140707866385042,292.6008179434805,2006.7649443090168,649.9007717555297,35.0405301408726,45.771581811850666,24.458859394487053,559.944448933296,3
28.547863797982078,15.198940985539515,7.9155697267591005,444.389094128342,2208.19667564538,607.6709507669093,22.243119827319653,38.06112951659531,34.887419904925316,552.7019414146281,1
13.755585109410564,7.458363155929814,5.534639891685745,427.1628717079545,2222.010781542048,710.2698462111948,44.85373999837209,52.9887995527647,23.7417616117092,542.3262403172268,0
19.275373490039954,11.850467029244115,7.92987488527369,263.6822120202791,2043.4896214707771,663.9089604874108,46.46485966751596,46.67823463514739,30.43294641977588,529.3150230446763,3
22.014615924506888,12.512565914060843,7.731966854615961,471.4590377955767,2209.232487924928,625.5381497452169,20.53802420925866,36.023130812392274,33.13362596540832,521.6493318603393,1
19.788579539111428,13.64976756882135,7.239536624719052,315.74488255613244,2065.153669047908,633.1522380039819,40.52284590019233,51.523322031532324,29.46875051123918,559.2375772369496,3
22.578518008607798,10.180292767040253,7.334011988720145,299.64905335035417,1943.488734991995,640.66279706112,38.880195136392,49.86585123817149,28.93323196480009,551.7436321762738,3
23.597227645194657,13.53826258306794,5.620633005991228,478.3709700793105,2523.6518547114965,648.0118628257501,29.383530616813246,53.62004944815937,28.66546069951322,629.8710220166319,2
21.606835279036364,11.705617112874215,5.2652930796295125,484.6265919613641,2561.8564955204274,689.704234286124,18.115486047061115,58.38684406423202,23.065119177268834,606.1063460035797,2
20.393366044258215,10.49221054368753,6.283361695695499,444.8733035396243,2496.5945558572525,698.867055483281,25.90855039715532,62.330780974311274,23.446717835121436,631.2632825681152,2
27.33241698046664,11.773035750888955,8.45464702518012,425.70416118383173,2216.5236216638523,610.867633490416,24.938091891979546,42.962932996564845,35.33199829547669,529.6869648305379,1
19.560898284242505,10.369631676411238,5.760323255145999,427.63541503143296,2487.6210145767786,709.9532482582459,30.768073180555188,65.92517774530184,24.565503323991297,621.0226533531429,2
13.178850232157103,9.251932744814486,7.52613237466951,375.5252212838409,2263.1783505037492,656.7662744734353,38.3692007912495,50.83814806792089,26.03068030814552,580.4337039326947,0
17.769488089528817,8.906881349576375,6.663976086272156,318.31463425121177,2097.9968030677182,645.4513939823223,32.99222914809536,55.14312517156654,25.38920105893257,545.516339643804,3
15.819656914657385,4.826701125159447,6.487652484509013,412.20969784976586,2294.460955073621,685.7363491319574,56.783558427086,54.63683652324115,24.54615513291637,578.0877579928886,0
16.861676452701058,6.809162267911526,4.754737218601526,362.0450440396015,2323.9158750309543,645.6028496778573,48.84657229297284,50.812592753414236,26.191822093524646,565.5549598399881,0
28.114198869266634,11.68412225229022,9.405454508660423,434.3530316591776,2109.5255597640366,629.3267740399621,27.52208758626368,38.29398059257384,31.656259891273162,558.3833486085209,1
22.19394985432419,13.32026806568916,5.27801544117349,453.6067351953138,2440.869630668119,665.2730019984308,28.387225504474614,65.3212465440041,27.795667851071627,645.092217361191,2
24.136240457268293,12.445597621777848,5.7158789578080516,458.9059063680349,2524.436000362264,687.2808164539628,24.528416806962397,65.16658890953165,23.197037183678603,667.9083657525201,2
14.827798696357902,5.823801501399071,5.407773987079716,419.4423891676876,2171.442396699882,713.5473951046046,41.5518377898494,52.19836206287007,26.028050409922805,576.4985668917271,0
13.676148117866697,6.884311890652377,6.034431116482097,455.29612049360946,2080.3435645377385,682.9795926947846,42.631476075791404,60.755921642295,25.19176591855013,524.1563578894726,0
18.407210997404736,7.030516778248306,5.626684955969371,342.47492606985264,1979.6812311508568,619.1445628812576,41.587830392019264,54.10897552475409,26.320303623495814,542.1477708881913,3
22.39915740437451,11.673784720706841,11.948489935012974,455.6620601057572,2213.8163767782416,624.3724614264612,24.037326925069763,37.80253356626072,33.51901618183064,561.3328550865501,1
23.65691245328097,12.196304368812099,9.547771882698328,248.9126366287714,2095.576033227127,661.944892561622,35.691244492325694,54.13061249000337,23.76840028791234,559.8978695398112,3
16.9748102900928,6.318734691130439,6.787247352983409,415.44294193851084,2310.557119151611,707.284921887498,42.28478000222589,54.17814856745283,26.468053088344355,530.6045506424709,0
21.63950204070661,15.322176714824279,5.528160480966531,459.3034564974127,2225.9014963712166,632.1582033708229,20.68582790330328,36.23995293617586,35.40500107918413,557.0036684362514,1
27.047584715675093,13.49448231890663,9.797708386762997,434.8671764302408,2193.185512472597,648.522215493257,21.234545208428067,36.792695288603255,31.962882731795798,543.6172208937932,1
21.492603100024876,11.627469497440948,6.824342724414651,324.5811242446256,1954.0324205440745,619.4656084168101,32.908730379118445,51.650993718328586,26.07941578031284,559.4367825693741,3
24.910405722878753,16.816803861384336,8.603839687524415,457.487063182225,2203.363112450351,589.540206209843,24.356923763152928,42.654777426504076,29.24116218672316,551.1496916955957,1
14.682730325922623,5.612950640049985,4.763418025130343,426.50761229101096,2209.02024964273,668.7580935990742,52.80251014749128,58.68056562464854,25.413714634551585,554.1529412368577,0
19.810146596383856,7.9562956413911365,7.444899410714089,314.2219904621088,1994.919752886044,619.9779764995984,38.53201060133413,44.10726062508109,23.62042843433444,528.4344623960212,3
15.024106361203652,6.144429087158993,5.916980234023887,410.3754127826459,2195.449916473436,648.2717982429604,55.08736058648995,60.803594437704554,29.715599446749437,548.4440039996832,0
13.963440315267452,8.968333670703714,7.622055221342842,410.5518264671396,2298.731241266008,695.5285136109444,44.07435788409401,50.25052484309832,22.628259539510125,518.4013967534123,0
15.25568080633457,7.379810896784736,7.2008818603129665,490.1529013927005,2220.486491868332,684.7432363565134,37.42909823438281,54.73745327216469,25.219893784295255,546.5468185898562,0
17.400612516518642,8.358204591274399,5.307752911234614,374.4510437514736,2279.344375207831,670.5823358689828,33.949841754861325,54.893059204473914,23.678826269646223,540.9872226430692,0
12.675840974531425,6.460568712011167,4.527047571260267,417.03786742680313,2197.9654094126495,690.9091974974081,38.12530101111453,52.36843272264378,25.416835723727562,544.3545718675724,0
15.556287452909254,8.025313357919847,6.293267793839099,387.33059850724425,2198.778867396361,625.4248696419833,45.24230948355645,53.016160055912316,22.957492833034788,531.3302357826228,0
12.847509599362464,6.49673803202933,6.539631204986562,407.0474777402666,2253.483437434109,694.7667548242304,48.238990609338806,55.37217784697105,22.390102922212726,587.4568249472838,0
17.211986739814595,6.821790732137732,3.9903830310827706,420.44609047834456,2321.9075736216214,695.7274848511796,58.61055197108307,56.33567938952627,23.958196876673533,544.881619170347,0
15.438765002727713,5.852677881274806,5.813355591543672,408.9596224994423,2237.1896952690417,681.3068403557315,44.02965841087113,50.73403546885424,25.596819203261912,588.6976604516508,0
16.67697840747269,4.017949998096958,6.27761072975677,442.62363860445396,2099.7476457990565,702.2180317495411,48.46776838476024,58.80227538735835,22.583050408191532,580.6258071233941,0
27.801106849959368,17.33077616546299,7.75413766005761,481.7731113126327,2234.323027006983,618.2225706037883,15.941230801200085,37.81745236531431,31.988212693215523,556.7408479266428,1
15.697551788092591,6.450475910141785,5.691766661677026,482.53416608349335,2274.5541886835326,697.8918667765477,47.13616734467322,58.8508073670299,25.92589801948744,560.0049795131793,0
17.17057400889182,6.88692021239898,4.966737408462754,363.32481765005195,2280.8937606993813,690.3139105178421,52.46645240218629,54.055616514405806,24.64341595602175,566.3791121274787,0
24.10511921083828,13.12495731134173,4.799068761560787,475.62663964652666,2418.0661781269678,681.5611453533752,15.763097478421841,67.08641906702896,24.52139756180588,615.7050654066387,2
25.76824310762793,15.304887334525183,8.26899482503536,438.1576939556159,2261.4883827562912,660.7519882107383,21.140278054005563,37.76430150935096,34.76237838816337,559.796614581797,1
24.754201579302237,14.289327971928486,7.283868090341611,466.3637989583269,2235.764347750328,637.2005335118893,18.103681752500716,37.72995583605977,30.798163046056146,545.4444304077117,1
27.447650519640955,10.02334374533561,4.8990992804826945,448.6683495771362,2533.960680015073,715.8403424789519,29.187070314047045,64.65560255842152,24.15401207573457,645.6026491330949,2
26.72067190607133,18.298412864674795,7.922978048783167,450.90020321050434,2188.93310723089,628.6914414317944,24.706583696580015,32.0872925121716,32.995351886817325,509.3237191488664,1
23.01072982503636,9.25383118590233,6.047415077319416,290.9372623148546,2135.393507757229,628.9503164151614,32.954077763491455,49.42992539523041,32.10560825946154,496.9884207789009,3
20.042484494197517,14.659327580785222,4.053166244773288,465.1321240819548,2326.802518919875,687.8161157431989,25.0489053044802,53.78882663886571,23.65073697139993,623.2231952690529,2
24.27284201298598,14.06072783814577,8.879888438816147,442.4373322271829,2154.4544493276144,642.7905101545634,27.63813039903424,37.79847197806503,34.02905048021651,553.0573633753581,1
26.09089229519326,15.044322063571999,5.506326753626361,452.86206340652507,2449.738735270478,728.497098488804,23.935471029033124,62.81367984839473,23.48511959623977,623.9813520017112,2
16.34015848440438,6.608568277325329,6.5583530326440656,420.8359365216199,2139.1684006861333,651.7942570808029,49.94363785251611,43.078266588360385,24.542030042093902,573.4996649464417,0
24.902737185339028,13.720499112693878,7.784698855502334,476.9538731840675,2175.5712786638087,599.5610754778389,21.56414714229421,39.64089009443394,34.78449484446758,555.4473293551083,1
23.567808371797167,11.593281935161391,8.86269037682875,420.53566147837614,2224.4200594153176,634.6280580124518,21.99005142322039,36.68572601649751,34.660448270597655,528.274208664698,1
25.508218669238328,13.579808148673346,8.838985902676962,458.94274107409205,2183.7828754896696,616.7880786619622,22.798068582608334,36.983143130968735,33.4062266014022,539.9847620625256,1
14.49496533139407,7.6500745822708085,4.026585461190319,418.46263672504637,2216.070502832382,667.1760499335868,48.00628311649522,44.22864306622707,20.977240277837353,540.7274824630821,0
16.84994124470693,12.614788144085695,8.746382955956483,320.18369791980194,2025.1579055444133,629.8783809272893,38.81398883411953,52.42414044484954,24.500973975844225,535.469570690848,3
27.621158163878658,11.06813329843715,4.594890406248207,425.348928404127,2372.432499734292,683.5149976741517,24.420132738517395,62.33554295546973,24.782829953247635,652.7901559645633,2
22.202682746676164,15.775828183709297,4.867541301729953,481.6887484145849,2386.681906803426,676.5065992502819,23.87420241544258,63.440396378859795,23.401993529542068,613.6903296092969,2
24.566694706129866,11.469193279868621,4.325800419552099,452.9549603623021,2345.666822844117,695.8157324036927,19.74188653515234,59.497716579053595,22.563286573642344,632.9934352351213,2
14.866093654203599,7.412713640338627,5.223151526851687,403.31533472728364,2230.379102987617,665.5101754114586,46.49568652366635,50.86904815437138,23.675304422640206,567.4498524647981,0
22.46707868767424,12.218629231077703,5.525931325008263,451.6005537808704,2529.2690128757627,738.053500891466,26.602555573290438,64.12412118290256,24.035029249942404,650.0204999463058,2
15.723843707857688,6.4529518168013364,5.479459621662452,464.02971802066213,2268.4507904759557,669.619483375467,43.330954294332805,53.196894299396156,23.849563459158432,542.4999190760105,0
23.920936066017642,12.215223680456566,4.516151291713204,448.0492832784403,2480.63092736122,693.4769986238406,24.17410815691949,60.36092560054701,21.64059443302521,622.6894090560362,2
24.735782569450386,15.630638675230724,5.104416527527604,421.01851186906146,2536.2853963016387,675.6356378031717,27.544800047445126,59.70232639925307,24.215473565608765,644.7272698343952,2
18.140980336305038,10.099393394800252,8.730607401639716,339.55307062134375,2146.3458212362875,647.3432893575706,37.639726369895286,57.30403791277221,21.536741163308548,524.5637748557006,3
12.744438470216572,6.6518280231136035,6.978184852817185,399.27409674336394,2288.8623960034265,682.242499518854,46.85568073315138,56.09090680793383,28.9486895533213,543.2256378769406,0
26.348957308283826,12.658353596902929,4.714631826837185,423.0093711033275,2444.4468676627675,717.7621608131628,22.01349324654858,62.886708751245614,24.551813699901565,614.2955759233134,2
19.77787492530217,10.753089091059449,3.111858961258136,447.2534404454574,2494.6537362410463,715.7587458482506,24.237659774246442,61.02366371485925,26.089183190240284,670.1739150617482,2
29.010676673751625,10.825326469659677,7.7714732984772965,437.82653911991156,2200.821039589438,626.1744483036374,16.75934051282798,41.13332587607937,34.04511182931944,560.7696199373307,1
26.328951014238232,15.228438737624867,8.052523787188903,424.71293782549947,2212.369061957111,621.7026322258198,26.843254243052826,41.21946539416428,36.87364230912332,547.1785936955371,1
24.537239040619994,12.728447591889186,4.95681655866914,467.5903180402978,2524.3647544840073,730.7319589510494,26.79177124896145,61.35613856784228,23.327730572647788,638.7365811249806,2
24.662352990464342,14.597938093968166,8.353188395099972,399.52771511522866,2113.3306093848064,623.2788594991014,28.80091319938932,39.451392986492905,32.52516844472573,531.61150230081,1
23.491966161634444,10.205649128134537,5.824170818569387,335.6881037178686,2020.455884494346,651.6618751522482,40.36801632393995,45.92667382672733,24.03515083783114,557.2880728627562,3
14.061195319594553,7.274045560860442,5.678194775946666,442.919825216086,2180.7227899289974,690.914421617611,56.913128931865785,59.39417457129971,24.764688682427035,552.6584667783713,0
23.926834959648346,12.00362638453526,10.610605859686565,459.4834567605222,2231.3655418407966,620.0573873247982,18.30438524572282,38.78019992078031,32.730169625508225,545.3024989356825,1
27.826250294912647,11.24813430321739,8.683888495532127,296.45096251170776,2028.7832336367685,687.1837197439897,34.54214979354372,51.018761334953034,28.764218867472287,530.7870361060465,3
26.115548634638255,12.659787532218186,8.321108439907118,407.84187560499697,2257.9330262730105,638.7024774342435,27.337623331896253,42.2615190803039,33.87624448721164,549.8092210114934,1
15.79398260899768,9.070579497358903,5.262806205986582,367.34713792858656,2250.8913994291506,662.1248877233538,45.996691044038684,60.60252353741192,27.381702088516178,529.8010659789471,0
15.077826413802919,7.99365382787005,6.608547749602018,408.79715263686694,2170.8997284919096,671.8340165310055,50.27845725376776,57.17189827247876,22.883605795315862,568.4353443317493,0
23.661890277672278,14.149474461216382,5.0224543796414185,452.39734334964317,2413.2311883343923,694.9194978309487,19.31396174065671,64.82335998621778,22.72496183177351,622.5770371741067,2
14.05925469141441,5.883194790543548,6.024297307181594,422.868961733816,2176.5206052652393,705.2428711624384,57.33609796169986,68.02231246368041,24.443479923264842,554.793706814397,0
22.50014965502934,14.00349210424547,6.004710252855718,433.1614215409787,2360.2050903595214,651.076064128028,26.204912069128177,61.44742693288249,24.65393750494904,629.0815500006561,2
21.277925077889634,15.297977209699768,9.76066884398352,449.5308538594961,2231.467415123819,608.7448447997148,25.461462007569803,41.81703165898743,31.621653935807775,557.6632020982163,1
21.67622141894492,12.335279348936167,5.738586332312014,432.8497845282133,2519.5130650779347,685.1618104210457,33.70725753554299,62.196275371654075,23.96428467532803,613.6236723668492,2
23.20738626369448,12.544340471468612,9.689762514648432,294.65925720911497,2007.1393727018126,635.3624446817407,40.58367729592313,58.749759789143845,26.636732401890406,519.9537470261213,3
22.49685215941622,13.837660375553572,4.284240079732787,444.84681237528343,2443.6968617355747,671.2280840617417,23.23151527731043,66.68559432809404,24.869869796549338,612.2300793089348,2
24.000309580813102,14.611959468869813,4.873223888625048,440.3084604061549,2410.688388428662,686.2058522114443,21.97638535200919,57.213775074116946,24.211805324466155,598.6827424727508,2
26.686287631123815,13.83836024584286,8.512366925438837,449.02833379462186,2234.250677350169,594.1832189125046,17.811739392601282,43.79585314465783,34.55055441299578,511.4384524146432,1
12.10788429122309,5.391209222672344,7.5783209067198225,458.3573143240247,2233.5271020167893,668.5215505214289,46.11136830049205,50.00428083485764,23.766725720151065,555.1098081507271,0
22.001668525888423,8.849326889752598,7.637119610578745,314.67670888491364,2080.0596907530453,660.253059711955,45.05442854835469,51.48399530901361,23.536496992797947,553.9786620508632,3
15.66208030999239,8.395865861398086,4.894634787318168,416.0497262790344,2219.913539754194,648.6671714268398,57.23910891918147,53.51911750861936,23.612474948904225,542.3602585640165,0
16.790369963943373,6.330788976710159,7.211316985876712,417.7008349712926,2193.0581285275966,681.493633064577,54.303201899439,60.22596326884365,21.946608768956068,575.859828746543,0
18.41119060034258,9.257415023475568,7.1460078169995676,303.90402166492487,2123.6753288259174,630.8837800112263,41.376322035859936,63.13649703819743,25.72249067937575,548.2041184949484,3
15.757685206916788,5.888525710681501,4.987025975359819,423.68036546327386,2146.524547983471,655.3283900614638,46.320433042782874,54.463631026119764,21.940393019010003,581.7265229095625,0
24.640962445624822,13.594905382261862,9.098929236686454,450.6485673522263,2204.9825825910225,597.7634916721045,22.023280760236965,36.56848755502317,31.51863929564832,554.5668163298129,1
22.91652653710856,11.616081216847101,7.63516414294536,429.1051363846393,2186.20588556678,606.7720795111708,22.998657955816924,39.594442253873645,33.31586251056183,579.4731680335746,1
18.22223229699924,6.955461766650543,3.890237094253719,395.77758579900916,2251.8598396544344,646.4661315740444,53.96443902003538,57.84241868670299,22.805869922262886,556.8732169528971,0
12.440318084719959,7.780778752741833,5.864589656943221,416.6412576192869,2201.70902501869,696.2894092163835,47.48656392126825,47.23833490381801,27.2655246122133,564.2033404139096,0
13.082234798342002,7.746028464417024,5.907534180053634,391.41071050957964,2246.257581538985,634.932617411996,44.8057329042046,56.314334111274526,24.643598114273953,526.8770204836869,0
16.39713269074301,7.358248575745383,5.572470584636779,427.2886757515463,2263.373611559587,677.0691432978739,46.82022977850587,52.87138403490182,22.714583080272583,531.8557239396622,0
23.92932162689452,13.324610937332013,8.897793119836976,436.74816092430456,2122.0264155083987,622.1739583701025,17.141117739034414,37.044884871005365,33.679274149803376,528.3934109344585,1
16.93266977011676,8.763713979948104,8.420971264848026,331.07244324554387,2082.903487918934,643.4144475122584,41.58969419993467,53.59681636422974,28.52417771829594,521.5974406610661,3
14.056950385100102,9.431393769147974,5.1859152246556315,425.78606054371687,2184.744124620684,651.9082877114735,45.805459685714816,53.78226715317554,25.46490289043981,525.2101219533782,0
19.00704497732727,11.233538142500958,7.045541101409832,319.30530377128264,2073.9606816917585,620.4560204294833,41.57424961987862,52.67741943142488,25.803325178637895,546.3536995229985,3
12.23563696924592,6.731186876880965,6.882351929791735,426.7272752847445,2181.5961016725428,679.6309365055664,58.9878019234644,53.676499592252384,21.43545184518552,537.0518971426061,0
25.585106384082096,12.357962050113935,6.8348192457766705,458.77100501120276,2195.9904356832512,612.4675480699849,31.60916675194777,39.36609758464339,36.809048075291656,532.7602582223424,1
20.797907505414805,13.71895934803963,4.690091171067265,455.1942878336933,2428.620303300797,680.4779525047918,29.628312115671392,57.4096888328162,24.0833030424133,630.8800571640938,2
9.870511316358865,5.593941106411387,6.569895981274764,400.9907522529106,2225.263245767794,669.1169513030887,54.522661190932595,50.135806464301176,23.185633768797864,563.3195851178947,0
14.18716996723077,7.018502823904349,8.137845119172166,365.0588067382686,2258.7556307721356,682.6574227074294,48.98812571891831,50.03473111934712,25.428908175872067,542.7662392763657,0
20.723758269066565,11.420839084468572,7.561449383747412,466.11186757409405,2262.7086634452385,630.5972161386923,18.619089318662123,37.68741999275691,33.56162136349838,543.0991860899218,1
10.438524309256154,5.645590578640758,6.475978855806924,395.2958495528186,2230.292809272362,671.0024082580338,44.397705426501894,47.08989225189439,23.705642898201,546.0593808474575,0
15.903537201881969,6.400946746655476,4.86576093585204,415.128151133849,2215.416705515186,658.3726860240539,45.15488030487157,51.007246326198334,25.830479845123243,533.7016756355812,0
22.9450609210494,13.362690266353257,5.339895987592718,433.06260325162054,2475.3749750834563,709.2465861964804,27.171495998552032,65.46335584478865,22.521920924816012,626.7902718162592,2
25.32069486321106,10.9753391690026,5.789389327078765,487.8348782083125,2392.209137945634,690.1556938312333,25.072973003029535,63.10642719746782,22.875525781545953,598.7507470875191,2
14.344653811276078,7.140529394938101,6.296120708088786,424.57066877571543,2210.933559013113,655.4952737649473,36.434873185699516,51.53891573412196,25.1912056157879,544.0578007370469,0
14.03441968255071,7.553511411070055,6.769409790748205,419.15984862046076,2162.5355108131375,664.3866622052182,54.307355842355555,61.51600707015344,24.865984127063832,545.7778084484057,0
25.612973532006404,11.931462748665664,9.013500792453497,416.7358385810913,2153.803157344318,605.1809392375682,14.864151950925509,40.75487365444963,33.54696733336455,542.4639630100208,1
18.99356695671493,11.328968611458809,7.560514263469991,381.82690248751425,2091.027767678909,615.4209467460017,33.320369398020745,58.36172146086994,28.747445631148278,507.9724736555665,3
24.16322733862275,10.168534347217562,5.2434557859412605,440.80309633525235,2453.636807688034,674.9096783995253,27.657779569982686,57.70036235267312,24.83866767890967,633.2558197010636,2
11.85591948869352,7.8672903285877815,7.906884733278146,345.87498211758236,2207.0100833772044,683.1048018261287,51.05790457923768,52.97528866819182,27.62187669977288,532.054811535137,0
14.858639236695858,7.545862875708389,4.791691113725738,424.1135106671051,2229.854447603048,712.8433766079921,47.93481751981083,56.97693426989401,24.583656142582463,572.3161442986554,0
23.56111849087722,15.224555674451732,9.542850523792419,497.9607127798494,2236.138314182038,623.0571196613187,17.868409121653478,35.531700584087844,37.264622979391156,536.6323044621345,1
25.332857576002866,12.863503251930124,5.189591743625471,458.1434744066539,2436.4289821484667,715.8512404875246,26.380996993118764,59.337908642188175,19.539351787719237,613.5803275180498,2
22.541330505047945,11.432102418466977,9.620203124070725,451.18257222741136,2235.767385297796,638.7148702566724,17.269100105243883,46.76873000862516,29.511149716499606,561.5324640956882,1
13.24447344730731,11.74113534088803,8.144324110703105,298.73082405204957,1998.4108049451097,646.8968876908132,31.20255845932075,43.3454623769029,26.269955729504442,578.8481120522108,3
15.60873345806052,8.972872361004042,6.371174066291047,381.34065473540574,2234.978337062058,678.4067754161358,46.555978328185674,51.64942872115562,25.01619562269772,569.7196820973118,0
22.687001394711004,13.811695683346699,4.4636374747768865,423.20035698352785,2520.373025708199,692.591169346476,25.847641113406645,59.44636385892867,22.286699225908624,625.6629144034675,2
14.718418227167229,6.088160266611419,5.055376643561437,408.17230835876194,2095.9653442839276,698.5137080646203,47.950945158460065,55.09938681511683,29.362751587757074,546.1396318652022,0
23.8196772048275,16.036903083644816,5.681944400573071,436.7872855350615,2408.314354971762,693.8278720150635,22.520464362759967,57.78985619813207,22.933060221816586,625.7769937118104,2
19.45084424900966,9.56064128825063,4.9028243410673,315.8193145322078,2077.2259992920367,638.5551161013182,39.70239677953442,42.9848311358886,25.936046567964684,515.4932733840614,3
23.28241327040744,12.861527250105212,7.483916424658304,454.66998886061316,2201.9503365604974,641.1535095087638,20.56998861867653,38.46411358914749,32.39477208455752,546.3272271741291,1
13.585470940097073,6.660035541762421,6.5260290330391415,390.5118887121551,2219.8350196091205,694.96935809246,53.837936624695246,48.83359386331624,27.594607520961002,538.8745786659575,0
14.488335857318352,7.166300309875162,6.05649197844354,443.80829429636896,2116.0831326669345,674.8326474456222,44.76036492844356,56.398091618234695,26.51860524539087,520.643954851562,0
25.3151789139639,13.038857563625152,8.098096085558577,445.31858413010144,2164.4689113314635,624.5633844482221,22.242852806971644,41.443593585186846,32.775261930872844,524.4610158610765,1
18.791580590178395,10.14202405048332,6.0768408577854345,302.08642998468815,2038.86965990355,637.1000201919114,38.002359553197145,58.55086410826905,28.619077105411634,557.9626621781977,3
20.264642695924213,12.849691984580739,6.3772169159158265,439.17686707996404,2525.750843540113,701.0074488314671,23.410650007916296,59.75671414185766,26.129446232586204,648.3808992957756,2
18.535859827159765,6.390945045930589,4.617549427793563,425.4787543030353,2178.711613492271,698.1150207499684,44.013970922562024,50.36765197735565,22.929995539718266,569.6246080376048,0
11.588695567968966,7.351916052333232,5.105956676142358,388.0397620128286,2224.758093493301,681.2793030499843,49.80176062464708,59.77366051272581,26.836163920700763,540.7005334006091,0
14.964874347045107,4.469116315533897,4.183040599835054,400.8539641101978,2252.740733318592,679.0672904939142,58.338539368635054,45.517156522121965,27.5551530430864,533.4399895843769,0
14.171053868328283,8.59073949885228,6.581181205223741,421.28208788962314,2168.534674044861,695.1459813471622,44.66896965390148,58.190945527126836,23.93094112787341,560.4055913447079,0
17.833401842864824,14.377981252828683,4.767700367485348,442.7994545201766,2526.520995910558,743.6620035043168,21.28742813509095,60.000871842123054,24.73885914284141,619.6438495889746,2
23.87608428401368,15.48663836890541,5.714668828591265,309.48279056674437,2090.5197308053007,649.4550211539527,36.94950034744144,48.44251015946674,29.809537812878897,549.9077777785654,3
18.15818251282087,8.074457080889216,4.521911637288197,427.55742594076565,2136.7431105348014,661.3083262234429,47.713697890977414,51.70061092131489,21.394532899890596,500.5369137424988,0
21.12712874398604,12.755969841317434,8.426169050129133,347.13983057000564,2003.6721851266725,625.1823586830141,54.38304659198624,53.06910046776652,30.241395275984203,542.7001175313891,3
25.898369274985832,14.344992684083534,5.186690813100489,458.2846443663298,2450.1012849424424,709.2259360363654,25.957829562763283,62.842505953909175,26.27434183613508,665.0008610323205,2
28.150274511766348,13.074211021025619,7.642047410671816,432.36831540721084,2265.494693293376,632.1726367985203,25.21774323042131,41.3376769691006,31.776925974728893,538.7752182504759,1
20.64633381614207,12.818060572065184,7.584056716287264,326.9340170568324,2026.1454363648218,652.4399776658928,42.37404968085856,49.39933654677351,26.295559016190364,525.8283877174243,3
23.92488194224341,15.195059919434206,9.056988986368745,494.6173864322769,2196.7513285748755,641.6361667471106,16.510293849210868,40.81713208159801,33.422561387045874,541.8605209866228,1
14.143344355673786,6.104546415937407,5.771982215104256,433.3042309659544,2182.0860111280463,661.7768654277272,49.67892159011474,52.97506303200437,24.89156908267336,541.5596614286773,0
20.978474171038055,9.32501278006507,7.77253127416428,314.28581556747986,1989.7799318422287,623.4529339015868,39.38007221369624,62.30764775760769,23.966367978485668,530.2209604370231,3
20.71311673346072,13.234782512228627,7.644544473002886,325.8429596256086,2036.652480149883,686.2483620444997,40.32595265542341,45.65806319733324,25.481519092547114,541.8216152392696,3
23.054399601993318,12.729053410346733,3.363580782036724,433.06724838832054,2496.9505606391667,660.4229738068695,21.752785056122654,59.52955355784188,24.307040887211127,624.191048013369,2
28.491731890826117,13.493959336906256,6.576236942344556,498.9742119883858,2587.4712262498356,707.9596848886929,32.48872712303377,64.86257822033328,21.49973676757645,593.7613786464451,2
11.082817119205938,5.76912560346908,6.117998694414047,381.0578467096597,2222.147479706051,645.965891724692,56.316265922316475,51.89577576997363,27.207329741509525,531.2905673270463,0
18.567134730553164,11.343651492387814,6.726255072313249,313.58786404722713,2063.687609645002,647.4249762040779,34.13151637013763,49.51769970915976,25.905676524004914,489.7245922144052,3
16.88057892976718,6.232461815178379,4.965148847228498,396.76056518312953,2188.0274834919137,709.287606407132,59.02647378472054,50.74639384621885,24.180728342168614,558.2402550397624,0
19.645237756029875,8.28186591057099,5.619795913829022,342.35075566545663,1995.0312957007384,639.6828521736236,41.15648886592801,50.66201126174849,24.981948587169978,546.8100607842615,3
25.095791145138232,11.811425188202662,10.778897554529223,428.13482982532764,2229.185982835368,665.1122710127058,25.08787475512839,31.435834822257267,34.081692002827175,528.9575966193528,1
13.817793149617788,7.923182935567799,5.423895809440418,440.1042887263299,2071.829856026913,671.2355495741614,43.2822832700851,50.95825699983772,27.81606145981123,566.5961968809642,0
21.45463560888483,11.931507028044352,8.057399893570052,354.1754343149392,2068.2215837023905,638.4846676059497,45.36882670086297,49.840278316316805,27.136727460272343,548.5825518628906,3
18.502677655258953,10.488995512394952,7.540167400694644,332.04204800470234,2123.577820744732,644.8684606639491,31.92353199561352,45.45788847080766,26.151434089487896,545.4776350811658,3
23.233625473859384,13.630726187975908,4.439501227880634,487.8744726315485,2408.7735230098333,681.0545991334257,33.001277239102855,59.171675653770066,21.950712005891315,626.6658415601613,2
23.883748221114462,11.435190827583854,5.173406145086116,461.6018870708274,2514.292425175946,673.3263482550261,20.210172859337593,54.58763971742049,23.815764677697867,628.7131584598474,2
13.411727419949152,7.099861460128088,5.685677831995252,369.92838472086294,2245.7188154612227,628.0005756951077,37.668292382720395,49.11319690153524,25.85020626812686,526.9789651188559,0
23.761772492893773,12.488884397857044,4.920594140706059,465.74379009234246,2377.8554541969315,705.1739918730527,13.808159743478708,53.582389050500396,24.96209459079393,684.626959618427,2
24.31995425372753,13.765712517896038,4.115067062866741,437.7391468039916,2376.9467423324645,678.0719797302679,21.51383743519724,60.01153383894921,22.195061359483105,615.6072527136935,2
21.481096547191626,13.020714520122702,6.855524260082235,296.1419101166599,2035.4795369190167,627.246607237622,41.77925006663228,49.261669226020516,27.428703550186924,563.3737041705557,3
22.657830276583326,12.551194449184305,4.594282887195534,439.86286710572676,2456.5780599955096,676.731341473039,33.57405972010279,62.45634536559237,21.37734491529923,630.4493415178238,2
12.065909509218018,4.64496253295998,5.61141386699399,378.58724837700635,2163.8855189334868,664.1085853621017,54.32424957698203,51.89939970819914,21.329535847109934,603.2066897756681,0
23.23726186543323,14.285721786500954,4.668214937255688,479.495254377824,2480.8180823954362,654.7565734353038,21.363519115351085,60.67070943150001,20.64069123007848,596.3171734134785,2
22.47402529027304,14.738545406070683,5.43678955799632,456.88402956843584,2451.8196197732086,674.6962568402182,28.251502253800602,63.28366202541755,24.604662250032902,604.3049939547877,2
12.698270981628866,7.438057392751728,5.939111739761592,385.45189883244626,2242.7413749230645,679.5836566956834,57.999653449889536,48.96879175164386,25.150022844691964,522.1927591888044,0
19.334053861471325,10.725632738447244,5.0435946883261895,475.8458676176884,2379.1405744568965,688.6293466146383,26.804479205537632,67.31810367781908,21.341676921164044,632.518467176986,2
16.7880465752827,9.771129108756535,7.2185991572208446,343.9868079354592,2017.2528987829849,592.9397495424087,37.31316221202039,53.46582942803386,28.384733921410277,554.9478747387162,3
18.487869052335583,5.12014907614922,4.09722138810669,370.5491268338674,2289.9731373974655,683.9484142240476,47.63371208573456,50.89301614137983,27.354923505870666,551.0999516901925,0
20.082074827239527,14.593590328785563,11.085249815103516,427.9954407116164,2246.7180721706895,626.9054827570806,19.230117879199984,42.8455262893063,30.023737111231437,557.2224424338953,1
20.801980952057296,10.37993745115169,9.957982908907951,339.7989878491167,2157.0334434882534,629.6119543175513,39.27821709790284,52.73852613406259,28.77784609150063,551.7152941321599,3
24.382912868989763,16.001964885615852,3.6516563039324543,460.92312358202673,2500.0899542019883,648.1596054230706,20.50258121087102,61.61126038498131,27.856343830597762,599.3935686072865,2
27.648492633064347,15.054957876886517,7.40827996147858,475.0543457857724,2178.0728208906,620.2030951800475,18.039991560107147,38.22266161403787,32.856477280220005,537.8801017278854,1
16.848715514374867,7.898220527168494,7.876711325859024,388.8087349365262,2275.8977761397387,693.0812989860052,59.174953032314235,64.07703181891387,23.636405617254294,508.2419699770405,0
26.05921381364305,14.066948363285283,8.834699146464875,424.2934901101461,2163.7281020305386,600.9528585842119,17.073806406221777,34.725598514393056,32.160234387242,512.914668337325,1
11.616074701660473,6.502847773762221,5.105534758074647,418.02620858379663,2132.222356221658,707.4899569191351,33.8689806889302,56.024361433595374,26.784109787539656,601.0807536775271,0
24.61988787332659,15.05961899623545,5.020923943859652,428.93704439578613,2438.7163209112086,710.6539609363231,29.72192440688,59.27611659535211,22.924797732659176,612.5041383230271,2
16.179093772071205,6.8521492614301565,6.2868185471492835,409.40726420492445,2202.2194570816,645.9709335125345,55.02298256056053,58.20363714085209,21.128090464774665,541.5160196360404,0
15.022852111121319,6.939328610137588,5.338973719419162,388.17896778022606,2214.357772958528,725.6998549219966,46.966889032229254,47.46668717271874,24.114819524021268,546.19840656499,0
14.680703385155965,10.697093578098503,5.400451058411571,433.0744250590042,2165.594232560313,680.4510524594293,44.48573082606489,50.6383719992609,24.329245096653064,558.7945235839727,0
19.511358260333626,12.416684973672243,3.383350622491075,447.5585927567843,2438.6347075252133,685.1624779554248,32.78481565895306,58.26865984102621,26.227626119010935,597.6659372492277,2
20.439698581028324,11.676085321429541,4.627906112549274,473.2208267930838,2550.0019330005957,702.3953943791342,27.188666973811888,64.08061200378103,24.543548205496652,650.6718202893038,2
10.784093316445114,7.26779603039188,6.042644271323862,377.87279012466445,2275.5929761203156,672.5464755777056,55.91423601549139,53.15903977386524,22.663356170282796,545.7422164914955,0
11.276309693514976,5.922632704648594,5.123753302636384,389.9498489493589,2196.553412659241,676.589921261829,47.66094631565825,56.426059738226485,24.532120084643218,549.3885522389128,0
15.458963430927213,7.991381057102275,6.02946036445843,420.49315453145175,2216.6827160787434,673.0030925225713,55.494313007917,65.18974317493506,25.546715487995407,575.4104394751266,0
17.96476179173638,13.650273049390625,6.978903673900522,321.21029808292224,2068.573215059498,616.9071457030494,34.55604931811191,56.889638438140764,26.15557870375826,565.8744212529742,3
17.255951251938047,13.460662791827108,6.908067176156702,311.48160242319506,2044.6471671193772,639.9924480597075,36.68796725497586,46.6739178396864,26.73360226504823,525.5589696519967,3
25.006809642107388,12.304343348802744,6.912072302804778,442.5742439411195,2118.8377958377378,593.9083383213631,17.816968740214,40.02372451058921,31.239796000531058,557.7473571729872,1
21.96675730132955,9.5719761061538,5.730285584474207,325.4001261913438,2091.3090274843216,620.6620238266718,37.07120198819946,56.373856189687714,25.668700369640934,543.3419525524623,3
23.112770003033493,15.820417416347151,5.944698260968217,423.76503697096655,2388.4070467810857,687.884466482892,22.369868199787007,57.32130344629418,24.148432765432595,622.4748305862256,2
24.378504977145788,12.970712887021513,3.5100629881836687,451.587788135385,2419.1723845397846,693.9016664153173,23.327564982785553,55.89607586621277,27.920126134810697,649.048147399324,2
13.992084517178778,8.42891860780923,3.5649645021013336,396.34647997883997,2312.093742531741,684.9804520143549,49.116497362141786,57.531964758411675,27.40405456794095,526.4212366610766,0
23.279489796991133,12.000550083064072,4.040650442429914,460.0915332754959,2529.566508299737,725.7071810911185,19.59985226398245,59.60107818626285,23.482966083765415,674.7176267589219,2
23.46315236613312,14.866688766066527,8.394580094641146,478.77618264085777,2185.527741382558,650.2032136442987,26.38364499492856,34.45054811257917,34.25674367619951,539.9527965235933,1
15.120771856848835,6.148668090926451,4.968714164048923,366.9733337762719,2281.9720644543568,692.0934617298261,42.52609125267827,58.30044757133037,24.26957293032233,522.2851342361196,0
20.639355124872775,12.467368413101429,5.565814434806304,467.620740725474,2494.955940948573,726.8443920745092,17.842411489307167,58.40616998642952,18.694656481222186,625.4030012838284,2
25.912682251605936,12.51168978316659,9.055240783248774,451.04278055958014,2255.4480000567364,642.8255868548193,14.90792267012674,37.09589993968309,34.71331823591857,540.1253125805297,1
22.347045262097446,13.00989192722659,3.923236577392185,473.0509825183543,2429.1520092150336,697.0061512673037,27.932034695737656,57.87123647651589,25.48981111660207,639.7758477051971,2
20.093459694575,10.322625258246331,6.422961071298328,328.85596038592064,1984.3191826122509,672.4736800475383,32.71444644910737,58.23135778772909,22.559397068421877,545.4877711263531,3
23.090559201294646,12.56539639506468,7.590152774798095,434.237004220285,2244.2988471321564,628.6871499130583,17.709809254146013,42.02278636467716,34.4531491685325,531.4675744536166,1
21.917782602573688,14.242084152253971,4.73388299213634,463.0687961862271,2495.487601209393,670.8573610203065,26.989166222657076,59.93311546991249,23.745716723465712,602.7790474798041,2
11.689809313629633,7.655625096736781,6.5795294207714505,369.6358670620132,2195.96349808145,662.0316375006319,49.06061806935542,51.42805490088977,21.963224060264793,564.3132940455671,0
23.20118903347392,12.731805429428391,4.876468436038739,489.9361326426277,2379.4635192149613,678.5276590350006,28.625636463341742,56.85887423423076,21.542333705062337,622.9101214763396,2
29.77365677196998,12.205084061685968,8.918336690523446,416.5133944212797,2158.7553097693067,633.2380416031064,18.41527455635891,34.58118198944176,30.761506112221838,533.4913983378748,1
21.392767128351487,13.113592181227103,3.8072641406040777,466.20452964890785,2592.019070773787,695.8858870073726,29.852873326889284,60.90649214850598,18.6485147478902,601.1385400652589,2
25.815530965869204,12.526964836127334,4.396944904051686,436.7315184710391,2405.9942857267515,716.2169076979317,30.304112985998835,63.50361121562772,25.69582786529616,626.650903405042,2
16.682394288599934,13.718873290507858,6.856546938477992,343.65144782250445,2000.4116473406896,641.8068513183213,39.9049798679568,56.136977997505255,23.909522710767188,527.5961793248961,3
19.768115742370934,11.357817718999197,5.972074119656709,325.2331818151549,2015.850402145578,624.889263362863,40.52836218215104,59.36847381282931,26.376765153835503,569.8016986091197,3
17.926605782439125,6.285630650027691,5.950921526806495,438.8328045836065,2277.478556617412,674.7377713800665,53.788076364981706,48.88517416888799,24.893629696565846,567.8450430017659,0
25.397283231137937,11.848367658285907,4.26794579934563,463.58553220053255,2493.7907162775346,696.5358987931771,15.110842332205308,62.739306031612685,24.64547554677268,613.9936140203249,2
21.042179762356817,13.344696514725738,4.401945398995206,425.0745215400565,2518.081206388291,712.0086394080295,30.6166527315234,61.12855844530043,24.863763266413414,623.915674174362,2
14.137321123520978,5.805678712343895,7.386003830959867,409.47206212233084,2179.6328164612337,633.3078849469186,52.26081811725925,55.15968754314294,22.93046811889883,563.2046968884324,0
16.76191772809882,9.706944463341994,6.429919457012028,258.67360080913227,2023.9379626720436,621.0850172210629,45.95711463964223,50.88687778021809,25.744096734575006,541.5560790864463,3
22.457617260188044,12.764216245360991,9.721224494196395,424.59979516349784,2175.6750498972597,673.2369075354803,21.5459679760229,33.13252562642495,34.51824077226552,507.49383541988095,1
14.25031707420478,5.027744014695821,5.93179842701082,450.1458839881596,2164.9710873713434,675.2469091485228,37.11142950794882,62.99096204989256,21.86298432392481,559.9976045265358,0
15.465756040274337,8.03360473395409,5.889592767368434,459.4433648547164,2309.2972947885087,649.7775253730573,56.2494462688078,51.949751913180805,24.040195184650077,525.6200123820578,0
16.267820755467486,10.628926107767839,6.852644417615561,384.8343167146245,2154.6490720983816,663.5710085814347,47.28847446705102,47.661973656356466,26.308019280298673,550.3346358309486,0
21.27348667592859,14.370126251352815,8.243713277844934,401.9335282773525,2281.3785278503324,636.997808077078,30.29921583838366,33.52727561852141,31.66974736844625,590.0036447077559,1
17.50345001713039,6.9427498683538635,6.3010854326224655,404.6652282413393,2185.442400803637,670.1175445649476,45.31794324052887,56.706779197929905,24.433791368687757,570.8925162462799,0
14.764778289149758,9.370697450499325,6.07681972933082,402.384873166234,2210.6434444878414,657.1145599169289,43.19112359554185,53.20163958588759,23.365376595084207,540.225617262911,0
19.0810933480965,11.806158056057935,6.764661299660311,303.358913084601,2116.7758681082983,614.9414109042697,37.49295590323327,55.30096906754511,24.02338585072937,545.6217241640563,3
22.281430762765098,11.048705223906293,4.257400199164147,439.14045615022343,2431.1806579946297,688.2154558697994,29.95119884183246,64.61038563720467,22.545251182797433,635.8932213046699,2
27.773585066335553,11.725473133901867,6.680815027009794,319.8427568350504,2059.2086205497512,644.4255951902846,30.510558907901956,51.88039037007397,25.034086723754378,564.4627161731772,3
15.748772903412526,7.336497784183372,5.329178342224464,378.4165081066501,2160.7524669038885,671.8692284456981,38.630417729240826,60.37739492887255,26.794781250649958,518.5826797107607,0
26.08303602951546,12.031928445870633,11.16961805669263,452.82353341224905,2295.7317172421967,633.2561545976304,16.092738687667044,41.391687016331375,35.04082070149844,531.7027078777012,1
25.252956353059076,11.091281035806848,7.647771238301325,315.8732402364127,2086.1091033320517,640.5943125658374,36.14666225114839,46.36710628762218,27.87744247862658,530.2936067456034,3
23.4940605486896,14.357861198498156,10.83285367000161,492.8591819264272,2202.959511368364,658.7776097346009,26.658360671276448,42.82714042893726,30.39530630928156,527.5457440287338,1
15.828818866551993,9.038134668721263,7.029375717650105,403.4856916077106,2107.8764221385177,707.0881999207071,51.652094477482734,47.33941285295069,26.71165959621198,541.7470089988044,0
17.674796214885486,7.994497841498103,6.204982318924676,401.5051001334048,2237.127514109787,704.5361726239641,42.70216856331616,55.33111492317281,17.941580093952524,574.0640976698257,0
19.834257269515845,9.166926966497385,8.251110374873475,306.60523875246554,2090.3178726285437,618.9936454259819,36.74241970927826,51.133785298194276,26.864896763746415,523.7751808574967,3
16.99964849382059,5.318483500283402,5.645389241380091,391.2312768079581,2237.516293673812,661.3384878558197,31.761974823479502,61.39015897163482,27.182410181172326,521.1048300078961,0
23.556875684460323,12.745181619078446,6.494811905743102,306.087653494172,2084.7265608561884,628.228908200277,45.83528980770167,44.929815437373094,27.272920481810647,585.6115599506385,3
10.873523446390514,9.434781073673857,8.40362629875041,408.7460831637346,2221.1659253931803,681.4058336801445,48.117900570819415,58.74447740541753,20.721990552856138,551.0465223463619,0
22.41995494721804,13.245824836333098,4.879749548067968,463.1950679772243,2634.047459490136,710.6235745218465,22.340528838575086,65.0584358791149,22.915921697715284,639.3014876772269,2
17.44508267734806,6.9248488157372305,4.99087401505896,439.2999610993439,2399.9064367218025,662.613653507536,48.6161386257268,47.09878678344418,25.46485522812303,558.373353324094,0
16.403327296179135,6.26687288670208,5.435571581935759,431.423412456599,2247.5255488741814,646.9461864519382,44.359506944114614,49.23112980317456,26.662694102038266,540.6407943876935,0
18.38981884143567,11.084170279684313,6.293145309574666,350.0953392757727,2078.104246820102,672.0991734131316,40.5071144437068,60.050772277682874,22.878071537288843,556.8825593274255,3
16.758795949725656,7.015577874765579,6.190454932053882,408.4529648157136,2221.8797743648515,685.463988945395,51.400103441826516,51.18137424551102,26.579032154709626,563.0855876609984,0
20.853109300446345,11.728235781859262,8.844733903675795,311.2639153208289,2074.809054643249,645.4324468371193,42.92884661075832,58.78692681065945,27.55562557771031,558.8917016507585,3
23.704282561060296,11.606609114124172,4.341327761142136,466.2266317498255,2475.058548214478,687.8442287555473,24.832948529924195,61.98335323152327,22.874061061718997,621.7442815708988,2
15.78252931986647,5.403152195886556,5.136826249363235,431.09076377136233,2182.7486131863134,648.1051050736718,44.719329466414656,58.89964554848594,25.01991117144056,553.9732399492641,0
24.027974033345547,7.956698219428732,9.162502278736435,332.7534633039044,2094.0769243180944,607.25759397364,36.44721980964722,45.88802784597859,27.650229511233995,528.1066819079443,3
11.62533113208394,7.2174334583250825,5.973007139652226,424.55367676608745,2224.112723402453,673.3920321218825,59.485952451622694,53.45259545196466,24.17393734997109,543.8382600037313,0
13.14684811718895,7.700966350490417,6.077289531210846,398.0083983113071,2122.5837338884476,694.849532271661,46.42611284651403,51.13029918150292,26.11231373039818,581.7016167060144,0
16.887591687400086,11.95967479744751,4.445348612491928,491.0333575018731,2523.8076162502234,731.5770847398741,22.70002795273339,60.884883064211856,26.51127887716138,651.7163376320844,2
23.14516888760637,12.215132095513063,6.673714872324306,298.6051841140684,2071.807141238608,656.7944242012119,44.23848416909376,51.12440472236847,22.99199599252616,490.1461520946002,3
27.244877199473134,14.253147889334464,5.588603718332268,456.1989026974021,2603.4603342551386,662.4355114051045,18.660061891592964,61.15667197326829,24.021682845099953,628.9962174983432,2
23.872229214808577,6.2898706710551755,5.069949853927422,326.4281294738076,1966.0912775551626,660.9768662018878,42.154840823167845,52.95321392032603,28.881068115863176,540.7339655306442,3
18.800018081531007,12.891463904428912,5.581519415012146,473.3418310134374,2425.5476614758227,668.6236202132957,24.400409573531686,64.17524107104397,25.6354529118935,640.9766090120856,2
24.444932795771308,14.680960541169362,3.999850766227887,428.1195630265767,2469.349430619852,716.9031727090489,31.67103653013425,64.94956207354087,22.035785324347117,614.0508945398989,2
16.336652036215995,5.803831440249275,5.792432703368849,410.2865685877054,2267.772006575365,665.2576837920475,44.75907867556516,53.172549026845665,26.140345008217018,565.4543963903226,0
24.238970639082293,12.246370106089534,4.469711034664278,487.4101667174683,2373.319340118362,724.7889435205843,17.294232580492846,62.89462336474761,26.44940957757212,625.5439470855263,2
24.231080577123294,12.734067616590934,8.492842330089681,451.39011462628736,2193.575284097658,627.7767330485508,18.194799103272427,36.737785246689924,33.795535124968126,560.6750743069754,1
11.553073185189163,6.65765882417579,6.79585872437236,426.94821960640445,2309.4977127914963,704.8088322820105,42.186282265954816,59.56007299068397,28.179684467805966,523.5920185727863,0
26.825249918747346,15.13808553768946,8.557451751605509,409.87208644828763,2205.347207217178,628.1081315857139,26.73513581802311,38.02467746133694,35.140267315022555,525.6384747098245,1
17.707171779138793,5.078853464472743,4.088526840269541,435.52582711577577,2252.49851404204,685.4575933383521,47.72187778451541,53.70047031161419,22.022144952129274,530.9336134125905,0
15.238451722254784,7.325628035865751,6.2019282830788125,405.1912117153094,2201.956170711592,668.7314833463281,51.4613118635919,67.76788607836669,22.16918418335404,527.5899586989124,0
21.996130432412794,10.533942509084081,8.177835299727423,323.6731973484173,2015.0321611938627,613.3730729498394,31.494590567061415,47.744661018630204,24.652926114597637,520.6559423260283,3
12.716123547715192,6.995533891972666,4.836224812765611,382.21765878948526,2263.940211017506,664.1309934539315,47.431148643660066,53.04794121494977,22.30080641802721,580.5832980593066,0
22.56660128223216,13.81599973800953,4.371339272728552,463.536217576277,2494.7858195425874,706.0965129321792,24.475952595779802,62.502661745152324,23.550337808675152,627.93610517156,2
24.5837836847123,13.19730694328896,4.090000063560412,465.6076464614925,2495.1333056018284,684.5784025155051,27.59566288748255,60.628936435383594,23.922553169470966,642.4480837315656,2
22.219807954828106,15.705847058193516,4.737989971725746,450.95750101484737,2507.374399937592,656.0108271023735,24.8276134054105,64.62088447336507,23.891197566282266,624.8783121478174,2
22.13069441267006,13.010588869179168,4.297220099932822,461.8255819997969,2474.4211819945167,718.3157513259484,19.9539006216975,55.66745907703897,20.995267953011144,642.0486775144248,2
25.104392026589604,12.882240737627797,9.037985355277316,416.78516138226786,2296.854254007204,649.9280290108469,16.88917918521381,31.52941931659643,34.54444788381675,545.8993850622555,1
23.67556345012604,14.297427301205062,7.809261921942831,440.48132979712767,2160.6407722097188,615.4802314753739,17.79774826902065,38.9088797483951,33.26786584150863,566.2024178817278,1
26.166856228843404,12.473657268812044,4.80662731733147,426.5023512409572,2431.996819987137,735.1355412722014,24.609947234487553,57.40070684067451,24.179928215681446,626.8814943508369,2
21.506813331268155,11.260991536710232,7.849067148728298,332.1430702886063,2147.9712669419555,654.6318514759537,39.631704990274,54.03366432691736,25.020023819721576,577.808557994063,3
26.09409502405094,14.789346404757774,4.614907595023503,463.93205921644085,2492.1822916461065,671.1439713002236,30.316249906026304,60.5642843483942,24.934727140537863,621.4239704246633,2
14.037517752269176,8.246321239823342,5.078005460263288,363.0888464437055,2177.2786865516523,653.322074207887,51.64375334991866,50.56499633043046,24.18126614064833,545.041898347302,0
20.696040940824265,14.27351430891447,5.02945519185216,409.7580280605139,2494.694411899985,725.6645460588052,23.941468453615155,64.99824167228083,24.61713268562053,587.4846147318417,2
23.24270170667164,11.72294302204028,6.743087321495424,331.8253956573158,2163.677473265692,579.3158324610696,26.446481201862923,55.78057855259527,25.448314898930683,553.4774272180891,3
26.150694296497246,11.43609727400895,10.014055338046642,403.4682024306717,2184.3785478338114,630.1792384917577,20.46465906358986,33.93472683948499,32.85206257523754,535.5994716244578,1
20.45572417010782,9.333092782980959,7.130400284453014,336.8358266636997,2128.1625222738885,601.788676562895,32.049918907933254,46.259106439293035,24.371269998059926,541.3548617216759,3
25.394498180265526,11.726428641240021,8.46385473721247,295.71240226995354,1975.8112020766828,636.6212830918925,30.047712392551826,49.122928286077475,24.438991344004958,547.8430460049934,3
13.924674846193955,8.244987324439967,6.635614927886245,418.49860394451935,2398.2692492337233,649.9743873295463,55.72059602374233,50.64105550011262,23.276758982151613,548.5031360925627,0
27.361851214946327,10.889595750512,4.000717119024985,452.7784682328336,2446.8567264215585,721.0426522691989,21.18029026047077,61.30957761961949,24.94289041916636,625.1320088044898,2
12.434730699478957,6.364545538104121,5.867555484080825,445.0923854295655,2090.3381897556974,642.018673372816,42.94510774458764,49.32956631291202,24.600826157672323,568.7812495803057,0
25.9713787165402,12.748380795588702,8.821725465365299,451.38507778178547,2205.377420057954,643.3903801648388,20.735913179465037,36.20006795348328,32.24930116687858,535.6131854559112,1
21.225257100785317,11.135702815446049,7.985100247844045,290.7353587765235,2160.8761022867543,631.115391213015,49.5150872227968,43.961999721753465,29.29591440295099,559.3093294968088,3
21.680038439423107,9.49042103675548,8.248770546250807,284.3696051025915,2017.8545633363237,607.6518385992078,41.93282076582618,52.99183704162404,25.3208323042633,551.6107693484764,3
26.912783368910226,12.826310373591511,6.302095939631544,447.495239136172,2512.8207948755357,678.4728449715933,21.341037612102014,59.45362682726224,24.002350562227647,620.6339666229097,2
22.645927525139918,11.864523934175939,7.769815556238414,334.46298316842547,2098.746973663462,630.8546662345443,38.22844355302654,45.477256014657044,30.57811548433154,544.9381586986564,3
12.246627704887382,8.225622876162674,4.722438671132674,433.05811296489105,2154.446527898197,661.6569897246326,49.182619505227215,53.374272056444205,26.46280328743643,533.3824450046861,0
15.317079382153429,7.081864797230544,6.307728451638252,408.11759948093976,2206.8275750427288,658.7142489385344,52.109727339930046,52.34566799097779,29.087913942425217,544.9154716375269,0
28.181357161752004,13.109621636849893,5.603451986716525,414.1411928321862,2481.6310177249807,680.0016091962162,24.80032438201682,61.84369767596261,23.351581527002384,611.9523838001722,2
13.154227116209466,8.5434008169635,5.8091732481821285,371.6387009666939,2142.1658274584615,701.0918417135665,48.25112685469487,64.69840872028857,22.94032770730204,576.629478487112,0
25.718879683371952,11.285355303133732,7.929512726217039,415.12107048053184,2213.8047597386503,639.0209954519108,19.183495344648666,37.49018007264893,30.601475230437245,549.6975918467735,1
25.842958484764914,11.996093276867388,4.518417619849857,414.39032918240815,2505.412932217406,654.4391281232857,29.271702650773584,61.408164758063535,22.300137979156013,590.9406215842904,2
22.529351075003262,13.130714718463615,3.866208157246564,449.6072624047228,2428.0891114035385,677.7466641413888,21.94050792331405,65.40334649551723,22.901901810505336,611.0637684755607,2
18.88738667604642,10.030985149712674,6.6007930017028915,315.78868075301745,2044.292482010869,640.2787331449696,41.5660432706532,44.38216367101575,29.294380624096164,562.2601951295106,3
24.476977452516984,15.794030181160222,9.617851762672531,493.1849438498439,2243.542428897945,613.6986241688671,21.726529846113404,40.06262418442722,34.80965690631583,548.430437354465,1
22.29509599238814,14.246484587744822,4.426159349655907,463.8028771051988,2433.323548678001,688.1097827751056,27.70164806925396,68.6744960738149,22.105990663126505,611.7896298363677,2
25.26718339607684,11.7144507956436,8.975109150575392,438.2322394740556,2280.773117740741,622.9701030361668,16.602526387005234,36.3776678362754,31.259047003309906,545.4122523026207,1
25.284737668156158,11.509658472941704,7.59123196608664,286.1071004699884,2052.0857082831026,607.8477959777655,35.52424943310485,54.67529725897153,25.156489237039473,558.5224952140759,3
27.818274839164783,11.192700568272032,3.855505942471776,453.1958684261835,2469.303660445594,717.8274158512767,22.35194251926504,58.665033148792716,22.777426771095765,634.1540791609631,2
19.65530620069217,6.1062676522352515,5.8364807556142315,457.04619341191494,2239.942614983313,699.5763000543321,44.145439921749386,62.09147944778692,21.54656369535915,616.2945607578955,0
28.864778956885644,11.099253132179388,4.35124414908216,492.9436058260561,2419.3223869607164,693.22032377157,31.648815438744673,53.157113238373746,23.02545388642488,663.1569040192895,2
12.972565267119203,7.002418766947259,5.902472367103156,449.30119078600853,2137.5607596214422,653.9031533136285,39.98362946966756,44.67813401122307,24.707300552319058,542.0098501952734,0
21.859113754229092,14.809633179808081,5.83025498569499,433.7959834901128,2649.982215100472,709.4375698477012,30.866101916213065,66.8038585170354,22.661903365732314,652.2644247820283,2
19.628579298900554,15.274798300107424,7.582966258938634,341.7133657230949,2126.9250264271473,631.4890063228576,36.121715881031406,55.09116381906172,26.72941017851739,565.8806461891335,3
27.355262171380414,12.36258539561549,7.839046672085649,455.0907293199476,2143.3811373437575,633.6484916894639,20.20371364809014,38.14854406150786,35.06545133375834,536.3701006196337,1
21.928061663968204,13.583955380368135,7.936441849818814,417.71176358586047,2228.654676063876,627.6616706462825,25.925011517424053,34.89054575442512,32.717729498460685,526.0830954780829,1
21.58548026368994,11.55546372320911,7.769257937866474,283.57947270429275,2003.0006712108855,634.9397212407947,39.313247492214494,45.70083776691677,26.91463679711916,560.2126172974763,3
20.778048422268565,10.672604085132749,3.8074535461654566,427.98691553087275,2401.1634268582256,700.4377082411006,28.769309018476598,61.753270799891354,22.640773063530165,628.4647046114723,2
26.874131799297395,13.171259731197312,3.620610578573997,485.574702732372,2482.483444507821,708.4105926865491,23.18197291872815,60.63405521846163,23.004181528126615,652.4252954608963,2
22.227122455339458,13.378142496838901,6.374607654096526,282.61094298726357,2008.2238249082677,636.1069697189287,41.332309519247985,52.43245376901446,25.708264567354078,548.6656865046813,3
24.658608561847462,12.587598637931253,9.668612442268103,480.6743540916091,2209.59714471025,634.5745699201516,16.246615695529545,40.37835403495193,31.188147911554523,543.8986370341275,1
16.564700684835323,5.382294269047753,3.9388063154944435,363.6410016341373,2161.9065254034144,692.2915690257175,47.15829727355641,55.04841317154474,22.002900945256624,577.6095568557514,0
26.846986457786855,13.0372531042457,8.908910584972578,407.48487207946914,2144.2534557264535,584.1337550405133,21.625738673413988,36.320941881907856,35.69035489282077,554.625172041541,1
28.872023275220563,10.092954504828946,5.701272182525642,338.2678086638626,2075.348476541045,650.2206354178992,38.624601302765356,51.85027080789907,27.994147828551164,508.86975770684774,3
22.928479911865573,14.613105566147025,5.330047105763979,448.12267831404176,2493.5323801882164,694.4658193235596,24.41506720406859,58.57810753435594,23.436589536858495,642.4771358103292,2
22.336037302302024,11.574523876181175,5.472205909476108,463.26082506550165,2474.396259432412,708.6173210541215,28.686736668982164,66.80834510714274,21.173057233452294,613.466407227315,2
23.665784085348616,13.573302115892005,3.944624951271942,461.20636154665937,2460.402478468773,669.2003853929948,20.08295882026946,58.41213130714423,26.13397800706978,614.8856071318604,2
14.523652512050669,5.783999065839289,7.369998484998947,344.14448760433373,2240.992979396379,683.0473069683965,47.95538192012646,53.593073977588915,24.263726932212293,521.3371004410355,0
24.003941468805113,17.59220858191373,5.375441745179011,402.482653533244,2518.9209465114836,663.8876481935306,21.470260813741945,60.58636893211593,25.151527684166453,657.8619717131965,2
19.493290165261097,14.826814115035205,5.611356983235655,494.71816347181243,2414.643425459602,741.501239866444,16.001218836944382,63.199627087679865,23.532136712241606,642.2821950582571,2
14.150452544413817,7.333620515277734,5.350516570230296,404.9124088250813,2284.8635795345563,687.2212240014788,40.72179716490811,62.20965087926849,21.857267504377813,559.962391183566,0
15.205106367452533,7.494445210794399,6.487692185117782,407.02364794321846,2308.340953800907,658.971224404896,52.433675424740684,53.16602266953562,23.113909610518142,518.4274317932519,0
23.97406216972253,12.967377435385337,5.233470153936608,415.72424035103563,2546.79856764086,696.2827768242275,19.912033762885418,60.27966304846549,21.743046968118318,619.9799349715503,2
18.993461783383573,7.9355584565695185,4.897493493556708,397.81599063587043,2221.597176432791,656.3879289062097,52.701630565783795,52.948711241132855,27.421363817927116,556.1209789259105,0
24.57830072193484,13.52367533777936,5.3439124667441815,434.45935928766,2503.5771669301757,715.2671024036551,27.648186790526047,65.83984201185001,20.12940451390393,579.7477351254889,2
27.419829857453962,12.559882300880213,5.149862872283903,472.1136378366398,2576.2578962211783,720.9869684005173,31.384081787440085,60.54274158487994,24.13437643478157,617.5233593168037,2
28.73546877107036,15.36463291139684,8.129197517937516,410.49294014615134,2249.363436950814,623.3662850175082,23.85711695077385,32.306399581431954,36.03899298641218,546.2687261832667,1
12.643392753770268,8.351508630900089,3.4729002030546896,438.0920125104394,2124.365149561349,678.9186412888794,44.45933728705537,64.71374269974373,25.11202325274934,517.3334319754636,0
12.792518604435985,4.409554350150856,5.913875194142012,419.0333950130208,2123.0899869648015,677.7085197049106,52.23828087854751,51.74521586739941,25.935099583950848,520.6092781826843,0
27.616423140753525,13.02692466953025,3.9594239932685142,451.8652629165889,2497.6772390650112,692.2311264013654,29.84403476899969,66.69903385433129,21.622002102709125,607.5949690376525,2
18.50026934617263,14.223838981189653,6.240457281533589,469.14475465593773,2540.1741300058497,656.7571357684625,20.262614065680644,59.33622550925767,22.834983119294176,609.9775497988768,2
12.51105642479785,6.938778367878412,5.620059912116694,405.7388117530118,2165.716113431216,663.7526323415361,61.437017277862424,48.357821818476395,24.63980139804151,521.1999646410774,0
13.811700088606411,6.894470196280764,7.091686465658673,419.91558585762783,2222.3897513393304,713.4725444084544,41.98615340009641,59.24634174442905,24.358093998567313,580.424621005138,0
13.117755808150083,7.016368948552545,4.813759889483403,426.84623463858935,2203.952445446581,644.2511410174671,49.233939843569395,58.258399366145255,22.16377053283996,579.4538296514179,0
15.180979563255748,6.451679172890145,3.416611297042638,409.7516034821124,2164.7861525193757,680.3837157765531,49.258075854548935,53.92932370394686,22.796862439110388,580.3241755618914,0
12.006722620193347,9.247310109753167,4.768797931560415,373.6427084005617,2147.6719965029333,673.9888592829072,52.60403218632344,54.986650654730106,25.94053981172897,539.5361108472247,0
18.71914151277347,8.086145802467353,7.626358769143623,309.6573940423839,2055.421758575048,632.6177516782712,47.366475581634816,50.46982954075008,29.40380133065819,572.5622552821003,3
20.80126514337931,9.7865375016495,8.309212137562143,264.28355596133565,2045.3932643205821,629.7506536638587,49.72664251328096,49.124949304579374,31.062180857461307,541.3514286820541,3
22.479886382708074,12.31239479001042,7.42248293721351,445.6932169847023,2229.997903811574,599.2653318243302,17.383464846919132,35.770326344068245,37.377051084680694,526.6799367206879,1
21.753023756653995,12.434661898767885,5.326427427986017,419.8765264838472,2557.870863662842,679.2985741836485,21.324692840871478,61.570456164413784,23.111925025324542,639.5604070891096,2
24.136730360653562,12.606776570335498,10.319907470021391,509.76714590153733,2247.7092219748533,659.295817554187,21.07322669172552,40.80464687263772,35.888287785079186,548.1456800876526,1
21.736028364967947,10.862307312785395,9.054126488308274,313.1284709035841,2053.0533166530136,640.0221944024548,43.922541982051285,45.9840628163332,28.82910628818352,548.713138927637,3
21.35770735873507,5.338776705182335,7.400047281319608,440.3498124111994,2269.7090071170787,694.82133381663,57.654989812965496,54.81779005697634,24.534933601106548,547.3206994812627,0
17.922888584484404,6.562828194533142,5.373395016940901,433.4638471728422,2169.2259181784493,673.9408267267395,47.741157935583345,51.06487804466475,24.594344072680002,565.1011269239925,0
26.97767570991237,13.35135952636126,9.112290652442914,437.97102181485104,2217.922909867213,608.0732985561573,18.09655659257698,40.894115386915225,33.60071106067661,569.1524224129014,1
15.671682513866047,7.564604910765076,6.285303283063141,426.5103530421467,2307.189366780191,691.9681289792568,40.12536688679686,53.63571472286527,23.464326974873575,564.1891703193387,0
25.172983341409697,11.21024834488707,4.040392573336566,448.49451000909335,2494.101477810724,686.025235935125,24.787243646796593,62.51437723469752,27.111877405739502,628.7340925962769,2
26.890728589556552,14.904890698283157,10.841838224134815,449.89732087418963,2183.24439753576,596.242166939881,16.918372975644758,36.93065919448058,29.218233258727437,543.4446362241094,1
15.043704291046886,9.362090337296575,5.701926431467492,408.83212398545476,2190.1855561543025,711.2935069785793,47.14510545368037,58.198549682799836,25.006571568898185,530.7816432960071,0
14.715993571184958,7.692254418815462,6.96009284664355,404.86301767723023,2267.7497228849666,670.6661349188815,55.19732681895496,51.4712894771153,24.627267990608573,556.5760448094488,0
23.25078985539677,10.07445298783957,4.9930113098968505,376.13042765972256,2542.874511016006,687.0932803656457,33.215086987821905,58.386170641983085,26.233595661570646,639.6746457487045,2
16.881129432782426,10.1341561740707,6.571874292369828,405.979183375719,2336.6044424077936,704.5665820088046,41.52253967797649,54.285638067267804,26.263819333115848,580.00719649034,0
15.284851472141131,6.978989104181734,6.135042367537413,417.65246131603277,2241.654874962292,675.4339634211983,44.035938337369174,55.03345036248012,25.410289374618056,550.379368232508,0
22.37478101088872,14.663268744069656,4.3870734785521135,434.2907013760758,2505.9894050197872,696.316087244191,26.074934462251804,56.18969113347605,23.091999317210515,604.8928321960261,2
18.874462324859035,8.774430314663897,6.239516144291429,388.95967550708474,2263.738365664057,665.7483437188685,47.71393391031677,48.81869355965616,26.78726708921888,560.2477687306146,0
12.395640986275364,8.96641747978816,5.287938580680873,386.70576775554906,2205.847516310388,649.8867958740885,60.58506368426741,48.82869570429941,26.487803747428973,568.4271394989626,0
25.668389107905085,13.134256124217643,8.247903954508423,433.8041334476261,2189.296847541776,624.5668877141188,18.8845182497194,39.25153243038644,33.937142498547985,536.1700116912892,1
11.238403144051885,8.155852836623996,3.755271736995179,343.5415965318959,2255.9692427729315,716.6642191811807,42.7481951390261,57.333093144814185,20.20652846110552,554.679047518333,0
13.29351329888236,7.636437780411556,5.9694738711932605,381.0496182566147,2209.6190682843826,692.7338015081219,55.62643122516086,60.72202486045122,24.6288226435919,527.6322351853428,0
22.705610845977585,12.213648855917839,8.878315180613447,428.2444726681514,2183.7307088650628,626.128994489123,18.6652292900432,31.000269411186203,32.956919122988836,541.0393746402347,1
11.484543217286738,6.726512577756727,3.745238692324706,386.1296347498824,2217.9561568286363,670.8514352660638,52.076414548359615,54.592101607182606,23.832393155487765,567.4070273040566,0
22.842858439089316,13.334756139423915,5.627706722708268,483.73036998990915,2575.002990085113,701.1704002545813,26.482529090982613,65.12738456944818,21.06383154950389,604.6861180963257,2
23.943667367209155,13.949833627110896,11.60797995956517,474.59847809729587,2218.926301896209,623.0755367025744,21.727777714039757,40.00756151869252,33.84357923039924,518.4032590990827,1
26.493489800254483,10.423016872853049,8.654329790198677,332.42762180183337,2088.391102408617,623.5380033692161,39.219346837471676,51.05926533830092,22.42155503802799,554.6519916670459,3
27.14334328991652,14.349698287179317,8.200223384465685,430.1511213063028,2245.802479822527,630.0777588963236,22.29180959618735,35.67749000293449,31.798314248093902,552.9811023113901,1
28.404307751492404,13.894684089870891,8.721412981606234,476.01825813273814,2201.5257015386073,626.7596598638374,20.524951100530362,38.846997606331264,34.04597382893057,526.4143219335642,1
19.479465068706794,11.633270304919536,9.908305326778871,325.9638246180778,2027.3012974884634,638.4551029312333,44.44286286616139,45.372621971077585,25.44388453262262,527.9194056473252,3
23.52476719078244,10.797260077500086,9.668693033341354,353.1287724337735,2030.3769954571565,607.6948108645811,48.30644358506794,49.046630490016895,25.833713120455503,556.7304654862173,3
18.591772725613556,8.242095014027544,4.866458837305938,316.29083725153566,2081.72152054765,628.4919661238554,40.00430087795764,57.428858521684944,27.194161329529937,537.550719616477,3
19.251445283832858,14.071883180360024,5.254734175028639,451.7430172874417,2499.1293373682224,718.0747393739404,25.826908218058158,61.14467233130806,21.438718337374546,580.3653199355482,2
19.257332581620588,13.962434786473267,8.076431321356717,324.23795050673255,2090.7241465036254,608.9842848477539,33.88917415517815,58.10637239499171,24.944408398968182,537.5783989988,3
24.274340059193086,12.49046661926147,5.435942460967894,480.99082865541226,2438.7262857602636,694.1275838503044,24.062074561190613,59.311909906828575,25.441047397698128,614.3296297327125,2
17.105437511500106,14.041809544813743,4.873664913630665,465.9189167022492,2548.875724453765,660.2689718846599,27.505460627264082,64.19483632939533,25.51451464748669,648.9172842143835,2
23.226592212508983,14.482171628657122,7.163431076660814,473.06495461886425,2239.793471151312,555.0195218508461,25.602339107972107,37.382882895929185,34.057537549214935,518.16483166686,1
28.371228177551238,15.055415115376427,9.264352447920066,425.32260347626766,2233.2612555843834,648.2295660139529,24.346404801786342,37.837473640166074,31.323990833867413,550.7131747139682,1
15.537826895357203,7.362148142241699,4.065388503062804,422.6108637752787,2300.83480704797,678.550424510341,46.798723142265004,52.661964959904374,29.263210613117167,562.1770307276194,0
16.838262048801997,12.415951841249216,3.998935311845938,459.0061361161045,2438.0564244208713,722.2348274365913,18.08963690642299,66.22135889215724,24.934944442498093,637.1148742487939,2
25.265179100779676,15.324923188197916,9.650597266555602,422.3487249933247,2143.1605528397095,604.7144828971816,20.141013341601123,43.22623376394938,34.31422413708122,558.1005923019594,1
15.868847287091715,5.775515488350756,6.590393476966172,413.2234610809195,2237.946441888736,664.967428872562,58.54866549728603,55.75456484905051,22.65430228943184,557.4646646030309,0
16.858768955685704,9.373195446185958,10.0294413297938,301.06629500420576,2026.004268871553,608.6913853423098,41.88981336309948,50.002656084631724,24.777488973737125,551.5959020067414,3
25.138958134503795,12.409018780982166,9.269833008532935,449.4644273612053,2212.99506456963,646.68537550119,27.394282471245624,35.74176465427202,35.85157205015051,556.3492696513018,1
18.05143493033296,10.976626225799052,9.190391996898331,283.2164071600479,2039.3137173317184,672.270349006979,42.643776799099385,55.61058879740527,29.950240194147565,546.8780299140901,3
15.63121000718068,4.783076886161652,6.060754384141167,466.3513739597939,2249.0855121361537,675.3301035240062,54.91609726488942,57.33522773791827,23.502534572368393,555.4756931886772,0
14.302549855503125,8.560416574508043,8.612649248238723,370.4922477910116,2176.0364944621265,690.1807428997007,58.26853679359494,52.8594240914218,23.42328405825346,567.6879918232268,0
21.32655969497085,11.456423756270462,9.453017696440735,301.671825113074,2011.5798087883886,652.9596330847227,46.420259615979276,53.19860930733774,28.93453438288204,560.5607822593302,3
22.333400944225723,10.580333400968879,6.597179641111796,432.6636846241707,2467.771784515302,672.4827084521298,18.02251005399011,61.76031124795942,23.18326425190355,600.1445222776006,2
22.108024115901152,11.73041042897098,5.980317301841062,404.1025162076849,2532.7847476363995,701.061954034102,29.20436084964389,62.31946244767991,25.29958802763447,617.9367262397661,2
13.922457364764513,4.386788029897351,5.470790601640992,373.6184360287223,2177.0371629244473,685.7198560985045,50.085055859598505,50.91891377012217,21.718318393505548,570.8969640983071,0
15.713742118299018,5.279752981147827,6.034298360376898,376.04040679769116,2195.6639881432493,692.9472291804004,56.91623336109089,57.17755222260166,24.351545500149616,568.4552553633324,0
27.49455224409405,12.09038340611602,5.888863926662219,469.96651367375574,2438.2133149771435,668.6910553592378,15.038914196071206,67.10671579755002,24.24914112010259,636.5959835293321,2
26.984608770882378,11.633125600977822,8.693389573407808,443.5114673417445,2234.639185019593,616.0078805502429,13.910949765969768,34.27902645997161,35.24212116822946,542.8467601977342,1
23.577392934968483,10.09094008359066,6.892033698807274,339.52967385760047,2058.8373743869124,619.0149805525957,39.913656733928164,48.64373290630726,24.080460434134825,537.719688908614,3
22.78213784624753,10.692846565631779,5.3422209188967,438.8201700085701,2445.754450337522,703.7772137796098,16.76679236349038,61.45227192739421,24.477641710437315,614.2764956470922,2
20.206554082692087,7.826561018532606,6.5905814543245125,297.17640271086475,2047.419816073517,644.4146107549291,41.84246234175,55.59104125802182,25.22252925931155,567.7180476829725,3
21.376259865863727,12.346877297363436,5.886676359682441,322.4808755973003,1966.8117332631464,658.930597359586,34.24264326474195,46.76000954308458,25.129703201046933,594.6018813848993,3
27.92412802903368,13.031386059252933,5.540703391770433,454.9205666352714,2478.931063148769,678.262182389872,23.705291687783852,61.62896858958276,25.720083258556315,639.7311924976908,2
14.886433611214617,9.610506463422167,6.260218639435063,404.8565050553662,2184.298228309896,668.2775079474732,45.804409637717114,59.95835717812319,25.98656646678825,559.7022739960923,0
26.90917168590389,13.250134993251054,4.732906587301912,438.57761079978036,2408.277796823925,708.1497958419262,26.76808497284662,59.93498404072271,25.901856096819706,639.2602972215504,2
21.182189072414733,12.956984740514018,5.013318724778908,308.0845307127827,2072.2236687132317,636.3403798066668,46.11017146781656,50.50246869475811,23.739196900642725,559.8308119458015,3
18.744448692147948,14.762327951736657,6.737948843765956,344.66972947580575,2012.813848942473,626.6435611434488,53.68517071160959,46.48558559442475,25.646658749976176,551.2981601153639,3
21.12445084080547,13.885373966174635,7.424903287832618,353.6068386625613,2084.5373533157344,654.3326291493547,34.8238411814944,63.51873074801927,27.326078502662305,545.1543214131264,3
21.061855850606257,14.0393601845306,5.46785489860901,501.9052976857495,2505.480098848373,730.1058946389936,26.104266882853363,61.36264890246976,26.427213709520057,636.4282343336849,2
17.7268574241714,6.68344999984565,6.178639323838035,407.18003677313646,2181.0711175257206,673.6642264234238,47.48943017745051,52.2892383224979,26.271626524377535,586.8542746756556,0
24.991123459584625,14.503216350715983,8.01221975051009,455.3308205750981,2233.723214328437,593.6180141133586,26.1001844728233,34.150949704764415,33.12605459295893,544.5466769406964,1
10.639579871021052,7.158630161958441,5.757316903772523,422.298067549417,2222.6908653574087,689.8721400019937,52.037924544986865,45.039835720580854,23.48163322508111,528.5412611419364,0
17.37526878544224,7.688716672482562,6.468417685286009,446.1352265481847,2267.7331855035814,686.267976753255,48.38740784632434,44.20023958370055,23.251143181844753,560.5310171488507,0
12.777790198164883,6.164177205186868,5.604377669192312,427.61772985234524,2225.484070697825,692.8379515101419,45.35305351832733,55.24006755357113,26.054914618293974,549.8922717629147,0
18.9184514653595,12.086297134617652,8.513086876534214,504.0034312414384,2186.4289504483577,619.084342913989,20.639017658041645,35.528575550152354,32.35961252176293,551.1198316725742,1
23.48832041258151,11.415437099412657,4.365518592338995,485.33663227418026,2394.354174366795,710.7511414537798,21.431129586607632,63.55076984693574,23.397190580234522,628.5858334829314,2
14.749981939360845,8.841488940865165,5.097245040178795,420.70268870925076,2247.566457991282,690.419631783863,43.68631780878262,50.38496228638398,27.81334841792195,566.205966871202,0
21.003307161955842,14.333713645123051,5.098807554805686,457.3881813524916,2589.204350421659,680.9711758598844,25.86337864447904,59.22073343629763,21.560252946081082,618.0705370382556,2
15.730888128728157,10.571053033475405,5.276227221458765,415.3135949001509,2327.257644129626,665.5825224056848,45.38756623543566,44.63912129564713,25.249208085490842,547.232857820976,0
15.370651298830763,6.97393904728274,5.982914730128705,441.56224658071227,2228.3334334461388,738.5972897764702,46.41597304639322,61.937146640705734,26.099560521964385,566.3873817348418,0
14.114928576215632,5.685132841371402,5.644866868819406,469.2056431044101,2282.121527212136,681.3482089759884,55.03267756486017,57.561156530660234,26.38068032273836,539.8403997464591,0
17.92235773344066,7.556299044883335,5.683733354689634,422.0524675795924,2281.7407928582143,675.0741070159495,56.949399098692595,49.656942047788576,25.818513497225723,512.911885954666,0
13.722244303513316,8.040867788231504,6.400959284699897,399.7146604127049,2273.9590039280506,711.0786096650573,46.86678690417314,52.63451358022013,25.659990707997917,573.6683760836634,0
16.159122284952954,7.030325397427438,8.25824360573656,463.43680782744707,2286.023121995061,692.9438883606613,46.84484058286045,53.5499487053819,23.017511376000954,519.8653229327434,0
16.727656027396378,5.649741278121972,6.081173165643479,468.22600817545606,2148.0783205888283,686.2105655054569,51.85026389408312,53.90147572077299,25.018423385264178,569.4647916438456,0
19.612558495273948,10.286970919964084,7.271741755610885,361.91484357921576,2011.8202131343567,594.1109697720781,40.80634863968828,54.40303043809812,27.58247867977196,543.4053567256724,3
24.916820597900355,12.993594373985283,8.645227374647261,438.97245235074627,2216.582011377494,658.5380829740603,18.147421995816927,31.05784994656483,36.44149093097758,537.7997843941905,1
27.36153695843917,9.12481625362556,9.276526689359013,287.79850195048436,2128.391908652291,596.649275830847,41.98238664995169,60.338697231822664,27.734183137458658,537.0275748248109,3
15.94227258679986,6.927096704827339,5.214621498026957,442.71415973415696,2261.694399281705,649.4121982415701,47.818890857124885,61.89396369924931,27.302291096187655,532.5531925849489,0
18.696193147515057,12.078938490522638,5.583325332293104,455.77012663535146,2426.8360052815156,730.8891152303454,21.43010179082845,65.53275633084667,22.31954507273692,609.4707717661155,2
19.883252095205297,14.586404008076618,9.554487095827744,480.1987220649345,2212.3442053055805,626.5348071743814,26.57252038339814,45.13106698016146,34.462497240118154,539.8501385172675,1
15.875024497239739,9.052191427217464,6.039149284633461,419.5487360795934,2171.8241572255047,663.792970151556,51.72427703537128,57.852511069278975,23.22827756723858,518.3190212579112,0
13.657719445206837,8.698509326892609,4.816898072341725,431.98725672312605,2169.699472426334,663.7137352447752,46.07010990814821,55.22030112990884,26.580860429368467,559.6576355703245,0
15.447191097549364,7.793467986387424,6.736569355856788,403.8066272476838,2247.544722345036,674.1582789672723,46.59042343051037,58.537977846544976,26.45613705086345,592.0216843301364,0
13.099955890178837,7.201607816105384,5.343843803884642,390.5762171456144,2234.2786241346766,636.2799774183175,45.39024900518313,61.34785347880755,24.416015477146644,541.3556656209029,0
22.298141802304393,12.356864725024849,10.464540593594323,467.5319184889919,2237.77823362977,615.7241818863188,18.970919044763864,43.905909623666886,33.5342813359464,520.5036348979451,1
23.012683833830682,12.838600856185655,7.342378574163866,400.7550872469719,2237.9721069883453,620.2234592839233,23.71162224355686,37.45443289114143,37.41425623127617,508.96189958126826,1
21.177558310524212,14.318784450809416,6.116193037806695,317.5325859070054,1978.806915700629,654.4409916511686,46.324277408454286,44.37667533031921,27.797870577300014,530.7365932804395,3
16.93341394792224,12.433470700726483,4.495719195682315,475.82899098501633,2532.7099940361068,750.2513283712501,24.610981050636898,65.07737108593466,24.53184304668933,631.7207906196005,2
21.502524884791207,14.210161299807016,4.166163760070727,489.85255372231234,2375.021626899909,687.342943187946,26.212211640252512,60.681853509370875,22.421531492684796,669.2606832659384,2
25.699600964071873,15.111185265351159,8.952277971284852,438.1952775142179,2191.146245761202,664.2495320987776,8.100175085916439,35.4735075202322,33.208988405035065,567.4870916439494,1
22.850003446466655,12.237736807715326,4.430898321416637,427.24464875612426,2585.464673422258,658.3019067072198,29.026207779001318,62.057769099427745,27.32534204750006,640.0609097412265,2
14.617312026609879,7.184473478275694,6.011460152363917,352.02232937178167,2200.386368789238,697.2078194471493,54.35471196124911,51.186087976591445,25.624132848157796,512.2042202449363,0
25.449874217270626,13.683882848398865,7.819442985667745,416.4283881802408,2258.0912368843115,636.3544168016407,20.36489402477312,31.84613461985205,32.47057595483356,517.3700281034457,1
21.715601992334175,11.339213074363519,7.727679443056308,327.9064433477934,2068.7223565443282,646.8872926400201,32.10881277960592,58.4141699625478,27.010692701230827,572.5359655351441,3
13.74482492712616,6.737244022172207,6.986142502118831,432.73330282808564,2273.569798576772,645.907448059278,50.79735073590887,55.58759089251449,22.708124863319807,554.7839522113333,0
28.86171347806988,15.731675395748017,6.5907837194217525,435.87364142836316,2178.811319729038,622.739206204476,17.131365933294845,34.06303523407966,32.438652153177784,530.7131059377053,1
21.979382728776585,12.522453284131657,5.816759601114803,475.4866968062027,2476.8841651509347,656.5917447207621,27.632337687094253,60.31719122208534,23.401722044702108,644.5613604300055,2
11.634260456768391,8.984877947623035,5.278461355213617,411.2361820034486,2236.049702208447,655.3508948266482,54.45381240767317,58.04892380139109,23.933224289446052,561.232495113492,0
23.93104126618461,10.105519830776531,6.39952174786643,297.9145891887899,1987.9645246390874,670.3916417663783,44.32564242870016,48.00993648374095,28.077252866719366,558.2737474946424,3
15.54473951054848,5.522776604257916,6.376708361543401,446.95938209795065,2229.918443736515,709.1472402734311,56.55047599575267,46.672471719105495,19.697271040237204,547.6658963570984,0
14.153403375911692,4.798145106673585,4.800855108668988,417.78625296714614,2172.3866000515027,677.4248108935409,50.31189570884095,56.62445182158497,25.91647095457172,555.0131641644601,0
11.768683321358644,6.4995835718325825,3.978649658075361,408.1157983056813,2170.5307868237,676.1652877450298,56.66606221256059,56.93958972956811,26.809458300312798,571.4813295127387,0
25.784082777908456,11.711929874920177,4.577410770265758,442.0135992978106,2483.015452331846,695.45339154928,26.040864814818374,60.76319114233264,22.2133860023576,643.0055078647555,2
15.960286806783222,4.946413480840911,5.526296004182232,361.8483206298823,2231.8634292637275,660.6182904222308,36.305768586492455,59.14034009980161,25.305741422240004,538.2423681092667,0
21.78097323545775,14.860386852624071,5.439978999159004,422.21369502193824,2358.4386004048038,679.5556994434853,31.048609142134286,64.67800438920389,26.08723442672202,633.2960174729199,2
14.704942639519293,7.815839773292617,3.8834025324817887,378.901313025062,2150.865897854686,684.3907273403165,37.13732577385012,49.47563695007074,23.619790183895734,522.0867955255139,0
11.928715860147761,9.601155721908185,5.465879266619691,411.83044566242614,2163.7852014712817,700.7418451989382,52.99770724573611,54.93297072254014,26.149335680962682,557.8674034015901,0
20.798891042480122,10.696317339108504,5.7178418789538625,472.87315753612336,2386.332763297857,674.67017026062,24.270929647480436,63.1719694557088,23.288682621337315,629.4651283778669,2
26.34335342808236,12.479701251618918,4.2322309447860595,443.1142636021597,2514.821705500419,711.9562343600306,14.509164714006229,62.33536770932772,23.910518770375955,625.705635297031,2
25.004731300273683,11.772947521742871,4.88589067997418,441.2561379865031,2622.845277639097,701.4337900017385,19.81737168364594,53.47707220724389,25.31013030744107,650.6414901862221,2
17.499330534087555,4.856621363942102,4.331360569684708,450.57781729269635,2183.5157807084547,642.1853077942635,54.366541545615476,53.44772994346143,23.531951061556324,530.4365391089893,0
27.033179073222122,11.038389858385038,5.317126979930827,462.6744527985233,2385.9580148354967,713.5945036708594,35.75561159447148,64.84692362792808,24.38008655500861,616.6593004354714,2
21.49929585487885,10.77484827769727,8.288005346616135,303.71058761765033,2021.1350125107774,623.5884883949851,54.011426505342115,51.49663480299287,26.091111190369684,559.7470876532309,3
13.668980585422611,8.153918703498753,8.503985107279387,412.5876150867502,2162.3274595344824,681.7787704492414,51.73355248962124,50.27434591384655,27.926557993475907,518.4418156256557,0
25.405551432004895,13.012830393093873,4.899906360699451,479.1468140045964,2429.2992120046324,720.1242442603846,20.148965287163925,59.149933397593756,20.31521322021322,639.3899523721209,2
10.899655797937955,6.329530173590429,6.1693580596999045,399.64529398271304,2215.4720876993997,660.4921148474352,48.97842124759621,57.76556150438888,27.32381312609317,600.0381490039291,0
22.330150659940642,12.308693427600474,9.382462934995374,462.2201971137368,2256.622036309157,650.3875234350941,21.35488165487065,43.591880966336156,32.84157256124755,546.4903008555482,1
22.321019275505538,11.173479196808119,4.723430585640191,460.59946197779345,2454.961344445309,656.7914707947796,20.838293458090877,66.18777338027643,22.409084720819344,619.5526731354715,2
16.715951762514308,7.6224413661635095,5.061623419122892,477.02279242393195,2283.6882978911053,636.3692778725326,42.34728706889537,52.53066551263206,25.031527379503583,556.998513132038,0
26.71757378586056,9.416609493664343,5.555669967498172,437.75632534842566,2575.3975653828525,665.3131045585411,24.971336136992235,62.68163483951136,24.3754067073385,635.0875567067184,2
25.507163212613825,14.38536068295396,5.970788562679659,474.875114534713,2438.5566467373555,679.3864065662057,18.444616573967476,62.379219006846554,23.380556345483534,646.9462723595635,2
25.741235539396552,10.302379643869903,5.249827419680328,480.25101481314323,2490.9779472089485,712.9065450940865,28.30667680027919,64.05984091990253,24.245205224076045,625.7416663875639,2
16.676253135788762,7.638436490476521,5.7098075866226115,442.19773495367474,2194.0993224145327,669.7184806001627,54.55722970855627,58.81177855667182,29.057291674849182,553.8111207009022,0
16.991402771799848,7.239234270303925,6.778841341237199,449.2374687133952,2201.1209330989723,692.536617921281,40.14645313887909,53.80508615886235,22.215806967512016,555.6107660916367,0
24.68857617819194,11.506333564898132,4.484487303725183,440.01630308105115,2555.6692602775342,685.8154253969992,12.862410737026725,63.672957611357965,26.49493397198934,609.9715234571011,2
25.965347587193193,13.243189560128553,3.1323021489298943,429.74807071017227,2502.4880096903,709.2455270068943,32.005393840006406,63.68584669160038,24.535604635904235,607.8112180275253,2
16.279252818995804,7.247632231917074,5.460394974393431,378.7819743547549,2253.4889784117368,671.2305317925287,56.97326409121041,41.87045797532666,23.751242430853207,552.1651581162472,0
13.347541067272095,5.50803635629935,5.712093512630785,407.43178106776554,2213.8423741172596,675.5629982044841,43.25766807790666,51.601595116478705,24.855556755305514,518.2559530637163,0
16.239403930964958,6.964794842585981,4.551257389292289,425.1095086257216,2253.0852501289155,670.9470201339958,46.335578491463025,49.11555931806279,25.92470492134212,549.8241690082486,0
28.402145044997823,13.856186196554166,4.73458666597507,468.0520656360045,2520.85118434274,656.0887582851402,18.126728970401416,63.61090143647928,26.98874148186759,638.553774946851,2
13.194145643825948,5.546388867782561,6.589366555669705,435.89452216112414,2273.280729255796,642.1350606028907,40.58552412860429,53.33434064131534,23.2090381790426,593.9094491172913,0
20.810134338480815,5.811042441319894,7.3020292518431305,354.2527201366239,2297.020125428473,689.4652611964754,30.99453130420069,52.022781028430074,24.087215140348803,553.7685024789901,0
25.60119224463564,14.255112083724683,10.472135098536462,473.7101936871835,2185.4072748963185,610.7116816284318,16.466382799868597,39.463202932374784,36.353804143479486,540.2002277706754,1
22.934035346708434,15.386002777492413,6.427333826651762,457.00641059912203,2346.0400625581815,724.0350180332404,17.93328982709692,59.16911533932554,25.29419489496183,582.5650946180609,2
17.134444833143966,7.587356956911898,5.4881086877445995,397.1733655601144,2216.766954163058,679.9744452063804,46.15879012463821,51.114264112225726,24.693452419075534,552.4751124113044,0
22.832847245912646,15.086563055796923,8.105025859780199,419.2167661478463,2136.8791707485643,621.3969693568444,21.142008661893218,32.38231133709048,32.56119453673229,554.7388185696071,1
22.711465688222127,11.05978047826698,5.081672394703088,465.4661809931124,2574.713870999234,709.8729487314318,31.785524894402243,59.3375355714778,25.11791625223121,630.1555815998719,2
24.046747893844923,15.746615817200443,6.841172585090844,466.9537977980956,2164.9008305940188,658.8792452861144,13.60301407883849,31.915494882459875,35.031634992522996,552.019035007708,1
23.70561698033982,10.905270067208209,8.64630707245354,304.2936505398986,2027.3110634470324,637.0201913674948,48.512601168583736,53.989079396199095,26.926357862681915,541.5870534164744,3
24.175929285817475,11.565263998402399,5.540464233159059,412.61248219130397,2352.21695784106,681.0116800060812,26.50354994825136,54.270693195057724,24.841725753161235,626.8278456340338,2
16.856593983136968,8.133131436334244,5.625031963285822,419.27007068257103,2237.2280090056092,655.1263016031467,51.574487440270296,48.42033070704314,22.685757891695303,564.4667978166605,0
27.782849680339012,11.795516103886936,5.804303593901641,459.75544970122803,2370.494590646983,694.3807521104844,31.3242827558072,62.7657749497742,23.51943657395825,642.4881782270371,2
17.495899970118863,9.108542757499228,6.3086595430180985,428.97128577697396,2148.1709694966817,725.567129504179,45.081465760804626,50.09772937745667,25.414812970802334,523.1700472816075,0
17.52034682654498,11.065572814053178,7.275431278668941,326.9946428786803,2004.9759849500163,640.7549884620438,35.254682323150995,58.046573840706,21.34278840702219,541.7632242779724,3
22.4206987741608,12.269413551825586,6.844387812024021,262.0270829417028,2061.1419316626084,651.2437489579661,36.68529027000964,53.75902380723733,22.799835787207606,527.202379586072,3
17.694531963721268,12.838400980744769,4.2521623980021435,464.54543832111005,2533.843719707398,718.0765735768724,27.873095280356694,67.45050569438372,23.269301653140314,618.0235842444545,2
16.48002847260867,7.528564614388223,5.01659894610338,395.7275264206215,2234.0004769032,690.266776950632,51.75446725853753,51.42126707687915,27.466735100161088,551.6722747080775,0
15.552548358657107,5.703219036366997,7.177736236274744,435.8927736083273,2126.134948151615,682.2777400764314,56.959809372754535,53.87180335058414,22.273698972829486,556.4765176681277,0
13.691707119864407,7.500535560312913,5.884661280732764,422.78371840458277,2266.633030922354,690.9174397604438,56.467003044895655,51.71049352932206,25.450657342978406,520.8605999043109,0
19.683723352594097,13.296726379034046,7.301169496111453,286.6145584899665,2002.5534712207525,608.7271663188362,31.9965371833521,51.70820019030454,23.630655511757457,539.6727579712083,3
22.19665661213233,13.712542394023092,4.191087757248349,445.96739220537,2487.975432312178,691.947558354962,25.745610603567403,63.99356254162275,22.954278617778918,640.6744128625649,2
15.703512816798407,7.651253243547134,5.412212044450709,438.3324760562082,2202.678484758357,703.5108274474204,41.93397723771055,58.16066080728559,26.035808376356265,553.1630384954984,0
18.457990681771406,4.670772734862717,3.9564525825412904,419.69249773813704,2210.2043093249204,673.0833100071428,49.34168943863824,55.26259955158607,22.88391919724142,594.4732178836572,0
19.25487464121491,12.279114948537558,4.538436555259205,467.5740324049607,2508.246198259675,692.9128563897063,28.87844937860428,59.57689345039413,28.278604870270037,651.6353034067473,2
12.86049517742062,5.5523963797373534,4.17807487316979,416.09620800181716,2162.584852397579,702.4213478153732,54.048301577163556,56.98465496411548,24.172594039958355,583.6978614890049,0
12.366339577883517,9.507535432879893,5.636235895877798,403.67843062769714,2154.0544284116745,650.9126610293191,46.26831072738304,51.53331142700014,27.119608849862736,571.0013730589343,0
12.656866742349317,6.041578566229484,6.549457015406563,395.16980149451916,2220.3703993755894,659.6290842041718,42.25833390606538,58.62649781984788,24.462296057312656,589.3768975888809,0
21.038911225813095,13.119349444416308,5.314076394892145,464.89673779964096,2442.930335638483,709.2885775986786,29.414772832630472,56.883772188793984,23.097656618609022,652.7120724014145,2
26.38387974930214,15.099650381796486,8.664538954397013,451.82433110310643,2246.2580362759663,642.942706360418,21.443294097227646,34.72369468854754,34.42613592215188,539.3112703571572,1
25.387112215197213,13.908031745374988,4.788532411856209,421.7233916310855,2494.4602641169513,722.4949112956494,22.028706082965833,58.957725726753765,22.19349445287028,610.996929478295,2
23.364355997597592,13.385641630630529,4.249847969518109,485.1783640944208,2569.705686143971,692.9766066932478,26.52116359970804,56.73101157731833,21.838019825680632,652.8722136798485,2
21.23897785639992,9.869656698620256,6.827896416198479,315.45062539529715,2013.20818265006,608.870141262028,54.89779839853139,49.04917044549665,25.46669937923551,557.0244122593872,3
20.421142317268306,13.258390423156994,9.167148245456538,282.72940661941277,2051.9469192892348,641.6273028230671,31.276046425595602,48.96537692887153,23.260378572526715,517.8549072265193,3
21.310387285804765,12.165778988052924,8.212966880556682,339.6877267474983,2097.5623424563437,593.4231380276619,42.43284204745757,39.96881741904455,25.31570195779514,557.700099118676,3
17.229184889154755,8.054372427589263,4.0650239179545675,356.7517086626382,2229.3513372840016,662.7639023308041,47.907175422979186,61.21265197005904,25.78170604243712,585.5490469195902,0
26.623489783740826,15.427835425382693,9.116799731021192,432.86304534115976,2195.014712418871,615.2052655710653,20.370893427477537,32.108699606121256,35.352297846892135,572.3996384026724,1
11.873044104262624,5.739937897936311,4.337542615145847,422.52112409095486,2124.901086929176,659.0370859042713,56.86701780004964,56.128319063183824,22.358956013261,545.5701795699648,0
25.11148929908773,10.063134277106311,6.215448496978733,440.6404093596905,2470.233399172921,688.2446335852081,25.588246447716827,66.29391529298428,24.98140809333821,585.6368505853287,2
25.08362980901568,12.212682426839905,8.595200312235875,308.8822348952456,2033.0437175051763,649.3122522052014,33.401365265931545,52.93375641204797,30.655774069971958,549.7523712384012,3
22.30098997985934,12.79304064104958,3.318353264597901,468.09286358377386,2431.7168590032607,691.4484375129564,17.139801906964617,64.67540136071578,25.03326542912275,601.2911378381355,2
21.973891522497617,15.423915028519277,4.412179294943486,436.02693015167813,2356.8324029098208,686.9077653571622,34.211449970303505,60.87239443466743,21.531590354503848,621.7275563944687,2
27.903443795522087,12.113100387098655,7.524988255205773,444.0348976030777,2213.7149317379144,616.6835231235073,22.010870484711408,42.554803212335756,32.86406579745924,534.8034968045941,1
14.273892306869856,6.376976788588029,3.937515247375205,377.74134859335874,2263.88225601536,681.0748500490265,52.366277472196565,61.222376496865465,25.388504306307542,534.4454608003247,0
23.933377655894407,12.318080207085229,6.966279229233455,297.9778392748211,2060.9524764446605,614.3941997546289,36.73772953657448,53.90077813708358,27.533350361571305,531.5099123171908,3
23.67805262757036,13.96179875209647,10.20814219586877,413.7230189982762,2236.835232526736,634.7634293414347,20.752008762523843,27.853818564059175,32.1493582034707,535.559782620906,1
22.89782965175557,12.243562972124653,3.26985058695782,484.1768347696689,2442.468483642132,641.9380277900431,20.383734572261588,60.635700915476036,23.05573700945637,596.1445953427656,2
20.53505684877703,11.125986822368464,5.035724095075416,458.2526682089427,2374.3797339845064,742.770427322975,17.751911810211702,64.0069205873729,26.164669615371913,633.3449976766477,2
19.251079484969857,14.24930461645339,5.010478149316316,501.96700982655085,2461.867647109017,685.288098714469,21.802476567895113,59.83294122945044,23.893808648933636,641.5070071980258,2
14.321483032231969,8.494654846835687,6.181271390080975,470.6632685256043,2292.650050146843,678.905641969794,54.49405832661148,53.95892509791755,22.933353674122987,570.167084670888,0
13.623255435538482,7.39447147087545,6.730377857622892,376.9830400090955,2200.309488175994,708.0398367488668,47.669832201658224,50.0674244300046,26.075576333746184,549.8734266861501,0
16.042334511464226,8.960617500850852,7.017725187451136,437.80567740729623,2213.6379936636304,664.0368175031259,41.90093626855984,55.55714686900032,27.26662653911642,564.9515654938839,0
11.797444125762294,7.48433833385514,5.699702332556591,424.1375137353768,2203.7630811083636,674.8270274797552,46.3906008028004,61.53384296059281,24.35274951830302,546.3936407505556,0
20.16351990073799,11.509102243363865,8.952799207266928,316.973701506561,2021.7739941716948,627.6779112273939,39.28239103329358,48.235179180359154,26.428428106737055,544.2635232735573,3
23.276119342863197,10.872475528667387,4.287908434924891,458.07230102257085,2456.2279195830124,695.9871046202186,23.886595799829212,61.9180075165482,21.593435009253955,612.901628005163,2
21.79445028727395,13.59342931273592,10.703557521088142,446.29558319000915,2162.441435041254,642.2196530172139,22.914574658647137,36.791615873248894,32.62747650570519,543.0145067865171,1
21.575513099969417,12.373637534116575,5.170593348917808,296.0822376842817,1998.0903546555103,610.1181336053519,36.072489889014065,47.46167509245636,23.894448731035713,528.7189880743831,3
14.0823190137014,6.216295285474987,5.223301511072497,400.4398072826959,2210.5477660557153,679.9070989714484,44.02220371818148,55.38351008802442,21.591258924534756,557.3925403174563,0
27.251034088508355,16.35254542038311,8.412813076242239,498.33326826080486,2233.701801252,623.9449845815859,22.057353873512003,48.205395814484405,32.43007409012502,557.2145553077139,1
15.32550613021001,5.817301390467879,7.101158348652031,431.1244442491935,2194.3265946576066,684.8386040271262,46.447842124548856,51.646380388742465,22.31334712607547,587.4502827617283,0
16.817202719784223,7.9235243325062665,5.5054312453383885,418.1996376961062,2280.233474472193,663.8012841127689,55.255292356106764,56.48643684000332,26.25956364857056,527.8790558253075,0
23.49615560358823,9.707113704791771,7.491828692486927,328.5600944426585,2025.3865045629705,644.8225002645619,42.12354483955229,39.11925363657949,27.107048622572805,540.8217607040724,3
20.540421221839132,9.055784257355969,6.811141087152362,327.55986543876645,2030.5436550274087,599.1421658262334,31.795678603530554,60.1259442296013,27.717081408276655,559.3242293161601,3
26.73099607436148,12.549596626822414,6.526178752929663,423.37865049655056,2272.8839068473158,630.4425515725358,22.398735699667185,41.85917294545929,32.099487509621405,552.9541075212666,1
12.831223855533267,7.647662782121014,5.811716417719365,392.48339182723345,2181.7376484265824,667.2705425456618,51.650377148754735,56.265400373438816,26.63245816334791,612.9760122711904,0
20.668041834924864,10.170027502700975,4.7309167596749155,476.51981539417005,2513.2848138671616,682.1182032524391,27.226013730433987,55.909836494081276,25.971053435541986,603.8172535671129,2
16.683640133780123,8.881423530040676,6.38416907335229,362.43189876199233,2244.072031510621,641.2704658761971,38.122597866180115,43.66927597489426,22.006985544412203,556.7785374087608,0
22.133078433666483,15.7036068703181,3.6112385332662313,466.3663678219077,2545.568769652859,687.8352829508801,20.25560849623433,60.89992993235255,23.17362144136964,604.4540954017866,2
23.856266890527063,9.368917915327525,8.36522035712295,319.4898308519446,2019.0061961388665,613.0323822024781,38.95578821333677,51.96135061296663,23.82437454833652,587.8459323692014,3
21.108350809141736,7.9455608127484165,7.5292287804626845,347.8980136298184,2040.2131563552275,636.2551804488829,37.49047197127142,45.75305613858123,26.399420147707055,530.9632198226022,3
22.120741034168866,10.245250036818367,7.891844683669595,334.13456721189067,2024.9643438989842,631.9769587969579,39.005022132810296,46.08512831001227,26.726886236677245,518.9670308459401,3
19.59000699212585,9.36305594404356,6.661914569354694,284.06420440589426,2071.671344218561,652.9127809001284,31.619529413137826,50.250817070266095,26.8553243814959,555.0266345673739,3
13.29391214485284,7.7336721818342795,6.011386475048267,389.0533562080228,2201.1055354645864,679.7831736915448,39.31832687144639,57.35742447504642,24.824634155084187,587.6055210145672,0
19.61627107131745,16.549371476139363,6.021355160548775,433.30676635492233,2428.304429017837,697.1994011048322,24.429090507315884,67.00283486789061,25.699748420215045,617.7203614935476,2
26.974324611783494,16.275754963941782,5.33555513080712,464.06407083109116,2448.438021346036,698.6934102661586,34.83372292951921,60.698828266421586,26.211456418202868,606.8011272038979,2
14.556927768538399,5.963139561681192,6.078332939570504,397.7548047203314,2191.785288794179,646.0328432405923,45.99666713093123,61.607797047511006,25.350298834771547,552.7077528199935,0
16.554675152123487,4.22314978801855,3.6135580212494323,372.57116602568624,2355.8057820181048,656.0923464128037,48.38681355661603,57.73338151954466,25.2784598433192,560.2252877505838,0
22.386362951053385,13.045000870091261,7.804719907887402,455.0788650288895,2215.852679962393,618.357046263362,22.310960133140966,39.67374771163652,35.9824490481193,550.6089592304965,1
12.174468232215267,8.5450087816838,5.797749755495842,385.5749005404166,2194.7875448995765,686.6965527411922,58.92379558323432,56.809222091192865,24.300549401374454,566.1789457444966,0
25.779868266646115,12.965396489623211,9.891704103607141,461.4584865602903,2230.4669439036657,618.7113561006453,22.896166669785536,34.61281495261244,33.93475264787783,574.6022950534007,1
14.667684316100535,5.591572550374556,5.629590342765018,373.5260510447337,2191.924817313434,709.2220312072574,43.27729418875737,59.65468898127512,29.34024828586169,598.7395167788965,0
25.778632076082488,11.768068912116213,3.856846730368841,428.5315536629197,2458.2201343208217,706.686751776502,27.736553046229346,61.79045438219439,24.094028729430732,576.7745315328376,2
21.993915867009452,10.02748828278648,8.036727211742962,287.3441115768972,2014.974408347682,649.9617928877183,36.24146091838862,55.61749402457436,26.690953485197763,537.6284804937037,3
23.950566609096953,13.318428536006534,9.761332079604607,452.4049250508253,2183.4158109509317,663.392399103136,32.471850137406804,39.32890131606327,30.222030426574985,546.2835262314937,1
24.63232311694442,14.481355830765962,4.638661083132002,425.0251716502152,2413.3762022391847,707.8052281465958,26.362382664836254,64.7273713719877,24.229678618981062,678.5832542238834,2
10.505462889318288,8.418618259779516,5.875399543146062,388.2242533793858,2167.5536051918284,665.0834949237594,40.24238967599056,51.98784561049167,21.296111295575777,554.8175909494745,0
16.486508342406886,6.4846933204126005,5.705034689407328,367.338447015796,2221.712416911974,684.6061563444838,46.53487848538999,47.821879503356584,23.026017288644923,569.5803450572508,0
13.830251730133998,6.819255929697071,7.831400164778502,400.3706047884883,2182.765530881331,665.3368288940538,39.79672265218801,58.18378015610444,22.731082143507983,568.3950819342383,0
13.426868449791662,6.653366585995884,5.214811551072988,450.50510153786036,2217.3734959831304,702.4949736646131,47.37894810942164,57.10775380229938,22.651983347954715,582.4617626521231,0
18.866084467784567,12.930725530657153,6.242492751266582,333.595271006248,2035.4558549485712,655.5771506866708,38.18097340925608,41.82299725634227,29.40811391279092,546.5934684413933,3
28.893328133217945,12.230963076700796,8.778659135730193,425.4603029443701,2276.229616497299,659.6488625758641,23.732148332487142,37.57730046490716,30.868821398019936,535.1356496795562,1
22.75231252571892,12.658925827099154,9.654372457080756,422.5197438163543,2258.795901860053,627.0445296835254,24.291900905378196,35.49065031553019,32.42060842946902,538.4735914717508,1
15.405550096504735,7.664470475274893,5.130318571927797,412.3764514341242,2132.744884549629,726.4386029048335,62.96413689829144,53.518950690536116,23.05895356467149,561.0746366167881,0
16.713587965133055,7.668636715583421,6.1277464699519495,400.6319541618004,2237.1255221016913,688.2519630085051,40.89767203340831,56.74668959223249,24.593885665862675,538.0966894574616,0
15.96413367105105,6.56588864266137,7.552647554550939,415.50026641995265,2201.707183657567,677.7550738455426,40.5495731270918,59.74601568835271,28.025773349507073,545.2388827153924,0
15.540686478563451,7.982097769683648,5.195401383820459,423.431450902852,2245.4312112367675,677.0280006681052,46.70661975202451,48.18766957337362,27.429367697785864,572.898553828985,0
13.515615812005127,6.407639860773614,6.2352539571710635,439.2397307210061,2159.5295962270725,661.7675121507236,51.69569962288845,41.82910350795747,27.67290538336626,548.4717477976623,0
23.260900430720127,13.010797335442566,7.273471082129715,464.97327717648096,2194.4524449801943,623.634069837897,22.568413989286995,39.76044281306247,35.97189387786812,561.2139430291859,1
14.997214697113302,8.132487550789078,4.675070644897845,421.5300187794022,2206.8723952315086,649.3862549731787,56.0162915835522,55.6586949252777,23.43403220936325,589.5693077760988,0
15.695416904901913,5.678383299787204,8.07299182597939,419.84821886243094,2079.1594437887757,678.0460074509464,51.10910929670701,54.08381228630974,27.89262979586784,592.690193920299,0
21.239513145240394,14.559678985169503,8.601816247277725,453.8776868328962,2220.2105457183256,639.4901347058129,17.67180409437085,35.72495143439474,34.7564187928529,536.7355261764653,1
19.845445312789145,9.86050621744114,7.3567446928425575,321.6270862655417,2053.9592677730343,650.1162172162051,42.22816565585751,54.62502923319775,26.80358711459129,537.0355809933513,3
25.98098207874399,13.413878917608747,7.142041983965409,520.6662897923767,2165.3132583584875,626.7667153820058,17.503042489398524,35.101850263928014,31.90266619178593,531.1228796173378,1
19.800770191233436,12.94542446214597,8.42913913832407,432.8434071159649,2218.354409095037,611.7833981780238,27.29274162703709,44.99421550851884,35.936134140097415,549.464676170543,1
21.239290158063827,10.759971680713434,5.970407241768066,471.94048379971133,2467.7760474418815,692.4128452823733,38.543965600387125,68.34091427361727,24.516728920332206,610.7115831905692,2
22.56140133913054,11.392092829161959,10.21692893961414,412.19794762085274,2150.7844197369195,629.6055045824212,18.35011960555159,35.66183546867592,35.54340722344023,567.1851867184554,1
23.01001403384754,9.805544588775362,6.210791730777022,280.5521262381844,2093.5374718827375,616.8686389237081,30.411569058230754,41.07093335376478,26.610927431018403,547.2911443604701,3
23.098008392481184,14.69795889157296,9.998631293460631,467.47733766556377,2217.875828240732,599.3480093656009,17.413469660538087,41.72798157335395,35.61283224400571,542.5183269157117,1
23.911060957919613,8.756754107459845,4.235953696401532,482.1198198931686,2364.3303856650655,732.942249610991,28.723778498342796,52.26556274422029,22.056836064125033,661.8464560290045,2
22.260587999558243,14.095227190471686,11.358811349945707,472.26269402056073,2200.1197849284204,648.9568076499667,24.169117981804593,42.45363736746869,34.35522046568627,544.8725144780618,1
16.94945878482031,11.276689057448008,6.890189445884694,317.5861276163744,2075.746226355235,632.7335341843585,26.135845506431423,51.172013604057234,27.381210867813277,521.0381021428277,3
14.381306920559524,4.68305885086783,5.426591063176118,366.4172735971356,2167.2847491867606,686.1759570428463,47.65467202520448,59.24132188195405,25.059449323658043,527.8122716301228,0
26.889721190632244,11.569046702279534,7.233674504528937,447.3341465327448,2175.6129573512194,628.522710295409,10.951368375474491,36.753095948179556,32.0223761603867,519.664553802083,1
13.743867832549252,7.5478625711020815,6.157364972155674,402.8158680465103,2239.3363930629353,707.8569633770637,39.035068160702,64.93354080465937,22.17592097424097,563.5717233142317,0
21.936551421020337,11.328683152188317,5.978462266709887,440.307474743418,2502.9942005119724,672.3479322507384,25.241043770156043,59.910018645426746,24.93112962634359,607.6436736752381,2
21.746633314997595,12.098452861299224,5.220176191416418,420.1644013363068,2489.90406969218,696.1026957869082,21.708817452376,58.205359622897305,23.47201070716787,655.0985663562593,2
25.278125983258622,12.814779695133499,8.002929782248069,286.9004913195381,2046.0146607060428,647.868849111827,37.64967360412398,47.1676110113348,22.986376777658723,563.0483297798676,3
20.771214549181803,13.229634365537226,5.093671270837073,481.57735300193724,2492.1574346907014,697.695071128284,21.98471875141393,59.66087469973553,22.92161666164707,642.9600073384297,2
14.555554605802453,7.959429497528768,7.382829446773334,449.13541091346656,2276.1849126289817,682.5871783933422,57.23079188417114,38.91809376739894,25.38768158882102,524.905185231824,0
20.609317895770083,8.961412647176122,8.156048755998524,399.05063401976855,2224.7109331526894,625.6495710741001,19.672582355703362,37.07094496784455,35.50891263774388,508.80839883658814,1
18.294787995206658,6.897524621515973,6.157128676271321,398.88160839380413,2144.8087363781174,667.3768938459514,43.93338179562708,53.10071377853361,24.057779981106602,592.9578846478522,0
14.53546134015153,9.090099393130476,4.959050861329541,398.13069337622,2234.4883893908686,622.8526894186303,42.3771047609212,57.55980085671702,21.27544606397505,573.2250160196769,0
10.766691102058939,5.766761423130649,5.155544235117284,461.0237827528495,2162.6157399010476,680.8010018332751,50.108789169491885,53.48876453557157,23.15969129725695,577.6194885561254,0
24.20240587555425,14.157884138309457,7.178129059197726,446.8747407978207,2111.3253930871156,648.0267159096961,23.591932254776236,42.76759937671538,34.53273488051035,540.8869371425592,1
23.210243713993286,13.2993838765408,9.466391881250832,458.7716101423059,2174.2358534733658,643.3458849755608,25.37063502255205,35.76463337915456,29.641292557246683,531.5901327326844,1
9.070942324316697,5.548903693678138,6.978954578591648,428.69873198755914,2259.8928234730643,657.5522978341241,52.02607456326601,52.057615871908936,28.2499720963547,499.54892779892594,0
21.264579559413434,13.243140923533915,6.871538408725681,346.0361574183254,2027.4174107255292,642.967912593108,44.80707683516277,48.59099383436688,20.499518651758244,555.3384332118268,3
20.37755428706951,12.665890081875357,6.489282457352991,423.5894968543831,2546.470911723715,699.4811584620521,22.78945745440699,58.31560598230942,25.922413459014223,617.0809669025155,2
25.211090763878126,11.575669402770288,5.363163544463522,422.2406297910421,2350.5156384673787,679.6531329973635,27.193349540609052,56.78175059064443,24.581103783778662,648.9190445216226,2
22.142478452459297,15.757916362508126,4.477081033076724,444.9826884076926,2463.2629574527286,726.6376101087321,28.653847430883467,57.03064622607931,23.79066953424217,605.4673826849296,2
19.151033172596655,13.434028905343574,6.508087129933356,454.6425621492141,2234.745163695291,662.9854292306651,20.45785149300689,42.789258937148894,32.76753996709593,537.8484634833555,1
14.376507338355106,6.744388234982193,5.314603797085876,381.1210857474215,2248.00863914272,694.0660710328556,43.80650197555997,54.762077307793774,22.759627829397843,551.3858280721997,0
17.428379657857004,8.910394732164367,4.449578581944614,432.3300076624903,2265.3608510601384,716.0362551187792,43.37493224125316,53.022574032883654,22.70005073460912,496.58009370606135,0
21.554364199698483,8.16235284494764,7.989476088834889,303.78128539977195,2016.2854635644092,630.6703700217533,37.29337836589535,49.156687443796166,22.77631670542001,559.2131531431515,3
24.484108540608005,15.501287720517555,5.509880528761577,412.67153362133314,2358.368994627047,714.1106963455478,31.9992252568033,63.98484946079202,21.318216790792178,627.172679625943,2
22.303823805433392,9.231231135702554,6.41054643267455,326.73490388074924,2067.1198307069067,643.0426234762161,34.398783534392976,53.92368266662393,29.20880315114905,550.9850033488997,3
20.045818932370395,12.053009043820614,5.497728950841003,303.33176103955276,1970.4684918761363,607.8331023070187,34.95873425856806,51.082218141026175,25.329851695525498,541.6706306257723,3
18.15922448538016,11.723993906476275,4.972455747310633,333.40460708669787,2067.1814613729703,672.902072964918,37.309396514211166,44.67445443492086,23.825853627356715,534.6563503391635,3
18.33577522223904,7.369703368008653,4.180928179881835,403.3803178027615,2332.0420343327896,671.7573098671216,53.70699102467356,60.079146798735444,23.11950022794242,550.7811854689139,0
14.09003303931844,7.69317909228105,6.431274730121576,414.9654638605029,2157.503342540911,671.4329713097819,48.98233353034811,56.15591563019615,21.0647216066162,556.0902637261931,0
13.351037568617521,7.9838938599374725,6.119094834023574,399.2808481919955,2215.669531426834,693.5450101469178,55.533464195516295,46.989644803779726,26.953965461357264,562.4039091410041,0
22.76633415495402,11.15548197976875,7.763875760673786,348.2007945339467,2081.9032536677632,618.0915481485313,33.06079449017013,50.29699145166313,28.72415518020169,525.8316261378066,3
14.975830698423465,5.931414151034071,5.266204060340791,459.2820290581289,2160.143071381992,673.653146943817,45.640212317867125,56.719536012957064,24.393613293240495,520.1728586312371,0
16.330770217945574,9.262554003659831,6.526098361446334,443.409791202239,2195.697931973892,678.7614806859807,47.5783084679139,49.69220559561095,25.55156282385168,539.6957591082396,0
24.191708006155803,10.741939718046236,7.837843313128903,292.83981637399387,2072.41933806138,611.6142520415062,42.2251958099667,51.7535658376241,26.995476553153,552.7172397437695,3
27.57342284709812,14.09421537651117,8.809404992705684,420.5760541716053,2181.2908664285933,624.5915524611029,15.296546848674847,38.925010220423566,35.25645867643289,546.1045229767404,1
17.019162340618543,13.29778136646323,7.519764800845776,352.3245848308519,2005.7809921569242,642.3989473239326,28.420801229427884,65.21052218056397,24.311216841224457,535.2948417920989,3
23.004307001204634,14.272930813234597,3.7429734101103174,407.6734459095292,2520.11159721868,658.4392105314579,16.832342989662013,60.9747934051782,21.435525756465474,614.3359082701718,2
26.401699475871236,13.959900764678734,8.810270389664115,442.55433919909757,2255.711424898364,621.6332660809207,23.703807843796163,37.74675898862216,31.929207928119602,522.4574163036866,1
24.860705385573254,12.959737703323613,8.862056348228435,438.66839186218266,2298.8214965876186,613.7390322658895,22.847133838811505,32.56701970842185,32.68862787623263,546.8300483530779,1
16.07623087400785,6.196731462185055,5.511714541872681,410.9001961559282,2287.9799165519867,691.135596610962,41.11640105123122,50.74252458740362,24.7342263907552,539.5087006835427,0
11.878083294011114,6.729552244955123,4.131965400110904,410.44657625622784,2243.454607890905,723.2248807927937,50.09734769179236,48.49292894409608,26.56082191645732,555.1443691345036,0
25.0026787301683,16.46325959175448,6.414054556644807,407.39015882907006,2475.084771757844,670.78120756612,16.81333053380145,59.064926636659095,23.504408602705816,619.6396450014869,2
12.00987833954559,7.67461092763501,6.838289928983819,411.5495514334195,2220.439411989937,672.4035965665489,57.120636734501225,56.95321539998437,23.27465936258588,545.9740865813325,0
17.96944140094127,13.379726443617384,7.336129498552335,300.30012800300295,1965.234335987253,651.8120195695018,43.868389174603315,60.21786917244329,24.70309496518131,515.8962261871742,3
22.345219755198734,12.120932891684518,6.504214305110207,465.0328502317722,2570.5011731032237,719.7276732150311,29.003564595484388,62.68150244511434,22.588576541441434,661.2967504058084,2
25.430557624385017,14.681503964421442,6.563120763135249,396.11804172323764,2280.296196430377,619.8428370031926,21.534275658232513,43.8141525250294,37.52828318061484,558.1564334504964,1
28.77381219413727,14.63819434724724,8.699972157318845,397.19393361202907,2112.00405718571,578.9036772772275,24.53973304785646,45.923545601687856,34.27372908888692,564.8809650331189,1
22.325550088153175,10.475296852911391,6.621407180144029,500.2076442644888,2474.916519509724,699.3806070036527,18.288755642590683,59.08192185779017,24.02672227889364,639.6236665703401,2
21.917898460764608,11.924789508951534,7.3846851097894435,320.26417064934714,2072.5156870015358,664.6956179291527,33.4909407135419,46.48356440837791,29.645904348499293,544.3801343354456,3
23.68061770406884,16.422144430831445,4.281859835541455,443.4437369781483,2510.3644540615073,688.5462518851311,29.661194808707947,68.44826648020414,25.747808106721372,641.1214639729443,2
25.913664669866797,15.292038697585546,10.235768986751076,433.68243801752027,2203.157971374762,636.4507028772294,28.81959836659051,32.77369653370174,30.536742256424642,552.4191370159336,1
23.506136969239794,11.078970850584088,8.478106232626008,411.41499795287876,2207.1508803453835,590.3540256292439,15.165157614769686,45.135427351602985,33.15660193732256,538.0265591914508,1
26.084976755104506,11.640773117845455,7.100356004377195,432.21792190948133,2147.2583384199843,639.7638907878987,19.646787130240114,42.20688836078199,34.64378049235516,545.9158309109013,1
22.973940508554428,12.844167834941935,3.8013913133421653,468.58032109491353,2533.351787373916,710.8416098106073,29.316662799639904,59.55720339041817,22.303448595694906,616.1171165158612,2
20.82894301699414,12.204359698222193,7.521775075004469,320.5279882564422,2079.6654642532744,643.6636366157023,36.33336107086045,49.9158628270082,26.97727086495277,543.7029170288458,3
21.949380618847027,11.905879618453866,4.037540424894918,432.12295887285006,2346.353939402884,716.0886467778389,23.06628737168234,58.8801092718448,24.107808257483043,638.1268052765791,2
23.12387416818033,11.650423439836304,7.211802199546537,448.94769778799684,2199.030479447187,645.0378805090074,22.708861601833544,36.93196184363266,36.45935245907765,529.2441754991204,1
21.135692284121674,14.287461342171282,7.892686365566648,456.7787703332522,2193.608153175232,618.0489729034157,21.475055187334473,38.05922807292105,32.16648730483313,554.0367253217124,1
12.675142439720139,7.5022252983540065,5.724228523540176,465.5123696712508,2294.4865256028093,671.1367864612274,47.392718651904495,55.57297501015572,25.291720861649416,526.1347322465335,0
15.02290258334131,7.152352461183627,5.644869710467599,429.2695143950148,2282.1483716759158,679.5023345407681,51.11442427753087,60.23583458684617,25.191615022311797,532.1119237590021,0
13.541832324512782,7.272562137740842,5.308459173842834,407.795640152288,2324.9371671340787,691.149744680459,39.29892377873843,59.58316328080804,23.695679925526107,539.8963568359718,0
16.097477637728254,4.276349204103214,6.7704979808637304,419.71156686737197,2315.228581306779,670.86801478865,48.47082046906207,60.12062717917587,24.0839222752407,576.4014722074091,0
22.961930034924794,9.74292414439977,7.552300295249758,342.39464539057474,2116.087154379699,640.5074619368936,44.22238215026538,52.452597299667204,26.8239021691696,567.107146079377,3
26.640876920712735,11.357765034324075,9.031406317985828,444.43251175156934,2240.48733556661,641.8428636228518,22.385632507476007,33.23911562338303,31.228076151781885,548.1093526976027,1
22.481875698652438,12.187036163180009,7.807325726503547,269.7749291396393,2030.8942445663845,646.6779323157532,31.37154446477973,41.406307865531566,26.922321840506456,553.4242546368706,3
22.13576863379624,12.097404403767426,6.162915316161284,307.2625939034417,2118.2227478025466,660.8112137171177,41.25697754310071,44.74295736868215,22.707059391910754,571.0156811474435,3
25.16486961987599,15.335497230527963,9.02566137979926,422.594336295751,2226.6807954346023,602.2588888611944,17.702386518454933,37.3677005819484,30.778431809294627,531.3054627390102,1
20.049893632975976,13.885612798012394,8.205311962578255,445.40262682843166,2103.443545151246,584.6215852101593,22.60879566398613,38.063637139865136,33.36399408770217,509.4965649498031,1
23.936437206409025,13.652171654070166,4.422219866042371,486.36792627497925,2507.5306336261297,686.5887848079667,23.882257673958506,64.255404158222,22.02613501800379,624.3517120619154,2
25.598241450104855,12.24922696124099,11.358502888386846,475.50956725067346,2241.4642111197963,615.6951406211707,25.587252126543035,38.010708510039564,32.06703721975892,541.9904975468635,1
22.468637936588802,16.153180888047984,10.481093003929884,481.21554711409806,2177.1168626915237,615.9765220896949,20.50686272709286,43.0318937548718,31.357340803412598,542.8441447102283,1
23.98723464993814,15.478962972880703,7.707445404985195,480.0466406908306,2227.2156809640837,604.3154478243804,23.05018041640054,41.3914074259617,34.81150991363618,540.3463131953525,1
20.218387307923905,8.337353236106228,7.431242075158874,331.08084912188457,2101.5950715321655,641.6129535179933,33.390287950050634,42.15542486603818,22.837592664239445,539.5660377429584,3
12.813352284225235,5.579881058248295,4.478635928354731,388.26278515436275,2259.0651182059146,689.7211226747675,49.22532555372981,53.18211298988841,27.824386756665824,557.7972116151886,0
15.535422924687671,8.100146174564333,6.742593620899792,426.61860517985974,2193.3359780273768,658.428916931328,47.454623159507165,44.760649400972916,26.89569968836811,554.4142438173873,0
21.48094747347168,11.098159524429875,10.246901640895485,326.5760177758242,2038.9380191182938,614.304437445826,52.25449324479986,58.627934322652216,27.159744314665947,555.9790352480951,3
14.276334925831318,6.534513113231464,4.630323998975581,417.5961353088605,2243.056033455983,668.5080620820597,45.33333285724141,55.840433542904364,27.439741648300764,568.244142784406,0
16.371498070549322,8.210552350965159,6.579869612522776,459.9269975449291,2217.176142791027,673.300203981265,50.92922783840143,48.57360970169032,18.6094266308784,550.7344080864045,0
23.43087882688737,10.57413805782572,7.485853695390398,336.41771702495674,2078.3484576199853,653.8927663273957,43.479111530196874,48.53159940503161,27.57067837577291,545.7286667150671,3
15.943077045090279,7.878552503002912,8.331904677742177,376.82494453543643,2274.239572633989,666.8538665536303,55.56921044886631,46.27510070594198,26.2094998078796,567.9609008296206,0
16.380970708135536,6.875813844795485,5.851698321428614,392.2406357681006,2198.720689714181,707.5570793738813,48.859807011886176,46.76846322734943,21.73370412836276,573.9787498863352,0
15.276482864117364,7.548048475780242,8.01064087739324,390.5282074087616,2267.7786471377426,635.242483407973,41.47658807046988,52.865766366507714,27.761262200698948,569.9424647645955,0
22.252875283016362,9.277624166257693,8.381901305572624,278.7631737652711,2090.7388204292265,609.0409331196431,35.46077990960576,50.36865905047336,23.22213657709063,535.4362376700789,3
20.79675987240109,13.12930479460906,3.958463910361572,431.51668979851826,2379.718744094739,695.5188795454352,27.26450441991891,61.88293325631012,25.723089897503574,642.6675738400153,2
22.12870783158373,12.934726069214713,7.59479282977226,298.10862469850423,2065.993453104041,629.9899346135365,35.91179819265721,60.95504281751165,25.18458221579842,547.5216505649162,3
16.520266170751707,9.990935750258021,5.677916112028608,458.1645014838189,2200.2186076732983,644.7021118557814,46.263990070482095,58.27121492659246,27.42265038952028,581.3287989570839,0
22.181001581714582,14.99989420697803,8.661719594309403,443.08785572632826,2256.9222251269707,608.4488878197689,25.509545543735975,38.34688549412612,33.21203610035568,535.5313525761072,1
23.97538358215526,11.536884477421973,6.92188292258542,313.7349555723854,2043.2351430884826,653.4085476800084,40.30759148837616,54.15354224573474,26.47375450612684,565.7204554444905,3
24.156521920762966,13.606549610535438,5.032973115630508,451.0841258206399,2544.18512503875,724.8756211259403,19.18733337115946,58.91910524896774,25.728288196064344,599.9246023331468,2
14.152786787078323,7.264149495140969,6.754348329091697,398.99963619048435,2171.560514360871,689.6542188553872,42.89880219836482,46.77352525884435,26.792633632352846,522.3496191599514,0
27.63297291542045,11.87450105924176,5.030797556867559,457.170180792516,2596.739192767501,687.9890920656223,27.89636200271683,61.88400497536135,23.893499375279347,604.6078705739982,2
22.09361248528154,12.144622754264757,10.498165404301906,424.41799447919254,2160.4203598071263,647.3328274663147,16.565095462830843,34.28221032939156,33.27311711325901,513.9004355403896,1
22.1017788874306,13.01869807024905,4.643397795220814,450.2003599827263,2620.04421842776,718.0020442795576,28.47798997129832,55.64420745442467,23.766066849346892,627.7574384299038,2
16.448565354912457,4.894194563341634,5.76925616773947,369.3020044718266,2325.2582322037633,693.8864470423653,45.94487490780367,49.4813422202684,23.315177935606442,571.6311604496764,0
20.69407666750935,12.739974001122086,8.476295871987203,293.37188424449727,1964.8226028294234,670.080265534523,31.760004289925803,50.04550694687891,27.274767040054652,544.9561945686766,3
23.291197118065522,11.50850821605354,5.0817517025126895,428.90327134046146,2463.3189497577896,694.0787869576862,26.66511693001696,58.78177582319284,25.32743075642875,603.3710528264241,2
23.986335908680143,14.96358396975239,8.89388743938018,406.35501010001605,2120.4995022817166,622.9738039658138,22.53793733332047,40.505760344246276,34.54782393749933,559.5273339624271,1
14.77210508469025,5.522268408241379,6.0489339103966575,380.56701897595354,2231.2391227964927,656.1022076479549,50.27603499770544,57.48165440700858,26.498441793821836,535.9310501987918,0
21.547918430155185,11.087281621056947,6.94337566990116,307.16611624922115,2121.98179515259,644.5251237937484,30.140383163460037,51.66529040109831,26.86674810203305,533.641993156035,3
23.305126570572767,11.671472811668007,5.524059160198292,463.26567838608986,2412.124296438411,692.0689363741853,20.29672017293103,61.21562542922531,25.547975606485565,631.8457910789729,2
21.787471170658247,13.10998277720861,8.146635963329546,298.72708468151075,2000.3424163632008,617.2810922511841,40.6494946800474,50.22985245936786,24.312681758894055,557.729463251864,3
14.175326255590539,4.077734021937974,4.074645737992296,400.8706949153062,2296.6435730285534,692.8763670711517,46.48043034204714,55.190196895581884,24.65158590594738,557.2817482914865,0
24.558448744986606,13.362457226575764,9.974231537891074,442.13128145774425,2150.9583855246055,633.7075787997709,19.809266057839118,39.437729687597674,31.08920801417772,529.6743481075406,1
23.678247312700083,13.990277621710986,8.127248979515137,458.3578532067995,2208.341124366034,590.6380164050009,17.125860307791974,35.77252589901158,33.16914402919083,546.1522843053834,1
21.093500998150944,13.191406055807764,4.767103539336422,467.7999260153344,2417.807494512662,660.8708126132125,23.872559839778134,55.40408494391431,25.90390190306861,642.1782981952482,2
26.665543935055418,11.033473436788883,4.658446456255546,472.0094963995777,2436.806301665838,698.0899107213313,24.268601304896176,64.03836250047615,21.67359672535551,599.2328362978866,2
15.698701245120859,7.317124790994528,8.434740754415,402.3253059727225,2195.5629801292375,655.856943443837,36.79763891463021,57.072349336522215,24.139619999776176,528.1809723912838,0
12.719678161747538,5.854282744779294,4.135643606669799,370.94531743336705,2302.2638696649014,663.9246969232768,46.42630427390364,57.08566961036793,26.190316012833712,563.3758297345297,0
13.643471119689647,6.175488932895107,6.016204676322688,372.31835621395885,2196.752435833122,669.7131260546865,49.10553133442732,51.10828687569227,25.84419053109034,556.6216336882314,0
23.975371637854444,13.782953556119647,8.809693630657545,456.4359754030768,2244.6317464883023,606.3256663267592,23.51760644824826,33.99452896662968,33.194995947569865,545.545629805337,1
27.827463582661686,13.126999661838958,9.20407558558805,440.3636378731924,2231.6753778024076,598.2266859078418,24.153114723285146,42.6889485394551,33.81079859330278,520.3519354237093,1
15.058219893153339,5.005925626270198,6.698555280142616,418.88301768869815,2075.670827237422,623.1456696919546,51.09848569652643,47.811018902687856,23.458654354144812,582.448863611285,0
16.427640272964798,7.468760914048137,5.914933911581013,437.7409759030938,2323.4481968854316,669.2505773588832,46.578614645320236,53.08772045136066,24.190666260667932,539.877807157445,0
15.144259015427739,6.017810361227008,4.933583861340561,395.2861351791887,2218.422694177886,680.8342201818822,38.41543427300063,54.600804666895215,26.85334032955188,529.9050504337165,0
17.655372264535384,5.567689960452808,7.235994017767714,374.2896953549489,2164.8494093318277,671.2765787467176,49.49763378608965,46.77760329423555,22.493355541956742,580.5416212437327,0
17.71782868551261,13.425728682401395,9.032685793357073,421.0708663687712,2171.805345925341,619.0383770068672,14.28510234128548,42.63165291714046,32.25702917056379,568.3002948891474,1
16.854879453076922,8.955760214060307,6.964063629740658,340.46873241094886,1994.0044421502494,627.5876989175201,36.7417720014242,50.80414906706491,24.639101132806605,546.8887109933997,3
15.893062352059887,7.204555501945751,6.348982874076911,375.4521939977613,2242.761606219673,697.6284874100546,50.528704443332025,59.867811718778015,21.365825941759695,563.0811169624019,0
23.020342535269545,13.427538670924504,5.465763355415748,456.2697171493485,2452.7752891187924,682.420099555476,21.615649586324707,62.21944882223257,24.54716931099379,604.5241460751661,2
19.097511301726573,6.708421285958398,6.043398916400539,403.0682096030153,2119.7922973737554,687.1346635482346,59.78781311929852,60.686838214512065,25.845376582617703,506.7277534298386,0
25.52388622008549,13.80991369158418,8.556651784283813,437.42298911192114,2201.1597372733163,643.3831797508743,16.7444204009085,35.41424575564113,39.10136889468657,537.6641234263765,1
16.555583870857898,8.94486021774895,6.296343034340731,426.40001097849455,2236.5338143720496,693.0675419696161,55.32883320124542,51.968103926314654,26.380492953737715,560.2472071720603,0
20.743149227334122,9.650667624588756,5.982475453193702,314.44509582715824,2012.1776661883896,649.8608789604478,43.9308305951522,55.145308105066874,26.109707085080647,524.8040462199059,3
12.779138631171044,7.694365898552105,6.4840379131173815,371.622380834742,2223.250133316376,682.1428384885775,47.14969142673701,58.800354819608,29.56083262384639,552.3250435648265,0
24.653682078246735,14.27970563033345,8.082109940225365,444.0336955402229,2192.6494759111138,633.2386726730699,18.799723562744635,33.60258597403876,34.04349206586853,552.782102086218,1
27.25884231773213,11.437077680146983,9.981440796786377,457.13415443863863,2267.9910890327264,628.3190872765952,27.13993280455783,38.08278393698544,31.47295675181265,550.2295710775041,1
23.661482128465416,14.781176001802827,9.030526722275429,445.60982674657095,2115.9642465085126,619.5780005129263,15.150964367595094,41.67667273323268,31.677052997087394,536.3912760071869,1
22.078266849884685,9.90124418561181,5.337022585374431,316.88499347970327,2077.08955600351,635.1255208299295,35.90925695792323,42.966862463987106,29.27348311392945,534.4897513905532,3
24.082147293230335,11.332312317772429,7.438651156292219,332.91851753345355,1917.3729281435076,620.5598483991686,31.851006942924748,50.27378000940867,28.339611964591235,553.3587472490356,3
22.125989980104,10.649663121233457,8.157596726849269,300.96772879918205,2089.770469752005,688.9743397977973,32.50517232741665,44.487592427979855,26.412765358083554,572.1797548782174,3
26.992667801187615,12.853056783114376,8.218625517954676,431.2256353120296,2319.3636396229977,616.5024351445564,16.60159884848037,35.83345541804884,33.502959982373696,531.8794352560424,1
17.82159676650245,12.050084259375392,7.953765517417515,340.008270932842,1982.50654401742,587.410900711642,39.28737958080004,45.69855753118387,27.109910438079094,545.0406421407008,3
23.597808341205916,13.44167373352948,8.397751303410878,288.56613420992153,2050.9704237179726,659.1830005761291,41.85987661491402,50.070141959348526,29.567756575773302,544.7447541209755,3
20.634924530400397,13.450510590563223,4.785939009627194,477.17826292581117,2452.282635105592,670.0643885708912,15.822430540629794,60.674170054420046,25.801980165322647,639.0487774903223,2
14.020499634197582,8.485565446715539,6.554861892474043,436.8565520667854,2228.152270290091,660.8297702636216,51.66812652154925,45.48804688654485,23.869348428220487,580.179549911442,0
16.111819903995624,9.517936870324759,5.429686397212907,433.10937385589745,2359.7877207163006,727.3097572527366,21.372613341923262,66.99722044517394,26.30024279173747,615.7193326894512,2
17.098679221086815,5.036572564298542,5.033538165802331,405.51994288785505,2206.0983270206066,665.9753822218714,55.532446262919855,51.94165793761503,25.699054535219428,541.0004463112155,0
11.337187831569754,5.063114270923835,7.037883687918731,452.69285448534856,2259.390765684197,638.6248446175216,45.90908353183862,56.883401170649556,26.780089006020283,512.346339406543,0
21.332468705757844,13.440870105851118,4.608286883360926,448.16603870822377,2431.1481547098665,685.2977290624445,23.117620013338275,63.65469090936365,21.82391872425662,630.0369519398978,2
19.840646828696908,15.353653757346343,5.2108210441969325,474.93370661427576,2379.7244158518943,696.9261142051847,29.951764854791413,65.12159240555621,23.2508683438189,602.805491884068,2
12.566879701237745,7.313019669878774,4.841988399298771,442.4412438181144,2240.1485332913735,678.1586669766939,46.91265936724855,46.403003237208736,23.263537651970573,558.2120997875888,0
15.689290452472104,6.4382242032342525,5.121020685648018,362.541424476863,2310.0033866787917,677.6503877165611,48.265127009757514,53.75714255600365,24.682063783541565,550.1858390837455,0
22.224294031878966,12.104654893058132,7.773235208419267,439.55580780083164,2236.445294927106,680.811649542993,17.14011336764933,34.0413894142864,33.24016564004199,533.495128332431,1
12.957909678643356,6.992554701067877,6.548813885982477,419.1245133855853,2180.730269652093,652.0607454346714,47.90532647776224,53.93621974759375,22.99673239368085,561.2020577698937,0
26.624384372738376,14.23634863672099,8.12409216315857,302.7306874095503,2022.8785569979598,635.4600355281334,47.26341642476533,54.25569976092593,24.380496589702673,542.4846407024625,3
18.78220216107272,10.79024580148148,6.976200421571727,274.4511837315318,2065.5361326298416,638.8203650622418,38.92214398904856,51.51152616033029,22.685777536523737,556.1647315742371,3
18.040728394990154,13.495484764839087,4.290136651504512,470.60975637583067,2358.1898736577355,685.1897124263933,28.793143353746064,57.14037782831367,27.37087527638995,637.6895187653477,2
21.76527300065473,11.4566352017957,4.381661451857377,494.6806477644852,2460.607224095381,741.1970503164473,23.600042936448496,55.2627276312773,25.48242309011974,612.075212172233,2
22.947926497110377,12.92032490392067,3.9876543164074194,436.1634998516841,2413.272800479389,689.1370424813359,25.828305193462853,67.50270661743015,22.4652386987616,624.6272373296265,2
15.468801785397392,7.507088220125068,6.795938684822258,404.56306896359894,2239.784132439726,670.6765555335606,45.581556833963134,62.7809403404257,25.110478518577732,547.3294441355641,0
21.821670696176046,9.882226685042612,6.913888771666635,307.3122485418932,2032.8383520836692,615.2828569773753,42.39751230922616,54.05374430317973,27.9820921223473,592.3383518059568,3
25.2944216704816,11.883557764350632,10.235946816473692,472.2573188775027,2200.1377892100013,620.1766874604101,22.88107186892633,44.931711032940896,33.20299041007783,541.1483258429189,1
27.649552235004098,12.627525983951653,9.214835785397243,423.42998482059,2252.4985537914667,619.6257901782208,22.310754819647286,36.622098989270214,33.88502602426222,534.0572144514829,1
15.770075875312202,7.1340781605564985,4.742613255336721,408.48577781655734,2267.651857019668,665.5998256196931,55.381550747278176,51.36897180602932,27.59660493187956,558.5255407145637,0
21.54024981627749,11.597518194379075,5.56581010994841,481.203256094333,2394.748037111713,703.5895358828211,26.14868219753227,61.66787445152724,23.482704906694646,631.9238990467915,2
19.246735870421507,8.88737238713234,6.0178363937973565,315.8929522985788,2062.981513891337,637.4937243958263,47.75970832714721,47.678733713834944,28.235682386793847,563.8614464909637,3
21.281311689670336,10.711923445766828,6.3387040448934595,310.91446754685194,2101.4446384272615,605.9919623936894,30.940552521527273,51.99875470144424,23.166305301486506,576.8484289720315,3
19.708577070895398,13.968834290062023,5.90857382638329,437.8048435895712,2455.2616556956614,690.3414984547873,31.061990368812786,57.3305470043154,21.78166796353455,641.0293285082907,2
25.465753543924016,14.690712734762045,7.236484482397507,441.3615851909332,2196.8192126428034,612.1843463526757,22.114559041255266,36.06073591000661,33.65007052448302,514.8877286522387,1
17.41867473263859,11.381001226005212,6.869491934495997,320.27465018046473,1987.045990722714,631.3275339379555,35.788648063355446,44.7408234938122,25.03187632035532,569.3876269361427,3
19.48584062480597,5.866882685741135,5.325487066380961,448.2941264834279,2247.2212217487813,659.5129619822363,43.68357708187815,57.1404591408258,22.506412180180234,557.8506740458292,0
24.281396733686673,15.375984630297692,5.342877717263441,423.00291943604594,2514.5610257386966,667.372935867135,25.63258877257785,61.38201211335416,27.25520676069469,626.1962357238235,2
26.305809186690404,13.283387720216991,5.013104457780478,458.0941568253588,2456.8013849090707,701.2503057957276,24.684706825928792,58.7117116903369,22.8759588701887,633.5825055443416,2
16.512496327259612,6.476736764363733,4.506495140661624,441.5726903839751,2198.3353969935633,652.7122069389857,43.61720244654629,64.41799122049835,28.0365378255309,575.7140176377926,0
24.255868681073505,14.144043762589916,8.95838609524273,464.89290563464635,2206.0750691526264,595.5525876333215,10.98620956345777,39.633015314187965,30.64442566404042,559.9272845706752,1
21.996723904487318,11.052578051759758,8.105365270720348,299.83190390950784,2017.8583952044548,635.8935646441137,38.5120443649035,61.13903870986238,22.1262071479509,528.5146125521246,3
16.53364574356849,7.992531079858125,7.128478810791731,412.8296046914329,2223.921203742359,657.9382000552969,46.650478274964044,45.983455165679096,30.13717503818037,550.901051140539,0
22.260686115031415,11.253572973835194,4.600155563741927,480.7133656627915,2468.1789034490157,701.9624802979635,23.863491337933617,58.980827380652435,24.955545396148594,632.7375719791476,2
14.02738418185334,7.077123952066684,3.418732659878079,439.27969849447527,2139.4507197427524,675.0991339401814,49.990179472287565,53.72692559574969,26.885110283020456,557.1643520326106,0
22.170530630638787,12.195057568905808,7.106097830690205,292.3764445545726,1975.4621635864623,634.7845159960027,36.79392262448885,47.795541533364066,27.278239534564435,542.390953532706,3
10.180156068400251,5.736149106190174,7.032863743309009,387.9274402924904,2200.8388606915723,652.8115793912152,37.76341835869344,51.3121914344731,25.922424237408695,561.4120391270972,0
26.113299302120733,13.484961222019828,9.24324264590579,398.10539709807114,2195.9669143924566,609.4502252508139,29.621150393158185,37.42789492086836,34.41954760088905,560.5041284875232,1
14.886090917572941,6.521233501973954,4.818090154049196,399.54891910297783,2230.0610814446427,683.53537844435,46.75306686767774,56.77697453721157,25.31783057167145,570.3470510931018,0
26.60319693240827,13.838636014627129,8.975924734398486,452.3972820297311,2200.7210440029075,658.3765973202333,19.70704208144468,38.12177569470813,36.103985369482245,545.8963509433598,1
13.647965388637262,6.297406958318976,4.589947150310966,405.0419608993269,2279.163809365452,664.708023214317,44.5765037888781,55.12170227721388,24.99348335638774,535.4915495924532,0
15.860602717915107,5.175182766703978,7.210161995301936,450.09138373630475,2137.476877877872,688.2255021776609,44.12420920863735,60.282094569288176,23.902420075405782,570.7319946932091,0
13.222405373538162,6.739438889150706,6.249815326556534,401.6523869462848,2189.952160281803,654.7793462659349,50.869684204381066,41.317849975259975,22.42963581509025,570.3937303324543,0
25.588324893799562,12.594482739507471,6.926538876897816,462.86569723973884,2278.1670476702448,625.6675050006974,26.02462997492711,39.89422158776094,35.53807656003322,559.9058524846565,1
25.976185249983597,13.038502801224627,8.700333089072705,463.61503440532186,2137.686860815045,658.0460019555439,16.81141453484287,39.94779104198723,33.01690165028862,546.9713926830005,1
15.198954946031478,6.22010987105331,5.197021687432996,397.11582062316495,2281.018330405563,663.0859344917319,48.299855848239574,48.87887364450979,22.444362307934707,568.0732796722964,0
11.12632391875963,8.674104974736181,5.337660294478713,450.5504411858032,2175.361997184434,673.802912046083,49.13901836611486,49.734039118615776,27.354490665658194,557.6283199639142,0
18.003298931539288,11.273275569402713,9.029787637642738,336.83540016272264,2046.3624166799757,653.8642113089446,41.30455121163891,50.140969533892466,22.108234520915783,534.4370934757642,3
23.049711774656725,12.47863714217387,4.676426025248504,441.9043330880066,2495.819247827759,641.1345770416273,28.98357107691589,64.23481031413125,25.24125598175369,648.5065025265327,2
13.998510512486167,7.527435021630928,7.415982424162047,425.9975606364129,2189.781513912353,668.5595474272374,48.11317108034971,58.36787101243182,23.827272099875987,575.8065246443957,0
23.65741785691791,13.185600474263481,4.216756984670347,473.76335954944426,2488.911081344861,717.1416429576142,26.590178605386434,62.67344962992368,24.015343709886224,657.7030318803437,2
26.902159163568257,12.866939348240598,8.778397141255454,475.9930741088794,2245.658576999534,611.2792178452502,17.884784686096836,39.68876660057726,36.2497296114165,522.162672167736,1
20.755775461727914,11.124031238939741,8.565919763143475,327.7953322730099,2090.406231580033,635.4529023965109,33.108537017436156,40.7605352474624,26.652457068827548,538.796821600252,3
15.465352422709408,10.14890891049107,5.81127769661866,327.5169384188433,2253.717431537393,663.9996884325489,56.16203843427872,51.99883595047072,21.028402018578056,513.1783431372675,0
17.003490795303016,5.209997321301306,5.632125930573689,373.5349142346291,2240.3834459853356,632.5225016022329,48.7634486938395,60.07502009540971,26.041485231919285,547.2843388015847,0
19.760728287521303,11.96604129172093,9.261466683664256,330.7279277578493,1993.4550028441063,625.3286967138266,43.78450042711419,52.54065297528895,26.50054884653117,559.8214952535651,3
22.69753313102729,13.369045429241842,4.120885262686899,478.99453947731445,2320.5412993289665,691.1923531167009,26.532978017918747,64.87467819318572,22.047219180404216,631.1747078021835,2
23.604211303061497,11.195139231465369,8.53876733328868,452.6762414591247,2181.624242379205,642.480247092146,20.268106064958175,39.52276387406665,34.04468944951608,541.4448406926789,1
23.624723485698144,12.516319222663228,4.254925536404112,511.2920912835736,2453.5492433027466,676.832896540511,29.783502341104935,59.01706914020512,24.91830466418351,662.4691813676187,2
15.791867748861648,8.06982560586744,5.053883517057274,419.8223328559262,2283.902649847495,658.7519768288693,48.11295057948628,55.161232963619284,25.86494981093683,548.1605620527972,0
14.521288745053951,6.763700051631841,4.314437996768929,385.44507192768845,2386.3079798942317,710.6379245172985,47.427912969023666,57.94422856576137,25.808430272037945,550.0531912009268,0
13.261905504270436,6.655874041957689,6.438759381675977,385.0471647721157,2139.3759677731555,676.0522415182276,45.972976011898425,54.495465042609645,28.969910027567565,558.2334184811447,0
21.478780398537292,11.62331820262181,8.126232454662418,304.37165209794404,1999.6842569582147,635.9879796303981,48.13416521251548,50.130526323905535,25.890987015991158,576.0878487121048,3
22.125853980189312,9.510044999178337,6.439873895650824,298.4508149569458,2017.7819773890335,621.5429780435122,43.032544298065545,46.4307196258261,24.08511168992591,565.3520611319038,3
17.730377505706652,12.33076975703975,5.183542235655345,323.2880328955727,2070.0692668994525,645.7395623643883,29.91455899949602,46.454220690149384,28.593957246006447,531.5045643396628,3
14.427554100318662,7.968256391194511,5.3972170588937605,373.53030894584117,2179.6218739361934,706.0712933698846,45.373227009768804,54.73144773054259,28.52672163546009,519.8385867999277,0
16.68877038097064,7.233626624431052,5.816129415276004,429.7045558016041,2244.5260591586148,684.4536618447722,42.53455671480026,47.0195040184656,24.996634379010057,533.5386134587537,0
15.106310695155734,5.417933425047077,4.916800368844875,414.098068490381,2353.466726730225,691.241924253692,45.77168015287544,52.72492173670069,24.17908681792197,564.1948939889764,0
16.74285755589638,9.09502260357796,4.857320085468659,370.9466078775947,2231.8439086308813,660.1934126832258,50.12772696465014,56.86207791281597,27.7915443056245,550.0257134149881,0
17.95854902134846,7.992044990148402,5.1349382796383765,513.6213920673255,2248.1269447895907,674.3374788127597,42.89434065713058,53.84330446172282,30.357551949932137,589.3051420532514,0
14.975361414141377,6.500261913236771,5.01574149108482,390.6852795808249,2242.848035666142,690.6348045609564,50.666360421466024,56.88097344671746,24.639255494943388,581.0982203568866,0
17.701250241905313,7.973470094380776,3.9049541500521188,429.97499293420145,2069.3653709681166,687.2717103202275,48.292722630207784,50.02447348760128,23.984790821848783,553.9855373182236,0
26.928852548719693,14.6789774627,8.45773562647271,461.983854459158,2251.3468580053272,606.1161605929398,22.555113547990473,40.66575490060842,33.007372552835534,530.0590927726232,1
27.307446490082114,13.58079145097375,9.382103490591668,468.6927939147967,2226.6073929202953,614.9988137270157,19.053491451418996,38.978201851952655,32.71771638268423,534.5946564320217,1
11.097929622692327,5.547221213375559,5.520323168867106,391.75280811988137,2296.4258142219032,690.7038461345924,53.944570407407134,55.003534290808005,25.359124747545813,581.1896068093345,0
24.173361449504675,14.22906760240173,10.15512115662866,440.5928010086376,2251.178183937564,631.2421324585692,22.351856774689523,29.777164284890063,30.92611938643448,535.0868857613041,1
26.000641952550303,13.971695683182292,4.69634094141097,465.4596362536021,2451.510279719968,727.3623716050513,27.674140447005158,63.99634697834041,23.488914750457628,605.2475059888197,2
22.391967624766412,10.847768735513851,6.610968330391289,289.2919612369574,2007.255896732791,604.8185720288061,42.2050725555968,55.00663003538782,27.33719851454955,550.8590640292232,3
21.327395405918274,13.136081430278928,8.700681027115028,493.20832361167766,2136.6122993099348,655.7433374813933,23.174904619154713,43.588125499517396,35.60257373034894,547.0197856694796,1
17.85497056736901,7.439562021493818,7.221626978082208,423.19771900062995,2177.586048084503,689.2292730313509,44.65216794872285,48.65058043209371,26.432930408620816,564.88440238557,0
16.25017040249631,7.163000983098979,5.1389309041928595,474.3034047433094,2234.9600608785754,661.1582768674326,44.64317554110659,55.51882037758595,24.457990430223212,553.3422092728396,0
22.488701847331424,11.523388354306512,5.281729701117869,442.3951776194078,2408.4485138277964,681.1653096539676,21.32869410882446,57.5777373821379,22.896987416023137,605.873794346425,2
21.51687701904571,15.973625141333695,5.213008124187303,453.498761604992,2444.8185823193307,679.5910421221894,25.61381198550242,61.67021428028875,24.46997832953377,613.4066727689344,2
22.74219318588149,13.039461016268069,6.030853708433713,473.127838329341,2481.3345736066944,677.084167464192,25.6228438950787,63.03073931883362,23.400513973139546,624.7230921116129,2
27.893575004794982,11.974391098180034,3.9478562618001796,476.2333440734922,2504.0679208042066,711.7022571878501,17.4241738392521,63.34426040061942,25.666239178428448,631.3079678598973,2
25.474690583363,12.896027762769698,8.463788428868996,435.13621265292625,2200.87518931559,647.2292360746741,23.37675021636913,35.1605226901863,32.76386571047238,536.9410180896381,1
15.379686785674886,7.430905341321818,5.5603828445653525,406.97666252162037,2206.9636869828128,637.1925550458249,40.72609543024826,52.23849176644938,22.76383203534657,579.9713156151481,0
15.578238797379969,8.556119179685417,5.736491325561731,392.7899092742474,2205.275904512389,659.6722263977767,50.2980789027101,54.920734864557865,27.131313778960084,514.5852027231716,0
15.062171175542305,7.043968726201812,3.283904804227234,477.1649499924327,2179.8108138639327,709.8462769239246,48.80842826110532,49.902855117008514,26.346658332114966,543.0530997214004,0
25.321672748401124,13.809378422689269,5.5999634050513984,480.5872152173681,2587.471167558783,687.8472005122244,27.90399421985507,61.87334065220801,23.381237726242954,667.1563115666058,2
14.856580893333563,12.016387982947663,4.356096588020147,468.96395416194287,2497.2581807532138,696.5053179304743,26.005237753258612,67.48019346647015,25.61042581567975,651.9778185930813,2
14.24038697642021,7.3217369167800594,6.856385586030883,368.9673830360882,2217.1003243197724,652.9748635837753,45.460082706020884,56.72831861371989,20.579093972560166,546.7037235726795,0
23.26933834878499,13.134115863528079,7.261025705222819,459.1012216310893,2175.9929843368386,644.172364707438,19.615741181091746,34.55529954136329,34.764835444261806,540.4301370187011,1
21.760305880089692,16.133510895348476,7.714385915774284,436.3883205731296,2211.7892431674336,601.4196226915789,19.69569125696709,39.63644079652016,36.42551038372125,538.9460898118366,1
20.620098704614414,12.021339707615388,6.8163688193885115,304.9902309098262,2120.2289849591157,623.1121020748255,38.944455820467304,47.23066800910796,28.61235211914084,538.6871688706894,3
24.64992047230051,11.976488388167125,5.362184437906146,477.0226275724706,2488.420245351236,711.9261339081911,29.229927193000737,59.86845804790391,23.419548866266236,636.0241042314682,2
14.787636138754847,6.252016375358877,6.007750597614123,431.97918699396473,2214.9376603758433,668.6833166336036,52.032929869204246,53.282297766689915,24.62103973802782,542.2866598100551,0
13.590653474260236,6.488135778155569,7.031875134289303,427.0533291678384,2323.975244630095,675.8837983911208,53.69807941689815,48.15167801953241,24.301543400971674,554.666027738274,0
19.04152413634017,13.049889081216865,8.43950719573042,270.83480719609946,2022.0615468917374,672.9455464244994,45.36853500993664,39.02325652780002,29.668955773037148,526.7601858626122,3
24.07162803920819,12.571594831497327,5.501561256563462,442.2246543969283,2483.6824303295834,690.5851788172417,25.698626462684384,58.004919005356214,23.726218163730962,635.2714036563364,2
14.900148178027495,7.107172584214975,6.572539807582761,374.3483343620519,2198.745483077547,659.9375121241808,53.861784902572275,57.23930408743253,25.846608968418202,521.9838547455283,0
14.129185054112074,6.580187109407001,6.184768544204992,452.9329749676789,2244.274728089147,643.315673222563,41.47288777519845,58.21391912253182,24.21162971376598,518.1068555596755,0
17.257944585441784,6.710000204607997,5.4484752648567065,368.96173167854414,2252.9771485884708,682.5868869836123,36.985807857437386,53.19187117987581,26.701227179138257,565.6011839154226,0
19.012288743919754,8.33993422341087,6.336793943625409,324.64171816026504,2085.372195251606,620.8825216762025,39.930174178380085,48.300039195404636,22.896289199143702,556.8239986358878,3
17.807642784133115,5.455680864082043,5.247975270988423,369.1694921627759,2233.590641065673,725.7696645885591,49.63856463378931,53.964767297322574,22.663000173041347,552.035878272143,0
14.456227435215666,10.6867226373075,6.604033403466146,282.595292610664,1974.507770066517,629.5502747050094,32.84416536459326,60.04705324217665,25.66620716134853,539.6856834004138,3
14.364186902743075,6.9169989074229825,4.574608200530892,403.4121803222372,2229.4182453530316,701.5225814007337,51.904436565943364,56.40462933863955,26.59472997839896,563.0060681299738,0
26.02587608123236,11.737386242470578,3.5043257345395356,419.5863554863532,2476.975796687137,664.62846523357,23.129465798743386,62.55473860197803,24.46824508642171,610.493863391475,2
27.373872071960054,15.307694569807811,5.283382375836463,450.3809144057487,2552.9753318901967,693.2359966361768,31.803272542945635,55.63561171780784,21.643039821616096,598.9417425270435,2
17.295625321467128,8.33131896147033,5.5860468561391885,422.8244312636252,2269.4904207670556,656.7584297962042,44.8813682954784,47.076945259828435,27.702694177504974,561.0573302900307,0
24.352767927852426,13.592631384055267,5.5176891030192134,482.5910771430854,2459.460710104714,655.142962198949,31.5673636857521,57.732087431193825,23.145954486725635,624.6679399613984,2
24.75759794743029,9.788917540498375,8.507555756341036,314.738455523254,2101.1627822399364,618.4994742730194,46.11086265297387,55.023095704525005,26.405098131426474,554.6768265588096,3
12.425154837451938,8.214579730178224,4.8301996048849265,428.0327551224288,2160.7245003074004,682.0483875802008,47.762503710165305,47.49452751734344,24.337639211895702,562.9626335401665,0
15.022890878182933,7.8943939605782,5.798081599990946,421.89460452232754,2140.867368001789,668.966384477383,53.20840739067506,57.22367145754523,23.453408573988014,560.3358369158934,0
25.27352921585874,12.12106463743461,8.506339363408163,438.71862591765796,2233.825212031233,643.4788239310409,21.50847102945792,38.398583067447966,33.06273396710641,551.4208676411334,1
21.63356524827917,10.844745577549695,9.065314505934264,283.8361424693949,2048.6603564122506,636.0826549842795,35.17285187923572,53.71992265672386,26.883733176673186,528.3991959904647,3
14.892434898363359,6.419323655513289,6.8337861679389,502.6553658458085,2163.5023171821786,679.7254154117803,47.869749240673784,55.15244821714928,27.715555100608,574.1166714616177,0
19.57981378061285,13.410131704199243,4.8101545389042,456.29393043961403,2455.6874702942596,664.4165719953409,27.118913784425075,63.13710774731051,21.88573800704801,621.5302580440223,2
13.933095305670552,5.261938931298255,5.429289615526895,381.9103617486412,2184.226875102974,697.2112548058553,42.123634998583384,53.34357031188393,22.857429646553737,504.7814226990572,0
16.30527698118926,12.135296346353073,7.681495917340337,302.3381666471309,2043.840224490681,630.9094861474715,36.980263330614704,47.11243528753942,29.35446868618157,538.6830719409095,3
23.66061350380973,14.193974844368451,8.658200896325752,440.5416755787711,2134.9997628883075,642.9472219647628,17.29098542158496,37.975229221960255,34.38082737547959,543.2858341286193,1
15.37594717497221,6.287771893657314,5.144256537567686,418.42563046176565,2308.0481318022403,681.8338177191633,54.522523135514604,65.34806284642599,22.740757208519337,551.0410473612997,0
15.95667924643918,12.944152387695269,8.99858032637607,249.03179362099542,2047.310469297552,612.8698108739848,32.51431476528355,48.64385456804399,24.809821208630837,547.7826975272143,3
25.315514657726677,12.33022018112392,4.82064310392995,482.4415872966181,2495.5624707941565,705.1459746422047,17.847217403024302,59.631772504577846,24.900655574136835,601.9580167826144,2
22.140671528604575,13.320632721736516,3.9837950946628915,482.433587456851,2405.5587964283613,689.7513464046881,17.107779199351075,59.07974260076825,25.3336136914448,648.7592915096234,2
26.556471150994533,13.83588204465675,3.625636379941779,460.2143255147005,2336.035976200883,693.8027047737979,31.139732566004202,60.16873222321327,24.04675129050137,611.8246537473839,2
12.622473891354298,7.378352514363397,6.379281971320933,346.7014805936009,2245.9605262607943,668.6675438987628,41.1978498867192,54.904317123274154,29.950836279195883,585.8282007616821,0
20.219555219397787,9.350048241860225,6.391395759248116,303.21143276356213,2077.3446572622292,633.1937330140418,37.24076193250299,46.756894417927484,30.74160070341067,531.8375649684318,3
22.4939740285323,12.19500660298829,5.781320053732128,398.19952572412996,2400.173589962452,683.7515069279292,28.13267137184641,61.293590014047105,26.520943723105546,645.5840375905561,2
15.926739612065374,8.769895928255892,5.333583493992565,440.5153204286062,2183.20251817044,675.2057345467495,42.31393798294574,48.05810480271164,26.73865085376523,575.899425978934,0
21.525200417553837,9.973557113265592,8.855444908564143,284.8944333498389,1977.315883230748,636.1563969556754,39.261583841186805,54.773033109795406,27.672462226037233,528.1532980792464,3
18.447331441566593,8.732376998637653,6.246661515278904,399.55490627489974,2230.0314068098132,674.8846490763443,54.06314412196028,49.12608795575673,23.49410840313352,555.2278362500095,0
24.633683214817705,14.147586279201155,7.848282480684076,427.3621106991813,2188.1467159891595,610.3101914542201,20.08874714514701,44.36506882265652,34.88066201000923,568.4409007659391,1
18.588740109200717,9.499733852082493,6.737376966919648,418.55371524026816,2238.018032134912,665.3071162076859,46.840721875450846,47.87407871334425,21.921897384584344,520.4930705148196,0
14.59779069096234,8.271426979587547,5.156438875049352,385.67333168574237,2195.4876244170737,739.1632182783299,50.82389751662443,59.014984502253625,24.904966055600607,564.004900340751,0
16.525852964673874,7.666169041021849,6.2003099083096735,404.03505191063385,2328.733645246225,690.5924204147179,41.84350799441211,53.3019505076711,25.96788210733066,538.3954824071787,0
17.61200348341365,6.540536854643901,7.035247388310272,410.5697355992032,2326.9619230707767,644.8503760044246,46.707440679087256,52.41485190105083,21.388184861642358,569.6392267677013,0
11.932277190167724,7.874727446297392,6.780190871671822,431.125710353695,2279.708517163573,671.8395754250632,46.165932832190954,46.353069670958604,22.572396627817575,585.3816735346576,0
23.28795698282118,11.626284778114465,7.486178270612017,308.8293690389285,2139.824779564643,610.2484407096402,38.35594366338416,45.99970470177566,28.6007866271385,567.8148946219718,3
21.13251733339558,11.997432229429378,7.49476020617388,357.51711812898037,2058.257969460178,615.8217885939265,37.79542709869705,52.01298672878533,25.00629688634748,560.4662369653935,3
23.29837660747612,14.820240576101313,8.705851212728115,475.5594065666532,2163.5478821905776,614.5213178855619,26.859601476300938,38.61801299651109,36.350928346498854,561.3150925313869,1
23.282827339737107,9.83640188023042,8.056591993253678,327.9743448956902,1919.2845192910625,651.6129213205063,41.519615495423636,48.66750258910573,27.69918709295917,545.7522619213144,3
20.978399097930595,11.121961737217083,8.24207877278131,308.70205694872084,2050.8596810252975,659.119391766622,35.890965405231206,54.73742147395405,26.631460443576024,549.468090770415,3
17.436855402046955,14.54699997286667,7.888540865431566,337.61490674722825,1966.7117540509798,664.7683600705836,33.16349273272977,51.83760893508488,28.36605991456994,501.38044486703967,3
26.801271131613,13.864928197958092,9.106511775273855,474.9662897462972,2172.6885363725223,653.0534994916327,22.59623679000887,40.23236621089457,29.198190864992178,540.2449767279205,1
25.225167026672963,13.608897402898652,7.3185830764596025,306.6429456634567,1993.6136378884075,642.9419071422037,44.08654667540587,50.7791155906494,24.04929844618192,550.4000005153746,3
23.903594508412056,11.964266121236205,3.7242061318778283,439.91231844821857,2394.6728074288226,743.5294287620434,31.141160970049704,63.39133354593504,22.362519110938624,627.2151221558066,2
27.837983400525488,12.568767679705365,10.091054655820155,451.5033851900338,2226.3822606874,623.0313308631804,25.83566380908628,37.07135506129784,31.27749149260247,541.6247491577222,1
15.737501568164998,5.913644937251737,5.862698303236714,383.71821607668267,2286.5236386343586,644.8576642873103,47.6281967217931,51.79681922806802,26.872858558932993,551.2769238509172,0
22.8332038870194,12.023034561060273,6.162630944107601,343.85116772927967,2127.4328518895045,628.0933540899446,35.55889937024223,50.25935853958955,29.161861887378713,520.2527638063123,3
15.406776481239888,7.585019575589529,7.440354093898311,389.0224370550786,2261.4266635655326,720.4531798178666,46.20495912486246,47.3893305095835,20.544135208366598,553.7364034366714,0
17.4250376736632,8.429906031750479,6.550148263232334,407.03410652113143,2190.90288263378,689.3326213294631,43.67791177584391,53.06808787019742,24.76113786420365,547.3741318523981,0
18.617254874308706,7.313628785222326,8.938702714417705,301.4388433019448,2063.392423927065,617.4535160973152,41.21852132874836,50.8424110284297,30.925867307968915,527.1811077166318,3
19.898535793949467,10.948132871064619,9.750964727927174,335.9008543481823,1976.121098646791,648.71523040196,47.91429300455562,50.72032754095096,25.7226898893054,532.7656806178215,3
23.089590157970136,12.525513674387796,6.757640732492776,421.7305863742309,2145.2404634986115,636.6410387922473,29.887215618571116,34.64604017551257,31.001636810734656,532.0597396707116,1
15.816072353762534,7.950810685915385,5.484210513844994,410.89501361379916,2103.551617833371,662.5724678390498,41.75256458212732,54.04183626628226,23.98877459477435,561.0334943761943,0
22.20701751908822,13.580611231444488,4.428779011207132,478.076268171938,2481.7325823615442,687.1498879836624,24.175698837064907,59.51566144324819,22.997602318266587,587.1203283767312,2
17.118447477792643,5.858033019352147,5.8786176695317875,350.8995490408527,2262.937459945918,664.327315016813,47.72917571692293,52.781250265323585,28.279878013731196,553.4100724861029,0
15.45645666027781,7.228026379337467,6.316702818648466,391.75256158402647,2260.014353149419,653.7761562132915,54.596110453725935,53.03656186956586,26.534684685392207,543.9110738298657,0
23.006014712650725,9.902985880060248,3.9238290596523853,439.0363932694851,2404.2171418247417,693.7806336233346,26.560060379959914,68.26070244815297,26.46684536533139,594.0792840255809,2
20.613344122065154,11.21716629423774,6.947622765332567,428.62199923117,2558.916283260321,692.8041880697403,28.455515401666148,56.499194545036374,25.637428290650952,605.8311326017648,2
18.11299228749366,12.205735527970607,7.224680992531361,298.8871032125747,2023.3965270790375,643.2869599895866,38.64133371194802,43.556633694969705,23.72097314581572,517.7388699681213,3
26.718791801207622,11.330895155631726,8.170660747342957,272.6412220447179,2088.8513195650676,643.4755953482041,37.264398075548804,51.39739760334345,26.705844145998075,525.9558816902012,3
24.512369055590916,13.56843735719313,5.901660017006872,508.8299031248996,2602.6909190823635,684.1220299505345,21.554585443302344,62.54009209073784,24.67318657105858,635.8421458155899,2
24.004987200459784,13.987092682384395,5.205610032563671,450.31466432830945,2419.013153652997,678.5509760716226,20.837616580428417,55.685634814366466,24.909341051252998,637.9447618805901,2
23.078437765391516,15.76866160436265,4.5850893634913,470.30138164432265,2455.078520724411,691.2899335513473,26.52148827120408,59.38870008647081,23.415081494604543,583.261500999672,2
13.28158796284886,8.141626459358024,6.172325560060305,384.7060202596475,2227.729754720492,637.5659702720113,36.85567899771051,52.07060943622377,26.061126246263296,545.0194148997829,0
13.075817767316746,4.8785631171442585,6.269360659620774,402.0337857611229,2176.71489090901,684.449020287106,39.60964853585999,60.96410924658485,23.974117770020438,591.7662475937357,0
13.575795916242122,5.514250142867607,5.348824642760586,399.4496186116845,2256.3813117055015,673.7398996832644,48.61254374932849,47.01509942112412,22.946359726452982,546.8627097089059,0
21.42441926143341,9.475452107672673,6.401859857770617,277.99209480546074,2067.532766145317,611.4378646750895,38.154200772477616,52.515232819410556,26.391270104709786,562.8699744608626,3
16.049014750572173,8.247667920111292,7.192070920974254,395.21393156526796,2242.197343865461,670.3040121177116,47.45421063125203,52.16150189376836,23.87132176186654,536.5146863585692,0
18.193339061530157,14.075055772892679,7.515266442183543,315.8194446573752,2084.9967441007207,623.7686392331665,38.20968334055732,58.56994774918026,23.592798762287185,503.893930779608,3
28.546626245699905,10.07498348306321,9.071872814485475,463.3422432850759,2158.5018408735455,654.2768618874782,23.3337309977515,35.58548115742096,30.999177698988074,548.6685835886054,1
25.43629855081019,14.64607145973712,9.531739518493422,427.7028302246609,2242.0995499582236,653.182970149514,20.036333153089853,38.74945696420506,32.098530839034744,546.4055417836331,1
22.057243142145246,11.825941927200361,10.036785177538565,500.8683309321499,2158.4529988978197,604.337056915817,21.185189037109357,42.61195722136956,35.07058290548376,538.8864895274122,1
18.40414007497572,11.019019694254183,9.230813802610275,332.8283076649286,1996.3504008445311,648.8666259848324,32.345927326138685,53.548279342250076,26.360102746751213,559.1100663058837,3
24.616454962917793,12.883814231399189,7.461516561141391,445.06727066036734,2257.896657308874,647.9948607366547,18.62257088653006,37.096631557307475,33.1527162696546,547.3698988563497,1
21.135203639284885,9.795588785914065,5.627306870745113,329.5741304476832,2116.415239093871,649.643064463822,32.77125447451663,56.79984300368024,27.237882919802676,541.464839621828,3
23.756602734205863,13.069041926489835,7.90211420783727,426.5747634028827,2201.698679671728,630.2224209716145,18.844802669403006,40.75622726789524,32.24446935417518,526.1808357325435,1
26.902551491220265,9.192006569916874,7.318223754761592,295.93747292584203,2028.9854034112957,627.0735776018639,31.08025070280418,47.67351379999169,28.059015884712057,539.561388138129,3
26.97307386689905,12.559323173502433,9.186788598925686,457.6908356126673,2204.336437578474,625.2297246157634,17.9218600806372,38.45942415314486,33.86941099001541,538.761098156909,1
13.069766475535257,8.264110865285687,3.4227095082700187,394.81492199922997,2239.385437345379,690.5443307291225,55.732994353865934,58.850292951038014,27.019084307738805,528.4588391527699,0
24.300551829554312,14.37968911052737,6.017935017103154,445.1069479810597,2457.791327845696,678.1934083804488,23.98481637245178,57.39800316070597,24.433762019175163,600.962482441518,2
14.031939736854648,7.086966509579,5.358308205827005,337.44157151912856,2184.3997141751975,703.215257086244,58.04615544112093,46.93243395121153,24.359845099123504,581.1936757333339,0
21.73783777427155,9.241908840603163,5.460846299690694,289.12301986895295,2007.8479894913942,636.4869614376261,51.35898808583484,44.78624374822995,23.127464123130974,533.8664212799666,3
14.558065364427291,5.979330790678031,5.674955584140116,429.04131926270014,2223.8477224176254,684.8210920961757,47.35499907341565,47.21906907034585,23.070705154266822,547.8412949160471,0
18.134171102583863,11.99444767056678,6.348283105294048,465.7159560934255,2538.030010076429,681.5802120540138,23.465781478648868,60.833759765483855,25.502387956937373,579.0247376644181,2
20.782825920404417,13.660267475183007,4.1792213040877515,470.9565474384229,2381.7881917324785,703.7055945519094,20.896959680451136,65.62841777200018,24.1396111046686,606.0005362196894,2
21.838838060798764,13.54052167383348,5.436710617719864,453.7682510382987,2462.8389020021814,676.3399567512467,23.068252441094884,62.011049453479,25.39933272319653,599.9766096388181,2
15.799548453446873,8.422852431890115,5.584850834228871,436.17046039885304,2312.2663197431475,685.0841503706891,41.831944212620954,59.66801179002999,27.97589587159364,538.6366096419956,0
21.34118485526995,10.889754612507017,6.870235879550144,395.6498281036981,2055.596815726588,643.5019305786201,41.39604031615325,47.491994596999604,29.23797079746183,550.8443751060931,3
21.131054957403833,11.930130444244048,7.435070386274346,342.31718332653696,2004.9750027440539,630.5723610154018,32.44188961539581,52.24343584269406,27.819487049775372,522.7663341946475,3
13.026285843143524,8.104626083920419,5.997556282527503,441.5556458158256,2242.337549008799,660.1506087915284,47.243546781780545,53.964501190454286,22.52865283837008,554.3507786182604,0
16.475031136934174,6.52622036786054,6.404791582550568,438.9838904301232,2187.28999609243,658.4606831290612,39.71052495882553,46.24874289857357,22.103664957394685,545.6865340743468,0
26.906679777883724,15.037318849239963,10.329600879058283,448.248278224875,2202.6093897925907,602.18541538409,24.888850016879957,35.78372986028585,32.083816899317526,531.8772855475763,1
29.379911068366678,12.744460088612344,8.285797893458723,412.9896746763259,2258.580595320511,612.6608777389234,12.706134573365233,33.20392763440657,37.48383370800401,534.8420169534093,1
28.54666288882857,13.83053074921044,8.866747006740775,440.26029843464755,2245.007597434036,614.935852265024,25.177666555502952,29.14121497886099,33.512761313989095,545.4075825586323,1
12.646770561141397,5.081735621636581,4.0435232792536855,395.35940295314197,2147.4533398982317,693.5275349566649,47.24423740471801,51.295511548686015,23.689537762123315,533.9889400785695,0
17.72528527960668,7.637430045591363,5.630449284299556,423.7970079892331,2206.4947409139622,662.0590472118255,46.620004823833305,50.94202095810441,23.55403730679788,585.5477205831149,0
27.689410069581932,13.24499395156701,5.4522599176910544,434.55946422757313,2434.4012827815814,689.1120007162563,26.43415949449439,63.22782716347883,23.166035637628863,623.2752435059941,2
26.853950310354115,16.088897670015466,5.7481500553742375,440.98615624353346,2436.5779413738946,686.0999397880655,23.07917497087445,56.80656331655635,24.14492422425277,618.0310089553611,2
24.332168019935082,13.708639243405049,4.4222135936688,454.24271355698835,2576.793304388192,673.9202215408634,24.805605632207076,61.254073134850834,24.66964363416426,623.1526727814924,2
14.212517655550856,6.725707025995834,6.284453439248422,358.8770112305778,2250.6568106456493,687.0220788804003,57.69258163907158,53.93388212075721,24.29750216233152,566.2706442139482,0
24.283002903342204,13.590955346385421,9.073005253924366,447.7938674360365,2249.8419898804605,623.3461730915296,15.107597709457389,36.399227153210994,34.741431461439475,546.2530265705394,1
25.505684309496502,15.009258727093725,5.019154233103524,487.3054108009568,2613.7221145101453,672.738876750042,28.08163384201139,64.86967158715834,27.390098013750936,629.8011843383383,2
22.399627772055418,10.545523630248642,4.033063375778106,444.2828545155943,2523.5800652392445,672.4398233490499,21.682903995355797,59.19677112593849,28.02387161675209,624.5536534548214,2
18.780561580301683,12.9075561407752,6.087700254152596,452.45314387784737,2487.758610310941,688.7002076025443,26.82286751997185,58.99658799617622,23.04374610444299,625.8465103911215,2
18.87511749788669,8.513857087018827,5.637582579959858,344.71592547392385,2004.3458523268362,641.5768410493096,35.46172428734775,43.25757332469501,27.28876242656107,558.1845449597455,3
18.9020251202526,8.790176074649807,5.366372514845812,368.3142994334562,2243.4762264011783,686.9766834531214,43.20999132756704,53.26938544292296,22.620994471323094,576.5235005017583,0
25.912721968318472,13.882380733097817,2.6643994204807933,458.8093629816553,2481.44776227953,685.5127658175317,22.640493091301614,60.89873007990204,25.175436155135106,608.9430681809212,2
21.56241156010843,14.872067570727397,9.629158900608497,438.20185624403257,2226.2426921456904,636.4723853320428,9.85172852388587,34.87093231190532,36.068962486839396,557.5381138209787,1
24.947775463641676,10.540640493465547,4.127018292058568,486.73589120000656,2643.4372659508713,711.9574667491199,26.481543713430717,60.368035963217956,28.323060496715605,624.783239862234,2
15.451119679020362,5.137006639348744,5.7102692300883815,373.27089769873214,2165.877331233945,672.1644170759921,46.858662490061405,56.261153745729565,22.461590857274754,571.6225687049746,0
16.451611362926123,8.252504077334722,8.963820917261428,337.99277881090904,2029.5856781994444,631.879610023813,41.44598941423241,55.34250387916637,26.243513140977942,580.4963144244009,3
13.760668131742772,7.740024808106199,5.9796466807800535,426.38267692494287,2187.7802516240263,675.4496059230747,54.27498355056419,57.293601435085456,25.87769763327086,519.9776827702881,0
19.4139477524811,13.841211037880685,5.344746780484563,427.3347369095922,2433.7351078398738,746.3107459635295,24.451358273102354,62.25174494728014,21.870546073376598,607.9312365501296,2
18.654538002677917,10.696154108061567,8.137672825262444,331.97074895885123,2037.555374929284,630.9798134975296,40.27426042614809,54.547846115606944,28.408179444955913,544.3471102191103,3
21.234532009686106,8.816672775727797,4.657501864507261,479.18274805781635,2400.2154420399074,650.3157814627049,23.591122114721003,62.046699632793505,22.10634594761888,652.6635938112131,2
15.464339779252512,6.389863257427846,5.4477349650502305,413.88228610687605,2279.747925428017,644.1785400699721,50.76932350776767,59.899828697287944,25.376243288391002,530.2967205564904,0
25.116512119241033,10.660181545168792,6.475534507801113,456.5741499886533,2268.237214576272,625.2984343337342,21.97903523832048,36.036891828972934,33.49296975028635,516.0972170933378,1
23.009232226142068,14.996503670397038,7.405794833977634,468.1221048479852,2226.630881317651,640.6611187868764,18.81963262253688,34.94300742405981,29.16652991375277,540.9624000583011,1
23.430443039731422,11.70674865174019,5.031960468861855,449.34079863178107,2525.7825334006493,685.6053009886768,24.84107189715829,62.396286268206026,21.954180314925914,620.6486484030585,2
19.178155015097715,11.916243848274638,4.793775009171103,445.26834287538406,2373.0010569462715,679.590575611608,30.657544900885952,60.875715197757266,24.999553448199514,625.9231896242612,2
22.602075348311665,11.4257912683064,9.690968273535274,284.6423013266826,1948.6446364342244,665.6055244412166,46.264951136529824,51.34031148254665,24.94373598160774,556.4159921263206,3
27.32294131309848,12.230403551180446,5.525094967593898,459.93785536303426,2452.891762190091,678.349702958856,21.062582319992462,62.026511014495235,21.471719447001796,588.3714471230996,2
12.011188760361387,6.558226394137731,4.947062182207728,395.69347930900165,2230.310721969489,691.5742281225795,43.01581358038936,54.69917047507491,26.122784888123334,529.4492396528374,0
20.96338784790488,11.560487616402877,6.517791374721078,475.0780945113315,2410.280076122517,720.6115128699797,23.02892732879268,58.57707729905608,25.289472455075018,630.962996287196,2
20.907386177974534,10.012314311352455,5.5414419529742345,310.76358141067965,1971.6875610276356,647.807718011734,27.622993886033647,64.2775652435968,29.933964766317384,563.9785989034991,3
19.54737169166807,12.013842467582247,6.050276174634385,285.1289354767992,2058.1728425153524,637.7990031018036,37.49580981941582,55.92016626067085,30.160722335844135,545.5895684038624,3
25.5827360475489,9.481806808282473,5.480665755017364,440.45629429997257,2458.0938225874193,667.5277680465963,26.78764606015185,64.15057143674204,22.21232244643217,615.1333651115137,2
13.296925621628464,6.08368237527594,6.1094128397599246,417.1201431138154,2209.274759229007,639.365350017978,39.27217126482036,55.369942364364995,28.516831228986057,551.0221492622986,0
24.334602541437338,12.63790981225169,4.8134607826026405,455.38959716065614,2521.4820107664505,694.6408632702111,23.300943210709118,63.18727736686061,24.43339480765383,637.3085683037754,2
21.284006606256536,14.118409141986698,6.096012997789898,454.4812958325888,2514.260025217327,699.929914269035,25.42771178393915,55.933400161393216,24.144603189431656,633.907960100794,2
13.775806401880384,5.726400143013003,4.217832983873082,423.266661861098,2170.843401393804,683.7489686972307,57.731544767731386,52.647193992433614,24.032823381153687,586.8911901567666,0
22.296174764801542,14.689456327467589,10.450632108790455,404.81998420751756,2262.424787326828,667.6173252253096,22.483610179112883,28.97572450285492,31.462278465866575,551.9072783604017,1
26.58134236592681,14.549174546970427,5.772124507909616,478.20107762826865,2354.4875677500736,685.763339712289,30.03085438461585,60.30324918442416,22.07408647509768,613.7773628415022,2
23.62323554093347,15.867544603355245,7.565509504064566,436.14261427239984,2196.263594409469,609.4307291064986,17.13526973504741,38.838969733429984,34.44907337027796,541.0464198896726,1
20.599304661803686,15.783845596343745,6.708914944720953,323.25740457082304,2002.5819414408325,668.5410838821302,44.61303417990755,46.89368837272081,28.998239905839437,544.5098986733577,3
21.800535258930203,9.137141762989192,6.532797817334098,348.90085761961814,2021.243533211444,624.6045569089548,36.472634604977564,46.56733087671083,24.11108184555615,560.1548336556431,3
14.352416591426799,7.003255799967604,6.671975499719007,422.1012872758017,2207.719065287031,702.3335835743657,46.85336274132054,45.57314067591653,26.278325331779634,567.0908079826472,0
24.704315567241675,12.66203586062365,4.197429542278492,468.3249795806674,2568.087313413336,727.225110975879,30.76829116916077,59.115614496376125,22.794467762149782,647.9358832421979,2
19.96449787089761,13.610576827715011,8.42229632609563,328.509973575269,2007.3669659925122,632.7585497873616,47.79690297482428,47.21115291076217,26.143654343827084,565.3056439769076,3
15.366468874443813,7.231902409591319,6.497488311921,402.59528613465244,2204.4161254460873,663.21458281872,47.58991326982822,69.5835212066196,26.199317748440716,539.3528506396528,0
24.162731826256003,12.60694135730263,8.769903460951076,434.1424184144924,2200.688262725702,632.9194881187212,22.61047471747636,38.28188646595392,33.07097904669973,552.6981434521338,1
11.628805365230384,8.102155759002548,6.102258218485461,421.9109480688194,2188.735685395524,697.7373726690113,48.31710785921369,57.38112723201297,19.932683339010683,538.8081083408885,0
22.994040725607174,14.20762356500377,3.6086461555838594,448.0455484407208,2544.800535290591,738.2496377492162,26.70274327034736,62.48185899485938,23.25178713887214,630.4586565512219,2
22.28687391850523,11.964283477248594,3.850187921998832,433.1594972597628,2506.1174430247847,700.4163934589335,21.515955684818547,57.79106316029392,23.3435248458317,624.7695676897681,2
14.210789754280821,5.030763768270081,5.049998263751489,415.32773350770776,2194.457349942285,674.3194799463384,53.20787960608956,52.87263982649881,26.080261933916447,574.0901991124204,0
24.335122348759903,11.332778958306413,4.321514506704301,430.91417145792894,2549.0639875788747,695.3764646258351,31.57679642811082,60.89566688068675,24.532223720437194,591.546056133039,2
9.866683118137406,6.567941529664551,6.108799276848165,398.7967110095145,2166.6600065205994,650.9196617232789,55.287341135723665,49.88152011714333,24.103758384688913,559.2781801898933,0
15.167242154821114,7.997224409087917,6.310138715613441,400.5090373051567,2197.4793946118198,695.5186426316045,53.6156558478094,56.710273252743484,23.245455117718866,555.4051559869389,0
14.640777172337083,6.809345986176562,6.353076787025245,387.71963435896544,2260.843272757941,682.8683161036105,43.28815444418561,50.556639798386826,26.534249664035116,561.9740399603728,0
15.439993367943531,7.059743776309771,5.885993480747625,404.67567538719237,2137.7386862018548,673.6873863622683,31.964474506683594,50.83804121575322,24.985367734610104,550.150772053525,0
15.181169813803491,6.243706812843972,3.0373244943262567,434.7701285991098,2182.291615420296,710.1553293336165,64.80051561548596,54.669673718793284,23.88794821855474,569.7574518126419,0
13.211307907844942,7.52008340157197,3.0604668777105206,391.33977428294935,2139.0815780801204,647.549715656512,63.046348713041596,47.93301662795399,25.012840477048705,558.1982247863502,0
21.933900513914438,13.420598609861994,4.2737154893759,452.5893015937664,2410.6867275929812,686.554283074731,28.09097872987999,61.9294504817842,23.979923189413203,650.6854119192782,2
27.556238472903825,14.25396652312952,7.035850629217631,424.5179473474921,2247.2957921072307,641.7669847859634,27.255437255405067,38.35904350087888,35.8397672291509,526.4034777639276,1
25.520958089004424,13.446564399302005,5.390808554808306,459.1388746781427,2516.716964259521,735.0142095199577,28.20069782847103,60.73669320458639,24.81511461160617,585.5697616845009,2
24.583842687661456,11.267257243962126,6.075827084026,451.7467569422354,2525.336411163864,706.7519268409457,28.874517806155627,56.69816251065289,23.79818216328103,606.7615339548591,2
20.18896441582808,13.617167594416093,7.268729870412771,335.3278413871112,2060.2759841843476,610.1620593544833,30.729132054829755,61.19639952078343,29.66604628381132,564.3663262030227,3
25.09769284116101,13.533335413825299,5.816271544427284,500.2364690750612,2309.698842956639,673.8935334869736,24.64504467793026,64.05326732064658,24.530076385451885,600.3969655564215,2
20.645093514712613,10.437951452929,10.12470893409967,361.7492203707163,1995.6384946445485,619.6890929234095,38.37188699193979,56.42463267996941,25.315571163239103,544.9207339820116,3
23.70035499128509,11.769324389219204,8.473920392577167,460.2003858903214,2184.6500835358383,642.5416589702814,18.173342883812445,39.934397261042086,30.656277644650228,540.9226384487985,1
20.98342221718204,13.396150962393394,4.785332878355537,440.50044262194695,2477.755552135116,686.9604991372294,27.49992415925866,60.07133759201721,24.131443606107023,635.3374989363992,2
20.074235910967467,11.341911441801852,8.314955872803365,266.7706786650291,2022.6168115838652,652.3388690378375,36.188888635581336,50.20744693592418,29.306746981180233,551.445638835338,3
23.840885222821036,11.546724399176165,5.8368492181294815,483.1783206432905,2542.9649313398486,672.8587261573608,27.811615007614783,60.68219263681128,26.575729438026997,630.6759042364395,2
15.557151829023612,7.942926022157823,3.671830458014188,452.89362357411255,2221.7148146765544,681.1482153298805,58.809855626079035,60.39844007835583,23.14967855510556,547.842750058735,0
24.505422474419355,13.719588253596838,9.38988887476331,439.4115439611381,2235.898798336099,612.4759529871136,26.713724586959323,42.61522452099427,33.03374496427387,537.9726196131621,1
21.094138138303872,13.631393489496496,6.034772366647802,443.8627208284789,2529.6913209063464,703.390218415426,18.26544649775942,65.70538537360906,25.06435649288308,622.4561535568644,2
16.398393463389777,5.312966099997071,6.447574103061686,456.46176675388585,2164.8471794046486,709.1188055741754,35.86148848180164,50.780428938181096,27.466440331021445,552.3651294857606,0
12.920031787519008,6.955117698673382,4.085514104503878,382.7300691645885,2110.59578357865,703.5265395380006,43.69499746663064,53.47571306108483,27.318192888188367,549.2492755843138,0
22.24024466269662,13.848706426351505,5.6261396920225835,456.62692868093546,2508.946960395103,709.2988320425221,27.14578500710433,64.38903008252808,24.047996198201304,617.1805679839301,2
13.169687768308147,6.609903096323839,6.373362470172945,435.99098704955117,2236.9496298798795,695.9780743034316,48.456566873535095,59.50428986690645,24.10623519678405,558.6437940176708,0
23.07483437155714,12.655353440281202,8.000161054441675,429.1021444652173,2169.4466457225635,627.394412569498,19.126421346287035,42.76316729538651,31.40180801532593,540.2699917690161,1
24.098588857533652,13.456418045661824,9.37636129130145,466.63407398317236,2290.585823987497,637.086699190535,19.046682303714622,33.88679354917308,29.990199016988797,551.0450029491933,1
29.165367217093596,9.049858270425782,6.518732791300803,306.93858340874357,1937.8149092473157,629.0167376361627,53.31771529386764,48.27236145216313,24.264809889074833,514.1204308554154,3
20.874234003231255,12.791932021514372,8.851054949528482,316.53377158720906,2079.823939671931,665.8644424497016,37.82546702208344,49.495409317686374,26.514645986497694,543.2735991830236,3
22.977165749656088,13.437211193902433,9.777299874067465,474.075477020967,2172.0994964238776,606.8446279136649,26.56493134559494,31.52953860465674,30.728494042118896,533.1513689130504,1
25.846558957115825,10.309360873217678,3.694959547831428,420.61993984293764,2378.375357112336,701.9779042601818,23.44076523823456,54.06805375112755,26.3362037189357,632.7448385335608,2
22.64548829513904,14.32744209313551,6.900978441257136,474.6134811378595,2193.768534867029,614.4022150964109,24.253979749078383,46.84751856110658,34.5637762384036,525.9684335287172,1
18.036696919198338,12.53756724264644,8.907401901492026,327.26704181909895,2080.587697111585,601.244557999222,39.88091966552195,48.07482355324572,25.752343143357532,530.241612313678,3
26.14319895897698,13.432715716777029,9.169022172413726,483.7177624165246,2236.364224559488,607.2361246982194,25.346535261865352,35.63735058990408,33.907492457952266,544.6603685549068,1
18.85164599966202,13.093774663024552,5.1372566239791775,475.2019920660432,2459.4057202702234,710.08928666858,14.811956158769869,59.71117930701056,23.107960511135623,622.4449835469223,2
14.315318122672235,7.0641979083253235,6.689127317527007,402.634955307935,2247.960642875987,671.9289935565993,50.73348262401946,47.86747203488725,27.101825401575994,540.5248265044892,0
13.95735416272543,5.469625517231985,6.865977629743134,386.7568401326492,2204.6898457834395,674.5981090324841,40.66797367824124,55.019997305553574,28.748263799722114,532.1099876513658,0
23.015535172169212,12.66173704960781,6.825199564312992,408.23723815157194,2169.069670568853,631.1631927631166,24.56368684220945,32.44714665381865,33.32251172672944,540.2533053905951,1
13.605152353399447,8.794357280219323,5.167914177191089,353.1204440256181,2211.221303286363,650.7421873091629,47.80565233931137,50.52743248465114,27.83991115896493,504.27268989597707,0
15.328781405954604,5.114742485835442,5.633224265998013,435.1760406545679,2179.434372476263,683.6753824442891,56.29512385444936,56.12961148993055,25.83864141705176,615.906511840223,0
23.912444815557205,14.16937614608978,8.288477899711928,477.4064603234202,2205.9796669851867,628.7204326086354,24.318802462920623,41.6214721665863,31.91718366807491,520.1779574960264,1
24.86237799393407,13.663781589458043,8.91317295794904,430.44883294719807,2162.616293789804,603.6825398026298,23.357519798665322,36.227723511595364,33.71007415205568,556.2309190372246,1
16.294969381418948,7.284502952792747,4.423956668426852,421.8443381343827,2214.783546618932,699.8327452579748,46.94608317516086,60.89956400348537,24.76485348400816,572.8914198022952,0
24.210079989499164,14.83498054885025,8.175257038302473,487.8418559792076,2241.342496593296,586.2862863455338,20.718305722147637,34.736279434965084,36.151695366176824,521.1614255847185,1
26.83882787148492,13.710983608642957,5.583060992565212,450.05144370226486,2339.1210280965274,690.9908949614264,17.670319468272872,56.221283173251976,22.570323751388397,628.3535009986804,2
15.446244036812333,7.355915824999289,4.228902257429382,380.0004565756881,2196.2422343390344,675.4101712803267,39.23414035586916,44.72323245723878,24.479107432458928,532.8070481198241,0
24.820811834625314,12.386051759582614,6.823974187189894,288.86869037602304,2003.9563582532605,649.83533470467,31.99322915357741,52.41883795632907,27.16653366031286,553.134388199281,3
20.14408898732451,11.228086726335183,8.516022848639778,308.165807823017,2029.586178637259,613.5704731406876,34.77029263025173,51.01163103854191,27.242807530996735,519.1096580002986,3
25.999313168802068,14.562228837185959,8.979258333457485,435.56474921383153,2259.534282514605,632.9231792632914,22.59718589174235,42.20278689359678,34.62086468751221,521.493147012327,1
26.791099816999246,16.617022565449517,7.396210482772542,443.7331010608436,2250.899189747801,604.6685843362247,21.538366917809515,37.710100495464,31.75283803934164,576.0528991646338,1
21.99392671767552,14.369241131903305,8.293899987841728,421.2753040451669,2268.6722048235356,636.0610356495166,15.534511808060103,33.8302267197571,34.103265465925354,549.9315145356445,1
25.965337787414775,10.285700457961587,4.088667228016254,518.5613878725379,2460.4741364319248,703.995787910539,26.256601281242606,55.381870928117536,24.436839315322707,619.3562808455298,2
24.59123957997379,14.30979479171491,8.736896718388067,441.986832638557,2263.943567126951,619.0002929341913,24.172905926223592,37.58324978639422,37.41284354646915,521.166710437062,1
23.93991651956283,12.342276250565693,5.42451584782684,449.2302549415713,2556.727600877007,659.4309114149863,23.249970605907954,57.1339629804659,22.5141844423243,621.9849125424948,2
24.56133829130003,13.493512911985162,9.812098465765013,472.82500515116277,2328.3156703051054,593.1041885275258,19.31831713994965,33.42606261740614,34.27468735250666,562.1841842962139,1
23.49347111577868,12.134267776447338,3.7814057529871934,431.432367577716,2485.2379815549875,705.056828989064,20.15192069217948,64.80129344671734,24.544695491636833,597.0162883668796,2
23.457633009703073,14.193263434125317,9.000527560571784,436.55257283238524,2204.1998191290754,637.6644480290397,20.289381081921537,39.65130522862576,31.817226434048447,541.3339092756622,1
25.284041035150555,12.587201833201007,7.063332714190959,348.2558974777638,1990.8469761158608,645.8240993388298,38.786776638900456,46.49034631641364,25.282881079011535,569.2213758968595,3
20.065200069334423,12.850392235381229,6.100219728733135,329.6120205117476,2050.650227645649,602.2123021183031,41.2754148041338,56.58662406882776,24.285019044415236,548.4834829519377,3
21.037996189015516,16.285691029414657,8.786033517118526,445.0436578362582,2218.4291985409027,625.0748644980608,28.528318928862923,38.837106803116505,37.4438637039388,517.734597725175,1
23.942654030045237,13.276898113849189,10.58284113565253,499.8000986074108,2190.1348455342704,643.4137874393921,22.56189857324886,40.1998958265087,34.84020818347432,540.1416372913466,1
14.754630725009745,4.754725790718339,4.5896012722172115,408.4823779569971,2279.2613198495824,673.8050764207911,55.43824144241474,53.39127771444543,24.40567916540536,508.05652543323663,0
20.86542307531275,12.526343092580978,8.141090789674402,342.66269995911364,2105.645390238575,641.0371890484599,41.32289132153807,47.60875907579037,26.425605927392013,544.5919801519651,3
24.978107580458307,11.676545805601977,9.844513578949316,464.11404180072964,2229.463874739601,612.316240426582,19.27749859926083,41.56900590789831,27.773600174861865,551.9338981365561,1
19.49929272060662,11.646265977671796,6.651513324227544,304.85464796062854,2087.1393884836307,634.2033483980829,40.72639302110825,42.73802931183035,24.546265091610135,501.40481609232995,3
18.0539810694643,11.205244761948153,7.374643066386483,293.58169575425524,1983.7384366140498,601.1295609012857,40.94557219523689,58.741335481135664,25.49200619190005,535.7194144774559,3
19.305948610937666,11.804670914347055,7.853004303621669,318.5201575841333,2022.4256721538713,634.2943106306383,44.41674622232427,56.696170931574,23.604465667257752,518.4527424527702,3
23.96799588925913,12.956394292687072,4.703114651075361,452.6349120169482,2331.566702466879,668.8524207994775,23.601179929151094,57.53666468255951,23.66670583995911,630.9460849191892,2
24.424028519061793,12.122653233065154,5.53584188011789,500.3604412470253,2461.6601135453657,697.756904512753,15.493794819379833,61.96631837557397,24.884093553377014,585.4779263298038,2
31.377580474143475,13.046223579278657,8.689324861068359,414.3420290175682,2252.1004711545256,608.4310477393817,19.306127583126127,33.30571600579994,34.150647184604225,572.3126256955934,1
21.49536194766493,10.416541967972632,8.300077259754238,308.62836156619966,2073.0216034982377,612.5666121420235,36.5487826596559,48.258798992434016,26.588544165372152,542.15573865037,3
26.296027072291352,15.391308757625254,8.396261383476395,448.486808396251,2168.853864971934,638.0811593918411,18.914553113273563,36.6966400124944,32.14044723920847,560.4025767066408,1
11.627063697531796,5.536269296075768,6.388640151737403,431.55043660682486,2205.1129434560967,697.5322069725838,58.645093341022616,53.979106032936706,19.95708345880711,563.5004518799075,0
17.910681264178653,14.583274385409421,6.079668885860235,466.3417102708219,2473.8119291007088,698.0917162028014,26.068822238620896,57.89063878371949,25.554155957069497,593.1284710020357,2
23.557563164741357,10.478165720235312,6.861923268687087,292.3796316595158,2086.3463047896134,648.7209171045151,41.25771110137719,52.140370605032864,26.11013620257415,583.6137516006722,3
20.539199224814045,14.503097480583502,8.389174745992403,319.96341575281707,2034.4056075024116,644.2622550852915,30.26249456102262,46.42772721830797,25.780297038884775,512.4520066123939,3
28.73083289238331,10.29031247922798,7.597539553874627,347.4757715762377,2021.522578634323,600.6014605352738,45.14912825192354,47.76298395841657,24.058039067351135,553.3155858535451,3
25.764171970810466,11.823132499220437,6.212381243527082,434.24188196826486,2477.200235437352,695.1892103633753,20.793282038509997,63.62515535051398,23.933105448514162,630.130478413152,2
23.521389787262393,13.612010971643246,4.821497008931236,472.6011147515206,2461.001259641944,701.8242799691209,22.728447539879813,59.57461126611085,24.040319411430158,603.3034297400105,2
12.105775055153826,8.028125309716815,3.943688432885543,420.10870028180574,2244.8098006037103,661.6349885109086,46.48062778429532,59.445685919566806,24.51133321745266,574.7050781851898,0
15.679750722385407,6.789416531121543,6.133549011636204,441.8455631124127,2270.910454176675,682.4688070643114,32.640500602185014,56.25864672811758,23.34639792453799,560.8848768931713,0
13.468929445140574,7.294318447338045,4.371184565773722,412.41823326861567,2308.3498632846895,692.6679913786486,48.457840865094276,45.542779511490735,21.896027693747826,569.9041395526282,0
17.43503853271025,11.477156397105604,9.385001226455298,327.6371528656335,2008.020514064763,644.9678336948709,47.857982069635796,56.07272053032414,28.82822788388832,552.9855888332291,3
15.167962006628908,3.6994081431635206,5.063726883461665,461.68489650107176,2207.9971605499054,660.9754801473713,50.02606211222817,48.97526280399853,22.177265091847314,577.5399100386253,0
24.685417872801693,12.161665567016993,8.639933577575064,472.10842517298613,2287.758175607935,622.6922175429455,25.869365125628768,43.543715777890895,35.25413819500243,545.1053019241973,1
20.680903467083997,11.125026727410775,4.16021384023121,475.4124485683383,2457.2073034729774,655.3037255726022,24.883347615640805,59.745069213155475,27.173302476964118,620.8549621917081,2
16.611357278485002,6.444786618798595,6.337433854227337,388.17278954535817,2179.505431042179,676.4848726938404,45.09001153025479,56.24236905036616,26.98567775739259,582.698138752905,0
13.313539459414258,8.129393644638446,7.7353811835291095,391.35614097266676,2190.671129952452,637.8795862022642,44.644581399630034,52.89802753251942,28.609404392511887,545.7132864783873,0
14.056447932723328,5.531177484029692,6.565955452726233,405.379000502724,2233.203933195314,688.8372804467413,40.60831666749479,43.76785150225809,27.0257124162971,520.5837368302589,0
17.267980119894695,14.405981835192799,8.6757836947857,294.63667757055134,2073.191611583252,626.5229734052674,36.35190767331147,47.93199827480102,26.41523368363846,547.998878408363,3
15.557728569294477,5.887515525939995,6.828053565399183,415.86142747816393,2193.7009291516115,714.9693174949186,47.14865400857314,47.730852287735445,24.852546242090668,554.293308954121,0
15.458422748230136,9.019728120707285,3.607456509192591,441.4685859908433,2238.166902169765,658.0806451640532,45.20551194956782,57.11147653029188,27.316089393312243,551.24169946614,0
21.077142027730567,11.847635157204024,6.321631937129612,331.2418758248016,1961.6463051858664,670.7562825873396,43.72156140017641,41.89243832093072,31.72167643525655,511.3170768891372,3
20.968502289874174,9.162490519643187,7.450917193499767,317.6849143596591,2019.774151994493,646.1314755824503,39.487805023186986,56.74256750354433,28.392486112616478,541.6325231112268,3
14.990734055551309,4.612790392728746,5.07385559731364,347.00294042824635,2240.192940728741,694.4993568886827,41.776494322406265,54.13844310538036,22.680021120613517,544.176527729583,0
24.27301595318528,11.188054854006978,6.916900435155297,312.52961150266196,2004.4680859556534,631.8119770833524,39.54931424209003,55.47699193243633,25.982688329386978,540.7091500796347,3
20.656121857885523,16.324310514698666,7.930433822821085,405.9649444271859,2117.93565963838,652.9354716113858,18.322212893889972,43.864289139504955,33.296355565421194,525.6417978823048,1
19.44826926822677,14.129787477505785,7.973059993395485,341.459578414692,2049.5546016856133,630.1099820824439,35.48235747235616,55.001348420781795,26.130337558619452,566.9540935708021,3
18.233748796997215,5.682549609662503,6.978450850318331,426.7631310421327,2217.071756074851,662.4899069620848,48.436665419649295,47.528600251868305,24.289066665105192,544.2866545753587,0
26.949057821295465,13.622054915930605,8.894343088342623,405.9665851624432,2209.87373663787,631.5395598340358,18.52191742525161,31.443732488417734,33.53630105589093,542.7346791875499,1
21.878150020619664,11.483158439580622,6.9177909649277005,292.19874354927816,2012.6930196429369,629.218165789257,46.60292508812191,56.55392776814423,29.769983757198908,540.1714601792619,3
29.20567563620603,12.509090867269329,4.290834765050101,420.8221064166824,2416.4441049793722,710.849635627866,25.029656630053328,67.67214239224225,22.719987508922017,660.7921119158616,2
16.643541367204584,13.63250045998676,8.62216834404686,323.2780586861294,2060.2403956244284,635.9828589719481,35.35630870679261,44.64552602562734,28.764033383088478,548.8186182718961,3
24.05607194816999,12.981069853269442,4.40325470547735,481.0696477908003,2407.2122788217903,726.5673074334062,28.08447091793407,59.415207580825815,21.56612975933793,620.4860442066698,2
17.57466222321013,7.770153680817611,5.39110090979121,410.7788634030052,2232.9055403237617,673.0723637288303,46.8817376162593,55.74866408306917,24.066622904547028,566.4897387829024,0
20.16836558558664,11.725365972653005,4.878698598435679,453.2955012800419,2465.347152712817,682.8128564548457,24.20130607762045,56.28341276814135,23.814613556400378,634.6360712480711,2
22.300008856850663,14.964771634838018,7.6274912815069715,335.4867226468533,2115.4795089466943,649.5004328948208,33.389238071081074,54.749401635431155,26.207210040010715,562.6324266407277,3
13.561039533430419,6.501934380957304,5.7121643213963,435.5969798860723,2120.3076398387248,697.3421162291206,47.26091822544657,64.59104906215099,22.146973842252386,570.9097851640907,0
12.394695766331072,6.928254498547034,6.196408502207068,387.33377843778413,2180.817731965631,630.9548646204289,50.01926534565588,50.56096241494776,27.014855221234647,560.2581640526603,0
23.971996667203086,12.90868292015163,5.690978240577572,500.8013459948449,2441.0416540371434,734.508365806344,21.71829408118705,59.14730345414443,23.38525532832271,674.1533733766092,2
15.675149097597867,8.360759083011327,5.3097778499612245,411.9482926265223,2217.333385474114,671.0066040165428,55.50665689387307,55.37845366371024,25.803496559609563,587.3381839750803,0
21.589306345224642,10.65903874451542,3.082898329279611,397.3890529080547,2374.564283447733,660.1912532024307,18.72976204434634,64.7260019827587,23.94799546982168,623.0731477761813,2
24.05642204045621,13.33669770685247,5.216166279212682,468.10934864792745,2623.750328003926,736.2030453250503,29.409279016515956,62.91643857647972,21.178706405942375,636.235487609901,2
24.796873998339947,13.347137843297673,6.043702955186587,472.2833064677138,2526.4340620492617,707.8955105636464,26.077435317612547,58.87808282798252,23.438429339535052,609.8471518465983,2
19.060507990200538,13.971150084937182,4.807488741230539,481.4785410124435,2404.6052059538147,666.7913896152426,16.597990622630242,60.91366526722027,26.235463051228447,634.9882906650298,2
18.20850872303428,7.985591434137343,6.562149241958686,363.78936872454767,2193.7583503890055,688.480464046324,51.288526224492855,57.24523064477842,25.600171551677132,526.5253577759255,0
21.582422194810768,11.391340576757944,5.699577334406535,396.0890009923879,2431.29643598223,665.9186062832454,26.45016979907144,60.625511962489284,24.5206745481311,632.4559954751015,2
14.86172413054772,5.487436317376511,6.355240074279424,424.71820707367664,2370.2208790037753,662.0648216704086,36.52910904149097,55.227617904975176,24.655299055492844,563.2204533508516,0
27.311870927686837,13.761151230870492,3.3455034377628947,465.51558120452887,2388.749129744071,678.6111233529327,32.71099654703538,59.5305254937949,23.38621807939964,651.6605804758242,2
15.108707170780765,7.63271001318821,5.0982330537332174,420.56008861812893,2305.0243063878256,637.7722048955795,50.63383584250911,56.839521567472666,28.039770150220164,549.9564747203731,0
20.88897244658441,8.830922052398412,8.114651968901901,282.9678069011735,1997.0416354452348,618.0540812575304,39.0450344287254,42.34434806229572,26.650604651133243,543.1991793775965,3
26.766364118667866,12.019621188382352,8.793104129048956,495.29813407342135,2251.041184996873,631.6348038332619,22.6900701451917,41.00633275658133,32.81197271775339,544.4685266807746,1
27.447417098776928,16.777538766867483,9.15580434462031,419.2528005956226,2150.171795158183,595.9973103160839,15.58402305602235,31.923766900316263,31.863199024256577,551.61166425662,1
26.693117454497905,13.993562681716389,9.949948376856916,422.35510158597555,2210.0583292939,623.054198406642,15.358647255674303,37.845246931678844,35.92345818422402,519.970963227169,1
24.315806909442394,10.596048635816425,6.971830591132336,322.8665857290142,1978.1865924992326,654.2811226071211,32.12995625088483,48.80168285998753,29.58987435031652,537.2490550114375,3
22.80107467658053,9.738674892693844,4.095682267042198,482.5178050791276,2485.1236658031094,688.8534017934554,26.749807697426093,65.025836912934,22.20222475011996,608.9234818357535,2
24.987561685268485,11.984763489433037,8.082054214754013,404.445759094738,2249.451795981914,634.8942547519183,19.845621353255797,41.22431956512247,33.839629817492195,536.7763819811942,1
22.169312790617607,12.243701888340764,6.831358575373068,427.604486308436,2191.465777608784,630.4833226123302,18.691323944707467,40.02586861833959,32.124598452828344,561.7929376104472,1
19.97039362300332,11.969657470185538,7.362850810313969,333.8600033041701,2043.5430364446397,607.1802049451657,36.17480589015246,50.701854620277494,26.55487122706234,532.0486223411863,3
16.42245315958571,7.322437556688689,6.404993375678873,440.5093114471357,2183.086816267813,674.4714009051861,44.85932014511908,45.24892267576965,26.429903782079993,545.889597522467,0
23.112232081557067,14.98980424288489,5.269443924831345,506.8251764523264,2579.5699476072236,671.5612147267425,25.929880333960675,51.630233367615375,25.767646330921608,614.9324616160064,2
25.548140500648163,12.238619149709656,9.321437763631753,423.3101449390723,2248.4170736207493,611.7240073860254,19.561003127249595,42.337439825307804,32.35046156283423,558.0646459523031,1
14.427502532888616,7.484346466463095,6.2698249232049665,407.2904296923461,2234.592472404289,686.6705018366669,50.13416029268227,53.04718842771499,22.524548383405442,528.5147631463572,0
14.084601138086349,8.09459868782998,5.519931373119125,406.63508299668246,2261.8520039234613,713.3632878925754,58.636739538546266,48.57860199582321,25.273149034982826,547.244282480601,0
19.34013836441242,11.98665421673353,5.329684397170327,477.00015483241367,2525.3868338873217,713.5444583449857,22.609542527035856,55.69263748328371,25.61199095423507,607.5472740584459,2
16.27381256674442,7.191459773845781,8.859531228996824,370.3873055946677,2193.1540173563767,675.93952392599,46.480856727633565,49.83929049013032,24.413897593196236,562.2561954814979,0
22.423102629060587,10.66819686905102,5.509571308546962,450.2860725069553,2501.9009713046544,703.2512761067188,22.701741814483665,62.47434801024437,26.32468612443251,636.2514086385548,2
12.499368922153707,7.213182616233031,6.22161682990983,400.8697818524623,2216.379416622934,673.7623352974521,37.89082298694525,59.29290526867189,21.06914849692863,550.9529248050903,0
23.295228111048587,12.227206628595109,8.452962669889434,454.1800730388122,2105.068451583362,623.561588606083,18.319477034690852,39.6837680956208,35.80380687852861,528.4492718724437,1
14.793159772850734,8.239470241030235,5.189901133942886,404.93212531025785,2266.631839446507,700.7199472935657,51.71470791008252,50.63676924405254,21.624578896313228,539.8994092491033,0
15.624018943102488,5.896118568491292,6.076414364253754,417.96585947349416,2236.539299799975,690.662730705449,49.19262406493231,56.51658682027094,27.979408073482876,558.9446775481409,0
22.892889902212094,12.143307429022455,6.8791295410284885,272.7367539317383,2021.7394202562052,630.1538340591794,35.82560253302033,50.976846620009006,28.74482008029261,511.96958365635453,3
25.75769166697271,13.78713468362566,4.667545224494433,483.2938630527148,2377.602799971036,683.8442473252563,26.58938388280556,61.77008401730841,22.672478437056952,610.0329195912041,2
15.104346637315066,8.3574608186872,5.133249149793144,375.87218013911934,2176.9496348621487,683.5760643566782,40.7084792141836,51.15593664958571,24.607484385006902,568.9537607802816,0
23.54267422124355,14.553212778456235,11.463151739915501,442.1043024908275,2216.6589196050854,606.5332881314906,24.484012706324954,44.227925341962795,35.52848314147085,555.208276000948,1
15.320381186634151,7.798463329283668,5.419961937807804,434.1830065040041,2215.389761317392,679.5374603602547,50.93346007054683,58.2988203239804,22.166540930671733,526.0321325373033,0
15.62290566860688,7.388679412123432,7.744597792260228,385.8755011527512,2196.94176388297,682.0750095674499,47.311525763999455,59.38633951858344,29.18697330754161,549.6194567937696,0
24.478018737842,13.416053024512562,5.216859982215559,436.01507762767636,2416.201955366713,662.0945843906234,26.268387273069727,55.280689635697456,24.823251517841662,620.4277215099061,2
15.705440326052686,6.006797869805856,4.666228974580271,354.7689149812146,2271.533159805289,700.1076492181552,49.621769680246985,58.725404263089885,25.262390978686792,570.3148375487318,0
25.917002631977844,14.827531975043456,4.093631182348891,427.1868478640519,2444.0048171712765,726.2208680861946,23.71020393063817,69.47765081438374,21.36373528481746,638.2475893582281,2
17.814963722627432,9.020151188567098,4.909979250236397,422.6096848932839,2194.392727122627,657.5930596468513,56.69360414850512,57.424990363834134,26.65224708730553,587.3846960678627,0
13.549547870928494,6.613107038257292,5.015220752844009,429.4284193165868,2238.644698076115,700.7434048501617,53.81938616193248,47.93198610930429,27.206906409425024,568.2743748737084,0
27.75222609664588,10.6998055983566,7.972691812434836,458.79852544393435,2238.472764632505,628.3341279568555,14.659460368310825,38.68240270886934,34.428332685616816,558.4719120110515,1
15.571658861262577,13.53297166062296,7.97961225042928,325.9621008120529,2034.6491570962878,624.0525609442718,45.64860002602057,48.371477522897656,24.42532815869258,515.0078068619746,3
16.019475399509016,14.361780815709928,9.023718643720136,328.7941719328575,1990.1203590807686,643.3574121968305,38.02782822606493,42.72686657403695,26.16910852786648,509.32520737508236,3
12.938372559457692,6.412354927742269,6.674277678919064,369.3857744135943,2221.4173606532245,638.8367457281252,43.68487862422236,55.075521172107315,23.479816288366397,570.2054484532684,0
26.360822312396465,15.687925270945527,8.18746577899455,430.47801712274946,2252.8704013277124,646.2803230613858,19.470066406928705,38.567292700478426,35.152029794990995,524.618125687893,1
24.748759196040265,13.17618030190812,10.202105271814936,439.2105180265486,2161.208573708581,608.5391931375623,23.074046608586745,35.55101517211272,33.73080017210632,540.5366680767114,1
18.080831637045804,8.454395706506936,6.902074695110355,328.8218790843899,2006.8856262004108,621.3570380945532,48.49119630008139,50.430060205737156,27.206178051155874,530.7809913055464,3
15.632095741288573,5.511703001277766,5.9855133065847435,428.21160304311655,2111.249670104795,634.4306116233691,41.231980749338845,51.64210520175409,24.348345565113387,565.4235150362771,0
27.651595209386425,14.763174219247901,8.258151046982565,443.6741888897009,2131.675575618974,593.4169034937693,22.199070881735803,39.249771768312264,35.184065902748415,559.1331732431247,1
25.888815727623772,12.989951608852877,4.106540114373357,459.71065493069875,2489.223156601165,670.2109489662345,26.8863861354869,58.23626086699419,23.46586668930219,654.0104480026188,2
21.935758021074314,11.458349271783641,5.48224683589932,474.20406607458233,2411.2743338379732,690.0408465278181,33.9091137502075,61.109523062644676,27.312669463970156,670.1068002637294,2
16.23195884515099,7.3324748707346625,5.001194255107018,430.70274245526184,2287.6128712223476,680.9686247235013,38.28159183712956,59.45286793686924,25.61879557509723,546.6186058570848,0
15.40559455379556,8.00855327240131,3.5571723783895663,436.6507257450395,2185.8890849995346,684.9727173450369,34.32786597932786,46.38520618002765,25.46732748681065,563.6941573754079,0
29.10659517769607,11.85102408388567,9.724388788025934,323.5392932462544,2138.349748626143,613.5828014836197,39.62604777023116,53.799859856862454,26.005283168400087,534.3349548921055,3
24.58331758509795,12.77025542610335,8.84681984609931,444.56070598670834,2194.897994150544,622.4054051414379,24.383221294980302,39.64969263279547,32.97223534712748,542.3297409585798,1
23.491188329263004,14.20786500673682,8.180147492940668,438.4268189036097,2194.4102072559645,652.6787008143485,17.40037316315698,41.43373782318593,32.26563176649638,545.1282815842382,1
19.398895759344605,15.246013071002052,5.11947386018212,484.3185574404905,2511.6894980449315,719.4031876008971,20.811336123646647,68.50470937026535,24.96425846874426,614.105871545113,2
29.248972199181885,12.188250071236826,5.879321530999734,442.75551875821986,2219.320104355167,621.4216648441866,21.524823783520787,29.3238083183513,37.728071274205504,534.1834823929573,1
22.635340516252366,8.040438723936273,7.103939414322323,316.18415168373826,1963.334050298839,640.9748247058155,37.57122670104667,39.85386502769451,26.577370660093752,546.0236274649664,3
21.34176398047564,9.86517119236462,7.220599789597984,325.9824361905588,2087.28618743478,633.5534611984658,34.37931543726149,44.12488280000119,30.518566203087424,539.1863578742752,3
21.547066015814142,13.407877258880719,5.861148840796337,466.1497764161663,2452.713197545006,698.4507666224757,26.34692930569793,62.90871520570152,25.28487178703096,629.8168902198663,2
14.811474891494885,6.673135307874075,5.609928327099255,358.20179956628664,2101.296268548864,627.9089877141621,51.8992678409554,59.73053319525874,28.463313188650787,575.8471213145056,0
25.108427586585464,15.194691993934644,5.599755240026065,471.8493525730889,2497.4113306651257,686.2102973543089,29.16017605991396,59.80622610570736,21.864277073544436,603.1871405148131,2
24.627665306843177,12.054691431525539,5.050515311416433,456.18833970540464,2413.221639993652,710.254929496986,15.150629071996192,54.95891749882183,22.25051190574287,618.2694645224494,2
16.03082080580162,6.592076764834557,6.6572103535566125,401.53912856630166,2221.3894557104113,695.1822381251011,41.5993245746556,46.86083183543342,25.206548724418287,552.9523703990244,0
18.40725032787662,10.868373507525146,7.617929692160649,269.46567768648856,1964.7763560851035,617.7541288835095,38.47141793150871,50.9876678414926,25.123192539885537,604.4989652102779,3
21.5421065466342,12.986923523849248,8.802766848105001,416.89724260867956,2311.7614171156433,631.8656197067569,22.264425801697545,33.53738399536088,35.931175201038414,547.7404963120041,1
20.228227491343887,11.103731368211262,4.04393192319843,477.1593308328647,2428.7747868864717,675.805659061492,24.359956406502445,56.117009541766606,23.92095553288943,633.031045516707,2
22.14052809944249,12.498195918485614,7.118717744509226,310.111778481489,2139.378076440722,655.6734654557697,50.6207494571725,57.24277278725802,26.721196191660354,544.3296374029601,3
22.545873845626915,11.566849899177676,5.395508513668657,481.7091074940379,2395.285996604736,690.589238324047,27.87338276916948,65.25378089611657,26.90539507168193,627.7672631605753,2
16.230513533937124,6.6410782021703065,6.846052251047899,360.21209485020785,2269.6302079424427,686.5213900712279,59.73291926378273,64.20246707162269,26.708064122470375,576.2462477054426,0
19.932149628318342,13.511737191374195,10.256711511276986,461.89962035884884,2180.3584925220916,622.8199129523912,20.35202057604863,28.471642310976147,32.23169211980781,529.695585465121,1
20.442670809916127,9.49436690577991,9.437136398565672,322.80614596810994,2119.0806363844636,624.3625438477152,36.31190688368747,47.53785120608874,29.981978465903417,524.7251421907769,3
25.508857713998115,11.147825791298168,8.705916557857122,458.5496043751399,2115.6629253390297,636.1538480922708,26.323925776190737,39.138704261193595,31.814881901608977,534.5033559029514,1
25.409806106364098,16.66092597883179,5.910430647301271,472.93960302813434,2437.5622243241214,651.0655184210052,23.33393636979092,60.21191738434063,24.030177774532923,623.1696260977704,2
15.102284117104324,7.148905654746667,5.452617166401468,405.58779501474186,2236.561860856861,686.4479021605871,57.27860337693631,53.18924789512359,24.834297746664905,563.0078880009145,0
22.886821345841394,10.605165077409032,6.222480913982466,322.3722191134725,2103.2927013554345,676.2635940178596,33.47327564756015,45.197477069594406,24.013354633139468,542.5429205241379,3
18.3018558644625,9.062256144146986,4.219660682154465,361.15873358146365,2307.836532291804,684.6740278721703,43.38521869353687,53.020482125035116,20.51258333623664,565.5675418973049,0
22.91024312100831,14.551277240373532,5.507570560887094,438.00875969828314,2394.986439478883,671.3147670384212,25.576928512410657,67.37367498196689,25.94210855001983,650.078013265115,2
12.916824734757457,5.433825178410977,4.94282359622257,407.352636491207,2209.618821397459,669.0418337142938,44.4606783558132,56.7196584709167,25.794589131190044,534.635464727979,0
18.921050642541584,11.35728395549822,8.405157572589431,326.01369215860785,2054.5632335695173,666.0211554950257,39.49205788077063,45.11841629789156,22.893808596791878,514.341235384144,3
22.767123010240724,13.497203909734527,5.46685797493821,453.9651494963724,2470.245646188287,684.9937409635048,21.500322429260628,65.62452385691635,24.71966859551224,612.4360735088601,2
25.205572521643425,9.204612255197757,9.572725931772954,342.6056582686361,2057.4406721010314,635.1466813685904,48.02652152396061,56.60784717953399,26.453711660850864,539.2988936152725,3
28.294122434285256,12.872923703914545,8.148558919693828,449.66196794311867,2208.6872445650547,623.4589040995395,18.79197738874393,47.62043786929589,34.608719809997936,525.7525542059645,1
16.238342233950785,6.690644748261723,5.726781676016178,408.08388244626525,2235.150993603228,678.0269386731349,40.99348849440948,48.689464456214466,24.75757039055276,572.4190503450296,0
24.842159443122934,9.719377334735603,5.428264285209918,319.40231072984096,2019.488891712067,640.0979015134767,43.54794080099893,49.248784135616724,28.409699590196844,534.6553828071484,3
16.0325951442029,7.022313114542695,5.179178614319412,463.72695713698744,2239.49634252475,707.2688192045072,52.35677433669332,51.326998798664334,23.113007260498485,543.240719265078,0
21.719124457402735,11.810345113346466,4.7871459785617185,447.2646049330257,2427.463408690423,700.2632386458895,29.02693290386251,58.090031224744386,23.05503232995068,634.8955814040996,2
13.638140911192117,5.862459644318488,5.844217002900183,430.65835102936666,2249.8383493944552,697.1669515576008,46.484555772052786,57.03115102942173,24.25197760251945,534.2341409930696,0
14.948274304092287,7.358815807683207,7.290124342296572,408.8326989564135,2168.0286390408946,659.0608469343758,57.27966846458145,55.88566242155514,22.636489755590755,550.1050565239345,0
24.536303866311727,12.953753444498389,8.438068433516335,459.4639564696045,2222.3508592463845,616.7518989026497,17.724065887797064,44.359464687299635,32.905017903601625,537.8203126377545,1
19.33960225115142,12.100296166756115,6.476746504297466,480.72233462332724,2514.42932848539,671.1400618015088,18.987325804544138,63.18228965369832,23.178371111533643,643.8207547264975,2
17.741081977228262,8.547213905476486,4.661673273039057,433.2725690134973,2171.8404197126792,642.386847555012,46.163939261419145,56.595847192132204,24.126456786442834,547.507394098449,0
24.550446771248748,14.74168042303972,8.577856505233935,442.6752871223159,2199.1371142789994,632.1813277019194,18.775810196663336,41.05960222107304,31.0835569440337,543.190894469955,1
22.400486282840216,10.186996680696911,6.790637056566735,299.9624817589121,2119.4581415321086,618.0669492690344,31.293119918185976,59.09434019154685,24.60368956875736,566.2834351718152,3
24.512747409225668,11.505679036074346,6.704608135252769,324.15249102724226,1958.209722424097,636.6620112231097,32.1449262231319,48.10163513283541,24.425815938886405,522.9130547122743,3
26.374264331402294,14.35522904992457,8.117648624226174,453.2858026009137,2214.2863578851357,619.4878534214937,25.722111660515626,35.85296760057146,33.63921341748828,541.6342497155907,1
22.427054221510826,11.120157004494502,4.41130369970853,453.77050683627135,2502.7283985552085,662.5494070683425,24.626078907163016,63.81609321721403,24.961272408352023,636.2905330311286,2
18.363633238601647,6.887005849914501,6.372242420187274,421.8551942844646,2238.677594279035,671.6960168173913,50.46330981034978,57.77634578785199,26.8461294037533,558.228116895401,0
19.765154294584388,12.508241923589944,5.14586186928084,442.50896188789915,2540.9786441111214,701.4196814908905,23.435191767432695,62.37562858420499,27.29760591310032,628.7692752041746,2
14.220380393688464,5.615413219011556,6.2850817670641295,462.30865601874694,2321.029234340596,699.5032291019971,42.57328064222373,58.80513838309953,26.292618866772706,534.1158769824053,0
20.808526603556377,12.617732897226968,6.786826323780637,329.79654809614277,2105.1176037757664,623.4161625553197,36.40847555621181,38.42866164893542,31.04329516607305,538.7095295053456,3
23.51397447478807,12.679350675193733,5.028945316908126,442.4162753460601,2396.3795107504043,695.2046989424788,23.40927785471523,60.20730919891941,23.996730549425585,638.4297987072631,2
22.7785626431188,15.499674433387824,9.029546376801976,407.7403405953985,2251.973214881358,642.8229016018958,26.324175867153336,42.40703704531711,32.98617764493885,547.3782271935511,1
18.022456866553444,8.671240691892816,4.277800724808571,395.0318735011416,2269.972274088723,682.7499169562892,50.03377139544669,52.56451595902217,26.33266879148247,552.5614336666602,0
21.84179667326268,15.644343596321738,8.879780857899565,418.22624403437663,2137.5566967500627,642.6002733438283,16.24179286346795,34.24436503846681,36.464138075592835,560.631392182216,1
14.413616826702476,6.342148125722988,6.001344853214921,445.747808425477,2291.7381572963263,674.8417801975055,59.23340805381872,57.243776489419325,27.79465612493899,522.0803261133264,0
22.946056458461825,12.90817407804513,5.381724350472067,426.35459230462664,2441.647120721834,690.1499631978159,25.67340969300679,60.48645885386752,24.692232969924216,629.5455163273833,2
27.186242372835864,16.319775037417944,8.403416892827835,480.41817139970215,2224.7122285668324,646.6703667170193,25.659647221700173,31.00376630691364,35.86913508178251,558.6663581657954,1
22.299550760031295,12.363584575667575,9.121331186490766,467.70669224974915,2074.1994295602976,623.8496195924592,19.64161537687536,40.206295851506916,35.22903839934786,541.9176610958762,1
25.7779918041655,13.025293436025175,10.26528879852066,439.8851756340846,2219.007008978984,636.0275890364335,16.498538432923688,31.403434900863026,33.17289400974783,547.4196691188179,1
23.758861968530653,14.055961345905308,8.869383240855448,486.95675378733426,2167.904608431591,658.3352623632097,19.205457788574545,33.68082437788456,33.26825180508353,570.4565142334344,1
13.035961160339399,6.2634798544266586,4.530910385140188,420.8480156553075,2162.336479660601,669.5276989059075,47.45956682514837,54.0026510376655,26.145303417980813,551.7720185080689,0
